period,near,far,spread,shape
1994-01-13,2.194,1.966,-0.228,backwardation
1994-01-14,2.268,2.01,-0.258,backwardation
1994-01-17,2.36,2.006,-0.354,backwardation
1994-01-18,2.318,1.991,-0.327,backwardation
1994-01-19,2.252,1.982,-0.27,backwardation
1994-01-20,2.25,2.0,-0.25,backwardation
1994-01-21,2.305,2.053,-0.252,backwardation
1994-01-24,2.47,2.095,-0.375,backwardation
1994-01-25,2.246,2.044,-0.202,backwardation
1994-01-26,2.359,2.087,-0.272,backwardation
1994-01-27,2.417,2.088,-0.329,backwardation
1994-01-28,2.528,2.13,-0.398,backwardation
1994-01-31,2.554,2.157,-0.397,backwardation
1994-02-01,2.639,2.185,-0.454,backwardation
1994-02-02,2.585,2.157,-0.428,backwardation
1994-02-03,2.383,2.075,-0.308,backwardation
1994-02-04,2.369,2.095,-0.274,backwardation
1994-02-07,2.347,2.115,-0.232,backwardation
1994-02-08,2.411,2.145,-0.266,backwardation
1994-02-09,2.358,2.142,-0.216,backwardation
1994-02-10,2.374,2.135,-0.239,backwardation
1994-02-11,2.356,2.14,-0.216,backwardation
1994-02-14,2.252,2.128,-0.124,backwardation
1994-02-15,2.253,2.125,-0.128,backwardation
1994-02-16,2.345,2.175,-0.17,backwardation
1994-02-17,2.385,2.16,-0.225,backwardation
1994-02-18,2.418,2.155,-0.263,backwardation
1994-02-22,2.296,2.16,-0.136,backwardation
1994-02-23,2.232,2.13,-0.102,backwardation
1994-02-24,2.248,2.138,-0.11,backwardation
1994-02-25,2.292,2.171,-0.121,backwardation
1994-02-28,2.208,2.14,-0.068,backwardation
1994-03-01,2.18,2.128,-0.052,backwardation
1994-03-02,2.171,2.112,-0.059,backwardation
1994-03-03,2.146,2.103,-0.043,backwardation
1994-03-04,2.188,2.111,-0.077,backwardation
1994-03-07,2.167,2.116,-0.051,backwardation
1994-03-08,2.196,2.133,-0.063,backwardation
1994-03-09,2.156,2.13,-0.026,backwardation
1994-03-10,2.116,2.13,0.014,contango
1994-03-11,2.096,2.12,0.024,contango
1994-03-14,2.05,2.114,0.064,contango
1994-03-15,2.104,2.137,0.033,contango
1994-03-16,2.163,2.17,0.007,contango
1994-03-17,2.124,2.146,0.022,contango
1994-03-18,2.103,2.13,0.027,contango
1994-03-21,2.055,2.117,0.062,contango
1994-03-22,2.107,2.134,0.027,contango
1994-03-23,2.077,2.12,0.043,contango
1994-03-24,1.981,2.086,0.105,contango
1994-03-25,2.072,2.112,0.04,contango
1994-03-28,2.066,2.111,0.045,contango
1994-03-29,2.062,2.106,0.044,contango
1994-03-30,2.058,2.105,0.047,contango
1994-03-31,2.075,2.109,0.034,contango
1994-04-04,2.144,2.134,-0.01,backwardation
1994-04-05,2.069,2.115,0.046,contango
1994-04-06,2.097,2.131,0.034,contango
1994-04-07,2.085,2.115,0.03,contango
1994-04-08,2.066,2.106,0.04,contango
1994-04-11,2.068,2.114,0.046,contango
1994-04-12,2.089,2.115,0.026,contango
1994-04-13,2.131,2.138,0.007,contango
1994-04-14,2.163,2.155,-0.008,backwardation
1994-04-15,2.187,2.178,-0.009,backwardation
1994-04-18,2.156,2.183,0.027,contango
1994-04-19,2.129,2.172,0.043,contango
1994-04-20,2.139,2.179,0.04,contango
1994-04-21,2.132,2.187,0.055,contango
1994-04-22,2.076,2.179,0.103,contango
1994-04-25,2.152,2.183,0.031,contango
1994-04-26,2.103,2.172,0.069,contango
1994-04-28,2.067,2.152,0.085,contango
1994-04-29,2.067,2.153,0.086,contango
1994-05-02,2.009,2.1,0.091,contango
1994-05-03,2.002,2.093,0.091,contango
1994-05-04,2.034,2.1,0.066,contango
1994-05-05,2.044,2.114,0.07,contango
1994-05-06,2.037,2.11,0.073,contango
1994-05-09,1.986,2.095,0.109,contango
1994-05-10,1.99,2.099,0.109,contango
1994-05-11,1.95,2.074,0.124,contango
1994-05-12,1.947,2.073,0.126,contango
1994-05-13,1.923,2.067,0.144,contango
1994-05-16,1.913,2.061,0.148,contango
1994-05-17,1.949,2.092,0.143,contango
1994-05-18,1.943,2.086,0.143,contango
1994-05-19,1.957,2.087,0.13,contango
1994-05-20,1.904,2.055,0.151,contango
1994-05-23,1.851,2.043,0.192,contango
1994-05-24,1.884,2.082,0.198,contango
1994-05-25,1.836,2.046,0.21,contango
1994-05-26,1.862,2.063,0.201,contango
1994-05-27,1.842,2.072,0.23,contango
1994-05-31,1.917,2.108,0.191,contango
1994-06-01,1.89,2.112,0.222,contango
1994-06-02,1.982,2.161,0.179,contango
1994-06-03,1.965,2.158,0.193,contango
1994-06-06,1.97,2.157,0.187,contango
1994-06-07,2.022,2.165,0.143,contango
1994-06-08,2.087,2.199,0.112,contango
1994-06-09,2.047,2.18,0.133,contango
1994-06-10,2.134,2.201,0.067,contango
1994-06-13,2.121,2.189,0.068,contango
1994-06-14,2.13,2.179,0.049,contango
1994-06-15,2.172,2.205,0.033,contango
1994-06-16,2.134,2.19,0.056,contango
1994-06-17,2.085,2.174,0.089,contango
1994-06-20,2.126,2.18,0.054,contango
1994-06-21,2.078,2.165,0.087,contango
1994-06-22,2.024,2.156,0.132,contango
1994-06-23,1.966,2.143,0.177,contango
1994-06-24,2.134,2.24,0.106,contango
1994-06-27,2.136,2.243,0.107,contango
1994-06-28,2.2,2.263,0.063,contango
1994-06-29,2.18,2.253,0.073,contango
1994-06-30,2.184,2.256,0.072,contango
1994-07-01,2.216,2.267,0.051,contango
1994-07-05,2.131,2.238,0.107,contango
1994-07-06,2.122,2.24,0.118,contango
1994-07-07,2.072,2.212,0.14,contango
1994-07-08,2.023,2.194,0.171,contango
1994-07-11,2.026,2.18,0.154,contango
1994-07-12,2.005,2.175,0.17,contango
1994-07-13,2.0,2.174,0.174,contango
1994-07-14,1.977,2.167,0.19,contango
1994-07-15,1.948,2.165,0.217,contango
1994-07-18,1.945,2.16,0.215,contango
1994-07-19,1.959,2.164,0.205,contango
1994-07-20,1.901,2.143,0.242,contango
1994-07-21,1.84,2.109,0.269,contango
1994-07-22,1.789,2.11,0.321,contango
1994-07-25,1.845,2.19,0.345,contango
1994-07-26,1.868,2.204,0.336,contango
1994-07-27,1.843,2.199,0.356,contango
1994-07-28,1.861,2.214,0.353,contango
1994-07-29,1.893,2.228,0.335,contango
1994-08-01,1.878,2.225,0.347,contango
1994-08-02,1.816,2.193,0.377,contango
1994-08-03,1.742,2.165,0.423,contango
1994-08-04,1.761,2.187,0.426,contango
1994-08-05,1.719,2.199,0.48,contango
1994-08-08,1.671,2.182,0.511,contango
1994-08-09,1.703,2.202,0.499,contango
1994-08-10,1.766,2.221,0.455,contango
1994-08-11,1.686,2.185,0.499,contango
1994-08-12,1.72,2.187,0.467,contango
1994-08-15,1.753,2.18,0.427,contango
1994-08-16,1.79,2.195,0.405,contango
1994-08-17,1.837,2.21,0.373,contango
1994-08-18,1.731,2.168,0.437,contango
1994-08-19,1.674,2.16,0.486,contango
1994-08-22,1.612,2.147,0.535,contango
1994-08-23,1.532,2.124,0.592,contango
1994-08-24,1.484,2.137,0.653,contango
1994-08-25,1.62,2.136,0.516,contango
1994-08-26,1.617,2.13,0.513,contango
1994-08-29,1.661,2.135,0.474,contango
1994-08-30,1.601,2.117,0.516,contango
1994-08-31,1.586,2.095,0.509,contango
1994-09-01,1.596,2.09,0.494,contango
1994-09-02,1.56,2.075,0.515,contango
1994-09-06,1.596,2.085,0.489,contango
1994-09-07,1.631,2.107,0.476,contango
1994-09-08,1.659,2.122,0.463,contango
1994-09-09,1.638,2.122,0.484,contango
1994-09-12,1.688,2.15,0.462,contango
1994-09-13,1.675,2.14,0.465,contango
1994-09-14,1.684,2.146,0.462,contango
1994-09-15,1.631,2.112,0.481,contango
1994-09-16,1.628,2.107,0.479,contango
1994-09-19,1.633,2.115,0.482,contango
1994-09-20,1.556,2.097,0.541,contango
1994-09-21,1.493,2.083,0.59,contango
1994-09-22,1.445,2.103,0.658,contango
1994-09-23,1.406,2.077,0.671,contango
1994-09-26,1.716,1.993,0.277,contango
1994-09-27,1.715,1.987,0.272,contango
1994-09-28,1.702,1.993,0.291,contango
1994-09-29,1.707,1.988,0.281,contango
1994-09-30,1.657,1.978,0.321,contango
1994-10-03,1.683,1.985,0.302,contango
1994-10-04,1.692,2.001,0.309,contango
1994-10-05,1.664,1.991,0.327,contango
1994-10-06,1.647,1.995,0.348,contango
1994-10-07,1.624,2.0,0.376,contango
1994-10-10,1.658,2.03,0.372,contango
1994-10-11,1.664,2.041,0.377,contango
1994-10-12,1.642,2.035,0.393,contango
1994-10-13,1.61,2.004,0.394,contango
1994-10-14,1.632,2.019,0.387,contango
1994-10-17,1.653,2.032,0.379,contango
1994-10-18,1.635,2.001,0.366,contango
1994-10-19,1.585,1.973,0.388,contango
1994-10-20,1.557,1.938,0.381,contango
1994-10-21,1.597,1.97,0.373,contango
1994-10-24,1.683,1.991,0.308,contango
1994-10-25,1.947,1.942,-0.005,backwardation
1994-10-26,2.031,1.989,-0.042,backwardation
1994-10-27,2.008,1.973,-0.035,backwardation
1994-10-28,1.992,1.967,-0.025,backwardation
1994-10-31,1.95,1.95,0.0,backwardation
1994-11-01,1.936,1.945,0.009,contango
1994-11-02,1.869,1.922,0.053,contango
1994-11-03,1.861,1.919,0.058,contango
1994-11-04,1.856,1.917,0.061,contango
1994-11-07,1.759,1.847,0.088,contango
1994-11-08,1.754,1.848,0.094,contango
1994-11-09,1.775,1.876,0.101,contango
1994-11-10,1.741,1.866,0.125,contango
1994-11-11,1.741,1.869,0.128,contango
1994-11-14,1.703,1.86,0.157,contango
1994-11-15,1.735,1.877,0.142,contango
1994-11-16,1.659,1.834,0.175,contango
1994-11-17,1.618,1.808,0.19,contango
1994-11-18,1.685,1.838,0.153,contango
1994-11-21,1.661,1.815,0.154,contango
1994-11-22,1.874,1.79,-0.084,backwardation
1994-11-23,1.875,1.796,-0.079,backwardation
1994-11-28,1.871,1.795,-0.076,backwardation
1994-11-29,1.77,1.742,-0.028,backwardation
1994-11-30,1.695,1.715,0.02,contango
1994-12-01,1.653,1.674,0.021,contango
1994-12-02,1.635,1.656,0.021,contango
1994-12-05,1.728,1.71,-0.018,backwardation
1994-12-06,1.691,1.697,0.006,contango
1994-12-07,1.784,1.753,-0.031,backwardation
1994-12-08,1.847,1.782,-0.065,backwardation
1994-12-09,1.842,1.769,-0.073,backwardation
1994-12-12,1.913,1.767,-0.146,backwardation
1994-12-13,1.768,1.69,-0.078,backwardation
1994-12-14,1.714,1.685,-0.029,backwardation
1994-12-15,1.718,1.69,-0.028,backwardation
1994-12-16,1.685,1.665,-0.02,backwardation
1994-12-19,1.577,1.59,0.013,contango
1994-12-20,1.573,1.59,0.017,contango
1994-12-21,1.592,1.587,-0.005,backwardation
1994-12-22,1.639,1.59,-0.049,backwardation
1994-12-23,1.571,1.576,0.005,contango
1994-12-27,1.694,1.648,-0.046,backwardation
1994-12-28,1.685,1.646,-0.039,backwardation
1994-12-29,1.686,1.665,-0.021,backwardation
1994-12-30,1.725,1.688,-0.037,backwardation
1995-01-03,1.683,1.644,-0.039,backwardation
1995-01-04,1.617,1.614,-0.003,backwardation
1995-01-05,1.552,1.584,0.032,contango
1995-01-06,1.499,1.543,0.044,contango
1995-01-09,1.454,1.507,0.053,contango
1995-01-10,1.439,1.515,0.076,contango
1995-01-11,1.437,1.52,0.083,contango
1995-01-12,1.343,1.485,0.142,contango
1995-01-13,1.323,1.468,0.145,contango
1995-01-16,1.39,1.513,0.123,contango
1995-01-17,1.434,1.522,0.088,contango
1995-01-18,1.335,1.48,0.145,contango
1995-01-19,1.359,1.493,0.134,contango
1995-01-20,1.425,1.529,0.104,contango
1995-01-23,1.389,1.481,0.092,contango
1995-01-24,1.416,1.478,0.062,contango
1995-01-25,1.361,1.5,0.139,contango
1995-01-26,1.382,1.52,0.138,contango
1995-01-27,1.391,1.518,0.127,contango
1995-01-30,1.378,1.506,0.128,contango
1995-01-31,1.354,1.481,0.127,contango
1995-02-01,1.39,1.498,0.108,contango
1995-02-02,1.435,1.52,0.085,contango
1995-02-03,1.482,1.542,0.06,contango
1995-02-06,1.538,1.579,0.041,contango
1995-02-07,1.421,1.533,0.112,contango
1995-02-08,1.438,1.547,0.109,contango
1995-02-09,1.489,1.578,0.089,contango
1995-02-10,1.47,1.545,0.075,contango
1995-02-13,1.39,1.497,0.107,contango
1995-02-14,1.392,1.512,0.12,contango
1995-02-15,1.386,1.51,0.124,contango
1995-02-16,1.399,1.517,0.118,contango
1995-02-17,1.419,1.507,0.088,contango
1995-02-21,1.428,1.506,0.078,contango
1995-02-22,1.428,1.565,0.137,contango
1995-02-23,1.46,1.59,0.13,contango
1995-02-24,1.469,1.59,0.121,contango
1995-02-27,1.43,1.56,0.13,contango
1995-02-28,1.483,1.594,0.111,contango
1995-03-01,1.483,1.582,0.099,contango
1995-03-02,1.481,1.585,0.104,contango
1995-03-03,1.448,1.564,0.116,contango
1995-03-06,1.431,1.569,0.138,contango
1995-03-07,1.432,1.578,0.146,contango
1995-03-08,1.449,1.586,0.137,contango
1995-03-09,1.442,1.588,0.146,contango
1995-03-10,1.463,1.6,0.137,contango
1995-03-13,1.456,1.601,0.145,contango
1995-03-14,1.47,1.615,0.145,contango
1995-03-15,1.506,1.648,0.142,contango
1995-03-16,1.62,1.748,0.128,contango
1995-03-17,1.566,1.714,0.148,contango
1995-03-20,1.523,1.702,0.179,contango
1995-03-21,1.513,1.71,0.197,contango
1995-03-22,1.548,1.762,0.214,contango
1995-03-23,1.566,1.775,0.209,contango
1995-03-24,1.566,1.732,0.166,contango
1995-03-27,1.657,1.74,0.083,contango
1995-03-28,1.635,1.727,0.092,contango
1995-03-29,1.659,1.76,0.101,contango
1995-03-30,1.687,1.795,0.108,contango
1995-03-31,1.685,1.795,0.11,contango
1995-04-03,1.681,1.789,0.108,contango
1995-04-04,1.694,1.792,0.098,contango
1995-04-05,1.654,1.777,0.123,contango
1995-04-06,1.636,1.766,0.13,contango
1995-04-07,1.623,1.767,0.144,contango
1995-04-10,1.597,1.749,0.152,contango
1995-04-11,1.623,1.742,0.119,contango
1995-04-12,1.621,1.745,0.124,contango
1995-04-13,1.619,1.751,0.132,contango
1995-04-17,1.656,1.781,0.125,contango
1995-04-18,1.679,1.767,0.088,contango
1995-04-19,1.717,1.768,0.051,contango
1995-04-20,1.694,1.75,0.056,contango
1995-04-21,1.672,1.728,0.056,contango
1995-04-24,1.713,1.738,0.025,contango
1995-04-25,1.685,1.727,0.042,contango
1995-04-26,1.668,1.73,0.062,contango
1995-04-27,1.652,1.716,0.064,contango
1995-04-28,1.662,1.723,0.061,contango
1995-05-01,1.695,1.737,0.042,contango
1995-05-02,1.666,1.718,0.052,contango
1995-05-03,1.666,1.726,0.06,contango
1995-05-04,1.653,1.731,0.078,contango
1995-05-05,1.651,1.738,0.087,contango
1995-05-08,1.66,1.751,0.091,contango
1995-05-09,1.681,1.771,0.09,contango
1995-05-10,1.678,1.776,0.098,contango
1995-05-11,1.651,1.763,0.112,contango
1995-05-12,1.662,1.777,0.115,contango
1995-05-15,1.73,1.827,0.097,contango
1995-05-16,1.717,1.819,0.102,contango
1995-05-17,1.695,1.812,0.117,contango
1995-05-18,1.743,1.87,0.127,contango
1995-05-19,1.741,1.881,0.14,contango
1995-05-22,1.729,1.887,0.158,contango
1995-05-23,1.757,1.89,0.133,contango
1995-05-24,1.81,1.905,0.095,contango
1995-05-25,1.775,1.882,0.107,contango
1995-05-26,1.769,1.88,0.111,contango
1995-05-30,1.718,1.854,0.136,contango
1995-05-31,1.718,1.845,0.127,contango
1995-06-01,1.735,1.858,0.123,contango
1995-06-02,1.688,1.825,0.137,contango
1995-06-05,1.731,1.846,0.115,contango
1995-06-06,1.686,1.814,0.128,contango
1995-06-07,1.693,1.81,0.117,contango
1995-06-08,1.697,1.816,0.119,contango
1995-06-09,1.704,1.82,0.116,contango
1995-06-12,1.712,1.83,0.118,contango
1995-06-13,1.708,1.83,0.122,contango
1995-06-14,1.698,1.832,0.134,contango
1995-06-15,1.673,1.791,0.118,contango
1995-06-16,1.628,1.716,0.088,contango
1995-06-19,1.62,1.69,0.07,contango
1995-06-20,1.603,1.671,0.068,contango
1995-06-21,1.565,1.646,0.081,contango
1995-06-22,1.565,1.661,0.096,contango
1995-06-23,1.532,1.64,0.108,contango
1995-06-26,1.56,1.754,0.194,contango
1995-06-27,1.569,1.767,0.198,contango
1995-06-28,1.532,1.738,0.206,contango
1995-06-29,1.52,1.721,0.201,contango
1995-06-30,1.53,1.729,0.199,contango
1995-07-05,1.472,1.703,0.231,contango
1995-07-06,1.471,1.717,0.246,contango
1995-07-07,1.5,1.723,0.223,contango
1995-07-10,1.565,1.763,0.198,contango
1995-07-11,1.527,1.725,0.198,contango
1995-07-12,1.536,1.728,0.192,contango
1995-07-13,1.487,1.693,0.206,contango
1995-07-14,1.512,1.705,0.193,contango
1995-07-17,1.494,1.683,0.189,contango
1995-07-18,1.525,1.697,0.172,contango
1995-07-19,1.495,1.689,0.194,contango
1995-07-20,1.463,1.662,0.199,contango
1995-07-21,1.438,1.638,0.2,contango
1995-07-24,1.385,1.601,0.216,contango
1995-07-25,1.432,1.77,0.338,contango
1995-07-26,1.47,1.802,0.332,contango
1995-07-27,1.49,1.817,0.327,contango
1995-07-28,1.523,1.833,0.31,contango
1995-07-31,1.614,1.868,0.254,contango
1995-08-01,1.459,1.789,0.33,contango
1995-08-02,1.422,1.78,0.358,contango
1995-08-03,1.432,1.792,0.36,contango
1995-08-04,1.456,1.8,0.344,contango
1995-08-07,1.478,1.807,0.329,contango
1995-08-08,1.471,1.801,0.33,contango
1995-08-09,1.539,1.829,0.29,contango
1995-08-10,1.504,1.81,0.306,contango
1995-08-11,1.503,1.8,0.297,contango
1995-08-14,1.55,1.822,0.272,contango
1995-08-15,1.559,1.82,0.261,contango
1995-08-16,1.527,1.802,0.275,contango
1995-08-17,1.53,1.795,0.265,contango
1995-08-18,1.577,1.809,0.232,contango
1995-08-21,1.618,1.83,0.212,contango
1995-08-22,1.567,1.82,0.253,contango
1995-08-23,1.568,1.835,0.267,contango
1995-08-24,1.575,1.856,0.281,contango
1995-08-25,1.694,1.88,0.186,contango
1995-08-28,1.656,1.856,0.2,contango
1995-08-29,1.693,1.883,0.19,contango
1995-08-30,1.702,1.884,0.182,contango
1995-08-31,1.748,1.917,0.169,contango
1995-09-01,1.74,1.909,0.169,contango
1995-09-05,1.701,1.908,0.207,contango
1995-09-06,1.644,1.878,0.234,contango
1995-09-07,1.626,1.878,0.252,contango
1995-09-08,1.642,1.892,0.25,contango
1995-09-11,1.655,1.899,0.244,contango
1995-09-12,1.653,1.888,0.235,contango
1995-09-13,1.72,1.919,0.199,contango
1995-09-14,1.651,1.892,0.241,contango
1995-09-15,1.658,1.9,0.242,contango
1995-09-18,1.604,1.884,0.28,contango
1995-09-19,1.589,1.891,0.302,contango
1995-09-20,1.596,1.891,0.295,contango
1995-09-21,1.614,1.891,0.277,contango
1995-09-22,1.644,1.899,0.255,contango
1995-09-25,1.764,1.856,0.092,contango
1995-09-26,1.763,1.862,0.099,contango
1995-09-27,1.726,1.853,0.127,contango
1995-09-28,1.75,1.867,0.117,contango
1995-09-29,1.75,1.872,0.122,contango
1995-10-02,1.894,1.903,0.009,contango
1995-10-03,1.809,1.86,0.051,contango
1995-10-04,1.829,1.856,0.027,contango
1995-10-05,1.795,1.864,0.069,contango
1995-10-06,1.802,1.881,0.079,contango
1995-10-09,1.845,1.885,0.04,contango
1995-10-10,1.802,1.87,0.068,contango
1995-10-11,1.761,1.853,0.092,contango
1995-10-12,1.735,1.847,0.112,contango
1995-10-13,1.75,1.851,0.101,contango
1995-10-16,1.709,1.818,0.109,contango
1995-10-17,1.721,1.813,0.092,contango
1995-10-18,1.727,1.808,0.081,contango
1995-10-19,1.723,1.799,0.076,contango
1995-10-20,1.754,1.819,0.065,contango
1995-10-23,1.763,1.825,0.062,contango
1995-10-24,1.772,1.807,0.035,contango
1995-10-25,1.81,1.753,-0.057,backwardation
1995-10-26,1.83,1.767,-0.063,backwardation
1995-10-27,1.839,1.774,-0.065,backwardation
1995-10-30,1.85,1.776,-0.074,backwardation
1995-10-31,1.866,1.782,-0.084,backwardation
1995-11-01,1.849,1.771,-0.078,backwardation
1995-11-02,1.844,1.769,-0.075,backwardation
1995-11-03,1.833,1.762,-0.071,backwardation
1995-11-06,1.824,1.758,-0.066,backwardation
1995-11-07,1.844,1.766,-0.078,backwardation
1995-11-08,1.868,1.782,-0.086,backwardation
1995-11-09,1.856,1.772,-0.084,backwardation
1995-11-10,1.901,1.802,-0.099,backwardation
1995-11-13,1.912,1.8,-0.112,backwardation
1995-11-14,1.906,1.795,-0.111,backwardation
1995-11-15,1.919,1.797,-0.122,backwardation
1995-11-16,1.969,1.814,-0.155,backwardation
1995-11-17,2.024,1.82,-0.204,backwardation
1995-11-20,2.157,1.822,-0.335,backwardation
1995-11-21,2.241,1.808,-0.433,backwardation
1995-11-22,2.113,1.714,-0.399,backwardation
1995-11-27,2.088,1.71,-0.378,backwardation
1995-11-28,2.024,1.707,-0.317,backwardation
1995-11-29,2.031,1.72,-0.311,backwardation
1995-11-30,2.018,1.725,-0.293,backwardation
1995-12-01,2.069,1.729,-0.34,backwardation
1995-12-04,2.12,1.73,-0.39,backwardation
1995-12-05,2.225,1.755,-0.47,backwardation
1995-12-06,2.207,1.785,-0.422,backwardation
1995-12-07,2.208,1.8,-0.408,backwardation
1995-12-08,2.216,1.807,-0.409,backwardation
1995-12-11,2.193,1.81,-0.383,backwardation
1995-12-12,2.235,1.82,-0.415,backwardation
1995-12-13,2.286,1.856,-0.43,backwardation
1995-12-14,2.353,1.89,-0.463,backwardation
1995-12-15,2.364,1.887,-0.477,backwardation
1995-12-18,2.504,1.931,-0.573,backwardation
1995-12-19,2.868,2.015,-0.853,backwardation
1995-12-20,3.071,2.052,-1.019,backwardation
1995-12-21,3.448,2.027,-1.421,backwardation
1995-12-22,2.368,1.77,-0.598,backwardation
1995-12-26,2.468,1.796,-0.672,backwardation
1995-12-27,2.868,1.849,-1.019,backwardation
1995-12-28,2.509,1.786,-0.723,backwardation
1995-12-29,2.619,1.796,-0.823,backwardation
1996-01-02,2.859,1.861,-0.998,backwardation
1996-01-03,2.986,1.875,-1.111,backwardation
1996-01-04,2.964,1.888,-1.076,backwardation
1996-01-05,2.916,1.919,-0.997,backwardation
1996-01-09,2.928,1.977,-0.951,backwardation
1996-01-10,2.809,1.965,-0.844,backwardation
1996-01-11,2.49,1.88,-0.61,backwardation
1996-01-12,2.317,1.834,-0.483,backwardation
1996-01-15,2.017,1.747,-0.27,backwardation
1996-01-16,2.074,1.812,-0.262,backwardation
1996-01-17,2.336,1.878,-0.458,backwardation
1996-01-18,2.264,1.867,-0.397,backwardation
1996-01-19,2.168,1.825,-0.343,backwardation
1996-01-22,2.125,1.825,-0.3,backwardation
1996-01-23,2.445,1.875,-0.57,backwardation
1996-01-24,2.493,1.879,-0.614,backwardation
1996-01-25,2.34,1.869,-0.471,backwardation
1996-01-26,2.126,1.855,-0.271,backwardation
1996-01-29,2.337,1.884,-0.453,backwardation
1996-01-30,2.504,1.914,-0.59,backwardation
1996-01-31,2.658,1.954,-0.704,backwardation
1996-02-01,2.499,1.94,-0.559,backwardation
1996-02-02,2.467,1.947,-0.52,backwardation
1996-02-05,2.168,1.887,-0.281,backwardation
1996-02-06,2.448,1.96,-0.488,backwardation
1996-02-07,2.513,1.957,-0.556,backwardation
1996-02-08,2.472,1.982,-0.49,backwardation
1996-02-09,2.551,1.99,-0.561,backwardation
1996-02-12,2.456,1.995,-0.461,backwardation
1996-02-13,2.662,2.038,-0.624,backwardation
1996-02-14,2.582,2.047,-0.535,backwardation
1996-02-15,2.576,2.031,-0.545,backwardation
1996-02-16,2.441,1.98,-0.461,backwardation
1996-02-20,2.321,1.978,-0.343,backwardation
1996-02-21,2.447,2.007,-0.44,backwardation
1996-02-22,2.623,2.036,-0.587,backwardation
1996-02-23,2.746,2.014,-0.732,backwardation
1996-02-26,2.338,1.981,-0.357,backwardation
1996-02-27,2.326,1.987,-0.339,backwardation
1996-02-28,2.306,1.998,-0.308,backwardation
1996-02-29,2.236,1.964,-0.272,backwardation
1996-03-01,2.156,1.956,-0.2,backwardation
1996-03-04,2.24,1.967,-0.273,backwardation
1996-03-05,2.174,1.944,-0.23,backwardation
1996-03-06,2.188,1.945,-0.243,backwardation
1996-03-07,2.128,1.923,-0.205,backwardation
1996-03-08,2.095,1.93,-0.165,backwardation
1996-03-11,2.178,1.965,-0.213,backwardation
1996-03-12,2.168,1.968,-0.2,backwardation
1996-03-13,2.24,1.982,-0.258,backwardation
1996-03-14,2.247,1.975,-0.272,backwardation
1996-03-15,2.333,2.01,-0.323,backwardation
1996-03-18,2.511,2.07,-0.441,backwardation
1996-03-19,2.523,2.076,-0.447,backwardation
1996-03-20,2.574,2.084,-0.49,backwardation
1996-03-21,2.74,2.166,-0.574,backwardation
1996-03-22,2.863,2.201,-0.662,backwardation
1996-03-25,2.779,2.16,-0.619,backwardation
1996-03-26,2.267,2.092,-0.175,backwardation
1996-03-27,2.339,2.142,-0.197,backwardation
1996-03-28,2.342,2.162,-0.18,backwardation
1996-03-29,2.336,2.14,-0.196,backwardation
1996-04-01,2.288,2.168,-0.12,backwardation
1996-04-02,2.293,2.173,-0.12,backwardation
1996-04-03,2.304,2.176,-0.128,backwardation
1996-04-04,2.335,2.21,-0.125,backwardation
1996-04-08,2.372,2.24,-0.132,backwardation
1996-04-09,2.369,2.25,-0.119,backwardation
1996-04-10,2.34,2.245,-0.095,backwardation
1996-04-11,2.329,2.257,-0.072,backwardation
1996-04-12,2.411,2.312,-0.099,backwardation
1996-04-15,2.343,2.29,-0.053,backwardation
1996-04-16,2.316,2.277,-0.039,backwardation
1996-04-17,2.339,2.294,-0.045,backwardation
1996-04-18,2.331,2.302,-0.029,backwardation
1996-04-19,2.361,2.326,-0.035,backwardation
1996-04-22,2.359,2.339,-0.02,backwardation
1996-04-23,2.28,2.294,0.014,contango
1996-04-24,2.214,2.26,0.046,contango
1996-04-25,2.258,2.212,-0.046,backwardation
1996-04-26,2.207,2.183,-0.024,backwardation
1996-04-29,2.223,2.177,-0.046,backwardation
1996-04-30,2.224,2.173,-0.051,backwardation
1996-05-01,2.229,2.192,-0.037,backwardation
1996-05-02,2.19,2.163,-0.027,backwardation
1996-05-03,2.131,2.123,-0.008,backwardation
1996-05-06,2.148,2.13,-0.018,backwardation
1996-05-07,2.187,2.17,-0.017,backwardation
1996-05-08,2.186,2.186,0.0,backwardation
1996-05-09,2.21,2.22,0.01,contango
1996-05-10,2.204,2.221,0.017,contango
1996-05-13,2.286,2.271,-0.015,backwardation
1996-05-14,2.273,2.252,-0.021,backwardation
1996-05-15,2.299,2.265,-0.034,backwardation
1996-05-16,2.302,2.29,-0.012,backwardation
1996-05-17,2.284,2.287,0.003,contango
1996-05-20,2.324,2.365,0.041,contango
1996-05-21,2.295,2.324,0.029,contango
1996-05-22,2.329,2.355,0.026,contango
1996-05-23,2.337,2.352,0.015,contango
1996-05-24,2.361,2.36,-0.001,backwardation
1996-05-28,2.418,2.355,-0.063,backwardation
1996-05-29,2.442,2.401,-0.041,backwardation
1996-05-30,2.396,2.385,-0.011,backwardation
1996-05-31,2.406,2.388,-0.018,backwardation
1996-06-03,2.406,2.386,-0.02,backwardation
1996-06-04,2.364,2.373,0.009,contango
1996-06-05,2.379,2.38,0.001,contango
1996-06-06,2.362,2.377,0.015,contango
1996-06-07,2.395,2.425,0.03,contango
1996-06-10,2.39,2.438,0.048,contango
1996-06-11,2.427,2.475,0.048,contango
1996-06-12,2.434,2.47,0.036,contango
1996-06-13,2.494,2.53,0.036,contango
1996-06-14,2.509,2.535,0.026,contango
1996-06-17,2.536,2.575,0.039,contango
1996-06-18,2.61,2.617,0.007,contango
1996-06-19,2.631,2.639,0.008,contango
1996-06-20,2.617,2.675,0.058,contango
1996-06-21,2.64,2.719,0.079,contango
1996-06-24,2.646,2.693,0.047,contango
1996-06-25,2.667,2.693,0.026,contango
1996-06-26,2.687,2.695,0.008,contango
1996-06-27,2.787,2.75,-0.037,backwardation
1996-06-28,2.911,2.777,-0.134,backwardation
1996-07-01,2.76,2.7,-0.06,backwardation
1996-07-02,2.81,2.738,-0.072,backwardation
1996-07-03,2.841,2.759,-0.082,backwardation
1996-07-08,2.827,2.785,-0.042,backwardation
1996-07-09,2.739,2.742,0.003,contango
1996-07-10,2.777,2.735,-0.042,backwardation
1996-07-11,2.696,2.662,-0.034,backwardation
1996-07-12,2.761,2.698,-0.063,backwardation
1996-07-15,2.765,2.682,-0.083,backwardation
1996-07-16,2.76,2.655,-0.105,backwardation
1996-07-17,2.638,2.575,-0.063,backwardation
1996-07-18,2.43,2.425,-0.005,backwardation
1996-07-19,2.359,2.345,-0.014,backwardation
1996-07-22,2.181,2.195,0.014,contango
1996-07-23,2.39,2.34,-0.05,backwardation
1996-07-24,2.359,2.29,-0.069,backwardation
1996-07-25,2.322,2.25,-0.072,backwardation
1996-07-26,2.192,2.27,0.078,contango
1996-07-29,2.046,2.19,0.144,contango
1996-07-30,2.144,2.245,0.101,contango
1996-07-31,2.163,2.293,0.13,contango
1996-08-01,2.276,2.413,0.137,contango
1996-08-02,2.315,2.45,0.135,contango
1996-08-05,2.215,2.375,0.16,contango
1996-08-06,2.124,2.302,0.178,contango
1996-08-07,2.091,2.278,0.187,contango
1996-08-08,2.068,2.276,0.208,contango
1996-08-09,2.103,2.307,0.204,contango
1996-08-12,2.074,2.287,0.213,contango
1996-08-13,2.056,2.28,0.224,contango
1996-08-14,2.086,2.293,0.207,contango
1996-08-15,2.04,2.28,0.24,contango
1996-08-16,2.14,2.343,0.203,contango
1996-08-19,2.187,2.406,0.219,contango
1996-08-20,2.053,2.312,0.259,contango
1996-08-21,2.03,2.291,0.261,contango
1996-08-22,1.921,2.232,0.311,contango
1996-08-23,1.95,2.271,0.321,contango
1996-08-26,1.853,2.217,0.364,contango
1996-08-27,1.882,2.209,0.327,contango
1996-08-28,1.865,2.192,0.327,contango
1996-08-29,1.907,2.23,0.323,contango
1996-08-30,1.859,2.22,0.361,contango
1996-09-03,1.821,2.2,0.379,contango
1996-09-04,1.764,2.16,0.396,contango
1996-09-05,1.809,2.195,0.386,contango
1996-09-06,1.863,2.24,0.377,contango
1996-09-09,1.898,2.305,0.407,contango
1996-09-10,1.791,2.256,0.465,contango
1996-09-11,1.806,2.26,0.454,contango
1996-09-12,1.813,2.245,0.432,contango
1996-09-13,1.864,2.284,0.42,contango
1996-09-16,1.973,2.335,0.362,contango
1996-09-17,1.934,2.35,0.416,contango
1996-09-18,1.968,2.415,0.447,contango
1996-09-19,2.063,2.457,0.394,contango
1996-09-20,1.965,2.41,0.445,contango
1996-09-23,1.873,2.316,0.443,contango
1996-09-24,1.828,2.312,0.484,contango
1996-09-25,2.096,2.276,0.18,contango
1996-09-26,2.137,2.285,0.148,contango
1996-09-27,2.181,2.31,0.129,contango
1996-09-30,2.214,2.326,0.112,contango
1996-10-01,2.185,2.32,0.135,contango
1996-10-02,2.18,2.314,0.134,contango
1996-10-03,2.346,2.424,0.078,contango
1996-10-04,2.396,2.445,0.049,contango
1996-10-07,2.369,2.448,0.079,contango
1996-10-08,2.438,2.492,0.054,contango
1996-10-09,2.47,2.465,-0.005,backwardation
1996-10-10,2.371,2.385,0.014,contango
1996-10-11,2.347,2.418,0.071,contango
1996-10-14,2.3,2.403,0.103,contango
1996-10-15,2.464,2.495,0.031,contango
1996-10-16,2.437,2.505,0.068,contango
1996-10-17,2.428,2.487,0.059,contango
1996-10-18,2.4,2.482,0.082,contango
1996-10-21,2.482,2.515,0.033,contango
1996-10-22,2.625,2.595,-0.03,backwardation
1996-10-23,2.575,2.553,-0.022,backwardation
1996-10-24,2.485,2.44,-0.045,backwardation
1996-10-25,2.652,2.5,-0.152,backwardation
1996-10-28,2.731,2.335,-0.396,backwardation
1996-10-29,2.795,2.36,-0.435,backwardation
1996-10-30,2.864,2.37,-0.494,backwardation
1996-10-31,2.728,2.279,-0.449,backwardation
1996-11-01,2.662,2.227,-0.435,backwardation
1996-11-04,2.573,2.152,-0.421,backwardation
1996-11-05,2.674,2.206,-0.468,backwardation
1996-11-06,2.684,2.205,-0.479,backwardation
1996-11-07,2.643,2.198,-0.445,backwardation
1996-11-08,2.669,2.213,-0.456,backwardation
1996-11-11,2.733,2.28,-0.453,backwardation
1996-11-12,2.646,2.257,-0.389,backwardation
1996-11-13,2.645,2.263,-0.382,backwardation
1996-11-14,2.787,2.331,-0.456,backwardation
1996-11-15,2.908,2.395,-0.513,backwardation
1996-11-18,2.978,2.412,-0.566,backwardation
1996-11-19,3.306,2.49,-0.816,backwardation
1996-11-20,3.627,2.525,-1.102,backwardation
1996-11-21,3.901,2.537,-1.364,backwardation
1996-11-22,3.437,2.285,-1.152,backwardation
1996-11-25,3.494,2.325,-1.169,backwardation
1996-11-26,3.581,2.38,-1.201,backwardation
1996-11-27,3.497,2.36,-1.137,backwardation
1996-12-02,3.246,2.303,-0.943,backwardation
1996-12-03,3.364,2.314,-1.05,backwardation
1996-12-04,3.505,2.335,-1.17,backwardation
1996-12-05,3.784,2.485,-1.299,backwardation
1996-12-06,3.487,2.4,-1.087,backwardation
1996-12-09,3.222,2.343,-0.879,backwardation
1996-12-10,3.396,2.41,-0.986,backwardation
1996-12-11,3.493,2.475,-1.018,backwardation
1996-12-12,3.529,2.498,-1.031,backwardation
1996-12-13,3.851,2.555,-1.296,backwardation
1996-12-16,4.467,2.705,-1.762,backwardation
1996-12-17,4.17,2.505,-1.665,backwardation
1996-12-18,4.075,2.5,-1.575,backwardation
1996-12-19,4.409,2.59,-1.819,backwardation
1996-12-20,4.573,2.597,-1.976,backwardation
1996-12-23,4.192,2.58,-1.612,backwardation
1996-12-24,3.998,2.635,-1.363,backwardation
1996-12-26,3.384,2.292,-1.092,backwardation
1996-12-27,2.984,2.142,-0.842,backwardation
1996-12-30,2.677,2.05,-0.627,backwardation
1996-12-31,2.757,2.086,-0.671,backwardation
1997-01-02,2.89,2.235,-0.655,backwardation
1997-01-03,3.106,2.29,-0.816,backwardation
1997-01-06,3.636,2.41,-1.226,backwardation
1997-01-07,3.334,2.316,-1.018,backwardation
1997-01-08,3.513,2.345,-1.168,backwardation
1997-01-09,3.481,2.316,-1.165,backwardation
1997-01-10,3.316,2.25,-1.066,backwardation
1997-01-13,3.254,2.253,-1.001,backwardation
1997-01-14,3.393,2.34,-1.053,backwardation
1997-01-15,3.611,2.43,-1.181,backwardation
1997-01-16,3.341,2.3,-1.041,backwardation
1997-01-17,3.257,2.264,-0.993,backwardation
1997-01-20,3.07,2.27,-0.8,backwardation
1997-01-21,2.916,2.19,-0.726,backwardation
1997-01-22,2.908,2.157,-0.751,backwardation
1997-01-23,2.794,2.1,-0.694,backwardation
1997-01-24,2.824,2.125,-0.699,backwardation
1997-01-27,2.986,2.15,-0.836,backwardation
1997-01-28,2.546,2.1,-0.446,backwardation
1997-01-29,2.438,2.05,-0.388,backwardation
1997-01-30,2.486,2.075,-0.411,backwardation
1997-01-31,2.385,2.04,-0.345,backwardation
1997-02-03,2.313,2.032,-0.281,backwardation
1997-02-04,2.497,2.125,-0.372,backwardation
1997-02-05,2.43,2.11,-0.32,backwardation
1997-02-06,2.361,2.092,-0.269,backwardation
1997-02-07,2.182,2.05,-0.132,backwardation
1997-02-10,2.167,2.05,-0.117,backwardation
1997-02-11,2.224,2.075,-0.149,backwardation
1997-02-12,2.09,2.016,-0.074,backwardation
1997-02-13,1.999,1.972,-0.027,backwardation
1997-02-14,1.966,1.96,-0.006,backwardation
1997-02-18,1.964,1.97,0.006,contango
1997-02-19,2.016,2.004,-0.012,backwardation
1997-02-20,1.922,1.95,0.028,contango
1997-02-21,1.936,1.958,0.022,contango
1997-02-24,1.78,1.91,0.13,contango
1997-02-25,1.865,1.95,0.085,contango
1997-02-26,1.874,1.946,0.072,contango
1997-02-27,1.838,1.91,0.072,contango
1997-02-28,1.821,1.905,0.084,contango
1997-03-03,1.803,1.9,0.097,contango
1997-03-04,1.943,1.985,0.042,contango
1997-03-05,1.839,1.933,0.094,contango
1997-03-06,1.886,1.969,0.083,contango
1997-03-07,1.947,2.033,0.086,contango
1997-03-10,1.937,2.045,0.108,contango
1997-03-11,1.919,2.035,0.116,contango
1997-03-12,1.955,2.052,0.097,contango
1997-03-13,1.942,2.041,0.099,contango
1997-03-14,1.96,2.048,0.088,contango
1997-03-17,1.909,1.985,0.076,contango
1997-03-18,1.897,1.977,0.08,contango
1997-03-19,1.896,1.987,0.091,contango
1997-03-20,1.892,1.992,0.1,contango
1997-03-21,1.84,1.955,0.115,contango
1997-03-24,1.805,1.925,0.12,contango
1997-03-25,1.884,1.96,0.076,contango
1997-03-26,1.883,1.96,0.077,contango
1997-03-27,1.928,1.982,0.054,contango
1997-03-31,1.926,1.993,0.067,contango
1997-04-01,1.882,1.98,0.098,contango
1997-04-02,1.867,1.975,0.108,contango
1997-04-03,1.905,1.995,0.09,contango
1997-04-04,1.942,2.022,0.08,contango
1997-04-07,1.946,2.033,0.087,contango
1997-04-08,1.916,2.015,0.099,contango
1997-04-09,1.901,2.01,0.109,contango
1997-04-10,1.9,2.015,0.115,contango
1997-04-11,1.933,2.042,0.109,contango
1997-04-14,1.953,2.05,0.097,contango
1997-04-15,1.937,2.042,0.105,contango
1997-04-16,2.005,2.088,0.083,contango
1997-04-17,2.069,2.15,0.081,contango
1997-04-18,2.081,2.162,0.081,contango
1997-04-21,2.064,2.153,0.089,contango
1997-04-22,2.114,2.185,0.071,contango
1997-04-23,2.06,2.108,0.048,contango
1997-04-24,2.122,2.142,0.02,contango
1997-04-25,2.126,2.16,0.034,contango
1997-04-28,2.081,2.141,0.06,contango
1997-04-29,2.142,2.182,0.04,contango
1997-04-30,2.184,2.212,0.028,contango
1997-05-01,2.243,2.258,0.015,contango
1997-05-02,2.267,2.275,0.008,contango
1997-05-05,2.22,2.242,0.022,contango
1997-05-06,2.309,2.31,0.001,contango
1997-05-07,2.353,2.335,-0.018,backwardation
1997-05-08,2.273,2.271,-0.002,backwardation
1997-05-09,2.242,2.233,-0.009,backwardation
1997-05-12,2.224,2.215,-0.009,backwardation
1997-05-13,2.189,2.191,0.002,contango
1997-05-14,2.276,2.24,-0.036,backwardation
1997-05-15,2.195,2.18,-0.015,backwardation
1997-05-16,2.249,2.23,-0.019,backwardation
1997-05-19,2.215,2.218,0.003,contango
1997-05-20,2.191,2.213,0.022,contango
1997-05-21,2.206,2.239,0.033,contango
1997-05-22,2.196,2.224,0.028,contango
1997-05-23,2.285,2.281,-0.004,backwardation
1997-05-27,2.363,2.326,-0.037,backwardation
1997-05-28,2.346,2.286,-0.06,backwardation
1997-05-29,2.25,2.235,-0.015,backwardation
1997-05-30,2.239,2.232,-0.007,backwardation
1997-06-02,2.11,2.147,0.037,contango
1997-06-03,2.103,2.138,0.035,contango
1997-06-04,2.157,2.173,0.016,contango
1997-06-05,2.177,2.182,0.005,contango
1997-06-06,2.188,2.196,0.008,contango
1997-06-09,2.14,2.169,0.029,contango
1997-06-10,2.122,2.16,0.038,contango
1997-06-11,2.071,2.119,0.048,contango
1997-06-12,2.08,2.122,0.042,contango
1997-06-13,2.149,2.173,0.024,contango
1997-06-16,2.147,2.16,0.013,contango
1997-06-17,2.159,2.17,0.011,contango
1997-06-18,2.171,2.178,0.007,contango
1997-06-19,2.221,2.228,0.007,contango
1997-06-20,2.235,2.238,0.003,contango
1997-06-23,2.246,2.242,-0.004,backwardation
1997-06-24,2.286,2.257,-0.029,backwardation
1997-06-25,2.213,2.34,0.127,contango
1997-06-26,2.145,2.135,-0.01,backwardation
1997-06-27,2.139,2.278,0.139,contango
1997-06-30,2.139,2.281,0.142,contango
1997-07-01,2.11,2.257,0.147,contango
1997-07-02,2.067,2.22,0.153,contango
1997-07-03,2.103,2.253,0.15,contango
1997-07-07,2.068,2.232,0.164,contango
1997-07-08,2.116,2.265,0.149,contango
1997-07-09,2.098,2.257,0.159,contango
1997-07-10,2.115,2.264,0.149,contango
1997-07-11,2.094,2.25,0.156,contango
1997-07-14,2.151,2.28,0.129,contango
1997-07-15,2.162,2.29,0.128,contango
1997-07-16,2.174,2.29,0.116,contango
1997-07-17,2.175,2.275,0.1,contango
1997-07-18,2.168,2.281,0.113,contango
1997-07-21,2.085,2.22,0.135,contango
1997-07-22,2.117,2.236,0.119,contango
1997-07-23,2.148,2.254,0.106,contango
1997-07-24,2.175,2.273,0.098,contango
1997-07-25,2.146,2.246,0.1,contango
1997-07-28,2.183,2.28,0.097,contango
1997-07-29,2.161,2.252,0.091,contango
1997-07-30,2.161,2.422,0.261,contango
1997-07-31,2.177,2.435,0.258,contango
1997-08-01,2.161,2.36,0.199,contango
1997-08-04,2.374,2.565,0.191,contango
1997-08-05,2.374,2.576,0.202,contango
1997-08-06,2.351,2.555,0.204,contango
1997-08-07,2.444,2.632,0.188,contango
1997-08-08,2.503,2.693,0.19,contango
1997-08-11,2.586,2.745,0.159,contango
1997-08-12,2.475,2.684,0.209,contango
1997-08-13,2.472,2.693,0.221,contango
1997-08-14,2.428,2.665,0.237,contango
1997-08-15,2.432,2.7,0.268,contango
1997-08-18,2.426,2.705,0.279,contango
1997-08-19,2.528,2.792,0.264,contango
1997-08-20,2.449,2.73,0.281,contango
1997-08-21,2.367,2.662,0.295,contango
1997-08-22,2.453,2.725,0.272,contango
1997-08-25,2.489,2.735,0.246,contango
1997-08-26,2.514,2.747,0.233,contango
1997-08-27,2.515,2.732,0.217,contango
1997-08-28,2.656,2.86,0.204,contango
1997-08-29,2.714,2.92,0.206,contango
1997-09-02,2.793,2.99,0.197,contango
1997-09-03,2.807,3.015,0.208,contango
1997-09-04,2.677,2.913,0.236,contango
1997-09-05,2.697,2.914,0.217,contango
1997-09-08,2.688,2.911,0.223,contango
1997-09-09,2.699,2.921,0.222,contango
1997-09-10,2.702,2.916,0.214,contango
1997-09-11,2.766,2.979,0.213,contango
1997-09-12,2.795,3.0,0.205,contango
1997-09-15,2.786,2.995,0.209,contango
1997-09-16,2.722,2.938,0.216,contango
1997-09-17,2.683,2.91,0.227,contango
1997-09-18,2.887,3.045,0.158,contango
1997-09-19,2.837,3.004,0.167,contango
1997-09-22,2.993,3.114,0.121,contango
1997-09-23,3.048,3.154,0.106,contango
1997-09-24,3.019,3.14,0.121,contango
1997-09-25,3.298,3.29,-0.008,backwardation
1997-09-26,3.346,3.27,-0.076,backwardation
1997-09-29,3.015,2.754,-0.261,backwardation
1997-09-30,3.082,2.772,-0.31,backwardation
1997-10-01,3.124,2.805,-0.319,backwardation
1997-10-02,3.113,2.807,-0.306,backwardation
1997-10-03,3.125,2.807,-0.318,backwardation
1997-10-06,2.979,2.717,-0.262,backwardation
1997-10-07,2.877,2.65,-0.227,backwardation
1997-10-08,2.915,2.68,-0.235,backwardation
1997-10-09,2.926,2.7,-0.226,backwardation
1997-10-10,3.082,2.814,-0.268,backwardation
1997-10-13,3.033,2.784,-0.249,backwardation
1997-10-14,3.006,2.775,-0.231,backwardation
1997-10-15,3.039,2.808,-0.231,backwardation
1997-10-16,3.247,2.94,-0.307,backwardation
1997-10-17,3.288,2.964,-0.324,backwardation
1997-10-20,3.39,3.05,-0.34,backwardation
1997-10-21,3.404,3.073,-0.331,backwardation
1997-10-22,3.537,3.138,-0.399,backwardation
1997-10-23,3.429,3.054,-0.375,backwardation
1997-10-24,3.548,3.09,-0.458,backwardation
1997-10-27,3.785,3.189,-0.596,backwardation
1997-10-28,3.467,2.96,-0.507,backwardation
1997-10-29,3.266,2.977,-0.289,backwardation
1997-10-30,3.478,2.64,-0.838,backwardation
1997-10-31,3.552,2.665,-0.887,backwardation
1997-11-03,3.371,2.595,-0.776,backwardation
1997-11-04,3.423,2.645,-0.778,backwardation
1997-11-05,3.468,2.68,-0.788,backwardation
1997-11-06,3.392,2.65,-0.742,backwardation
1997-11-07,3.256,2.635,-0.621,backwardation
1997-11-10,3.433,2.685,-0.748,backwardation
1997-11-11,3.495,2.695,-0.8,backwardation
1997-11-12,3.477,2.69,-0.787,backwardation
1997-11-13,3.251,2.63,-0.621,backwardation
1997-11-14,3.029,2.532,-0.497,backwardation
1997-11-17,2.97,2.501,-0.469,backwardation
1997-11-18,2.949,2.515,-0.434,backwardation
1997-11-19,2.861,2.468,-0.393,backwardation
1997-11-20,2.708,2.39,-0.318,backwardation
1997-11-21,2.762,2.423,-0.339,backwardation
1997-11-24,2.577,2.393,-0.184,backwardation
1997-11-25,2.66,2.245,-0.415,backwardation
1997-11-26,2.578,2.21,-0.368,backwardation
1997-12-01,2.768,2.274,-0.494,backwardation
1997-12-02,2.718,2.275,-0.443,backwardation
1997-12-03,2.609,2.23,-0.379,backwardation
1997-12-04,2.456,2.185,-0.271,backwardation
1997-12-05,2.453,2.192,-0.261,backwardation
1997-12-08,2.422,2.21,-0.212,backwardation
1997-12-09,2.526,2.26,-0.266,backwardation
1997-12-10,2.354,2.217,-0.137,backwardation
1997-12-11,2.343,2.192,-0.151,backwardation
1997-12-12,2.357,2.194,-0.163,backwardation
1997-12-15,2.307,2.178,-0.129,backwardation
1997-12-16,2.409,2.22,-0.189,backwardation
1997-12-17,2.438,2.245,-0.193,backwardation
1997-12-18,2.412,2.233,-0.179,backwardation
1997-12-19,2.471,2.255,-0.216,backwardation
1997-12-22,2.367,2.187,-0.18,backwardation
1997-12-23,2.216,2.12,-0.096,backwardation
1997-12-24,2.246,2.15,-0.096,backwardation
1997-12-26,2.252,2.169,-0.083,backwardation
1997-12-29,2.309,2.19,-0.119,backwardation
1997-12-30,2.235,2.15,-0.085,backwardation
1997-12-31,2.264,2.165,-0.099,backwardation
1998-01-02,2.153,2.11,-0.043,backwardation
1998-01-05,2.207,2.136,-0.071,backwardation
1998-01-06,2.182,2.118,-0.064,backwardation
1998-01-07,2.145,2.102,-0.043,backwardation
1998-01-08,2.046,2.055,0.009,contango
1998-01-09,2.046,2.058,0.012,contango
1998-01-12,2.002,2.032,0.03,contango
1998-01-13,2.014,2.039,0.025,contango
1998-01-14,2.016,2.051,0.035,contango
1998-01-15,2.094,2.105,0.011,contango
1998-01-16,2.176,2.155,-0.021,backwardation
1998-01-20,2.115,2.135,0.02,contango
1998-01-21,2.084,2.135,0.051,contango
1998-01-22,2.16,2.186,0.026,contango
1998-01-23,2.117,2.178,0.061,contango
1998-01-27,2.042,2.137,0.095,contango
1998-01-28,2.001,2.123,0.122,contango
1998-01-29,2.101,2.196,0.095,contango
1998-01-30,2.257,2.305,0.048,contango
1998-02-02,2.329,2.358,0.029,contango
1998-02-03,2.307,2.338,0.031,contango
1998-02-04,2.299,2.33,0.031,contango
1998-02-05,2.383,2.382,-0.001,backwardation
1998-02-06,2.359,2.373,0.014,contango
1998-02-09,2.221,2.285,0.064,contango
1998-02-10,2.268,2.327,0.059,contango
1998-02-11,2.238,2.312,0.074,contango
1998-02-12,2.288,2.36,0.072,contango
1998-02-13,2.208,2.292,0.084,contango
1998-02-17,2.166,2.265,0.099,contango
1998-02-18,2.238,2.327,0.089,contango
1998-02-19,2.217,2.307,0.09,contango
1998-02-20,2.198,2.288,0.09,contango
1998-02-23,2.179,2.275,0.096,contango
1998-02-24,2.216,2.296,0.08,contango
1998-02-25,2.286,2.343,0.057,contango
1998-02-26,2.284,2.34,0.056,contango
1998-02-27,2.321,2.368,0.047,contango
1998-03-02,2.292,2.353,0.061,contango
1998-03-03,2.241,2.317,0.076,contango
1998-03-04,2.228,2.31,0.082,contango
1998-03-05,2.141,2.25,0.109,contango
1998-03-06,2.129,2.24,0.111,contango
1998-03-09,2.169,2.269,0.1,contango
1998-03-10,2.137,2.239,0.102,contango
1998-03-11,2.172,2.258,0.086,contango
1998-03-12,2.134,2.23,0.096,contango
1998-03-13,2.137,2.23,0.093,contango
1998-03-16,2.155,2.238,0.083,contango
1998-03-17,2.155,2.235,0.08,contango
1998-03-18,2.239,2.295,0.056,contango
1998-03-19,2.3,2.346,0.046,contango
1998-03-20,2.343,2.39,0.047,contango
1998-03-23,2.351,2.412,0.061,contango
1998-03-24,2.33,2.399,0.069,contango
1998-03-25,2.365,2.442,0.077,contango
1998-03-26,2.338,2.425,0.087,contango
1998-03-27,2.3,2.405,0.105,contango
1998-03-30,2.409,2.477,0.068,contango
1998-03-31,2.522,2.583,0.061,contango
1998-04-01,2.501,2.551,0.05,contango
1998-04-02,2.562,2.599,0.037,contango
1998-04-03,2.556,2.59,0.034,contango
1998-04-06,2.535,2.585,0.05,contango
1998-04-07,2.668,2.699,0.031,contango
1998-04-08,2.689,2.721,0.032,contango
1998-04-09,2.657,2.693,0.036,contango
1998-04-13,2.479,2.543,0.064,contango
1998-04-14,2.501,2.561,0.06,contango
1998-04-15,2.521,2.587,0.066,contango
1998-04-16,2.479,2.552,0.073,contango
1998-04-17,2.475,2.553,0.078,contango
1998-04-20,2.469,2.553,0.084,contango
1998-04-21,2.561,2.643,0.082,contango
1998-04-22,2.398,2.503,0.105,contango
1998-04-23,2.328,2.428,0.1,contango
1998-04-24,2.342,2.432,0.09,contango
1998-04-27,2.266,2.355,0.089,contango
1998-04-28,2.262,2.373,0.111,contango
1998-04-29,2.298,2.36,0.062,contango
1998-04-30,2.221,2.317,0.096,contango
1998-05-01,2.262,2.3,0.038,contango
1998-05-04,2.257,2.37,0.113,contango
1998-05-05,2.215,2.344,0.129,contango
1998-05-06,2.135,2.28,0.145,contango
1998-05-07,2.159,2.305,0.146,contango
1998-05-08,2.167,2.317,0.15,contango
1998-05-11,2.215,2.35,0.135,contango
1998-05-12,2.256,2.385,0.129,contango
1998-05-13,2.204,2.345,0.141,contango
1998-05-14,2.2,2.328,0.128,contango
1998-05-15,2.178,2.314,0.136,contango
1998-05-18,2.134,2.274,0.14,contango
1998-05-19,2.149,2.279,0.13,contango
1998-05-20,2.169,2.295,0.126,contango
1998-05-21,2.067,2.21,0.143,contango
1998-05-22,2.094,2.22,0.126,contango
1998-05-26,2.095,2.213,0.118,contango
1998-05-27,2.017,2.146,0.129,contango
1998-05-28,2.071,2.233,0.162,contango
1998-05-29,2.17,2.287,0.117,contango
1998-06-01,2.191,2.305,0.114,contango
1998-06-02,2.156,2.283,0.127,contango
1998-06-03,2.106,2.25,0.144,contango
1998-06-04,2.02,2.173,0.153,contango
1998-06-05,2.027,2.173,0.146,contango
1998-06-08,1.976,2.129,0.153,contango
1998-06-09,1.938,2.09,0.152,contango
1998-06-10,1.93,2.085,0.155,contango
1998-06-11,1.97,2.117,0.147,contango
1998-06-12,2.035,2.172,0.137,contango
1998-06-15,2.1,2.232,0.132,contango
1998-06-16,1.989,2.122,0.133,contango
1998-06-17,2.174,2.27,0.096,contango
1998-06-18,2.144,2.232,0.088,contango
1998-06-19,2.284,2.35,0.066,contango
1998-06-22,2.362,2.428,0.066,contango
1998-06-23,2.391,2.47,0.079,contango
1998-06-24,2.336,2.405,0.069,contango
1998-06-25,2.364,2.43,0.066,contango
1998-06-26,2.358,2.458,0.1,contango
1998-06-29,2.389,2.589,0.2,contango
1998-06-30,2.469,2.645,0.176,contango
1998-07-01,2.45,2.627,0.177,contango
1998-07-02,2.439,2.623,0.184,contango
1998-07-06,2.365,2.568,0.203,contango
1998-07-07,2.365,2.576,0.211,contango
1998-07-08,2.366,2.58,0.214,contango
1998-07-09,2.349,2.568,0.219,contango
1998-07-10,2.309,2.531,0.222,contango
1998-07-13,2.249,2.486,0.237,contango
1998-07-14,2.266,2.487,0.221,contango
1998-07-15,2.231,2.463,0.232,contango
1998-07-16,2.132,2.375,0.243,contango
1998-07-17,2.165,2.4,0.235,contango
1998-07-20,2.095,2.348,0.253,contango
1998-07-21,1.951,2.255,0.304,contango
1998-07-22,1.934,2.254,0.32,contango
1998-07-23,1.948,2.255,0.307,contango
1998-07-24,2.031,2.31,0.279,contango
1998-07-27,1.965,2.271,0.306,contango
1998-07-28,1.952,2.245,0.293,contango
1998-07-29,1.942,2.235,0.293,contango
1998-07-30,1.906,2.497,0.591,contango
1998-07-31,1.844,2.467,0.623,contango
1998-08-03,1.869,2.477,0.608,contango
1998-08-04,1.895,2.504,0.609,contango
1998-08-05,1.873,2.487,0.614,contango
1998-08-06,1.831,2.451,0.62,contango
1998-08-07,1.833,2.446,0.613,contango
1998-08-10,1.895,2.478,0.583,contango
1998-08-11,1.812,2.421,0.609,contango
1998-08-12,1.819,2.414,0.595,contango
1998-08-13,1.817,2.405,0.588,contango
1998-08-14,1.877,2.432,0.555,contango
1998-08-17,2.041,2.525,0.484,contango
1998-08-18,1.983,2.485,0.502,contango
1998-08-19,1.917,2.417,0.5,contango
1998-08-20,1.953,2.433,0.48,contango
1998-08-21,1.947,2.421,0.474,contango
1998-08-24,1.926,2.395,0.469,contango
1998-08-25,1.828,2.345,0.517,contango
1998-08-26,1.762,2.305,0.543,contango
1998-08-27,1.672,2.253,0.581,contango
1998-08-28,1.664,2.335,0.671,contango
1998-08-31,1.752,2.383,0.631,contango
1998-09-01,1.786,2.382,0.596,contango
1998-09-02,1.652,2.29,0.638,contango
1998-09-03,1.712,2.334,0.622,contango
1998-09-04,1.783,2.397,0.614,contango
1998-09-08,1.874,2.455,0.581,contango
1998-09-09,1.833,2.431,0.598,contango
1998-09-10,1.958,2.505,0.547,contango
1998-09-11,1.878,2.475,0.597,contango
1998-09-14,1.945,2.532,0.587,contango
1998-09-15,2.123,2.667,0.544,contango
1998-09-16,2.241,2.7,0.459,contango
1998-09-17,2.138,2.63,0.492,contango
1998-09-18,2.26,2.673,0.413,contango
1998-09-21,2.187,2.631,0.444,contango
1998-09-22,2.186,2.637,0.451,contango
1998-09-23,2.131,2.619,0.488,contango
1998-09-24,2.179,2.655,0.476,contango
1998-09-25,2.181,2.65,0.469,contango
1998-09-28,2.031,2.585,0.554,contango
1998-09-29,2.347,2.505,0.158,contango
1998-09-30,2.433,2.537,0.104,contango
1998-10-01,2.031,2.648,0.617,contango
1998-10-02,2.432,2.523,0.091,contango
1998-10-05,2.393,2.515,0.122,contango
1998-10-06,2.346,2.494,0.148,contango
1998-10-07,2.393,2.535,0.142,contango
1998-10-08,2.254,2.474,0.22,contango
1998-10-09,2.191,2.45,0.259,contango
1998-10-12,2.086,2.415,0.329,contango
1998-10-13,2.084,2.41,0.326,contango
1998-10-14,2.041,2.375,0.334,contango
1998-10-15,2.095,2.397,0.302,contango
1998-10-16,2.109,2.4,0.291,contango
1998-10-19,2.143,2.435,0.292,contango
1998-10-20,2.202,2.485,0.283,contango
1998-10-21,2.18,2.472,0.292,contango
1998-10-22,2.176,2.464,0.288,contango
1998-10-23,2.164,2.464,0.3,contango
1998-10-26,2.298,2.57,0.272,contango
1998-10-27,2.108,2.43,0.322,contango
1998-10-28,1.972,2.405,0.433,contango
1998-10-29,2.348,2.325,-0.023,backwardation
1998-10-30,2.275,2.29,0.015,contango
1998-11-02,2.387,2.357,-0.03,backwardation
1998-11-03,2.436,2.395,-0.041,backwardation
1998-11-04,2.395,2.355,-0.04,backwardation
1998-11-05,2.553,2.43,-0.123,backwardation
1998-11-06,2.553,2.428,-0.125,backwardation
1998-11-09,2.442,2.36,-0.082,backwardation
1998-11-10,2.478,2.387,-0.091,backwardation
1998-11-11,2.432,2.362,-0.07,backwardation
1998-11-12,2.394,2.355,-0.039,backwardation
1998-11-13,2.459,2.39,-0.069,backwardation
1998-11-16,2.305,2.314,0.009,contango
1998-11-17,2.279,2.287,0.008,contango
1998-11-18,2.204,2.24,0.036,contango
1998-11-19,2.213,2.23,0.017,contango
1998-11-20,2.163,2.21,0.047,contango
1998-11-23,2.097,2.178,0.081,contango
1998-11-24,2.149,2.19,0.041,contango
1998-11-25,2.196,2.124,-0.072,backwardation
1998-11-30,1.976,2.005,0.029,contango
1998-12-01,1.958,1.99,0.032,contango
1998-12-02,1.886,1.948,0.062,contango
1998-12-03,1.959,1.99,0.031,contango
1998-12-04,1.978,2.01,0.032,contango
1998-12-07,2.101,2.082,-0.019,backwardation
1998-12-08,1.913,1.97,0.057,contango
1998-12-09,1.847,1.94,0.093,contango
1998-12-10,1.84,1.935,0.095,contango
1998-12-11,1.858,1.938,0.08,contango
1998-12-14,1.952,1.975,0.023,contango
1998-12-15,1.952,1.974,0.022,contango
1998-12-16,1.99,1.987,-0.003,backwardation
1998-12-17,2.064,2.0,-0.064,backwardation
1998-12-18,2.074,2.003,-0.071,backwardation
1998-12-21,1.947,1.916,-0.031,backwardation
1998-12-22,1.925,1.895,-0.03,backwardation
1998-12-23,1.906,1.877,-0.029,backwardation
1998-12-24,1.881,1.869,-0.012,backwardation
1998-12-28,1.788,1.82,0.032,contango
1998-12-29,1.765,1.797,0.032,contango
1998-12-30,1.886,1.87,-0.016,backwardation
1998-12-31,1.945,1.908,-0.037,backwardation
1999-01-04,2.071,2.0,-0.071,backwardation
1999-01-05,1.975,1.962,-0.013,backwardation
1999-01-06,1.931,1.928,-0.003,backwardation
1999-01-07,1.836,1.865,0.029,contango
1999-01-08,1.83,1.863,0.033,contango
1999-01-11,1.779,1.837,0.058,contango
1999-01-12,1.821,1.869,0.048,contango
1999-01-13,1.77,1.84,0.07,contango
1999-01-14,1.809,1.867,0.058,contango
1999-01-15,1.796,1.86,0.064,contango
1999-01-19,1.817,1.864,0.047,contango
1999-01-20,1.827,1.874,0.047,contango
1999-01-21,1.892,1.932,0.04,contango
1999-01-22,1.778,1.865,0.087,contango
1999-01-25,1.714,1.822,0.108,contango
1999-01-26,1.714,1.824,0.11,contango
1999-01-27,1.81,1.871,0.061,contango
1999-01-28,1.86,1.922,0.062,contango
1999-01-29,1.777,1.866,0.089,contango
1999-02-01,1.744,1.855,0.111,contango
1999-02-02,1.818,1.907,0.089,contango
1999-02-03,1.765,1.868,0.103,contango
1999-02-04,1.829,1.902,0.073,contango
1999-02-05,1.8,1.89,0.09,contango
1999-02-08,1.818,1.9,0.082,contango
1999-02-09,1.838,1.915,0.077,contango
1999-02-10,1.775,1.88,0.105,contango
1999-02-11,1.837,1.911,0.074,contango
1999-02-12,1.807,1.888,0.081,contango
1999-02-16,1.795,1.874,0.079,contango
1999-02-17,1.776,1.86,0.084,contango
1999-02-18,1.746,1.838,0.092,contango
1999-02-19,1.745,1.83,0.085,contango
1999-02-22,1.704,1.778,0.074,contango
1999-02-23,1.71,1.775,0.065,contango
1999-02-24,1.666,1.767,0.101,contango
1999-02-25,1.659,1.774,0.115,contango
1999-02-26,1.628,1.743,0.115,contango
1999-03-01,1.701,1.8,0.099,contango
1999-03-02,1.696,1.8,0.104,contango
1999-03-03,1.723,1.82,0.097,contango
1999-03-04,1.762,1.854,0.092,contango
1999-03-05,1.853,1.917,0.064,contango
1999-03-08,1.859,1.92,0.061,contango
1999-03-09,1.928,1.97,0.042,contango
1999-03-10,1.941,1.994,0.053,contango
1999-03-11,1.82,1.898,0.078,contango
1999-03-12,1.759,1.85,0.091,contango
1999-03-15,1.717,1.818,0.101,contango
1999-03-16,1.717,1.813,0.096,contango
1999-03-17,1.748,1.844,0.096,contango
1999-03-18,1.687,1.789,0.102,contango
1999-03-19,1.699,1.8,0.101,contango
1999-03-22,1.769,1.854,0.085,contango
1999-03-23,1.754,1.846,0.092,contango
1999-03-24,1.759,1.851,0.092,contango
1999-03-25,1.835,1.922,0.087,contango
1999-03-26,1.854,1.95,0.096,contango
1999-03-29,1.852,1.945,0.093,contango
1999-03-30,1.978,2.048,0.07,contango
1999-03-31,2.013,2.078,0.065,contango
1999-04-01,1.852,2.072,0.22,contango
1999-04-05,2.03,2.09,0.06,contango
1999-04-06,2.013,2.075,0.062,contango
1999-04-07,2.024,2.09,0.066,contango
1999-04-08,2.069,2.127,0.058,contango
1999-04-09,2.096,2.15,0.054,contango
1999-04-12,2.128,2.179,0.051,contango
1999-04-13,2.136,2.193,0.057,contango
1999-04-14,2.096,2.16,0.064,contango
1999-04-15,2.137,2.19,0.053,contango
1999-04-16,2.124,2.189,0.065,contango
1999-04-19,2.169,2.227,0.058,contango
1999-04-20,2.144,2.21,0.066,contango
1999-04-21,2.174,2.239,0.065,contango
1999-04-22,2.225,2.279,0.054,contango
1999-04-23,2.226,2.281,0.055,contango
1999-04-26,2.299,2.345,0.046,contango
1999-04-27,2.331,2.365,0.034,contango
1999-04-28,2.348,2.372,0.024,contango
1999-04-29,2.339,2.37,0.031,contango
1999-04-30,2.253,2.3,0.047,contango
1999-05-03,2.311,2.348,0.037,contango
1999-05-04,2.359,2.399,0.04,contango
1999-05-05,2.359,2.403,0.044,contango
1999-05-06,2.295,2.355,0.06,contango
1999-05-07,2.273,2.34,0.067,contango
1999-05-10,2.302,2.364,0.062,contango
1999-05-11,2.236,2.309,0.073,contango
1999-05-12,2.191,2.265,0.074,contango
1999-05-13,2.282,2.34,0.058,contango
1999-05-14,2.288,2.352,0.064,contango
1999-05-17,2.343,2.401,0.058,contango
1999-05-18,2.262,2.328,0.066,contango
1999-05-19,2.254,2.319,0.065,contango
1999-05-20,2.218,2.289,0.071,contango
1999-05-21,2.225,2.293,0.068,contango
1999-05-24,2.176,2.242,0.066,contango
1999-05-25,2.2,2.259,0.059,contango
1999-05-26,2.226,2.255,0.029,contango
1999-05-27,2.282,2.348,0.066,contango
1999-05-28,2.358,2.412,0.054,contango
1999-06-01,2.343,2.4,0.057,contango
1999-06-02,2.407,2.455,0.048,contango
1999-06-03,2.397,2.455,0.058,contango
1999-06-04,2.437,2.489,0.052,contango
1999-06-07,2.442,2.504,0.062,contango
1999-06-08,2.393,2.465,0.072,contango
1999-06-09,2.46,2.512,0.052,contango
1999-06-10,2.355,2.432,0.077,contango
1999-06-11,2.378,2.448,0.07,contango
1999-06-14,2.372,2.443,0.071,contango
1999-06-15,2.367,2.439,0.072,contango
1999-06-16,2.327,2.407,0.08,contango
1999-06-17,2.285,2.365,0.08,contango
1999-06-18,2.308,2.382,0.074,contango
1999-06-21,2.237,2.322,0.085,contango
1999-06-22,2.238,2.325,0.087,contango
1999-06-23,2.264,2.35,0.086,contango
1999-06-24,2.295,2.377,0.082,contango
1999-06-25,2.258,2.349,0.091,contango
1999-06-28,2.262,2.374,0.112,contango
1999-06-29,2.4,2.574,0.174,contango
1999-06-30,2.394,2.576,0.182,contango
1999-07-01,2.262,2.357,0.095,contango
1999-07-02,2.287,2.485,0.198,contango
1999-07-06,2.191,2.42,0.229,contango
1999-07-07,2.141,2.389,0.248,contango
1999-07-08,2.162,2.404,0.242,contango
1999-07-09,2.163,2.416,0.253,contango
1999-07-12,2.144,2.409,0.265,contango
1999-07-13,2.176,2.441,0.265,contango
1999-07-14,2.146,2.422,0.276,contango
1999-07-15,2.179,2.449,0.27,contango
1999-07-16,2.187,2.455,0.268,contango
1999-07-19,2.207,2.475,0.268,contango
1999-07-20,2.198,2.466,0.268,contango
1999-07-21,2.253,2.508,0.255,contango
1999-07-22,2.395,2.605,0.21,contango
1999-07-23,2.528,2.719,0.191,contango
1999-07-26,2.542,2.734,0.192,contango
1999-07-27,2.574,2.755,0.181,contango
1999-07-28,2.601,2.738,0.137,contango
1999-07-29,2.569,2.843,0.274,contango
1999-07-30,2.543,2.845,0.302,contango
1999-08-02,2.575,2.867,0.292,contango
1999-08-03,2.598,2.892,0.294,contango
1999-08-04,2.642,2.917,0.275,contango
1999-08-05,2.647,2.922,0.275,contango
1999-08-06,2.698,2.956,0.258,contango
1999-08-09,2.721,2.974,0.253,contango
1999-08-10,2.748,2.991,0.243,contango
1999-08-11,2.704,2.975,0.271,contango
1999-08-12,2.723,2.988,0.265,contango
1999-08-13,2.745,3.007,0.262,contango
1999-08-16,2.7,2.992,0.292,contango
1999-08-17,2.708,2.998,0.29,contango
1999-08-18,2.792,3.06,0.268,contango
1999-08-19,2.898,3.139,0.241,contango
1999-08-20,2.938,3.17,0.232,contango
1999-08-23,3.064,3.285,0.221,contango
1999-08-24,3.059,3.277,0.218,contango
1999-08-25,3.03,3.245,0.215,contango
1999-08-26,2.948,3.175,0.227,contango
1999-08-27,2.912,3.126,0.214,contango
1999-08-30,2.969,3.188,0.219,contango
1999-08-31,2.825,3.093,0.268,contango
1999-09-01,2.737,3.038,0.301,contango
1999-09-02,2.471,2.888,0.417,contango
1999-09-03,2.561,2.9,0.339,contango
1999-09-07,2.677,3.008,0.331,contango
1999-09-08,2.612,2.952,0.34,contango
1999-09-09,2.851,3.102,0.251,contango
1999-09-10,2.801,3.08,0.279,contango
1999-09-13,2.781,3.073,0.292,contango
1999-09-14,2.636,2.979,0.343,contango
1999-09-15,2.628,2.976,0.348,contango
1999-09-16,2.546,2.935,0.389,contango
1999-09-17,2.608,3.002,0.394,contango
1999-09-20,2.519,2.968,0.449,contango
1999-09-21,2.427,2.905,0.478,contango
1999-09-22,2.426,2.913,0.487,contango
1999-09-23,2.697,3.063,0.366,contango
1999-09-24,2.63,3.085,0.455,contango
1999-09-27,2.632,3.145,0.513,contango
1999-09-28,2.56,3.091,0.531,contango
1999-09-29,2.824,2.864,0.04,contango
1999-09-30,2.744,2.815,0.071,contango
1999-10-01,2.793,2.839,0.046,contango
1999-10-04,2.625,2.751,0.126,contango
1999-10-05,2.586,2.725,0.139,contango
1999-10-06,2.601,2.725,0.124,contango
1999-10-07,2.642,2.747,0.105,contango
1999-10-11,2.825,2.873,0.048,contango
1999-10-12,2.927,2.953,0.026,contango
1999-10-13,2.97,2.982,0.012,contango
1999-10-14,2.834,2.907,0.073,contango
1999-10-15,2.975,2.99,0.015,contango
1999-10-18,2.92,2.965,0.045,contango
1999-10-19,3.007,3.01,0.003,contango
1999-10-20,2.978,2.977,-0.001,backwardation
1999-10-21,3.064,3.01,-0.054,backwardation
1999-10-22,3.072,3.005,-0.067,backwardation
1999-10-25,3.016,2.97,-0.046,backwardation
1999-10-26,3.011,2.987,-0.024,backwardation
1999-10-27,3.092,3.05,-0.042,backwardation
1999-10-28,2.965,2.712,-0.253,backwardation
1999-10-29,2.961,2.698,-0.263,backwardation
1999-11-01,2.914,2.66,-0.254,backwardation
1999-11-02,2.837,2.612,-0.225,backwardation
1999-11-03,2.873,2.64,-0.233,backwardation
1999-11-04,2.826,2.609,-0.217,backwardation
1999-11-05,2.884,2.649,-0.235,backwardation
1999-11-08,2.665,2.55,-0.115,backwardation
1999-11-09,2.643,2.559,-0.084,backwardation
1999-11-10,2.657,2.58,-0.077,backwardation
1999-11-11,2.522,2.544,0.022,contango
1999-11-12,2.649,2.635,-0.014,backwardation
1999-11-15,2.524,2.565,0.041,contango
1999-11-16,2.451,2.505,0.054,contango
1999-11-17,2.456,2.5,0.044,contango
1999-11-18,2.496,2.505,0.009,contango
1999-11-19,2.434,2.477,0.043,contango
1999-11-22,2.197,2.347,0.15,contango
1999-11-23,2.189,2.337,0.148,contango
1999-11-24,2.12,2.302,0.182,contango
1999-11-29,2.352,2.308,-0.044,backwardation
1999-11-30,2.304,2.279,-0.025,backwardation
1999-12-01,2.393,2.318,-0.075,backwardation
1999-12-02,2.461,2.34,-0.121,backwardation
1999-12-03,2.331,2.283,-0.048,backwardation
1999-12-06,2.224,2.24,0.016,contango
1999-12-07,2.271,2.28,0.009,contango
1999-12-08,2.288,2.299,0.011,contango
1999-12-09,2.285,2.305,0.02,contango
1999-12-10,2.446,2.414,-0.032,backwardation
1999-12-13,2.509,2.442,-0.067,backwardation
1999-12-14,2.585,2.492,-0.093,backwardation
1999-12-15,2.486,2.442,-0.044,backwardation
1999-12-16,2.636,2.52,-0.116,backwardation
1999-12-17,2.655,2.51,-0.145,backwardation
1999-12-20,2.629,2.503,-0.126,backwardation
1999-12-21,2.522,2.44,-0.082,backwardation
1999-12-22,2.444,2.395,-0.049,backwardation
1999-12-23,2.399,2.38,-0.019,backwardation
1999-12-27,2.271,2.293,0.022,contango
1999-12-28,2.344,2.34,-0.004,backwardation
1999-12-29,2.394,2.372,-0.022,backwardation
1999-12-30,2.329,2.338,0.009,contango
2000-01-04,2.176,2.249,0.073,contango
2000-01-05,2.168,2.251,0.083,contango
2000-01-06,2.196,2.283,0.087,contango
2000-01-07,2.173,2.27,0.097,contango
2000-01-10,2.216,2.293,0.077,contango
2000-01-11,2.26,2.326,0.066,contango
2000-01-12,2.244,2.326,0.082,contango
2000-01-13,2.252,2.329,0.077,contango
2000-01-14,2.322,2.383,0.061,contango
2000-01-18,2.383,2.432,0.049,contango
2000-01-19,2.417,2.467,0.05,contango
2000-01-20,2.559,2.574,0.015,contango
2000-01-21,2.485,2.495,0.01,contango
2000-01-24,2.528,2.505,-0.023,backwardation
2000-01-25,2.616,2.54,-0.076,backwardation
2000-01-26,2.523,2.468,-0.055,backwardation
2000-01-27,2.61,2.495,-0.115,backwardation
2000-01-28,2.532,2.502,-0.03,backwardation
2000-01-31,2.662,2.561,-0.101,backwardation
2000-02-01,2.699,2.565,-0.134,backwardation
2000-02-02,2.759,2.576,-0.183,backwardation
2000-02-03,2.659,2.54,-0.119,backwardation
2000-02-04,2.742,2.583,-0.159,backwardation
2000-02-07,2.562,2.506,-0.056,backwardation
2000-02-08,2.495,2.477,-0.018,backwardation
2000-02-09,2.54,2.512,-0.028,backwardation
2000-02-10,2.592,2.578,-0.014,backwardation
2000-02-11,2.57,2.59,0.02,contango
2000-02-14,2.541,2.577,0.036,contango
2000-02-15,2.618,2.643,0.025,contango
2000-02-16,2.564,2.613,0.049,contango
2000-02-17,2.667,2.688,0.021,contango
2000-02-18,2.633,2.658,0.025,contango
2000-02-22,2.515,2.584,0.069,contango
2000-02-23,2.53,2.584,0.054,contango
2000-02-24,2.549,2.596,0.047,contango
2000-02-25,2.603,2.653,0.05,contango
2000-02-28,2.686,2.72,0.034,contango
2000-02-29,2.761,2.786,0.025,contango
2000-03-01,2.815,2.84,0.025,contango
2000-03-02,2.783,2.832,0.049,contango
2000-03-03,2.825,2.867,0.042,contango
2000-03-06,2.85,2.902,0.052,contango
2000-03-07,2.799,2.867,0.068,contango
2000-03-08,2.71,2.789,0.079,contango
2000-03-09,2.786,2.846,0.06,contango
2000-03-10,2.774,2.836,0.062,contango
2000-03-13,2.86,2.902,0.042,contango
2000-03-14,2.809,2.87,0.061,contango
2000-03-15,2.866,2.91,0.044,contango
2000-03-16,2.851,2.902,0.051,contango
2000-03-17,2.785,2.855,0.07,contango
2000-03-20,2.714,2.793,0.079,contango
2000-03-21,2.751,2.823,0.072,contango
2000-03-22,2.794,2.862,0.068,contango
2000-03-23,2.847,2.908,0.061,contango
2000-03-24,2.836,2.895,0.059,contango
2000-03-27,2.914,2.965,0.051,contango
2000-03-28,2.963,2.998,0.035,contango
2000-03-29,2.9,2.943,0.043,contango
2000-03-30,2.873,2.921,0.048,contango
2000-03-31,2.945,2.978,0.033,contango
2000-04-03,2.889,2.938,0.049,contango
2000-04-04,2.822,2.877,0.055,contango
2000-04-05,2.888,2.931,0.043,contango
2000-04-06,2.956,2.988,0.032,contango
2000-04-07,2.971,3.013,0.042,contango
2000-04-10,2.971,3.016,0.045,contango
2000-04-11,2.949,2.995,0.046,contango
2000-04-12,3.021,3.051,0.03,contango
2000-04-13,3.087,3.114,0.027,contango
2000-04-14,3.078,3.105,0.027,contango
2000-04-17,3.158,3.183,0.025,contango
2000-04-18,3.098,3.137,0.039,contango
2000-04-19,3.055,3.102,0.047,contango
2000-04-20,3.073,3.115,0.042,contango
2000-04-24,3.137,3.168,0.031,contango
2000-04-25,3.11,3.145,0.035,contango
2000-04-26,3.089,3.117,0.028,contango
2000-04-27,3.055,3.085,0.03,contango
2000-04-28,3.141,3.16,0.019,contango
2000-05-01,3.216,3.236,0.02,contango
2000-05-02,3.217,3.239,0.022,contango
2000-05-03,3.126,3.164,0.038,contango
2000-05-04,3.107,3.145,0.038,contango
2000-05-05,3.025,3.076,0.051,contango
2000-05-08,3.17,3.196,0.026,contango
2000-05-09,3.183,3.21,0.027,contango
2000-05-10,3.317,3.333,0.016,contango
2000-05-11,3.352,3.38,0.028,contango
2000-05-12,3.354,3.388,0.034,contango
2000-05-15,3.396,3.438,0.042,contango
2000-05-16,3.448,3.495,0.047,contango
2000-05-17,3.689,3.718,0.029,contango
2000-05-18,3.71,3.72,0.01,contango
2000-05-19,3.825,3.836,0.011,contango
2000-05-22,3.747,3.765,0.018,contango
2000-05-23,3.814,3.818,0.004,contango
2000-05-24,4.073,4.06,-0.013,backwardation
2000-05-25,4.236,4.208,-0.028,backwardation
2000-05-26,4.406,4.25,-0.156,backwardation
2000-05-30,4.354,4.335,-0.019,backwardation
2000-05-31,4.356,4.343,-0.013,backwardation
2000-06-01,4.064,4.05,-0.014,backwardation
2000-06-02,4.043,4.0,-0.043,backwardation
2000-06-05,4.398,4.3,-0.098,backwardation
2000-06-06,4.294,4.22,-0.074,backwardation
2000-06-07,3.945,3.906,-0.039,backwardation
2000-06-08,4.133,4.075,-0.058,backwardation
2000-06-09,4.16,4.103,-0.057,backwardation
2000-06-12,4.212,4.16,-0.052,backwardation
2000-06-13,4.158,4.108,-0.05,backwardation
2000-06-14,4.256,4.196,-0.06,backwardation
2000-06-15,4.463,4.354,-0.109,backwardation
2000-06-16,4.488,4.401,-0.087,backwardation
2000-06-19,4.063,4.101,0.038,contango
2000-06-20,4.107,4.097,-0.01,backwardation
2000-06-21,4.378,4.337,-0.041,backwardation
2000-06-22,4.551,4.473,-0.078,backwardation
2000-06-23,4.448,4.385,-0.063,backwardation
2000-06-26,4.56,4.47,-0.09,backwardation
2000-06-27,4.686,4.555,-0.131,backwardation
2000-06-28,4.369,4.355,-0.014,backwardation
2000-06-29,4.423,4.423,0.0,backwardation
2000-06-30,4.476,4.466,-0.01,backwardation
2000-07-05,4.109,4.166,0.057,contango
2000-07-06,4.066,4.1,0.034,contango
2000-07-07,4.262,4.302,0.04,contango
2000-07-10,4.228,4.29,0.062,contango
2000-07-11,4.257,4.306,0.049,contango
2000-07-12,4.031,4.101,0.07,contango
2000-07-13,4.166,4.218,0.052,contango
2000-07-14,4.15,4.205,0.055,contango
2000-07-17,4.002,4.064,0.062,contango
2000-07-18,4.044,4.085,0.041,contango
2000-07-19,3.884,3.955,0.071,contango
2000-07-20,3.86,3.932,0.072,contango
2000-07-21,3.834,3.907,0.073,contango
2000-07-24,3.715,3.81,0.095,contango
2000-07-25,3.66,3.76,0.1,contango
2000-07-26,3.763,3.89,0.127,contango
2000-07-27,3.82,3.951,0.131,contango
2000-07-28,3.845,4.061,0.216,contango
2000-07-31,3.774,4.02,0.246,contango
2000-08-01,3.987,4.18,0.193,contango
2000-08-02,4.214,4.395,0.181,contango
2000-08-03,4.25,4.442,0.192,contango
2000-08-04,4.296,4.44,0.144,contango
2000-08-07,4.348,4.45,0.102,contango
2000-08-08,4.409,4.483,0.074,contango
2000-08-09,4.419,4.505,0.086,contango
2000-08-10,4.468,4.538,0.07,contango
2000-08-11,4.475,4.55,0.075,contango
2000-08-14,4.318,4.445,0.127,contango
2000-08-15,4.234,4.373,0.139,contango
2000-08-16,4.413,4.535,0.122,contango
2000-08-17,4.406,4.575,0.169,contango
2000-08-18,4.436,4.618,0.182,contango
2000-08-21,4.747,4.862,0.115,contango
2000-08-22,4.52,4.665,0.145,contango
2000-08-23,4.605,4.72,0.115,contango
2000-08-24,4.54,4.67,0.13,contango
2000-08-25,4.628,4.75,0.122,contango
2000-08-28,4.685,4.8,0.115,contango
2000-08-29,4.618,4.77,0.152,contango
2000-08-30,4.801,4.861,0.06,contango
2000-08-31,4.782,4.85,0.068,contango
2000-09-01,4.618,4.975,0.357,contango
2000-09-05,4.95,5.043,0.093,contango
2000-09-06,5.071,5.172,0.101,contango
2000-09-07,4.998,5.14,0.142,contango
2000-09-08,4.88,5.07,0.19,contango
2000-09-11,5.011,5.203,0.192,contango
2000-09-12,5.008,5.178,0.17,contango
2000-09-13,5.055,5.225,0.17,contango
2000-09-14,5.195,5.367,0.172,contango
2000-09-15,5.206,5.355,0.149,contango
2000-09-18,5.295,5.445,0.15,contango
2000-09-19,5.363,5.525,0.162,contango
2000-09-20,5.318,5.495,0.177,contango
2000-09-21,5.287,5.47,0.183,contango
2000-09-22,5.131,5.35,0.219,contango
2000-09-25,5.276,5.485,0.209,contango
2000-09-26,5.324,5.525,0.201,contango
2000-09-27,5.312,5.522,0.21,contango
2000-09-28,5.124,4.971,-0.153,backwardation
2000-09-29,5.186,5.026,-0.16,backwardation
2000-10-02,5.352,5.16,-0.192,backwardation
2000-10-03,5.348,5.158,-0.19,backwardation
2000-10-04,5.29,5.118,-0.172,backwardation
2000-10-05,5.152,5.0,-0.152,backwardation
2000-10-06,5.008,4.881,-0.127,backwardation
2000-10-09,5.15,5.007,-0.143,backwardation
2000-10-10,5.134,5.001,-0.133,backwardation
2000-10-11,5.508,5.301,-0.207,backwardation
2000-10-12,5.63,5.442,-0.188,backwardation
2000-10-13,5.537,5.377,-0.16,backwardation
2000-10-16,5.364,5.242,-0.122,backwardation
2000-10-17,5.439,5.295,-0.144,backwardation
2000-10-18,5.228,5.121,-0.107,backwardation
2000-10-19,4.951,4.891,-0.06,backwardation
2000-10-20,4.937,4.875,-0.062,backwardation
2000-10-23,5.072,5.0,-0.072,backwardation
2000-10-24,4.82,4.78,-0.04,backwardation
2000-10-25,4.659,4.612,-0.047,backwardation
2000-10-26,4.664,4.597,-0.067,backwardation
2000-10-27,4.541,4.497,-0.044,backwardation
2000-10-30,4.485,4.157,-0.328,backwardation
2000-10-31,4.49,4.191,-0.299,backwardation
2000-11-01,4.686,4.378,-0.308,backwardation
2000-11-02,4.76,4.471,-0.289,backwardation
2000-11-03,4.931,4.607,-0.324,backwardation
2000-11-06,4.849,4.554,-0.295,backwardation
2000-11-07,5.081,4.762,-0.319,backwardation
2000-11-08,5.338,4.95,-0.388,backwardation
2000-11-09,5.445,4.978,-0.467,backwardation
2000-11-10,5.456,4.912,-0.544,backwardation
2000-11-13,5.698,5.021,-0.677,backwardation
2000-11-14,6.016,5.208,-0.808,backwardation
2000-11-15,6.265,5.351,-0.914,backwardation
2000-11-16,5.798,5.051,-0.747,backwardation
2000-11-17,6.1,5.235,-0.865,backwardation
2000-11-20,6.249,5.318,-0.931,backwardation
2000-11-21,6.408,5.447,-0.961,backwardation
2000-11-22,6.577,5.6,-0.977,backwardation
2000-11-27,6.368,5.63,-0.738,backwardation
2000-11-28,6.016,5.505,-0.511,backwardation
2000-11-29,6.181,4.916,-1.265,backwardation
2000-11-30,6.589,5.17,-1.419,backwardation
2000-12-01,6.016,6.043,0.027,contango
2000-12-04,7.433,5.705,-1.728,backwardation
2000-12-05,7.384,5.545,-1.839,backwardation
2000-12-06,8.485,5.85,-2.635,backwardation
2000-12-07,8.373,5.64,-2.733,backwardation
2000-12-08,8.584,5.666,-2.918,backwardation
2000-12-11,9.413,5.94,-3.473,backwardation
2000-12-12,8.145,5.433,-2.712,backwardation
2000-12-13,7.537,5.227,-2.31,backwardation
2000-12-14,7.413,5.34,-2.073,backwardation
2000-12-15,8.396,5.585,-2.811,backwardation
2000-12-18,8.527,5.575,-2.952,backwardation
2000-12-19,9.102,5.76,-3.342,backwardation
2000-12-20,9.326,5.835,-3.491,backwardation
2000-12-21,9.83,6.01,-3.82,backwardation
2000-12-22,9.579,5.9,-3.679,backwardation
2000-12-26,9.805,6.06,-3.745,backwardation
2000-12-27,9.978,6.17,-3.808,backwardation
2000-12-28,9.263,5.355,-3.908,backwardation
2000-12-29,9.775,5.491,-4.284,backwardation
2001-01-02,8.364,5.27,-3.094,backwardation
2001-01-03,8.189,5.24,-2.949,backwardation
2001-01-04,8.966,5.445,-3.521,backwardation
2001-01-05,9.261,5.645,-3.616,backwardation
2001-01-08,9.689,5.86,-3.829,backwardation
2001-01-09,9.819,6.05,-3.769,backwardation
2001-01-10,9.128,6.065,-3.063,backwardation
2001-01-11,8.708,5.98,-2.728,backwardation
2001-01-12,8.472,6.035,-2.437,backwardation
2001-01-16,8.103,5.935,-2.168,backwardation
2001-01-17,6.909,5.47,-1.439,backwardation
2001-01-18,7.136,5.64,-1.496,backwardation
2001-01-19,7.459,5.65,-1.809,backwardation
2001-01-22,7.457,5.675,-1.782,backwardation
2001-01-23,6.946,5.445,-1.501,backwardation
2001-01-24,7.115,5.515,-1.6,backwardation
2001-01-25,7.27,5.66,-1.61,backwardation
2001-01-26,7.256,5.7,-1.556,backwardation
2001-01-29,6.293,5.355,-0.938,backwardation
2001-01-30,6.097,5.4,-0.697,backwardation
2001-01-31,5.707,5.18,-0.527,backwardation
2001-02-01,6.293,5.47,-0.823,backwardation
2001-02-02,6.743,5.543,-1.2,backwardation
2001-02-05,5.706,5.26,-0.446,backwardation
2001-02-06,5.764,5.356,-0.408,backwardation
2001-02-07,6.235,5.732,-0.503,backwardation
2001-02-08,6.158,5.62,-0.538,backwardation
2001-02-09,6.21,5.685,-0.525,backwardation
2001-02-12,5.821,5.615,-0.206,backwardation
2001-02-13,6.019,5.726,-0.293,backwardation
2001-02-14,5.518,5.463,-0.055,backwardation
2001-02-15,5.594,5.54,-0.054,backwardation
2001-02-16,5.568,5.505,-0.063,backwardation
2001-02-20,5.278,5.279,0.001,contango
2001-02-21,5.146,5.183,0.037,contango
2001-02-22,5.142,5.202,0.06,contango
2001-02-23,5.131,5.225,0.094,contango
2001-02-26,4.998,5.166,0.168,contango
2001-02-27,5.279,5.366,0.087,contango
2001-02-28,5.236,5.362,0.126,contango
2001-03-01,4.998,5.274,0.276,contango
2001-03-02,5.27,5.382,0.112,contango
2001-03-05,5.336,5.46,0.124,contango
2001-03-06,5.315,5.447,0.132,contango
2001-03-07,5.35,5.478,0.128,contango
2001-03-08,5.285,5.43,0.145,contango
2001-03-09,5.072,5.221,0.149,contango
2001-03-12,5.159,5.278,0.119,contango
2001-03-13,5.006,5.17,0.164,contango
2001-03-14,4.911,5.059,0.148,contango
2001-03-15,4.927,5.043,0.116,contango
2001-03-16,5.035,5.132,0.097,contango
2001-03-19,5.063,5.16,0.097,contango
2001-03-20,5.287,5.421,0.134,contango
2001-03-21,5.041,5.195,0.154,contango
2001-03-22,5.212,5.347,0.135,contango
2001-03-23,5.273,5.417,0.144,contango
2001-03-26,5.322,5.455,0.133,contango
2001-03-27,5.621,5.738,0.117,contango
2001-03-28,5.384,5.555,0.171,contango
2001-03-29,5.274,5.4,0.126,contango
2001-03-30,5.025,5.15,0.125,contango
2001-04-02,5.103,5.215,0.112,contango
2001-04-03,5.115,5.237,0.122,contango
2001-04-04,5.182,5.304,0.122,contango
2001-04-05,5.422,5.547,0.125,contango
2001-04-06,5.388,5.515,0.127,contango
2001-04-09,5.477,5.62,0.143,contango
2001-04-10,5.559,5.692,0.133,contango
2001-04-11,5.385,5.528,0.143,contango
2001-04-12,5.381,5.53,0.149,contango
2001-04-16,5.516,5.655,0.139,contango
2001-04-17,5.248,5.398,0.15,contango
2001-04-18,5.148,5.295,0.147,contango
2001-04-19,5.101,5.255,0.154,contango
2001-04-20,5.128,5.292,0.164,contango
2001-04-23,5.125,5.298,0.173,contango
2001-04-24,5.078,5.232,0.154,contango
2001-04-25,4.981,5.11,0.129,contango
2001-04-26,4.891,5.055,0.164,contango
2001-04-27,4.867,5.01,0.143,contango
2001-04-30,4.695,4.86,0.165,contango
2001-05-01,4.641,4.807,0.166,contango
2001-05-02,4.483,4.658,0.175,contango
2001-05-03,4.527,4.694,0.167,contango
2001-05-04,4.49,4.667,0.177,contango
2001-05-07,4.239,4.425,0.186,contango
2001-05-08,4.279,4.455,0.176,contango
2001-05-09,4.202,4.369,0.167,contango
2001-05-10,4.348,4.497,0.149,contango
2001-05-11,4.278,4.437,0.159,contango
2001-05-14,4.394,4.543,0.149,contango
2001-05-15,4.653,4.798,0.145,contango
2001-05-16,4.298,4.482,0.184,contango
2001-05-17,4.248,4.435,0.187,contango
2001-05-18,4.291,4.473,0.182,contango
2001-05-21,4.113,4.305,0.192,contango
2001-05-22,4.123,4.29,0.167,contango
2001-05-23,4.113,4.281,0.168,contango
2001-05-24,4.054,4.23,0.176,contango
2001-05-25,3.973,4.148,0.175,contango
2001-05-29,3.738,3.93,0.192,contango
2001-05-30,3.981,4.117,0.136,contango
2001-05-31,3.914,4.048,0.134,contango
2001-06-01,3.738,4.046,0.308,contango
2001-06-04,4.132,4.222,0.09,contango
2001-06-05,3.892,4.054,0.162,contango
2001-06-06,3.801,3.97,0.169,contango
2001-06-07,3.79,3.967,0.177,contango
2001-06-08,3.922,4.112,0.19,contango
2001-06-11,4.179,4.367,0.188,contango
2001-06-12,4.301,4.497,0.196,contango
2001-06-13,4.112,4.312,0.2,contango
2001-06-14,4.038,4.218,0.18,contango
2001-06-15,3.979,4.155,0.176,contango
2001-06-18,3.939,4.114,0.175,contango
2001-06-19,3.981,4.14,0.159,contango
2001-06-20,3.734,3.903,0.169,contango
2001-06-21,3.747,3.905,0.158,contango
2001-06-22,3.742,3.898,0.156,contango
2001-06-25,3.446,3.635,0.189,contango
2001-06-26,3.397,3.6,0.203,contango
2001-06-27,3.182,3.428,0.246,contango
2001-06-28,3.28,3.701,0.421,contango
2001-06-29,3.096,3.538,0.442,contango
2001-07-02,3.117,3.567,0.45,contango
2001-07-03,3.201,3.672,0.471,contango
2001-07-05,3.136,3.637,0.501,contango
2001-07-06,3.218,3.707,0.489,contango
2001-07-09,3.153,3.63,0.477,contango
2001-07-10,3.282,3.734,0.452,contango
2001-07-11,3.342,3.738,0.396,contango
2001-07-12,3.428,3.812,0.384,contango
2001-07-13,3.25,3.653,0.403,contango
2001-07-16,3.068,3.472,0.404,contango
2001-07-17,3.165,3.564,0.399,contango
2001-07-18,3.087,3.461,0.374,contango
2001-07-19,2.939,3.307,0.368,contango
2001-07-20,2.955,3.323,0.368,contango
2001-07-23,2.978,3.346,0.368,contango
2001-07-24,2.97,3.32,0.35,contango
2001-07-25,3.276,3.583,0.307,contango
2001-07-26,3.128,3.458,0.33,contango
2001-07-27,3.167,3.499,0.332,contango
2001-07-30,3.353,3.873,0.52,contango
2001-07-31,3.296,3.839,0.543,contango
2001-08-01,3.167,3.38,0.213,contango
2001-08-02,3.167,3.477,0.31,contango
2001-08-03,3.167,3.277,0.11,contango
2001-08-06,3.027,3.6,0.573,contango
2001-08-07,2.971,3.552,0.581,contango
2001-08-08,3.036,3.607,0.571,contango
2001-08-09,2.956,3.54,0.584,contango
2001-08-10,3.04,3.616,0.576,contango
2001-08-13,2.999,3.599,0.6,contango
2001-08-14,3.094,3.684,0.59,contango
2001-08-15,3.468,3.993,0.525,contango
2001-08-16,3.367,3.918,0.551,contango
2001-08-17,3.303,3.849,0.546,contango
2001-08-20,3.187,3.734,0.547,contango
2001-08-21,3.166,3.715,0.549,contango
2001-08-22,2.848,3.454,0.606,contango
2001-08-23,2.811,3.396,0.585,contango
2001-08-24,2.706,3.3,0.594,contango
2001-08-27,2.544,3.14,0.596,contango
2001-08-28,2.415,3.018,0.603,contango
2001-08-29,2.295,2.986,0.691,contango
2001-08-30,2.395,3.195,0.8,contango
2001-08-31,2.38,3.19,0.81,contango
2001-09-04,2.359,3.14,0.781,contango
2001-09-05,2.42,3.192,0.772,contango
2001-09-06,2.44,3.205,0.765,contango
2001-09-07,2.5,3.24,0.74,contango
2001-09-10,2.392,3.149,0.757,contango
2001-09-17,2.369,3.303,0.934,contango
2001-09-18,2.225,3.155,0.93,contango
2001-09-19,2.102,2.962,0.86,contango
2001-09-20,2.137,2.995,0.858,contango
2001-09-21,2.103,3.012,0.909,contango
2001-09-24,1.91,2.853,0.943,contango
2001-09-25,1.925,2.895,0.97,contango
2001-09-26,1.83,2.835,1.005,contango
2001-09-27,2.253,2.826,0.573,contango
2001-09-28,2.244,2.832,0.588,contango
2001-10-01,2.208,2.827,0.619,contango
2001-10-02,2.268,2.876,0.608,contango
2001-10-03,2.32,2.888,0.568,contango
2001-10-04,2.414,2.957,0.543,contango
2001-10-05,2.227,2.828,0.601,contango
2001-10-08,2.27,2.853,0.583,contango
2001-10-09,2.388,2.936,0.548,contango
2001-10-10,2.48,2.982,0.502,contango
2001-10-11,2.531,2.997,0.466,contango
2001-10-12,2.43,2.907,0.477,contango
2001-10-15,2.378,2.85,0.472,contango
2001-10-16,2.592,3.032,0.44,contango
2001-10-17,2.418,2.901,0.483,contango
2001-10-18,2.486,2.997,0.511,contango
2001-10-19,2.681,3.173,0.492,contango
2001-10-22,2.807,3.257,0.45,contango
2001-10-23,2.681,3.117,0.436,contango
2001-10-24,2.981,3.321,0.34,contango
2001-10-25,2.938,3.248,0.31,contango
2001-10-26,3.041,3.303,0.262,contango
2001-10-29,3.202,3.452,0.25,contango
2001-10-30,3.183,3.27,0.087,contango
2001-10-31,3.291,3.358,0.067,contango
2001-11-01,3.202,3.424,0.222,contango
2001-11-02,3.248,3.323,0.075,contango
2001-11-05,2.922,3.065,0.143,contango
2001-11-06,2.88,3.032,0.152,contango
2001-11-07,2.87,3.028,0.158,contango
2001-11-08,2.96,3.112,0.152,contango
2001-11-09,2.925,3.102,0.177,contango
2001-11-12,2.73,2.945,0.215,contango
2001-11-13,2.798,3.02,0.222,contango
2001-11-14,2.676,2.924,0.248,contango
2001-11-15,2.551,2.822,0.271,contango
2001-11-16,2.637,2.898,0.261,contango
2001-11-19,2.791,3.028,0.237,contango
2001-11-20,2.852,3.066,0.214,contango
2001-11-21,2.813,3.005,0.192,contango
2001-11-26,2.696,2.942,0.246,contango
2001-11-27,2.606,2.972,0.366,contango
2001-11-28,2.316,2.815,0.499,contango
2001-11-29,2.561,2.667,0.106,contango
2001-11-30,2.701,2.759,0.058,contango
2001-12-03,2.634,2.73,0.096,contango
2001-12-04,2.563,2.696,0.133,contango
2001-12-05,2.491,2.612,0.121,contango
2001-12-06,2.565,2.665,0.1,contango
2001-12-07,2.568,2.686,0.118,contango
2001-12-10,2.747,2.797,0.05,contango
2001-12-11,2.803,2.828,0.025,contango
2001-12-12,2.719,2.765,0.046,contango
2001-12-13,2.756,2.787,0.031,contango
2001-12-14,2.846,2.848,0.002,contango
2001-12-17,2.686,2.727,0.041,contango
2001-12-18,2.657,2.699,0.042,contango
2001-12-19,2.616,2.643,0.027,contango
2001-12-20,2.686,2.691,0.005,contango
2001-12-21,2.895,2.824,-0.071,backwardation
2001-12-26,2.911,2.872,-0.039,backwardation
2001-12-27,2.555,2.63,0.075,contango
2001-12-28,2.774,2.769,-0.005,backwardation
2001-12-31,2.57,2.618,0.048,contango
2002-01-02,2.465,2.511,0.046,contango
2002-01-03,2.268,2.338,0.07,contango
2002-01-04,2.275,2.352,0.077,contango
2002-01-07,2.272,2.345,0.073,contango
2002-01-08,2.281,2.374,0.093,contango
2002-01-09,2.228,2.332,0.104,contango
2002-01-10,2.185,2.315,0.13,contango
2002-01-11,2.204,2.322,0.118,contango
2002-01-14,2.25,2.348,0.098,contango
2002-01-15,2.291,2.368,0.077,contango
2002-01-16,2.394,2.446,0.052,contango
2002-01-17,2.254,2.359,0.105,contango
2002-01-18,2.236,2.352,0.116,contango
2002-01-22,2.106,2.27,0.164,contango
2002-01-23,2.076,2.26,0.184,contango
2002-01-24,2.048,2.259,0.211,contango
2002-01-25,2.037,2.269,0.232,contango
2002-01-28,1.908,2.175,0.267,contango
2002-01-29,2.006,2.24,0.234,contango
2002-01-30,2.08,2.31,0.23,contango
2002-01-31,2.138,2.326,0.188,contango
2002-02-01,2.006,2.266,0.26,contango
2002-02-04,2.117,2.317,0.2,contango
2002-02-05,2.074,2.297,0.223,contango
2002-02-06,2.101,2.308,0.207,contango
2002-02-07,2.15,2.36,0.21,contango
2002-02-08,2.191,2.403,0.212,contango
2002-02-11,2.286,2.475,0.189,contango
2002-02-12,2.305,2.507,0.202,contango
2002-02-13,2.245,2.458,0.213,contango
2002-02-14,2.186,2.405,0.219,contango
2002-02-15,2.206,2.414,0.208,contango
2002-02-19,2.397,2.557,0.16,contango
2002-02-20,2.385,2.548,0.163,contango
2002-02-21,2.425,2.577,0.152,contango
2002-02-22,2.449,2.601,0.152,contango
2002-02-25,2.307,2.478,0.171,contango
2002-02-26,2.388,2.509,0.121,contango
2002-02-27,2.427,2.591,0.164,contango
2002-02-28,2.357,2.536,0.179,contango
2002-03-01,2.388,2.479,0.091,contango
2002-03-04,2.488,2.644,0.156,contango
2002-03-05,2.467,2.622,0.155,contango
2002-03-06,2.566,2.71,0.144,contango
2002-03-07,2.756,2.901,0.145,contango
2002-03-08,2.8,2.961,0.161,contango
2002-03-11,3.021,3.161,0.14,contango
2002-03-12,3.018,3.149,0.131,contango
2002-03-13,2.87,3.008,0.138,contango
2002-03-14,2.924,3.041,0.117,contango
2002-03-15,3.076,3.175,0.099,contango
2002-03-18,3.305,3.398,0.093,contango
2002-03-19,3.256,3.356,0.1,contango
2002-03-20,3.111,3.221,0.11,contango
2002-03-21,3.431,3.526,0.095,contango
2002-03-22,3.326,3.418,0.092,contango
2002-03-25,3.457,3.509,0.052,contango
2002-03-26,3.472,3.424,-0.048,backwardation
2002-03-27,3.29,3.386,0.096,contango
2002-03-28,3.283,3.382,0.099,contango
2002-04-01,3.531,3.6,0.069,contango
2002-04-02,3.654,3.726,0.072,contango
2002-04-03,3.506,3.59,0.084,contango
2002-04-04,3.333,3.447,0.114,contango
2002-04-05,3.275,3.397,0.122,contango
2002-04-08,3.327,3.45,0.123,contango
2002-04-09,3.201,3.321,0.12,contango
2002-04-10,3.184,3.302,0.118,contango
2002-04-11,3.103,3.215,0.112,contango
2002-04-12,3.125,3.241,0.116,contango
2002-04-15,3.43,3.532,0.102,contango
2002-04-16,3.294,3.402,0.108,contango
2002-04-17,3.477,3.578,0.101,contango
2002-04-18,3.485,3.586,0.101,contango
2002-04-19,3.527,3.623,0.096,contango
2002-04-22,3.596,3.673,0.077,contango
2002-04-23,3.591,3.675,0.084,contango
2002-04-24,3.419,3.499,0.08,contango
2002-04-25,3.295,3.376,0.081,contango
2002-04-26,3.319,3.447,0.128,contango
2002-04-29,3.561,3.616,0.055,contango
2002-04-30,3.795,3.848,0.053,contango
2002-05-01,3.735,3.792,0.057,contango
2002-05-02,3.684,3.755,0.071,contango
2002-05-03,3.745,3.825,0.08,contango
2002-05-06,3.595,3.685,0.09,contango
2002-05-07,3.673,3.765,0.092,contango
2002-05-08,3.746,3.839,0.093,contango
2002-05-09,3.719,3.812,0.093,contango
2002-05-10,3.749,3.844,0.095,contango
2002-05-13,3.783,3.871,0.088,contango
2002-05-14,3.855,3.955,0.1,contango
2002-05-15,3.64,3.772,0.132,contango
2002-05-16,3.609,3.756,0.147,contango
2002-05-17,3.598,3.755,0.157,contango
2002-05-20,3.49,3.653,0.163,contango
2002-05-21,3.395,3.558,0.163,contango
2002-05-22,3.459,3.62,0.161,contango
2002-05-23,3.438,3.602,0.164,contango
2002-05-24,3.347,3.534,0.187,contango
2002-05-28,3.28,3.471,0.191,contango
2002-05-29,3.42,3.582,0.162,contango
2002-05-30,3.222,3.362,0.14,contango
2002-05-31,3.217,3.345,0.128,contango
2002-06-03,3.242,3.344,0.102,contango
2002-06-04,3.328,3.411,0.083,contango
2002-06-05,3.26,3.352,0.092,contango
2002-06-06,3.182,3.295,0.113,contango
2002-06-07,3.204,3.324,0.12,contango
2002-06-10,3.135,3.268,0.133,contango
2002-06-11,3.132,3.264,0.132,contango
2002-06-12,3.057,3.189,0.132,contango
2002-06-13,3.211,3.335,0.124,contango
2002-06-14,3.342,3.465,0.123,contango
2002-06-17,3.377,3.502,0.125,contango
2002-06-18,3.312,3.445,0.133,contango
2002-06-19,3.314,3.457,0.143,contango
2002-06-20,3.216,3.349,0.133,contango
2002-06-21,3.237,3.361,0.124,contango
2002-06-24,3.43,3.532,0.102,contango
2002-06-25,3.449,3.545,0.096,contango
2002-06-26,3.278,3.401,0.123,contango
2002-06-27,3.236,3.602,0.366,contango
2002-06-28,3.245,3.608,0.363,contango
2002-07-01,3.192,3.57,0.378,contango
2002-07-02,3.145,3.538,0.393,contango
2002-07-03,3.142,3.545,0.403,contango
2002-07-08,2.939,3.381,0.442,contango
2002-07-09,2.991,3.432,0.441,contango
2002-07-10,2.864,3.318,0.454,contango
2002-07-11,2.83,3.298,0.468,contango
2002-07-12,2.787,3.265,0.478,contango
2002-07-15,2.784,3.258,0.474,contango
2002-07-16,2.863,3.3,0.437,contango
2002-07-17,2.841,3.261,0.42,contango
2002-07-18,2.943,3.309,0.366,contango
2002-07-19,2.933,3.302,0.369,contango
2002-07-22,2.947,3.313,0.366,contango
2002-07-23,2.889,3.247,0.358,contango
2002-07-24,3.042,3.367,0.325,contango
2002-07-25,2.902,3.243,0.341,contango
2002-07-26,2.936,3.248,0.312,contango
2002-07-29,2.976,3.23,0.254,contango
2002-07-30,2.891,3.476,0.585,contango
2002-07-31,2.954,3.521,0.567,contango
2002-08-01,2.842,3.449,0.607,contango
2002-08-02,2.858,3.465,0.607,contango
2002-08-05,2.678,3.36,0.682,contango
2002-08-06,2.716,3.404,0.688,contango
2002-08-07,2.66,3.379,0.719,contango
2002-08-08,2.745,3.442,0.697,contango
2002-08-09,2.761,3.446,0.685,contango
2002-08-12,2.965,3.606,0.641,contango
2002-08-13,2.975,3.618,0.643,contango
2002-08-14,2.91,3.567,0.657,contango
2002-08-15,3.127,3.73,0.603,contango
2002-08-16,3.149,3.757,0.608,contango
2002-08-19,3.267,3.861,0.594,contango
2002-08-20,3.166,3.755,0.589,contango
2002-08-21,3.274,3.844,0.57,contango
2002-08-22,3.515,4.051,0.536,contango
2002-08-23,3.487,4.015,0.528,contango
2002-08-26,3.617,4.151,0.534,contango
2002-08-27,3.483,4.026,0.543,contango
2002-08-28,3.288,3.923,0.635,contango
2002-08-29,3.25,3.943,0.693,contango
2002-08-30,3.296,4.029,0.733,contango
2002-09-03,3.132,3.917,0.785,contango
2002-09-04,3.193,3.971,0.778,contango
2002-09-05,3.342,4.065,0.723,contango
2002-09-06,3.265,4.017,0.752,contango
2002-09-09,3.399,4.139,0.74,contango
2002-09-10,3.356,4.126,0.77,contango
2002-09-11,3.25,4.05,0.8,contango
2002-09-12,3.329,4.115,0.786,contango
2002-09-13,3.467,4.221,0.754,contango
2002-09-16,3.507,4.228,0.721,contango
2002-09-17,3.679,4.303,0.624,contango
2002-09-18,3.787,4.37,0.583,contango
2002-09-19,3.856,4.357,0.501,contango
2002-09-20,3.758,4.257,0.499,contango
2002-09-23,3.978,4.408,0.43,contango
2002-09-24,3.742,4.211,0.469,contango
2002-09-25,3.494,4.133,0.639,contango
2002-09-26,3.686,4.216,0.53,contango
2002-09-27,4.041,4.225,0.184,contango
2002-09-30,4.138,4.293,0.155,contango
2002-10-01,4.067,4.222,0.155,contango
2002-10-02,4.16,4.283,0.123,contango
2002-10-03,3.724,3.994,0.27,contango
2002-10-04,3.739,4.009,0.27,contango
2002-10-07,3.74,4.035,0.295,contango
2002-10-08,3.862,4.153,0.291,contango
2002-10-09,3.918,4.165,0.247,contango
2002-10-10,3.828,4.058,0.23,contango
2002-10-11,4.146,4.266,0.12,contango
2002-10-14,4.303,4.371,0.068,contango
2002-10-15,4.247,4.355,0.108,contango
2002-10-16,4.227,4.344,0.117,contango
2002-10-17,4.299,4.42,0.121,contango
2002-10-18,4.239,4.402,0.163,contango
2002-10-21,4.157,4.325,0.168,contango
2002-10-22,4.11,4.286,0.176,contango
2002-10-23,4.26,4.385,0.125,contango
2002-10-24,4.133,4.28,0.147,contango
2002-10-25,4.028,4.198,0.17,contango
2002-10-28,4.176,4.319,0.143,contango
2002-10-29,4.126,4.256,0.13,contango
2002-10-30,4.389,4.199,-0.19,backwardation
2002-10-31,4.156,4.056,-0.1,backwardation
2002-11-01,4.06,3.992,-0.068,backwardation
2002-11-04,3.863,3.85,-0.013,backwardation
2002-11-05,3.883,3.89,0.007,contango
2002-11-06,3.854,3.881,0.027,contango
2002-11-07,3.831,3.876,0.045,contango
2002-11-08,3.903,3.9,-0.003,backwardation
2002-11-11,3.778,3.818,0.04,contango
2002-11-12,3.872,3.882,0.01,contango
2002-11-13,3.877,3.87,-0.007,backwardation
2002-11-14,3.869,3.889,0.02,contango
2002-11-15,3.981,3.976,-0.005,backwardation
2002-11-18,4.263,4.166,-0.097,backwardation
2002-11-19,4.261,4.152,-0.109,backwardation
2002-11-20,4.254,4.147,-0.107,backwardation
2002-11-21,4.351,4.207,-0.144,backwardation
2002-11-22,4.26,4.175,-0.085,backwardation
2002-11-25,4.261,4.148,-0.113,backwardation
2002-11-26,4.14,4.086,-0.054,backwardation
2002-11-27,4.2,3.908,-0.292,backwardation
2002-12-02,4.32,4.005,-0.315,backwardation
2002-12-03,4.226,3.951,-0.275,backwardation
2002-12-04,4.298,3.999,-0.299,backwardation
2002-12-05,4.406,4.115,-0.291,backwardation
2002-12-06,4.383,4.131,-0.252,backwardation
2002-12-09,4.359,4.114,-0.245,backwardation
2002-12-10,4.636,4.294,-0.342,backwardation
2002-12-11,4.709,4.324,-0.385,backwardation
2002-12-12,5.089,4.46,-0.629,backwardation
2002-12-13,5.284,4.535,-0.749,backwardation
2002-12-16,5.341,4.502,-0.839,backwardation
2002-12-17,5.24,4.429,-0.811,backwardation
2002-12-18,5.278,4.469,-0.809,backwardation
2002-12-19,5.047,4.448,-0.599,backwardation
2002-12-20,5.183,4.545,-0.638,backwardation
2002-12-23,5.116,4.566,-0.55,backwardation
2002-12-24,5.146,4.589,-0.557,backwardation
2002-12-26,4.962,4.53,-0.432,backwardation
2002-12-27,4.988,4.612,-0.376,backwardation
2002-12-30,4.8,4.426,-0.374,backwardation
2002-12-31,4.789,4.429,-0.36,backwardation
2003-01-02,5.251,4.691,-0.56,backwardation
2003-01-03,5.344,4.795,-0.549,backwardation
2003-01-06,4.935,4.633,-0.302,backwardation
2003-01-07,5.127,4.755,-0.372,backwardation
2003-01-08,5.161,4.813,-0.348,backwardation
2003-01-09,5.304,4.904,-0.4,backwardation
2003-01-10,5.143,4.753,-0.39,backwardation
2003-01-13,5.251,4.802,-0.449,backwardation
2003-01-14,5.107,4.756,-0.351,backwardation
2003-01-15,5.43,4.912,-0.518,backwardation
2003-01-16,5.645,5.018,-0.627,backwardation
2003-01-17,5.536,4.958,-0.578,backwardation
2003-01-21,5.433,4.945,-0.488,backwardation
2003-01-22,5.673,5.018,-0.655,backwardation
2003-01-23,5.458,4.929,-0.529,backwardation
2003-01-24,5.524,4.89,-0.634,backwardation
2003-01-27,5.396,4.79,-0.606,backwardation
2003-01-28,5.444,4.81,-0.634,backwardation
2003-01-29,5.66,4.969,-0.691,backwardation
2003-01-30,5.583,4.88,-0.703,backwardation
2003-01-31,5.605,4.899,-0.706,backwardation
2003-02-03,5.766,4.993,-0.773,backwardation
2003-02-04,5.762,5.049,-0.713,backwardation
2003-02-05,5.644,5.061,-0.583,backwardation
2003-02-06,5.828,5.158,-0.67,backwardation
2003-02-07,6.043,5.283,-0.76,backwardation
2003-02-10,5.852,5.197,-0.655,backwardation
2003-02-11,5.977,5.197,-0.78,backwardation
2003-02-12,5.785,5.205,-0.58,backwardation
2003-02-13,5.74,5.26,-0.48,backwardation
2003-02-14,5.851,5.344,-0.507,backwardation
2003-02-18,5.911,5.41,-0.501,backwardation
2003-02-19,6.134,5.504,-0.63,backwardation
2003-02-20,6.162,5.544,-0.618,backwardation
2003-02-21,6.606,5.751,-0.855,backwardation
2003-02-24,9.137,6.367,-2.77,backwardation
2003-02-25,9.577,5.539,-4.038,backwardation
2003-02-26,9.133,5.81,-3.323,backwardation
2003-02-27,7.485,5.585,-1.9,backwardation
2003-02-28,8.101,5.651,-2.45,backwardation
2003-03-03,7.162,5.552,-1.61,backwardation
2003-03-04,7.041,5.591,-1.45,backwardation
2003-03-05,7.021,5.596,-1.425,backwardation
2003-03-06,6.844,5.689,-1.155,backwardation
2003-03-07,6.993,5.93,-1.063,backwardation
2003-03-10,6.515,5.835,-0.68,backwardation
2003-03-11,5.944,5.655,-0.289,backwardation
2003-03-12,5.865,5.635,-0.23,backwardation
2003-03-13,5.361,5.335,-0.026,backwardation
2003-03-14,5.429,5.334,-0.095,backwardation
2003-03-17,5.507,5.32,-0.187,backwardation
2003-03-18,5.339,5.22,-0.119,backwardation
2003-03-19,5.278,5.203,-0.075,backwardation
2003-03-20,5.306,5.216,-0.09,backwardation
2003-03-21,5.128,5.128,0.0,backwardation
2003-03-24,5.253,5.234,-0.019,backwardation
2003-03-25,5.077,5.137,0.06,contango
2003-03-26,5.097,5.144,0.047,contango
2003-03-27,5.146,5.276,0.13,contango
2003-03-28,5.146,5.204,0.058,contango
2003-03-31,5.06,5.135,0.075,contango
2003-04-01,5.125,5.185,0.06,contango
2003-04-02,5.065,5.144,0.079,contango
2003-04-03,4.919,5.026,0.107,contango
2003-04-04,4.943,5.013,0.07,contango
2003-04-07,5.134,5.171,0.037,contango
2003-04-08,5.108,5.174,0.066,contango
2003-04-09,5.195,5.263,0.068,contango
2003-04-10,5.419,5.497,0.078,contango
2003-04-11,5.411,5.512,0.101,contango
2003-04-14,5.552,5.637,0.085,contango
2003-04-15,5.653,5.759,0.106,contango
2003-04-16,5.677,5.776,0.099,contango
2003-04-17,5.709,5.8,0.091,contango
2003-04-21,5.713,5.836,0.123,contango
2003-04-22,5.645,5.819,0.174,contango
2003-04-23,5.569,5.761,0.192,contango
2003-04-24,5.474,5.665,0.191,contango
2003-04-25,5.477,5.634,0.157,contango
2003-04-28,5.123,5.305,0.182,contango
2003-04-29,5.236,5.333,0.097,contango
2003-04-30,5.385,5.49,0.105,contango
2003-05-01,5.267,5.38,0.113,contango
2003-05-02,5.255,5.363,0.108,contango
2003-05-05,5.689,5.729,0.04,contango
2003-05-06,5.568,5.643,0.075,contango
2003-05-07,5.66,5.73,0.07,contango
2003-05-08,5.772,5.846,0.074,contango
2003-05-09,5.806,5.884,0.078,contango
2003-05-12,5.983,6.05,0.067,contango
2003-05-13,6.308,6.385,0.077,contango
2003-05-14,6.314,6.379,0.065,contango
2003-05-15,6.131,6.23,0.099,contango
2003-05-16,6.122,6.222,0.1,contango
2003-05-19,6.015,6.133,0.118,contango
2003-05-20,6.056,6.155,0.099,contango
2003-05-21,6.198,6.29,0.092,contango
2003-05-22,6.035,6.158,0.123,contango
2003-05-23,6.119,6.24,0.121,contango
2003-05-27,5.9,6.05,0.15,contango
2003-05-28,5.945,6.057,0.112,contango
2003-05-29,6.066,6.13,0.064,contango
2003-05-30,6.251,6.296,0.045,contango
2003-06-02,6.412,6.452,0.04,contango
2003-06-03,6.36,6.415,0.055,contango
2003-06-04,6.375,6.428,0.053,contango
2003-06-05,6.521,6.566,0.045,contango
2003-06-06,6.51,6.557,0.047,contango
2003-06-09,6.314,6.427,0.113,contango
2003-06-10,6.33,6.445,0.115,contango
2003-06-11,6.213,6.338,0.125,contango
2003-06-12,5.606,5.806,0.2,contango
2003-06-13,5.675,5.837,0.162,contango
2003-06-16,5.706,5.868,0.162,contango
2003-06-17,5.712,5.862,0.15,contango
2003-06-18,5.581,5.731,0.15,contango
2003-06-19,5.941,6.054,0.113,contango
2003-06-20,5.805,5.956,0.151,contango
2003-06-23,5.863,6.0,0.137,contango
2003-06-24,5.697,5.833,0.136,contango
2003-06-25,5.757,5.885,0.128,contango
2003-06-26,5.291,5.49,0.199,contango
2003-06-27,5.362,5.615,0.253,contango
2003-06-30,5.411,5.651,0.24,contango
2003-07-01,5.317,5.572,0.255,contango
2003-07-02,5.199,5.477,0.278,contango
2003-07-03,5.226,5.5,0.274,contango
2003-07-07,5.381,5.639,0.258,contango
2003-07-08,5.503,5.748,0.245,contango
2003-07-09,5.52,5.767,0.247,contango
2003-07-10,5.258,5.546,0.288,contango
2003-07-11,5.154,5.439,0.285,contango
2003-07-14,5.102,5.384,0.282,contango
2003-07-15,5.02,5.293,0.273,contango
2003-07-16,4.934,5.2,0.266,contango
2003-07-17,5.05,5.296,0.246,contango
2003-07-18,5.022,5.272,0.25,contango
2003-07-21,5.107,5.339,0.232,contango
2003-07-22,4.868,5.108,0.24,contango
2003-07-23,4.876,5.086,0.21,contango
2003-07-24,4.731,4.981,0.25,contango
2003-07-25,4.706,4.964,0.258,contango
2003-07-28,4.7,4.928,0.228,contango
2003-07-29,4.693,4.911,0.218,contango
2003-07-30,4.668,5.173,0.505,contango
2003-07-31,4.718,5.228,0.51,contango
2003-08-01,4.874,5.365,0.491,contango
2003-08-04,4.63,5.155,0.525,contango
2003-08-05,4.677,5.202,0.525,contango
2003-08-06,4.745,5.263,0.518,contango
2003-08-07,5.082,5.56,0.478,contango
2003-08-08,5.037,5.519,0.482,contango
2003-08-11,5.129,5.583,0.454,contango
2003-08-12,5.217,5.661,0.444,contango
2003-08-13,5.179,5.629,0.45,contango
2003-08-14,4.891,5.419,0.528,contango
2003-08-15,4.848,5.399,0.551,contango
2003-08-18,4.883,5.418,0.535,contango
2003-08-19,4.964,5.474,0.51,contango
2003-08-20,5.119,5.603,0.484,contango
2003-08-21,5.275,5.695,0.42,contango
2003-08-22,5.28,5.716,0.436,contango
2003-08-25,5.083,5.576,0.493,contango
2003-08-26,5.038,5.526,0.488,contango
2003-08-27,4.927,5.358,0.431,contango
2003-08-28,4.944,5.544,0.6,contango
2003-08-29,4.731,5.401,0.67,contango
2003-09-02,4.639,5.355,0.716,contango
2003-09-03,4.694,5.406,0.712,contango
2003-09-04,4.81,5.462,0.652,contango
2003-09-05,4.771,5.447,0.676,contango
2003-09-08,4.661,5.354,0.693,contango
2003-09-09,4.73,5.392,0.662,contango
2003-09-10,4.968,5.576,0.608,contango
2003-09-11,4.738,5.432,0.694,contango
2003-09-12,4.766,5.475,0.709,contango
2003-09-15,4.685,5.41,0.725,contango
2003-09-16,4.661,5.367,0.706,contango
2003-09-17,4.642,5.328,0.686,contango
2003-09-18,4.471,5.214,0.743,contango
2003-09-19,4.483,5.217,0.734,contango
2003-09-22,4.494,5.221,0.727,contango
2003-09-23,4.511,5.188,0.677,contango
2003-09-24,4.588,5.212,0.624,contango
2003-09-25,4.542,5.134,0.592,contango
2003-09-26,4.43,5.071,0.641,contango
2003-09-29,4.895,5.246,0.351,contango
2003-09-30,4.83,5.212,0.382,contango
2003-10-01,4.677,5.104,0.427,contango
2003-10-02,4.686,5.126,0.44,contango
2003-10-03,4.767,5.185,0.418,contango
2003-10-06,4.904,5.312,0.408,contango
2003-10-07,5.14,5.51,0.37,contango
2003-10-08,5.148,5.504,0.356,contango
2003-10-09,5.494,5.844,0.35,contango
2003-10-10,5.652,6.097,0.445,contango
2003-10-13,5.547,6.07,0.523,contango
2003-10-14,5.475,5.968,0.493,contango
2003-10-15,5.431,5.868,0.437,contango
2003-10-16,5.411,5.847,0.436,contango
2003-10-17,5.036,5.618,0.582,contango
2003-10-20,4.772,5.34,0.568,contango
2003-10-21,4.875,5.387,0.512,contango
2003-10-22,4.924,5.398,0.474,contango
2003-10-23,4.913,5.344,0.431,contango
2003-10-24,4.786,5.238,0.452,contango
2003-10-27,4.512,5.031,0.519,contango
2003-10-28,4.486,5.063,0.577,contango
2003-10-29,4.459,5.104,0.645,contango
2003-10-30,4.71,4.881,0.171,contango
2003-10-31,4.893,5.014,0.121,contango
2003-11-03,4.705,4.888,0.183,contango
2003-11-04,4.727,4.887,0.16,contango
2003-11-05,4.897,5.007,0.11,contango
2003-11-06,4.658,4.848,0.19,contango
2003-11-07,4.706,4.893,0.187,contango
2003-11-10,4.711,4.888,0.177,contango
2003-11-11,4.869,5.001,0.132,contango
2003-11-12,4.739,4.889,0.15,contango
2003-11-13,4.797,4.929,0.132,contango
2003-11-14,5.112,5.175,0.063,contango
2003-11-17,4.764,4.944,0.18,contango
2003-11-18,4.865,5.003,0.138,contango
2003-11-19,4.738,4.898,0.16,contango
2003-11-20,4.904,4.579,-0.325,backwardation
2003-11-21,4.921,4.601,-0.32,backwardation
2003-11-24,4.93,4.605,-0.325,backwardation
2003-11-25,5.05,4.655,-0.395,backwardation
2003-11-26,4.925,4.602,-0.323,backwardation
2003-12-01,5.283,4.743,-0.54,backwardation
2003-12-02,5.579,4.861,-0.718,backwardation
2003-12-03,5.756,4.863,-0.893,backwardation
2003-12-04,6.337,5.073,-1.264,backwardation
2003-12-05,6.135,4.982,-1.153,backwardation
2003-12-08,6.902,5.196,-1.706,backwardation
2003-12-09,6.722,5.143,-1.579,backwardation
2003-12-10,6.711,5.241,-1.47,backwardation
2003-12-11,6.615,5.175,-1.44,backwardation
2003-12-12,7.221,5.364,-1.857,backwardation
2003-12-15,6.954,5.336,-1.618,backwardation
2003-12-16,6.747,5.266,-1.481,backwardation
2003-12-17,6.993,5.288,-1.705,backwardation
2003-12-18,7.122,5.432,-1.69,backwardation
2003-12-19,6.982,5.353,-1.629,backwardation
2003-12-22,6.324,5.158,-1.166,backwardation
2003-12-23,6.143,5.145,-0.998,backwardation
2003-12-24,6.392,5.067,-1.325,backwardation
2003-12-29,6.15,5.088,-1.062,backwardation
2003-12-30,6.6,5.23,-1.37,backwardation
2003-12-31,6.189,5.112,-1.077,backwardation
2004-01-05,6.827,5.38,-1.447,backwardation
2004-01-06,7.082,5.38,-1.702,backwardation
2004-01-07,6.878,5.383,-1.495,backwardation
2004-01-08,7.094,5.493,-1.601,backwardation
2004-01-12,6.906,5.537,-1.369,backwardation
2004-01-13,6.329,5.377,-0.952,backwardation
2004-01-14,6.387,5.452,-0.935,backwardation
2004-01-15,5.845,5.295,-0.55,backwardation
2004-01-16,5.94,5.323,-0.617,backwardation
2004-01-20,6.291,5.403,-0.888,backwardation
2004-01-21,6.15,5.379,-0.771,backwardation
2004-01-22,5.834,5.265,-0.569,backwardation
2004-01-23,6.059,5.296,-0.763,backwardation
2004-01-26,5.727,5.231,-0.496,backwardation
2004-01-27,5.716,5.191,-0.525,backwardation
2004-01-28,5.775,5.233,-0.542,backwardation
2004-01-29,5.659,5.172,-0.487,backwardation
2004-01-30,5.397,5.038,-0.359,backwardation
2004-02-02,5.574,5.134,-0.44,backwardation
2004-02-03,5.651,5.19,-0.461,backwardation
2004-02-04,5.654,5.21,-0.444,backwardation
2004-02-05,5.4,5.145,-0.255,backwardation
2004-02-06,5.354,5.19,-0.164,backwardation
2004-02-09,5.349,5.251,-0.098,backwardation
2004-02-10,5.404,5.284,-0.12,backwardation
2004-02-11,5.26,5.214,-0.046,backwardation
2004-02-12,5.451,5.347,-0.104,backwardation
2004-02-13,5.536,5.375,-0.161,backwardation
2004-02-17,5.319,5.23,-0.089,backwardation
2004-02-18,5.356,5.274,-0.082,backwardation
2004-02-19,5.235,5.215,-0.02,backwardation
2004-02-20,5.193,5.182,-0.011,backwardation
2004-02-23,5.127,5.136,0.009,contango
2004-02-24,5.077,5.141,0.064,contango
2004-02-25,5.15,5.271,0.121,contango
2004-02-26,5.391,5.458,0.067,contango
2004-02-27,5.416,5.511,0.095,contango
2004-03-01,5.55,5.665,0.115,contango
2004-03-02,5.565,5.687,0.122,contango
2004-03-03,5.375,5.53,0.155,contango
2004-03-04,5.457,5.614,0.157,contango
2004-03-05,5.443,5.598,0.155,contango
2004-03-09,5.438,5.593,0.155,contango
2004-03-10,5.397,5.555,0.158,contango
2004-03-11,5.643,5.808,0.165,contango
2004-03-12,5.596,5.752,0.156,contango
2004-03-15,5.718,5.85,0.132,contango
2004-03-16,5.688,5.835,0.147,contango
2004-03-17,5.722,5.861,0.139,contango
2004-03-18,5.631,5.791,0.16,contango
2004-03-19,5.582,5.742,0.16,contango
2004-03-22,5.546,5.713,0.167,contango
2004-03-23,5.53,5.727,0.197,contango
2004-03-24,5.429,5.615,0.186,contango
2004-03-25,5.336,5.536,0.2,contango
2004-03-26,5.395,5.623,0.228,contango
2004-03-29,5.365,5.61,0.245,contango
2004-03-30,5.746,5.878,0.132,contango
2004-03-31,5.933,6.038,0.105,contango
2004-04-01,5.765,5.898,0.133,contango
2004-04-02,5.812,5.945,0.133,contango
2004-04-05,5.804,5.959,0.155,contango
2004-04-06,5.809,5.963,0.154,contango
2004-04-07,5.872,6.022,0.15,contango
2004-04-08,5.941,6.096,0.155,contango
2004-04-12,6.009,6.171,0.162,contango
2004-04-13,5.788,5.979,0.191,contango
2004-04-14,5.744,5.935,0.191,contango
2004-04-15,5.734,5.918,0.184,contango
2004-04-16,5.61,5.811,0.201,contango
2004-04-19,5.509,5.715,0.206,contango
2004-04-20,5.553,5.754,0.201,contango
2004-04-21,5.582,5.772,0.19,contango
2004-04-22,5.623,5.813,0.19,contango
2004-04-23,5.571,5.773,0.202,contango
2004-04-26,5.764,5.97,0.206,contango
2004-04-27,5.874,6.074,0.2,contango
2004-04-28,5.935,6.072,0.137,contango
2004-04-29,5.924,6.02,0.096,contango
2004-04-30,5.862,5.979,0.117,contango
2004-05-03,6.231,6.332,0.101,contango
2004-05-04,6.269,6.366,0.097,contango
2004-05-05,6.31,6.398,0.088,contango
2004-05-06,6.219,6.327,0.108,contango
2004-05-07,6.294,6.388,0.094,contango
2004-05-10,6.184,6.281,0.097,contango
2004-05-11,6.386,6.449,0.063,contango
2004-05-12,6.405,6.472,0.067,contango
2004-05-13,6.48,6.54,0.06,contango
2004-05-14,6.401,6.472,0.071,contango
2004-05-17,6.424,6.508,0.084,contango
2004-05-18,6.154,6.26,0.106,contango
2004-05-19,6.455,6.553,0.098,contango
2004-05-20,6.324,6.414,0.09,contango
2004-05-21,6.353,6.423,0.07,contango
2004-05-24,6.705,6.762,0.057,contango
2004-05-25,6.684,6.731,0.047,contango
2004-05-26,6.68,6.724,0.044,contango
2004-05-27,6.573,6.598,0.025,contango
2004-05-28,6.442,6.482,0.04,contango
2004-06-01,6.681,6.724,0.043,contango
2004-06-02,6.519,6.581,0.062,contango
2004-06-03,6.363,6.435,0.072,contango
2004-06-04,6.261,6.341,0.08,contango
2004-06-07,6.207,6.292,0.085,contango
2004-06-08,6.115,6.21,0.095,contango
2004-06-09,6.082,6.181,0.099,contango
2004-06-10,6.176,6.291,0.115,contango
2004-06-14,6.244,6.362,0.118,contango
2004-06-15,6.304,6.412,0.108,contango
2004-06-16,6.489,6.568,0.079,contango
2004-06-17,6.582,6.653,0.071,contango
2004-06-18,6.52,6.607,0.087,contango
2004-06-21,6.339,6.438,0.099,contango
2004-06-22,6.412,6.515,0.103,contango
2004-06-23,6.415,6.513,0.098,contango
2004-06-24,6.538,6.788,0.25,contango
2004-06-25,6.353,6.444,0.091,contango
2004-06-28,6.141,6.26,0.119,contango
2004-06-29,6.118,6.425,0.307,contango
2004-06-30,6.155,6.453,0.298,contango
2004-07-01,6.217,6.516,0.299,contango
2004-07-02,6.148,6.458,0.31,contango
2004-07-06,6.424,6.721,0.297,contango
2004-07-07,6.37,6.678,0.308,contango
2004-07-08,6.185,6.529,0.344,contango
2004-07-09,6.141,6.516,0.375,contango
2004-07-12,5.857,6.277,0.42,contango
2004-07-13,5.905,6.277,0.372,contango
2004-07-14,5.977,6.375,0.398,contango
2004-07-15,5.846,6.275,0.429,contango
2004-07-16,5.887,6.31,0.423,contango
2004-07-19,5.818,6.258,0.44,contango
2004-07-20,5.937,6.124,0.187,contango
2004-07-21,5.931,6.351,0.42,contango
2004-07-22,6.152,6.529,0.377,contango
2004-07-23,6.134,6.534,0.4,contango
2004-07-26,5.96,6.37,0.41,contango
2004-07-27,6.022,6.673,0.651,contango
2004-07-28,6.142,6.774,0.632,contango
2004-07-29,6.18,6.826,0.646,contango
2004-07-30,6.112,6.841,0.729,contango
2004-08-02,5.813,6.697,0.884,contango
2004-08-03,5.816,6.748,0.932,contango
2004-08-04,5.661,6.678,1.017,contango
2004-08-05,5.712,6.734,1.022,contango
2004-08-06,5.588,6.665,1.077,contango
2004-08-09,5.693,6.715,1.022,contango
2004-08-10,5.791,6.733,0.942,contango
2004-08-11,5.614,6.658,1.044,contango
2004-08-12,5.442,6.592,1.15,contango
2004-08-13,5.533,6.628,1.095,contango
2004-08-16,5.378,6.551,1.173,contango
2004-08-17,5.373,6.547,1.174,contango
2004-08-18,5.382,6.561,1.179,contango
2004-08-19,5.507,6.724,1.217,contango
2004-08-20,5.552,6.858,1.306,contango
2004-08-23,5.31,6.736,1.426,contango
2004-08-24,5.338,6.694,1.356,contango
2004-08-25,5.298,6.573,1.275,contango
2004-08-26,5.189,6.524,1.335,contango
2004-08-27,5.082,6.498,1.416,contango
2004-08-30,5.234,6.759,1.525,contango
2004-08-31,5.074,6.637,1.563,contango
2004-09-01,4.965,6.581,1.616,contango
2004-09-02,4.767,6.515,1.748,contango
2004-09-03,4.675,6.515,1.84,contango
2004-09-07,4.79,6.627,1.837,contango
2004-09-08,4.631,6.571,1.94,contango
2004-09-09,4.658,6.772,2.114,contango
2004-09-10,4.57,6.764,2.194,contango
2004-09-13,4.85,6.857,2.007,contango
2004-09-14,4.928,6.72,1.792,contango
2004-09-15,4.824,6.533,1.709,contango
2004-09-16,4.719,6.553,1.834,contango
2004-09-17,5.108,6.701,1.593,contango
2004-09-20,5.249,6.632,1.383,contango
2004-09-21,5.608,6.992,1.384,contango
2004-09-22,5.629,7.032,1.403,contango
2004-09-23,5.564,7.119,1.555,contango
2004-09-24,5.392,7.117,1.725,contango
2004-09-27,5.262,7.101,1.839,contango
2004-09-28,5.723,7.401,1.678,contango
2004-09-29,6.911,7.841,0.93,contango
2004-09-30,6.795,7.99,1.195,contango
2004-10-01,6.772,7.892,1.12,contango
2004-10-04,6.725,7.94,1.215,contango
2004-10-05,7.164,8.369,1.205,contango
2004-10-06,7.045,8.364,1.319,contango
2004-10-07,7.255,8.627,1.372,contango
2004-10-08,7.163,8.635,1.472,contango
2004-10-11,6.993,8.609,1.616,contango
2004-10-12,6.636,8.439,1.803,contango
2004-10-13,6.851,8.469,1.618,contango
2004-10-14,6.803,8.469,1.666,contango
2004-10-15,6.709,8.46,1.751,contango
2004-10-18,6.806,8.597,1.791,contango
2004-10-19,7.123,8.763,1.64,contango
2004-10-20,7.623,8.983,1.36,contango
2004-10-21,7.697,9.201,1.504,contango
2004-10-22,8.105,9.464,1.359,contango
2004-10-25,7.89,9.317,1.427,contango
2004-10-26,8.402,9.865,1.463,contango
2004-10-27,7.626,9.47,1.844,contango
2004-10-28,8.684,8.872,0.188,contango
2004-10-29,8.725,8.918,0.193,contango
2004-11-01,8.72,8.949,0.229,contango
2004-11-02,8.567,8.819,0.252,contango
2004-11-03,8.752,8.969,0.217,contango
2004-11-04,8.199,8.609,0.41,contango
2004-11-05,7.954,8.239,0.285,contango
2004-11-08,7.6,7.9,0.3,contango
2004-11-09,7.471,7.76,0.289,contango
2004-11-10,7.678,8.051,0.373,contango
2004-11-11,7.236,7.754,0.518,contango
2004-11-12,7.176,7.676,0.5,contango
2004-11-15,7.436,7.827,0.391,contango
2004-11-16,7.124,7.572,0.448,contango
2004-11-17,7.283,7.704,0.421,contango
2004-11-18,6.873,7.492,0.619,contango
2004-11-19,7.115,7.676,0.561,contango
2004-11-22,6.762,7.475,0.713,contango
2004-11-23,6.793,7.536,0.743,contango
2004-11-24,7.976,8.359,0.383,contango
2004-11-29,7.837,6.887,-0.95,backwardation
2004-11-30,7.62,6.815,-0.805,backwardation
2004-12-01,7.413,6.678,-0.735,backwardation
2004-12-02,6.811,6.343,-0.468,backwardation
2004-12-03,6.796,6.281,-0.515,backwardation
2004-12-06,6.923,6.36,-0.563,backwardation
2004-12-07,6.621,6.281,-0.34,backwardation
2004-12-08,6.683,6.328,-0.355,backwardation
2004-12-09,6.886,6.461,-0.425,backwardation
2004-12-10,6.843,6.461,-0.382,backwardation
2004-12-13,7.166,6.605,-0.561,backwardation
2004-12-14,7.333,6.665,-0.668,backwardation
2004-12-15,7.236,6.667,-0.569,backwardation
2004-12-16,7.0,6.57,-0.43,backwardation
2004-12-17,7.457,6.8,-0.657,backwardation
2004-12-20,6.952,6.541,-0.411,backwardation
2004-12-21,6.856,6.475,-0.381,backwardation
2004-12-22,6.82,6.414,-0.406,backwardation
2004-12-23,6.668,6.353,-0.315,backwardation
2004-12-27,6.16,6.085,-0.075,backwardation
2004-12-28,6.213,6.149,-0.064,backwardation
2004-12-29,6.402,6.225,-0.177,backwardation
2004-12-30,6.149,6.09,-0.059,backwardation
2005-01-03,5.79,5.819,0.029,contango
2005-01-04,5.902,5.893,-0.009,backwardation
2005-01-05,5.833,5.867,0.034,contango
2005-01-06,6.049,6.075,0.026,contango
2005-01-07,6.001,6.033,0.032,contango
2005-01-10,6.159,6.164,0.005,contango
2005-01-11,6.095,6.105,0.01,contango
2005-01-12,5.943,5.982,0.039,contango
2005-01-13,6.445,6.372,-0.073,backwardation
2005-01-14,6.395,6.284,-0.111,backwardation
2005-01-18,6.137,6.098,-0.039,backwardation
2005-01-19,6.293,6.224,-0.069,backwardation
2005-01-20,6.308,6.24,-0.068,backwardation
2005-01-21,6.24,6.188,-0.052,backwardation
2005-01-24,6.476,6.386,-0.09,backwardation
2005-01-25,6.403,6.362,-0.041,backwardation
2005-01-26,6.388,6.386,-0.002,backwardation
2005-01-27,6.288,6.345,0.057,contango
2005-01-28,6.259,6.332,0.073,contango
2005-01-31,6.321,6.424,0.103,contango
2005-02-01,6.316,6.424,0.108,contango
2005-02-02,6.376,6.474,0.098,contango
2005-02-03,6.149,6.284,0.135,contango
2005-02-04,6.096,6.238,0.142,contango
2005-02-07,5.969,6.149,0.18,contango
2005-02-08,6.164,6.334,0.17,contango
2005-02-09,6.165,6.331,0.166,contango
2005-02-10,6.16,6.346,0.186,contango
2005-02-11,6.093,6.305,0.212,contango
2005-02-14,6.093,6.305,0.212,contango
2005-02-15,6.175,6.381,0.206,contango
2005-02-16,6.109,6.326,0.217,contango
2005-02-17,5.923,6.166,0.243,contango
2005-02-18,5.908,6.154,0.246,contango
2005-02-22,6.103,6.379,0.276,contango
2005-02-23,6.311,6.568,0.257,contango
2005-02-24,6.304,6.612,0.308,contango
2005-02-25,6.715,6.92,0.205,contango
2005-02-28,6.73,6.93,0.2,contango
2005-03-01,6.68,6.905,0.225,contango
2005-03-02,6.717,6.959,0.242,contango
2005-03-03,6.657,6.934,0.277,contango
2005-03-04,6.744,7.013,0.269,contango
2005-03-07,6.714,7.012,0.298,contango
2005-03-08,6.847,7.138,0.291,contango
2005-03-09,6.88,7.153,0.273,contango
2005-03-10,6.768,7.015,0.247,contango
2005-03-11,6.772,7.02,0.248,contango
2005-03-14,7.138,7.342,0.204,contango
2005-03-15,7.179,7.403,0.224,contango
2005-03-16,7.192,7.473,0.281,contango
2005-03-17,7.238,7.529,0.291,contango
2005-03-18,7.273,7.548,0.275,contango
2005-03-21,7.318,7.62,0.302,contango
2005-03-22,7.248,7.55,0.302,contango
2005-03-23,7.138,7.44,0.302,contango
2005-03-24,7.062,7.379,0.317,contango
2005-03-28,6.999,7.322,0.323,contango
2005-03-29,7.323,7.598,0.275,contango
2005-03-30,7.46,7.71,0.25,contango
2005-03-31,7.653,7.893,0.24,contango
2005-04-01,7.749,7.995,0.246,contango
2005-04-04,7.594,7.864,0.27,contango
2005-04-05,7.572,7.835,0.263,contango
2005-04-06,7.558,7.826,0.268,contango
2005-04-07,7.366,7.657,0.291,contango
2005-04-08,7.242,7.529,0.287,contango
2005-04-11,7.309,7.589,0.28,contango
2005-04-12,7.094,7.369,0.275,contango
2005-04-13,6.978,7.247,0.269,contango
2005-04-14,7.069,7.33,0.261,contango
2005-04-15,6.997,7.279,0.282,contango
2005-04-18,6.95,7.211,0.261,contango
2005-04-19,7.045,7.302,0.257,contango
2005-04-20,7.057,7.314,0.257,contango
2005-04-21,7.032,7.277,0.245,contango
2005-04-22,7.195,7.417,0.222,contango
2005-04-25,7.153,7.366,0.213,contango
2005-04-26,7.12,7.316,0.196,contango
2005-04-27,6.748,6.948,0.2,contango
2005-04-28,6.748,6.947,0.199,contango
2005-04-29,6.585,6.808,0.223,contango
2005-05-02,6.697,6.911,0.214,contango
2005-05-03,6.515,6.745,0.23,contango
2005-05-04,6.63,6.854,0.224,contango
2005-05-05,6.691,6.912,0.221,contango
2005-05-06,6.621,6.839,0.218,contango
2005-05-09,6.674,6.892,0.218,contango
2005-05-10,6.694,6.913,0.219,contango
2005-05-11,6.683,6.885,0.202,contango
2005-05-12,6.511,6.702,0.191,contango
2005-05-13,6.536,6.723,0.187,contango
2005-05-16,6.446,6.623,0.177,contango
2005-05-17,6.476,6.65,0.174,contango
2005-05-18,6.392,6.555,0.163,contango
2005-05-19,6.357,6.513,0.156,contango
2005-05-20,6.343,6.518,0.175,contango
2005-05-23,6.407,6.569,0.162,contango
2005-05-24,6.349,6.491,0.142,contango
2005-05-25,6.315,6.472,0.157,contango
2005-05-26,6.123,6.329,0.206,contango
2005-05-27,6.37,6.547,0.177,contango
2005-05-31,6.379,6.558,0.179,contango
2005-06-01,6.789,6.958,0.169,contango
2005-06-02,6.819,6.985,0.166,contango
2005-06-03,6.88,7.051,0.171,contango
2005-06-06,7.122,7.275,0.153,contango
2005-06-07,7.127,7.237,0.11,contango
2005-06-08,7.0,7.136,0.136,contango
2005-06-09,7.045,7.188,0.143,contango
2005-06-10,6.932,7.093,0.161,contango
2005-06-13,7.26,7.374,0.114,contango
2005-06-14,7.228,7.365,0.137,contango
2005-06-15,7.441,7.582,0.141,contango
2005-06-16,7.613,7.767,0.154,contango
2005-06-17,7.69,7.851,0.161,contango
2005-06-20,7.67,7.833,0.163,contango
2005-06-21,7.474,7.634,0.16,contango
2005-06-22,7.442,7.604,0.162,contango
2005-06-23,7.473,7.613,0.14,contango
2005-06-24,7.36,7.505,0.145,contango
2005-06-27,7.138,7.301,0.163,contango
2005-06-28,6.976,7.175,0.199,contango
2005-06-29,7.087,7.777,0.69,contango
2005-06-30,6.981,7.723,0.742,contango
2005-07-01,7.171,7.893,0.722,contango
2005-07-05,7.475,8.157,0.682,contango
2005-07-06,7.688,8.332,0.644,contango
2005-07-07,7.398,8.093,0.695,contango
2005-07-08,7.472,8.133,0.661,contango
2005-07-11,7.495,8.13,0.635,contango
2005-07-12,7.885,8.438,0.553,contango
2005-07-13,7.9,8.479,0.579,contango
2005-07-14,7.844,8.429,0.585,contango
2005-07-15,7.849,8.433,0.584,contango
2005-07-18,7.652,8.288,0.636,contango
2005-07-19,7.586,8.246,0.66,contango
2005-07-20,7.55,8.217,0.667,contango
2005-07-21,7.3,8.016,0.716,contango
2005-07-22,7.384,8.09,0.706,contango
2005-07-25,7.284,8.008,0.724,contango
2005-07-26,7.425,8.101,0.676,contango
2005-07-27,7.647,8.194,0.547,contango
2005-07-28,7.694,8.783,1.089,contango
2005-07-29,7.885,8.958,1.073,contango
2005-08-01,8.154,9.199,1.045,contango
2005-08-02,8.378,9.315,0.937,contango
2005-08-03,8.351,9.277,0.926,contango
2005-08-04,8.471,9.375,0.904,contango
2005-08-05,8.7,9.612,0.912,contango
2005-08-08,8.684,9.612,0.928,contango
2005-08-09,8.649,9.599,0.95,contango
2005-08-10,9.071,9.956,0.885,contango
2005-08-11,9.301,10.136,0.835,contango
2005-08-12,9.588,10.319,0.731,contango
2005-08-15,9.54,10.302,0.762,contango
2005-08-16,9.752,10.479,0.727,contango
2005-08-17,9.391,10.125,0.734,contango
2005-08-18,8.928,9.711,0.783,contango
2005-08-19,9.111,10.006,0.895,contango
2005-08-22,9.564,10.414,0.85,contango
2005-08-23,9.683,10.456,0.773,contango
2005-08-24,9.984,10.739,0.755,contango
2005-08-25,9.77,10.642,0.872,contango
2005-08-26,9.792,10.641,0.849,contango
2005-08-29,10.847,11.699,0.852,contango
2005-08-30,11.659,12.369,0.71,contango
2005-08-31,11.472,12.147,0.675,contango
2005-09-01,11.757,12.467,0.71,contango
2005-09-02,11.691,12.471,0.78,contango
2005-09-06,11.657,12.502,0.845,contango
2005-09-07,11.201,12.286,1.085,contango
2005-09-08,11.347,12.542,1.195,contango
2005-09-09,11.263,12.618,1.355,contango
2005-09-12,11.031,12.433,1.402,contango
2005-09-13,10.763,12.156,1.393,contango
2005-09-14,11.166,12.472,1.306,contango
2005-09-15,11.336,12.692,1.356,contango
2005-09-16,11.144,12.758,1.614,contango
2005-09-19,12.663,14.015,1.352,contango
2005-09-20,12.492,13.812,1.32,contango
2005-09-21,12.594,13.768,1.174,contango
2005-09-22,12.79,13.805,1.015,contango
2005-09-23,12.324,13.472,1.148,contango
2005-09-26,12.44,13.932,1.492,contango
2005-09-27,12.656,14.04,1.384,contango
2005-09-28,13.907,14.875,0.968,contango
2005-09-29,14.196,14.761,0.565,contango
2005-09-30,13.921,14.511,0.59,contango
2005-10-03,14.017,14.617,0.6,contango
2005-10-04,14.224,14.834,0.61,contango
2005-10-05,14.183,14.906,0.723,contango
2005-10-06,13.375,14.12,0.745,contango
2005-10-07,13.226,14.011,0.785,contango
2005-10-10,12.975,13.777,0.802,contango
2005-10-11,13.519,14.244,0.725,contango
2005-10-12,13.524,14.27,0.746,contango
2005-10-13,13.103,13.989,0.886,contango
2005-10-14,13.219,14.059,0.84,contango
2005-10-17,13.887,14.585,0.698,contango
2005-10-18,13.421,14.16,0.739,contango
2005-10-19,13.549,14.113,0.564,contango
2005-10-20,12.977,13.584,0.607,contango
2005-10-21,12.872,13.484,0.612,contango
2005-10-24,13.004,13.46,0.456,contango
2005-10-25,14.338,14.614,0.276,contango
2005-10-26,14.04,14.22,0.18,contango
2005-10-27,13.832,13.884,0.052,contango
2005-10-28,13.055,12.947,-0.108,backwardation
2005-10-31,12.205,12.336,0.131,contango
2005-11-01,11.86,12.052,0.192,contango
2005-11-02,11.604,11.826,0.222,contango
2005-11-03,11.689,11.826,0.137,contango
2005-11-04,11.415,11.749,0.334,contango
2005-11-07,11.873,12.268,0.395,contango
2005-11-08,11.793,12.341,0.548,contango
2005-11-09,11.669,12.15,0.481,contango
2005-11-10,11.38,11.799,0.419,contango
2005-11-11,11.712,12.031,0.319,contango
2005-11-14,11.607,12.127,0.52,contango
2005-11-15,11.563,12.219,0.656,contango
2005-11-16,12.329,12.903,0.574,contango
2005-11-17,11.942,12.55,0.608,contango
2005-11-18,11.414,12.011,0.597,contango
2005-11-21,11.331,11.83,0.499,contango
2005-11-22,11.614,11.999,0.385,contango
2005-11-23,11.62,11.95,0.33,contango
2005-11-28,11.18,11.554,0.374,contango
2005-11-29,11.736,10.017,-1.719,backwardation
2005-11-30,12.587,10.431,-2.156,backwardation
2005-12-01,13.027,10.677,-2.35,backwardation
2005-12-02,13.931,11.005,-2.926,backwardation
2005-12-05,13.66,10.983,-2.677,backwardation
2005-12-06,13.489,10.971,-2.518,backwardation
2005-12-07,13.7,11.036,-2.664,backwardation
2005-12-08,14.994,11.508,-3.486,backwardation
2005-12-09,14.312,11.061,-3.251,backwardation
2005-12-12,14.841,11.254,-3.587,backwardation
2005-12-13,15.378,11.487,-3.891,backwardation
2005-12-14,14.679,11.322,-3.357,backwardation
2005-12-15,13.781,10.985,-2.796,backwardation
2005-12-16,13.633,10.867,-2.766,backwardation
2005-12-19,14.043,11.064,-2.979,backwardation
2005-12-20,14.08,11.143,-2.937,backwardation
2005-12-21,14.271,11.278,-2.993,backwardation
2005-12-22,12.923,10.866,-2.057,backwardation
2005-12-23,12.283,10.567,-1.716,backwardation
2005-12-27,11.022,10.06,-0.962,backwardation
2005-12-28,11.431,10.397,-1.034,backwardation
2005-12-29,11.223,10.211,-1.012,backwardation
2005-12-30,11.225,10.289,-0.936,backwardation
2006-01-03,10.626,10.12,-0.506,backwardation
2006-01-04,10.197,9.777,-0.42,backwardation
2006-01-05,9.499,9.283,-0.216,backwardation
2006-01-06,9.632,9.392,-0.24,backwardation
2006-01-09,9.36,9.305,-0.055,backwardation
2006-01-10,9.336,9.371,0.035,contango
2006-01-11,9.24,9.37,0.13,contango
2006-01-12,8.943,9.138,0.195,contango
2006-01-13,8.791,8.962,0.171,contango
2006-01-17,9.168,9.352,0.184,contango
2006-01-18,8.694,9.003,0.309,contango
2006-01-19,8.905,9.172,0.267,contango
2006-01-20,9.28,9.516,0.236,contango
2006-01-23,8.574,8.947,0.373,contango
2006-01-24,8.682,9.004,0.322,contango
2006-01-25,8.46,8.812,0.352,contango
2006-01-26,8.229,8.651,0.422,contango
2006-01-27,8.4,8.752,0.352,contango
2006-01-30,9.389,9.619,0.23,contango
2006-01-31,9.316,9.581,0.265,contango
2006-02-01,8.723,9.058,0.335,contango
2006-02-02,8.347,8.702,0.355,contango
2006-02-03,8.613,8.911,0.298,contango
2006-02-06,7.995,8.44,0.445,contango
2006-02-07,7.858,8.338,0.48,contango
2006-02-08,7.735,8.235,0.5,contango
2006-02-09,7.479,7.997,0.518,contango
2006-02-10,7.316,7.811,0.495,contango
2006-02-13,7.243,7.712,0.469,contango
2006-02-14,7.114,7.579,0.465,contango
2006-02-15,7.066,7.524,0.458,contango
2006-02-16,7.134,7.585,0.451,contango
2006-02-17,7.182,7.655,0.473,contango
2006-02-21,7.731,8.189,0.458,contango
2006-02-22,7.283,7.745,0.462,contango
2006-02-23,7.458,7.843,0.385,contango
2006-02-24,7.112,7.625,0.513,contango
2006-02-27,6.789,7.278,0.489,contango
2006-02-28,6.714,7.235,0.521,contango
2006-03-01,6.733,7.29,0.557,contango
2006-03-02,6.76,7.335,0.575,contango
2006-03-03,6.79,7.375,0.585,contango
2006-03-06,6.547,7.172,0.625,contango
2006-03-07,6.678,7.278,0.6,contango
2006-03-08,6.648,7.243,0.595,contango
2006-03-09,6.601,7.176,0.575,contango
2006-03-10,6.646,7.215,0.569,contango
2006-03-13,7.007,7.524,0.517,contango
2006-03-14,7.167,7.627,0.46,contango
2006-03-15,7.143,7.589,0.446,contango
2006-03-16,7.267,7.689,0.422,contango
2006-03-17,7.053,7.5,0.447,contango
2006-03-20,6.835,7.304,0.469,contango
2006-03-21,6.868,7.341,0.473,contango
2006-03-22,6.953,7.443,0.49,contango
2006-03-23,7.328,7.793,0.465,contango
2006-03-24,7.29,7.791,0.501,contango
2006-03-27,7.067,7.592,0.525,contango
2006-03-28,7.214,7.732,0.518,contango
2006-03-29,7.233,7.816,0.583,contango
2006-03-30,7.487,7.994,0.507,contango
2006-03-31,7.21,7.77,0.56,contango
2006-04-03,7.244,7.834,0.59,contango
2006-04-04,7.065,7.65,0.585,contango
2006-04-05,7.069,7.656,0.587,contango
2006-04-06,6.972,7.562,0.59,contango
2006-04-07,6.743,7.34,0.597,contango
2006-04-10,6.882,7.472,0.59,contango
2006-04-11,6.908,7.496,0.588,contango
2006-04-12,6.808,7.438,0.63,contango
2006-04-13,7.135,7.773,0.638,contango
2006-04-17,7.577,8.207,0.63,contango
2006-04-18,8.008,8.65,0.642,contango
2006-04-19,8.192,8.85,0.658,contango
2006-04-20,8.064,8.739,0.675,contango
2006-04-21,7.981,8.671,0.69,contango
2006-04-24,7.558,8.671,1.113,contango
2006-04-25,7.254,7.94,0.686,contango
2006-04-26,7.198,7.771,0.573,contango
2006-04-27,6.805,7.525,0.72,contango
2006-04-28,6.555,7.298,0.743,contango
2006-05-01,6.695,7.515,0.82,contango
2006-05-02,6.746,7.566,0.82,contango
2006-05-03,6.606,7.406,0.8,contango
2006-05-04,6.906,7.666,0.76,contango
2006-05-05,6.775,7.567,0.792,contango
2006-05-08,6.696,7.529,0.833,contango
2006-05-09,6.581,7.481,0.9,contango
2006-05-10,6.9,7.834,0.934,contango
2006-05-11,6.649,7.607,0.958,contango
2006-05-12,6.28,7.235,0.955,contango
2006-05-15,6.123,7.135,1.012,contango
2006-05-16,6.252,7.266,1.014,contango
2006-05-17,6.129,7.134,1.005,contango
2006-05-18,5.997,6.975,0.978,contango
2006-05-19,5.962,6.857,0.895,contango
2006-05-22,6.276,7.101,0.825,contango
2006-05-23,6.258,7.047,0.789,contango
2006-05-24,5.964,7.047,1.083,contango
2006-05-25,5.975,6.625,0.65,contango
2006-05-26,5.925,6.699,0.774,contango
2006-05-30,6.123,6.988,0.865,contango
2006-05-31,6.384,7.186,0.802,contango
2006-06-01,6.448,7.318,0.87,contango
2006-06-02,6.623,7.528,0.905,contango
2006-06-05,6.463,7.433,0.97,contango
2006-06-06,6.385,7.378,0.993,contango
2006-06-07,5.974,7.059,1.085,contango
2006-06-08,6.191,7.059,0.868,contango
2006-06-09,6.172,7.236,1.064,contango
2006-06-12,6.224,7.216,0.992,contango
2006-06-13,6.163,7.13,0.967,contango
2006-06-14,6.59,7.467,0.877,contango
2006-06-15,7.207,8.075,0.868,contango
2006-06-16,7.185,8.13,0.945,contango
2006-06-19,6.893,7.838,0.945,contango
2006-06-20,6.502,7.367,0.865,contango
2006-06-21,6.588,7.383,0.795,contango
2006-06-22,6.439,7.149,0.71,contango
2006-06-23,6.226,7.041,0.815,contango
2006-06-26,5.969,6.814,0.845,contango
2006-06-27,6.107,6.962,0.855,contango
2006-06-28,5.887,6.83,0.943,contango
2006-06-29,6.135,8.165,2.03,contango
2006-06-30,6.104,8.139,2.035,contango
2006-07-05,5.765,7.838,2.073,contango
2006-07-06,5.664,7.737,2.073,contango
2006-07-07,5.523,7.598,2.075,contango
2006-07-10,5.608,7.672,2.064,contango
2006-07-11,5.633,7.668,2.035,contango
2006-07-12,5.782,7.737,1.955,contango
2006-07-13,6.129,8.079,1.95,contango
2006-07-14,6.347,8.202,1.855,contango
2006-07-17,5.783,7.705,1.922,contango
2006-07-18,5.555,7.459,1.904,contango
2006-07-19,5.862,7.739,1.877,contango
2006-07-20,6.091,7.923,1.832,contango
2006-07-21,6.139,7.998,1.859,contango
2006-07-24,6.605,8.468,1.863,contango
2006-07-25,6.409,8.283,1.874,contango
2006-07-26,6.887,8.679,1.792,contango
2006-07-27,7.042,8.858,1.816,contango
2006-07-28,7.184,10.159,2.975,contango
2006-07-31,8.211,11.111,2.9,contango
2006-08-01,7.574,10.789,3.215,contango
2006-08-02,7.799,10.856,3.057,contango
2006-08-03,7.292,10.552,3.26,contango
2006-08-04,7.246,10.401,3.155,contango
2006-08-07,6.907,10.208,3.301,contango
2006-08-08,7.158,10.289,3.131,contango
2006-08-09,7.651,10.827,3.176,contango
2006-08-10,7.529,10.657,3.128,contango
2006-08-11,7.269,10.48,3.211,contango
2006-08-14,6.913,10.318,3.405,contango
2006-08-15,6.861,10.444,3.583,contango
2006-08-16,6.766,10.409,3.643,contango
2006-08-17,6.689,10.38,3.691,contango
2006-08-18,6.731,10.421,3.69,contango
2006-08-21,6.624,10.251,3.627,contango
2006-08-22,7.008,10.605,3.597,contango
2006-08-23,6.875,10.516,3.641,contango
2006-08-24,7.079,10.555,3.476,contango
2006-08-25,7.157,10.634,3.477,contango
2006-08-28,6.472,10.467,3.995,contango
2006-08-29,6.816,10.47,3.654,contango
2006-08-30,6.29,10.59,4.3,contango
2006-08-31,6.048,10.628,4.58,contango
2006-09-01,5.877,10.562,4.685,contango
2006-09-05,6.039,10.684,4.645,contango
2006-09-06,5.994,10.574,4.58,contango
2006-09-07,5.718,10.213,4.495,contango
2006-09-08,5.675,10.185,4.51,contango
2006-09-11,5.67,9.825,4.155,contango
2006-09-12,5.574,9.639,4.065,contango
2006-09-13,5.449,9.404,3.955,contango
2006-09-14,4.892,8.772,3.88,contango
2006-09-15,4.982,8.504,3.522,contango
2006-09-18,4.942,8.336,3.394,contango
2006-09-19,5.006,8.443,3.437,contango
2006-09-20,4.931,8.207,3.276,contango
2006-09-21,4.781,7.881,3.1,contango
2006-09-22,4.627,7.891,3.264,contango
2006-09-25,4.475,7.713,3.238,contango
2006-09-26,4.526,7.81,3.284,contango
2006-09-27,4.201,7.644,3.443,contango
2006-09-28,5.392,7.586,2.194,contango
2006-09-29,5.62,7.878,2.258,contango
2006-10-02,5.643,7.973,2.33,contango
2006-10-03,5.759,7.974,2.215,contango
2006-10-04,5.995,8.153,2.158,contango
2006-10-05,6.298,8.428,2.13,contango
2006-10-06,6.427,8.382,1.955,contango
2006-10-09,6.429,8.55,2.121,contango
2006-10-10,6.466,8.606,2.14,contango
2006-10-11,6.15,8.302,2.152,contango
2006-10-12,5.782,7.972,2.19,contango
2006-10-13,5.659,7.98,2.321,contango
2006-10-16,6.444,8.444,2.0,contango
2006-10-17,6.442,8.297,1.855,contango
2006-10-18,6.807,8.305,1.498,contango
2006-10-19,7.132,8.427,1.295,contango
2006-10-20,7.241,8.481,1.24,contango
2006-10-23,6.881,8.261,1.38,contango
2006-10-24,7.091,8.361,1.27,contango
2006-10-25,7.693,8.731,1.038,contango
2006-10-26,7.497,8.532,1.035,contango
2006-10-27,7.153,8.327,1.174,contango
2006-10-30,7.416,7.785,0.369,contango
2006-10-31,7.534,7.938,0.404,contango
2006-11-01,7.712,8.132,0.42,contango
2006-11-02,7.814,8.234,0.42,contango
2006-11-03,7.884,8.329,0.445,contango
2006-11-06,7.49,7.95,0.46,contango
2006-11-07,7.755,8.13,0.375,contango
2006-11-08,7.823,8.222,0.399,contango
2006-11-09,7.955,8.338,0.383,contango
2006-11-10,7.794,8.229,0.435,contango
2006-11-13,7.894,8.249,0.355,contango
2006-11-14,7.977,8.322,0.345,contango
2006-11-15,8.12,8.46,0.34,contango
2006-11-16,7.755,8.165,0.41,contango
2006-11-17,8.179,8.519,0.34,contango
2006-11-20,8.019,8.416,0.397,contango
2006-11-21,7.988,8.357,0.369,contango
2006-11-22,7.718,8.049,0.331,contango
2006-11-27,7.998,8.289,0.291,contango
2006-11-28,8.318,8.476,0.158,contango
2006-11-29,8.871,8.276,-0.595,backwardation
2006-11-30,8.844,8.309,-0.535,backwardation
2006-12-01,8.422,8.08,-0.342,backwardation
2006-12-04,7.806,7.644,-0.162,backwardation
2006-12-05,7.685,7.565,-0.12,backwardation
2006-12-06,7.727,7.63,-0.097,backwardation
2006-12-07,7.671,7.611,-0.06,backwardation
2006-12-08,7.561,7.559,-0.002,backwardation
2006-12-11,7.427,7.494,0.067,contango
2006-12-12,7.43,7.52,0.09,contango
2006-12-13,7.673,7.703,0.03,contango
2006-12-14,7.555,7.593,0.038,contango
2006-12-15,7.409,7.456,0.047,contango
2006-12-18,7.075,7.185,0.11,contango
2006-12-19,7.083,7.228,0.145,contango
2006-12-20,6.769,7.034,0.265,contango
2006-12-21,6.8,7.096,0.296,contango
2006-12-22,6.635,6.925,0.29,contango
2006-12-26,6.113,6.508,0.395,contango
2006-12-27,5.838,6.357,0.519,contango
2006-12-28,6.248,6.582,0.334,contango
2006-12-29,6.299,6.703,0.404,contango
2007-01-02,6.299,6.703,0.404,contango
2007-01-03,6.163,6.545,0.382,contango
2007-01-04,6.162,6.54,0.378,contango
2007-01-05,6.184,6.557,0.373,contango
2007-01-08,6.378,6.732,0.354,contango
2007-01-09,6.631,6.914,0.283,contango
2007-01-10,6.755,6.966,0.211,contango
2007-01-11,6.292,6.587,0.295,contango
2007-01-12,6.601,6.846,0.245,contango
2007-01-16,6.638,6.846,0.208,contango
2007-01-17,6.234,6.535,0.301,contango
2007-01-18,6.324,6.581,0.257,contango
2007-01-19,6.886,7.055,0.169,contango
2007-01-22,7.319,7.381,0.062,contango
2007-01-23,7.597,7.512,-0.085,backwardation
2007-01-24,7.421,7.354,-0.067,backwardation
2007-01-25,6.905,7.01,0.105,contango
2007-01-26,7.175,7.256,0.081,contango
2007-01-29,6.917,7.084,0.167,contango
2007-01-30,7.74,7.782,0.042,contango
2007-01-31,7.667,7.766,0.099,contango
2007-02-01,7.53,7.704,0.174,contango
2007-02-02,7.476,7.654,0.178,contango
2007-02-05,7.634,7.753,0.119,contango
2007-02-06,7.616,7.746,0.13,contango
2007-02-07,7.709,7.843,0.134,contango
2007-02-08,7.871,7.993,0.122,contango
2007-02-09,7.827,7.995,0.168,contango
2007-02-12,7.226,7.517,0.291,contango
2007-02-13,7.367,7.623,0.256,contango
2007-02-14,7.241,7.494,0.253,contango
2007-02-15,7.292,7.52,0.228,contango
2007-02-16,7.503,7.67,0.167,contango
2007-02-20,7.585,7.765,0.18,contango
2007-02-21,7.646,7.865,0.219,contango
2007-02-22,7.727,7.955,0.228,contango
2007-02-23,7.755,7.966,0.211,contango
2007-02-26,7.547,7.868,0.321,contango
2007-02-27,7.533,7.806,0.273,contango
2007-02-28,7.3,7.614,0.314,contango
2007-03-01,7.288,7.635,0.347,contango
2007-03-02,7.243,7.606,0.363,contango
2007-03-05,7.254,7.6,0.346,contango
2007-03-06,7.472,7.815,0.343,contango
2007-03-07,7.366,7.727,0.361,contango
2007-03-08,7.239,7.634,0.395,contango
2007-03-09,7.083,7.496,0.413,contango
2007-03-12,6.912,7.328,0.416,contango
2007-03-13,6.892,7.299,0.407,contango
2007-03-14,7.083,7.437,0.354,contango
2007-03-15,6.959,7.361,0.402,contango
2007-03-16,6.924,7.336,0.412,contango
2007-03-19,6.847,7.27,0.423,contango
2007-03-20,6.91,7.304,0.394,contango
2007-03-21,7.16,7.545,0.385,contango
2007-03-22,7.32,7.729,0.409,contango
2007-03-23,7.269,7.712,0.443,contango
2007-03-26,7.254,7.688,0.434,contango
2007-03-27,7.503,7.901,0.398,contango
2007-03-28,7.558,7.957,0.399,contango
2007-03-29,7.609,8.0,0.391,contango
2007-03-30,7.73,8.109,0.379,contango
2007-04-02,7.671,8.051,0.38,contango
2007-04-03,7.426,7.811,0.385,contango
2007-04-04,7.515,7.887,0.372,contango
2007-04-05,7.607,7.984,0.377,contango
2007-04-09,7.546,7.962,0.416,contango
2007-04-10,7.869,8.264,0.395,contango
2007-04-11,7.855,8.25,0.395,contango
2007-04-12,7.924,8.314,0.39,contango
2007-04-13,7.801,8.214,0.413,contango
2007-04-16,7.53,7.956,0.426,contango
2007-04-17,7.418,7.834,0.416,contango
2007-04-18,7.497,7.912,0.415,contango
2007-04-19,7.492,7.913,0.421,contango
2007-04-20,7.381,7.809,0.428,contango
2007-04-23,7.562,7.969,0.407,contango
2007-04-24,7.598,7.983,0.385,contango
2007-04-25,7.689,8.056,0.367,contango
2007-04-26,7.508,7.892,0.384,contango
2007-04-27,7.831,8.148,0.317,contango
2007-04-30,7.863,8.191,0.328,contango
2007-05-01,7.718,8.045,0.327,contango
2007-05-02,7.73,8.038,0.308,contango
2007-05-03,7.947,8.246,0.299,contango
2007-05-04,7.938,8.237,0.299,contango
2007-05-07,7.779,8.114,0.335,contango
2007-05-08,7.637,7.98,0.343,contango
2007-05-09,7.72,8.067,0.347,contango
2007-05-10,7.726,8.054,0.328,contango
2007-05-11,7.899,8.22,0.321,contango
2007-05-14,7.952,8.266,0.314,contango
2007-05-15,7.864,8.196,0.332,contango
2007-05-16,7.89,8.233,0.343,contango
2007-05-17,8.075,8.426,0.351,contango
2007-05-18,7.944,8.325,0.381,contango
2007-05-21,7.913,8.296,0.383,contango
2007-05-22,7.801,8.194,0.393,contango
2007-05-23,7.757,8.153,0.396,contango
2007-05-24,7.681,8.06,0.379,contango
2007-05-25,7.64,8.007,0.367,contango
2007-05-29,7.591,7.924,0.333,contango
2007-05-30,7.941,8.243,0.302,contango
2007-05-31,7.935,8.24,0.305,contango
2007-06-01,7.878,8.208,0.33,contango
2007-06-04,8.191,8.512,0.321,contango
2007-06-05,8.064,8.399,0.335,contango
2007-06-06,8.08,8.416,0.336,contango
2007-06-07,7.825,8.177,0.352,contango
2007-06-08,7.663,8.027,0.364,contango
2007-06-11,7.608,7.977,0.369,contango
2007-06-12,7.682,8.059,0.377,contango
2007-06-13,7.608,7.987,0.379,contango
2007-06-14,7.808,8.161,0.353,contango
2007-06-15,7.918,8.279,0.361,contango
2007-06-18,7.69,8.049,0.359,contango
2007-06-19,7.519,7.876,0.357,contango
2007-06-20,7.391,7.736,0.345,contango
2007-06-21,7.348,7.7,0.352,contango
2007-06-22,7.13,7.483,0.353,contango
2007-06-25,6.94,7.32,0.38,contango
2007-06-26,6.877,7.247,0.37,contango
2007-06-27,6.929,7.326,0.397,contango
2007-06-28,6.655,7.707,1.052,contango
2007-06-29,6.773,7.803,1.03,contango
2007-07-02,6.764,7.799,1.035,contango
2007-07-03,6.754,7.814,1.06,contango
2007-07-05,6.618,7.702,1.084,contango
2007-07-06,6.444,7.529,1.085,contango
2007-07-09,6.41,7.503,1.093,contango
2007-07-10,6.699,7.744,1.045,contango
2007-07-11,6.6,7.637,1.037,contango
2007-07-12,6.497,7.567,1.07,contango
2007-07-13,6.662,7.721,1.059,contango
2007-07-16,6.376,7.457,1.081,contango
2007-07-17,6.307,7.392,1.085,contango
2007-07-18,6.528,7.621,1.093,contango
2007-07-19,6.706,7.813,1.107,contango
2007-07-20,6.446,7.576,1.13,contango
2007-07-23,6.039,7.229,1.19,contango
2007-07-24,5.863,7.078,1.215,contango
2007-07-25,5.925,7.228,1.303,contango
2007-07-26,5.943,7.281,1.338,contango
2007-07-27,6.11,7.411,1.301,contango
2007-07-30,6.499,8.544,2.045,contango
2007-07-31,6.191,8.294,2.103,contango
2007-08-01,6.352,8.369,2.017,contango
2007-08-02,6.106,8.133,2.027,contango
2007-08-03,6.09,8.042,1.952,contango
2007-08-06,6.208,8.058,1.85,contango
2007-08-07,6.201,8.11,1.909,contango
2007-08-08,6.22,8.206,1.986,contango
2007-08-09,6.586,8.424,1.838,contango
2007-08-10,6.82,8.554,1.734,contango
2007-08-13,6.794,8.588,1.794,contango
2007-08-14,6.94,8.65,1.71,contango
2007-08-15,6.864,8.537,1.673,contango
2007-08-16,6.875,8.405,1.53,contango
2007-08-17,7.01,8.463,1.453,contango
2007-08-20,6.04,7.885,1.845,contango
2007-08-21,5.817,7.823,2.006,contango
2007-08-22,5.578,7.68,2.102,contango
2007-08-23,5.622,7.735,2.113,contango
2007-08-24,5.523,7.629,2.106,contango
2007-08-27,5.38,7.52,2.14,contango
2007-08-28,5.593,7.581,1.988,contango
2007-08-29,5.43,7.486,2.056,contango
2007-08-30,5.635,7.92,2.285,contango
2007-08-31,5.468,7.798,2.33,contango
2007-09-04,5.629,7.858,2.229,contango
2007-09-05,5.805,7.905,2.1,contango
2007-09-06,5.65,7.799,2.149,contango
2007-09-07,5.501,7.706,2.205,contango
2007-09-10,5.891,7.856,1.965,contango
2007-09-11,5.934,7.871,1.937,contango
2007-09-12,6.438,8.269,1.831,contango
2007-09-13,6.029,8.021,1.992,contango
2007-09-14,6.279,8.114,1.835,contango
2007-09-17,6.653,8.272,1.619,contango
2007-09-18,6.568,8.188,1.62,contango
2007-09-19,6.18,7.955,1.775,contango
2007-09-20,6.008,8.143,2.135,contango
2007-09-21,6.08,8.18,2.1,contango
2007-09-24,6.37,8.263,1.893,contango
2007-09-25,6.36,8.139,1.779,contango
2007-09-26,6.423,8.096,1.673,contango
2007-09-27,6.919,8.104,1.185,contango
2007-09-28,6.87,8.137,1.267,contango
2007-10-01,7.05,8.193,1.143,contango
2007-10-02,7.427,8.422,0.995,contango
2007-10-03,7.277,8.285,1.008,contango
2007-10-04,7.412,8.375,0.963,contango
2007-10-05,7.073,8.247,1.174,contango
2007-10-08,6.846,8.072,1.226,contango
2007-10-09,6.863,8.033,1.17,contango
2007-10-10,7.01,8.12,1.11,contango
2007-10-11,6.876,8.071,1.195,contango
2007-10-12,6.974,8.079,1.105,contango
2007-10-15,7.445,8.363,0.918,contango
2007-10-16,7.367,8.302,0.935,contango
2007-10-17,7.458,8.456,0.998,contango
2007-10-18,7.374,8.451,1.077,contango
2007-10-19,7.041,8.128,1.087,contango
2007-10-22,6.891,7.946,1.055,contango
2007-10-23,6.761,7.896,1.135,contango
2007-10-24,6.972,8.074,1.102,contango
2007-10-25,7.188,8.198,1.01,contango
2007-10-26,7.218,8.17,0.952,contango
2007-10-29,7.269,8.328,1.059,contango
2007-10-30,8.021,8.197,0.176,contango
2007-10-31,8.33,8.479,0.149,contango
2007-11-01,8.637,8.804,0.167,contango
2007-11-02,8.418,8.614,0.196,contango
2007-11-05,7.999,8.276,0.277,contango
2007-11-06,7.863,8.148,0.285,contango
2007-11-07,7.624,7.926,0.302,contango
2007-11-08,7.713,8.031,0.318,contango
2007-11-09,7.897,8.185,0.288,contango
2007-11-12,7.961,8.219,0.258,contango
2007-11-13,7.949,8.206,0.257,contango
2007-11-14,7.835,8.135,0.3,contango
2007-11-15,7.7,7.988,0.288,contango
2007-11-16,8.001,8.213,0.212,contango
2007-11-19,7.787,8.032,0.245,contango
2007-11-20,7.477,7.741,0.264,contango
2007-11-21,7.55,7.783,0.233,contango
2007-11-23,7.7,7.901,0.201,contango
2007-11-26,7.723,7.909,0.186,contango
2007-11-27,7.557,7.742,0.185,contango
2007-11-28,7.203,7.466,0.263,contango
2007-11-29,7.452,7.328,-0.124,backwardation
2007-11-30,7.302,7.202,-0.1,backwardation
2007-12-03,7.214,7.161,-0.053,backwardation
2007-12-04,7.155,7.145,-0.01,backwardation
2007-12-05,7.185,7.201,0.016,contango
2007-12-06,7.33,7.333,0.003,contango
2007-12-07,7.155,7.216,0.061,contango
2007-12-10,7.032,7.144,0.112,contango
2007-12-11,7.085,7.183,0.098,contango
2007-12-12,7.408,7.44,0.032,contango
2007-12-13,7.193,7.307,0.114,contango
2007-12-14,7.025,7.155,0.13,contango
2007-12-17,7.035,7.206,0.171,contango
2007-12-18,7.141,7.328,0.187,contango
2007-12-19,7.179,7.35,0.171,contango
2007-12-20,7.137,7.296,0.159,contango
2007-12-21,7.19,7.33,0.14,contango
2007-12-24,7.025,7.223,0.198,contango
2007-12-26,7.046,7.233,0.187,contango
2007-12-27,7.172,7.272,0.1,contango
2007-12-28,7.386,7.504,0.118,contango
2007-12-31,7.483,7.613,0.13,contango
2008-01-02,7.85,7.927,0.077,contango
2008-01-03,7.674,7.747,0.073,contango
2008-01-04,7.841,7.824,-0.017,backwardation
2008-01-07,7.879,7.902,0.023,contango
2008-01-08,7.967,7.992,0.025,contango
2008-01-09,8.099,8.079,-0.02,backwardation
2008-01-10,8.259,8.158,-0.101,backwardation
2008-01-11,8.21,8.162,-0.048,backwardation
2008-01-14,8.353,8.246,-0.107,backwardation
2008-01-15,8.196,8.114,-0.082,backwardation
2008-01-16,8.133,8.051,-0.082,backwardation
2008-01-17,8.081,8.003,-0.078,backwardation
2008-01-18,7.993,7.956,-0.037,backwardation
2008-01-22,7.67,7.701,0.031,contango
2008-01-23,7.621,7.641,0.02,contango
2008-01-24,7.802,7.82,0.018,contango
2008-01-25,7.983,7.975,-0.008,backwardation
2008-01-28,8.095,8.06,-0.035,backwardation
2008-01-29,7.996,7.985,-0.011,backwardation
2008-01-30,8.045,8.174,0.129,contango
2008-01-31,8.074,8.203,0.129,contango
2008-02-01,7.74,7.938,0.198,contango
2008-02-04,7.869,8.037,0.168,contango
2008-02-05,7.942,8.12,0.178,contango
2008-02-06,7.994,8.174,0.18,contango
2008-02-07,8.102,8.281,0.179,contango
2008-02-08,8.301,8.46,0.159,contango
2008-02-11,8.531,8.684,0.153,contango
2008-02-12,8.436,8.594,0.158,contango
2008-02-13,8.388,8.526,0.138,contango
2008-02-14,8.772,8.842,0.07,contango
2008-02-15,8.66,8.73,0.07,contango
2008-02-19,8.977,9.03,0.053,contango
2008-02-20,8.965,9.005,0.04,contango
2008-02-21,8.891,8.929,0.038,contango
2008-02-22,9.146,9.246,0.1,contango
2008-02-25,9.186,9.289,0.103,contango
2008-02-26,9.206,9.345,0.139,contango
2008-02-27,8.93,9.165,0.235,contango
2008-02-28,9.443,9.594,0.151,contango
2008-02-29,9.366,9.545,0.179,contango
2008-03-03,9.346,9.55,0.204,contango
2008-03-04,9.353,9.516,0.163,contango
2008-03-05,9.741,9.884,0.143,contango
2008-03-06,9.742,9.915,0.173,contango
2008-03-07,9.769,9.948,0.179,contango
2008-03-10,10.024,10.214,0.19,contango
2008-03-11,10.0,10.222,0.222,contango
2008-03-12,10.011,10.24,0.229,contango
2008-03-13,10.23,10.475,0.245,contango
2008-03-14,9.868,10.14,0.272,contango
2008-03-17,9.1,9.373,0.273,contango
2008-03-18,9.414,9.679,0.265,contango
2008-03-19,9.024,9.296,0.272,contango
2008-03-20,9.065,9.331,0.266,contango
2008-03-24,9.329,9.617,0.288,contango
2008-03-25,9.419,9.705,0.286,contango
2008-03-26,9.572,9.877,0.305,contango
2008-03-27,9.578,9.885,0.307,contango
2008-03-28,9.8,10.045,0.245,contango
2008-03-31,10.101,10.303,0.202,contango
2008-04-01,9.724,9.937,0.213,contango
2008-04-02,9.832,10.037,0.205,contango
2008-04-03,9.417,9.657,0.24,contango
2008-04-04,9.322,9.572,0.25,contango
2008-04-07,9.791,10.042,0.251,contango
2008-04-08,9.697,9.944,0.247,contango
2008-04-09,10.056,10.296,0.24,contango
2008-04-10,10.098,10.334,0.236,contango
2008-04-11,9.901,10.135,0.234,contango
2008-04-14,10.053,10.283,0.23,contango
2008-04-15,10.205,10.455,0.25,contango
2008-04-16,10.433,10.698,0.265,contango
2008-04-17,10.383,10.669,0.286,contango
2008-04-18,10.587,10.881,0.294,contango
2008-04-21,10.733,11.087,0.354,contango
2008-04-22,10.607,10.99,0.383,contango
2008-04-23,10.781,11.164,0.383,contango
2008-04-24,10.79,11.157,0.367,contango
2008-04-25,10.963,11.308,0.345,contango
2008-04-28,11.28,11.502,0.222,contango
2008-04-29,10.842,11.068,0.226,contango
2008-04-30,10.843,11.065,0.222,contango
2008-05-01,10.561,10.811,0.25,contango
2008-05-02,10.777,11.029,0.252,contango
2008-05-05,11.178,11.423,0.245,contango
2008-05-06,11.15,11.388,0.238,contango
2008-05-07,11.327,11.555,0.228,contango
2008-05-08,11.263,11.465,0.202,contango
2008-05-09,11.537,11.747,0.21,contango
2008-05-12,11.301,11.535,0.234,contango
2008-05-13,11.422,11.663,0.241,contango
2008-05-14,11.598,11.85,0.252,contango
2008-05-15,11.399,11.672,0.273,contango
2008-05-16,11.094,11.384,0.29,contango
2008-05-19,10.954,11.239,0.285,contango
2008-05-20,11.365,11.635,0.27,contango
2008-05-21,11.64,11.901,0.261,contango
2008-05-22,11.697,11.938,0.241,contango
2008-05-23,11.857,12.079,0.222,contango
2008-05-27,11.801,12.022,0.221,contango
2008-05-28,11.916,12.094,0.178,contango
2008-05-29,11.474,11.658,0.184,contango
2008-05-30,11.703,11.877,0.174,contango
2008-06-02,11.969,12.144,0.175,contango
2008-06-03,12.221,12.381,0.16,contango
2008-06-04,12.379,12.477,0.098,contango
2008-06-05,12.519,12.62,0.101,contango
2008-06-06,12.693,12.812,0.119,contango
2008-06-09,12.604,12.764,0.16,contango
2008-06-10,12.435,12.597,0.162,contango
2008-06-11,12.66,12.844,0.184,contango
2008-06-12,12.798,13.0,0.202,contango
2008-06-13,12.625,12.838,0.213,contango
2008-06-16,12.933,13.141,0.208,contango
2008-06-17,12.952,13.152,0.2,contango
2008-06-18,13.21,13.416,0.206,contango
2008-06-19,12.861,13.101,0.24,contango
2008-06-20,12.994,13.235,0.241,contango
2008-06-23,13.203,13.452,0.249,contango
2008-06-24,13.011,13.268,0.257,contango
2008-06-25,12.753,13.01,0.257,contango
2008-06-26,13.105,13.366,0.261,contango
2008-06-27,13.198,13.598,0.4,contango
2008-06-30,13.353,13.765,0.412,contango
2008-07-01,13.505,13.907,0.402,contango
2008-07-02,13.389,13.784,0.395,contango
2008-07-03,13.577,13.983,0.406,contango
2008-07-07,12.977,13.439,0.462,contango
2008-07-08,12.368,12.87,0.502,contango
2008-07-09,12.006,12.54,0.534,contango
2008-07-10,12.3,12.81,0.51,contango
2008-07-11,11.904,12.46,0.556,contango
2008-07-14,11.959,12.506,0.547,contango
2008-07-15,11.477,12.011,0.534,contango
2008-07-16,11.398,11.853,0.455,contango
2008-07-17,10.537,11.032,0.495,contango
2008-07-18,10.57,11.064,0.494,contango
2008-07-21,10.51,11.045,0.535,contango
2008-07-22,10.07,10.62,0.55,contango
2008-07-23,9.79,10.28,0.49,contango
2008-07-24,9.32,9.83,0.51,contango
2008-07-25,9.08,9.59,0.51,contango
2008-07-28,9.16,9.65,0.49,contango
2008-07-29,9.22,9.58,0.36,contango
2008-07-30,9.25,10.06,0.81,contango
2008-07-31,9.12,9.98,0.86,contango
2008-08-01,9.39,10.26,0.87,contango
2008-08-04,8.73,9.68,0.95,contango
2008-08-05,8.73,9.63,0.9,contango
2008-08-06,8.77,9.64,0.87,contango
2008-08-07,8.57,9.45,0.88,contango
2008-08-08,8.25,9.13,0.88,contango
2008-08-11,8.35,9.19,0.84,contango
2008-08-12,8.33,9.18,0.85,contango
2008-08-13,8.46,9.31,0.85,contango
2008-08-14,8.14,9.04,0.9,contango
2008-08-15,8.09,8.98,0.89,contango
2008-08-18,7.89,8.78,0.89,contango
2008-08-19,7.98,8.81,0.83,contango
2008-08-20,8.08,8.93,0.85,contango
2008-08-21,8.25,9.09,0.84,contango
2008-08-22,7.84,8.74,0.9,contango
2008-08-25,7.83,8.73,0.9,contango
2008-08-26,8.28,9.1,0.82,contango
2008-08-27,8.39,9.33,0.94,contango
2008-08-28,8.05,9.13,1.08,contango
2008-08-29,7.94,9.02,1.08,contango
2008-09-02,7.26,8.42,1.16,contango
2008-09-03,7.26,8.43,1.17,contango
2008-09-04,7.32,8.46,1.14,contango
2008-09-05,7.45,8.58,1.13,contango
2008-09-08,7.53,8.56,1.03,contango
2008-09-09,7.54,8.51,0.97,contango
2008-09-10,7.39,8.29,0.9,contango
2008-09-11,7.25,8.17,0.92,contango
2008-09-12,7.37,8.25,0.88,contango
2008-09-15,7.37,8.24,0.87,contango
2008-09-16,7.28,8.12,0.84,contango
2008-09-17,7.91,8.67,0.76,contango
2008-09-18,7.62,8.52,0.9,contango
2008-09-19,7.53,8.47,0.94,contango
2008-09-22,7.66,8.53,0.87,contango
2008-09-23,7.93,8.67,0.74,contango
2008-09-24,7.68,8.47,0.79,contango
2008-09-25,7.72,8.48,0.76,contango
2008-09-26,7.47,8.24,0.77,contango
2008-09-29,7.22,7.88,0.66,contango
2008-09-30,7.44,8.06,0.62,contango
2008-10-01,7.73,8.27,0.54,contango
2008-10-02,7.48,8.03,0.55,contango
2008-10-03,7.36,7.92,0.56,contango
2008-10-06,6.84,7.47,0.63,contango
2008-10-07,6.77,7.45,0.68,contango
2008-10-08,6.74,7.45,0.71,contango
2008-10-09,6.83,7.53,0.7,contango
2008-10-10,6.54,7.25,0.71,contango
2008-10-13,6.69,7.39,0.7,contango
2008-10-14,6.73,7.37,0.64,contango
2008-10-15,6.59,7.19,0.6,contango
2008-10-16,6.7,7.27,0.57,contango
2008-10-17,6.79,7.36,0.57,contango
2008-10-20,6.74,7.27,0.53,contango
2008-10-21,6.84,7.37,0.53,contango
2008-10-22,6.78,7.27,0.49,contango
2008-10-23,6.42,6.95,0.53,contango
2008-10-24,6.24,6.81,0.57,contango
2008-10-27,6.12,6.69,0.57,contango
2008-10-28,6.19,6.76,0.57,contango
2008-10-29,6.47,7.11,0.64,contango
2008-10-30,6.43,6.75,0.32,contango
2008-10-31,6.78,7.05,0.27,contango
2008-11-03,6.84,7.09,0.25,contango
2008-11-04,7.22,7.44,0.22,contango
2008-11-05,7.25,7.48,0.23,contango
2008-11-06,6.98,7.21,0.23,contango
2008-11-07,6.76,6.99,0.23,contango
2008-11-10,7.25,7.4,0.15,contango
2008-11-11,6.71,6.89,0.18,contango
2008-11-12,6.41,6.6,0.19,contango
2008-11-13,6.32,6.55,0.23,contango
2008-11-14,6.31,6.55,0.24,contango
2008-11-17,6.53,6.69,0.16,contango
2008-11-18,6.52,6.66,0.14,contango
2008-11-19,6.74,6.82,0.08,contango
2008-11-20,6.32,6.44,0.12,contango
2008-11-21,6.48,6.52,0.04,contango
2008-11-24,6.89,6.81,-0.08,backwardation
2008-11-25,6.39,6.4,0.01,contango
2008-11-26,6.88,6.8,-0.08,backwardation
2008-11-28,6.51,6.53,0.02,contango
2008-12-01,6.6,6.59,-0.01,backwardation
2008-12-02,6.42,6.43,0.01,contango
2008-12-03,6.35,6.37,0.02,contango
2008-12-04,6.02,6.09,0.07,contango
2008-12-05,5.74,5.81,0.07,contango
2008-12-08,5.57,5.7,0.13,contango
2008-12-09,5.58,5.73,0.15,contango
2008-12-10,5.69,5.84,0.15,contango
2008-12-11,5.6,5.77,0.17,contango
2008-12-12,5.49,5.61,0.12,contango
2008-12-15,5.65,5.72,0.07,contango
2008-12-16,5.75,5.83,0.08,contango
2008-12-17,5.62,5.78,0.16,contango
2008-12-18,5.56,5.71,0.15,contango
2008-12-19,5.33,5.52,0.19,contango
2008-12-22,5.29,5.46,0.17,contango
2008-12-23,5.74,5.85,0.11,contango
2008-12-24,5.91,5.98,0.07,contango
2008-12-26,5.83,5.89,0.06,contango
2008-12-29,6.08,6.17,0.09,contango
2008-12-30,5.86,5.99,0.13,contango
2008-12-31,5.62,5.8,0.18,contango
2009-01-02,5.97,6.09,0.12,contango
2009-01-05,6.07,6.19,0.12,contango
2009-01-06,5.98,6.11,0.13,contango
2009-01-07,5.87,5.99,0.12,contango
2009-01-08,5.58,5.69,0.11,contango
2009-01-09,5.52,5.62,0.1,contango
2009-01-12,5.54,5.65,0.11,contango
2009-01-13,5.18,5.32,0.14,contango
2009-01-14,4.97,5.14,0.17,contango
2009-01-15,4.84,5.0,0.16,contango
2009-01-16,4.8,4.96,0.16,contango
2009-01-20,4.64,4.77,0.13,contango
2009-01-21,4.78,4.88,0.1,contango
2009-01-22,4.68,4.79,0.11,contango
2009-01-23,4.52,4.64,0.12,contango
2009-01-26,4.49,4.61,0.12,contango
2009-01-27,4.5,4.58,0.08,contango
2009-01-28,4.48,4.57,0.09,contango
2009-01-29,4.58,4.83,0.25,contango
2009-01-30,4.42,4.69,0.27,contango
2009-02-02,4.56,4.8,0.24,contango
2009-02-03,4.51,4.8,0.29,contango
2009-02-04,4.6,4.87,0.27,contango
2009-02-05,4.64,4.9,0.26,contango
2009-02-06,4.77,5.03,0.26,contango
2009-02-09,4.81,5.08,0.27,contango
2009-02-10,4.54,4.84,0.3,contango
2009-02-11,4.53,4.81,0.28,contango
2009-02-12,4.49,4.74,0.25,contango
2009-02-13,4.45,4.69,0.24,contango
2009-02-17,4.2,4.44,0.24,contango
2009-02-18,4.21,4.45,0.24,contango
2009-02-19,4.08,4.33,0.25,contango
2009-02-20,4.01,4.25,0.24,contango
2009-02-23,4.1,4.31,0.21,contango
2009-02-24,4.24,4.41,0.17,contango
2009-02-25,4.06,4.25,0.19,contango
2009-02-26,4.08,4.45,0.37,contango
2009-02-27,4.198,4.55,0.352,contango
2009-03-02,4.15,4.5,0.35,contango
2009-03-03,4.28,4.6,0.32,contango
2009-03-04,4.34,4.67,0.33,contango
2009-03-05,4.09,4.45,0.36,contango
2009-03-06,3.95,4.29,0.34,contango
2009-03-09,3.87,4.2,0.33,contango
2009-03-10,3.84,4.18,0.34,contango
2009-03-11,3.8,4.12,0.32,contango
2009-03-12,4.0,4.32,0.32,contango
2009-03-13,3.93,4.26,0.33,contango
2009-03-16,3.85,4.18,0.33,contango
2009-03-17,3.81,4.13,0.32,contango
2009-03-18,3.68,4.02,0.34,contango
2009-03-19,4.17,4.49,0.32,contango
2009-03-20,4.23,4.56,0.33,contango
2009-03-23,4.29,4.63,0.34,contango
2009-03-24,4.35,4.7,0.35,contango
2009-03-25,4.33,4.67,0.34,contango
2009-03-26,3.95,4.31,0.36,contango
2009-03-27,3.63,4.02,0.39,contango
2009-03-30,3.74,4.12,0.38,contango
2009-03-31,3.78,4.16,0.38,contango
2009-04-01,3.7,4.08,0.38,contango
2009-04-02,3.78,4.16,0.38,contango
2009-04-03,3.8,4.18,0.38,contango
2009-04-06,3.73,4.11,0.38,contango
2009-04-07,3.56,3.96,0.4,contango
2009-04-08,3.63,4.04,0.41,contango
2009-04-09,3.61,4.02,0.41,contango
2009-04-13,3.63,4.05,0.42,contango
2009-04-14,3.69,4.12,0.43,contango
2009-04-15,3.69,4.11,0.42,contango
2009-04-16,3.6,4.02,0.42,contango
2009-04-17,3.73,4.14,0.41,contango
2009-04-20,3.54,3.95,0.41,contango
2009-04-21,3.51,3.91,0.4,contango
2009-04-22,3.53,3.91,0.38,contango
2009-04-23,3.41,3.79,0.38,contango
2009-04-24,3.3,3.68,0.38,contango
2009-04-27,3.25,3.64,0.39,contango
2009-04-28,3.32,3.71,0.39,contango
2009-04-29,3.4,3.74,0.34,contango
2009-04-30,3.37,3.72,0.35,contango
2009-05-01,3.55,3.87,0.32,contango
2009-05-04,3.73,4.05,0.32,contango
2009-05-05,3.62,3.95,0.33,contango
2009-05-06,3.89,4.2,0.31,contango
2009-05-07,4.08,4.38,0.3,contango
2009-05-08,4.31,4.59,0.28,contango
2009-05-11,4.3,4.58,0.28,contango
2009-05-12,4.45,4.73,0.28,contango
2009-05-13,4.33,4.64,0.31,contango
2009-05-14,4.29,4.61,0.32,contango
2009-05-15,4.1,4.42,0.32,contango
2009-05-18,4.14,4.47,0.33,contango
2009-05-19,3.91,4.25,0.34,contango
2009-05-20,3.97,4.32,0.35,contango
2009-05-21,3.6,3.95,0.35,contango
2009-05-22,3.52,3.87,0.35,contango
2009-05-26,3.54,3.87,0.33,contango
2009-05-27,3.54,3.86,0.32,contango
2009-05-28,3.96,4.33,0.37,contango
2009-05-29,3.84,4.21,0.37,contango
2009-06-01,4.25,4.63,0.38,contango
2009-06-02,4.12,4.53,0.41,contango
2009-06-03,3.77,4.22,0.45,contango
2009-06-04,3.81,4.3,0.49,contango
2009-06-05,3.87,4.4,0.53,contango
2009-06-08,3.73,4.33,0.6,contango
2009-06-09,3.73,4.35,0.62,contango
2009-06-10,3.71,4.31,0.6,contango
2009-06-11,3.93,4.56,0.63,contango
2009-06-12,3.86,4.49,0.63,contango
2009-06-15,4.18,4.77,0.59,contango
2009-06-16,4.09,4.63,0.54,contango
2009-06-17,4.25,4.75,0.5,contango
2009-06-18,4.09,4.61,0.52,contango
2009-06-19,4.03,4.51,0.48,contango
2009-06-22,3.93,4.38,0.45,contango
2009-06-23,3.88,4.32,0.44,contango
2009-06-24,3.76,4.26,0.5,contango
2009-06-25,3.84,4.33,0.49,contango
2009-06-26,3.95,4.45,0.5,contango
2009-06-29,3.94,4.98,1.04,contango
2009-06-30,3.84,4.86,1.02,contango
2009-07-01,3.8,4.85,1.05,contango
2009-07-02,3.62,4.69,1.07,contango
2009-07-06,3.49,4.57,1.08,contango
2009-07-07,3.43,4.48,1.05,contango
2009-07-08,3.35,4.4,1.05,contango
2009-07-09,3.41,4.43,1.02,contango
2009-07-10,3.37,4.39,1.02,contango
2009-07-13,3.26,4.29,1.03,contango
2009-07-14,3.43,4.45,1.02,contango
2009-07-15,3.28,4.34,1.06,contango
2009-07-16,3.67,4.67,1.0,contango
2009-07-17,3.67,4.67,1.0,contango
2009-07-20,3.69,4.69,1.0,contango
2009-07-21,3.71,4.72,1.01,contango
2009-07-22,3.79,4.8,1.01,contango
2009-07-23,3.55,4.61,1.06,contango
2009-07-24,3.7,4.76,1.06,contango
2009-07-27,3.6,4.7,1.1,contango
2009-07-28,3.54,4.62,1.08,contango
2009-07-29,3.38,4.49,1.11,contango
2009-07-30,3.74,5.39,1.65,contango
2009-07-31,3.65,5.36,1.71,contango
2009-08-03,4.03,5.7,1.67,contango
2009-08-04,4.0,5.69,1.69,contango
2009-08-05,4.04,5.75,1.71,contango
2009-08-06,3.74,5.49,1.75,contango
2009-08-07,3.67,5.45,1.78,contango
2009-08-10,3.64,5.45,1.81,contango
2009-08-11,3.54,5.4,1.86,contango
2009-08-12,3.48,5.41,1.93,contango
2009-08-13,3.34,5.34,2.0,contango
2009-08-14,3.24,5.31,2.07,contango
2009-08-17,3.16,5.19,2.03,contango
2009-08-18,3.1,5.11,2.01,contango
2009-08-19,3.12,5.11,1.99,contango
2009-08-20,2.95,5.05,2.1,contango
2009-08-21,2.8,5.03,2.23,contango
2009-08-24,2.92,5.13,2.21,contango
2009-08-25,2.88,5.09,2.21,contango
2009-08-26,2.91,5.1,2.19,contango
2009-08-27,2.84,5.05,2.21,contango
2009-08-28,3.03,5.21,2.18,contango
2009-08-31,2.98,5.13,2.15,contango
2009-09-01,2.82,5.0,2.18,contango
2009-09-02,2.72,4.98,2.26,contango
2009-09-03,2.51,4.82,2.31,contango
2009-09-04,2.73,4.8,2.07,contango
2009-09-08,2.81,4.9,2.09,contango
2009-09-09,2.83,4.91,2.08,contango
2009-09-10,3.26,5.24,1.98,contango
2009-09-11,2.96,5.06,2.1,contango
2009-09-14,3.3,5.27,1.97,contango
2009-09-15,3.32,5.22,1.9,contango
2009-09-16,3.76,5.56,1.8,contango
2009-09-17,3.46,5.36,1.9,contango
2009-09-18,3.78,5.57,1.79,contango
2009-09-21,3.58,5.38,1.8,contango
2009-09-22,3.61,5.49,1.88,contango
2009-09-23,3.86,5.71,1.85,contango
2009-09-24,3.96,5.85,1.89,contango
2009-09-25,3.99,5.92,1.93,contango
2009-09-28,3.73,5.86,2.13,contango
2009-09-29,4.88,5.98,1.1,contango
2009-09-30,4.84,5.99,1.15,contango
2009-10-01,4.47,5.7,1.23,contango
2009-10-02,4.72,5.87,1.15,contango
2009-10-05,4.99,6.04,1.05,contango
2009-10-06,4.88,5.96,1.08,contango
2009-10-07,4.9,6.03,1.13,contango
2009-10-08,4.96,6.1,1.14,contango
2009-10-09,4.77,5.96,1.19,contango
2009-10-12,4.88,6.12,1.24,contango
2009-10-13,4.59,5.88,1.29,contango
2009-10-14,4.44,5.74,1.3,contango
2009-10-15,4.48,5.79,1.31,contango
2009-10-16,4.78,6.07,1.29,contango
2009-10-19,4.84,6.13,1.29,contango
2009-10-20,5.16,6.27,1.11,contango
2009-10-21,5.1,6.14,1.04,contango
2009-10-22,4.95,5.98,1.03,contango
2009-10-23,4.79,5.87,1.08,contango
2009-10-26,4.51,5.61,1.1,contango
2009-10-27,4.56,5.68,1.12,contango
2009-10-28,4.29,5.48,1.19,contango
2009-10-29,5.06,5.46,0.4,contango
2009-10-30,5.05,5.43,0.38,contango
2009-11-02,4.82,5.21,0.39,contango
2009-11-03,4.92,5.28,0.36,contango
2009-11-04,4.73,5.13,0.4,contango
2009-11-05,4.78,5.18,0.4,contango
2009-11-06,4.6,5.04,0.44,contango
2009-11-09,4.67,5.12,0.45,contango
2009-11-10,4.47,4.95,0.48,contango
2009-11-11,4.5,4.99,0.49,contango
2009-11-12,4.37,4.87,0.5,contango
2009-11-13,4.39,4.9,0.51,contango
2009-11-16,4.61,5.08,0.47,contango
2009-11-17,4.53,5.02,0.49,contango
2009-11-18,4.25,4.8,0.55,contango
2009-11-19,4.34,4.85,0.51,contango
2009-11-20,4.42,4.89,0.47,contango
2009-11-23,4.47,4.93,0.46,contango
2009-11-24,4.49,4.9,0.41,contango
2009-11-25,5.16,5.29,0.13,contango
2009-11-27,5.19,5.31,0.12,contango
2009-11-30,4.85,5.03,0.18,contango
2009-12-01,4.76,4.93,0.17,contango
2009-12-02,4.53,4.72,0.19,contango
2009-12-03,4.46,4.63,0.17,contango
2009-12-04,4.59,4.76,0.17,contango
2009-12-07,4.97,5.13,0.16,contango
2009-12-08,5.11,5.23,0.12,contango
2009-12-09,4.9,5.04,0.14,contango
2009-12-10,5.3,5.4,0.1,contango
2009-12-11,5.16,5.3,0.14,contango
2009-12-14,5.33,5.45,0.12,contango
2009-12-15,5.52,5.58,0.06,contango
2009-12-16,5.46,5.5,0.04,contango
2009-12-17,5.77,5.76,-0.01,backwardation
2009-12-18,5.78,5.78,0.0,backwardation
2009-12-21,5.67,5.67,0.0,backwardation
2009-12-22,5.72,5.7,-0.02,backwardation
2009-12-23,5.82,5.81,-0.01,backwardation
2009-12-24,5.64,5.67,0.03,contango
2009-12-28,5.99,5.92,-0.07,backwardation
2009-12-29,5.81,5.78,-0.03,backwardation
2009-12-30,5.71,5.68,-0.03,backwardation
2009-12-31,5.57,5.55,-0.02,backwardation
2010-01-04,5.88,5.84,-0.04,backwardation
2010-01-05,5.64,5.61,-0.03,backwardation
2010-01-06,6.01,5.89,-0.12,backwardation
2010-01-07,5.81,5.74,-0.07,backwardation
2010-01-08,5.75,5.71,-0.04,backwardation
2010-01-11,5.45,5.46,0.01,contango
2010-01-12,5.59,5.57,-0.02,backwardation
2010-01-13,5.73,5.71,-0.02,backwardation
2010-01-14,5.59,5.59,0.0,backwardation
2010-01-15,5.69,5.69,0.0,backwardation
2010-01-19,5.56,5.55,-0.01,backwardation
2010-01-20,5.5,5.49,-0.01,backwardation
2010-01-21,5.62,5.58,-0.04,backwardation
2010-01-22,5.82,5.72,-0.1,backwardation
2010-01-25,5.72,5.65,-0.07,backwardation
2010-01-26,5.49,5.46,-0.03,backwardation
2010-01-27,5.27,5.26,-0.01,backwardation
2010-01-28,5.14,5.25,0.11,contango
2010-01-29,5.13,5.24,0.11,contango
2010-02-01,5.43,5.52,0.09,contango
2010-02-02,5.45,5.55,0.1,contango
2010-02-03,5.42,5.51,0.09,contango
2010-02-04,5.42,5.5,0.08,contango
2010-02-05,5.52,5.6,0.08,contango
2010-02-08,5.4,5.5,0.1,contango
2010-02-09,5.29,5.41,0.12,contango
2010-02-10,5.29,5.42,0.13,contango
2010-02-11,5.4,5.52,0.12,contango
2010-02-12,5.47,5.56,0.09,contango
2010-02-16,5.31,5.43,0.12,contango
2010-02-17,5.39,5.48,0.09,contango
2010-02-18,5.17,5.3,0.13,contango
2010-02-19,5.04,5.19,0.15,contango
2010-02-22,4.9,5.05,0.15,contango
2010-02-23,4.78,4.95,0.17,contango
2010-02-24,4.82,5.01,0.19,contango
2010-02-25,4.77,4.99,0.22,contango
2010-02-26,4.81,5.04,0.23,contango
2010-03-01,4.68,4.91,0.23,contango
2010-03-02,4.71,4.93,0.22,contango
2010-03-03,4.76,4.98,0.22,contango
2010-03-04,4.58,4.81,0.23,contango
2010-03-05,4.59,4.82,0.23,contango
2010-03-08,4.53,4.75,0.22,contango
2010-03-09,4.52,4.74,0.22,contango
2010-03-10,4.56,4.79,0.23,contango
2010-03-11,4.44,4.67,0.23,contango
2010-03-12,4.4,4.63,0.23,contango
2010-03-15,4.39,4.64,0.25,contango
2010-03-16,4.35,4.59,0.24,contango
2010-03-17,4.3,4.53,0.23,contango
2010-03-18,4.09,4.32,0.23,contango
2010-03-19,4.17,4.39,0.22,contango
2010-03-22,4.08,4.3,0.22,contango
2010-03-23,4.13,4.35,0.22,contango
2010-03-24,4.11,4.31,0.2,contango
2010-03-25,3.98,4.2,0.22,contango
2010-03-26,3.87,4.1,0.23,contango
2010-03-29,3.84,4.17,0.33,contango
2010-03-30,3.97,4.24,0.27,contango
2010-03-31,3.87,4.16,0.29,contango
2010-04-01,4.09,4.37,0.28,contango
2010-04-05,4.28,4.58,0.3,contango
2010-04-06,4.15,4.5,0.35,contango
2010-04-07,4.02,4.33,0.31,contango
2010-04-08,3.91,4.23,0.32,contango
2010-04-09,4.07,4.41,0.34,contango
2010-04-12,4.01,4.35,0.34,contango
2010-04-13,4.16,4.47,0.31,contango
2010-04-14,4.2,4.5,0.3,contango
2010-04-15,3.99,4.27,0.28,contango
2010-04-16,4.04,4.33,0.29,contango
2010-04-19,3.94,4.24,0.3,contango
2010-04-20,3.98,4.28,0.3,contango
2010-04-21,3.96,4.27,0.31,contango
2010-04-22,4.13,4.43,0.3,contango
2010-04-23,4.26,4.54,0.28,contango
2010-04-26,4.26,4.56,0.3,contango
2010-04-27,4.22,4.53,0.31,contango
2010-04-28,4.27,4.57,0.3,contango
2010-04-29,3.98,4.28,0.3,contango
2010-04-30,3.92,4.22,0.3,contango
2010-05-03,4.0,4.3,0.3,contango
2010-05-04,4.01,4.31,0.3,contango
2010-05-05,3.99,4.28,0.29,contango
2010-05-06,3.93,4.22,0.29,contango
2010-05-07,4.02,4.3,0.28,contango
2010-05-10,4.17,4.43,0.26,contango
2010-05-11,4.13,4.38,0.25,contango
2010-05-12,4.28,4.52,0.24,contango
2010-05-13,4.34,4.56,0.22,contango
2010-05-14,4.31,4.53,0.22,contango
2010-05-17,4.4,4.61,0.21,contango
2010-05-18,4.34,4.56,0.22,contango
2010-05-19,4.16,4.38,0.22,contango
2010-05-20,4.11,4.32,0.21,contango
2010-05-21,4.04,4.24,0.2,contango
2010-05-24,4.02,4.21,0.19,contango
2010-05-25,4.05,4.24,0.19,contango
2010-05-26,4.16,4.31,0.15,contango
2010-05-27,4.29,4.53,0.24,contango
2010-05-28,4.34,4.57,0.23,contango
2010-06-01,4.25,4.48,0.23,contango
2010-06-02,4.42,4.63,0.21,contango
2010-06-03,4.69,4.84,0.15,contango
2010-06-04,4.8,4.94,0.14,contango
2010-06-07,4.92,5.08,0.16,contango
2010-06-08,4.81,5.0,0.19,contango
2010-06-09,4.68,4.88,0.2,contango
2010-06-10,4.65,4.84,0.19,contango
2010-06-11,4.78,4.96,0.18,contango
2010-06-14,5.01,5.17,0.16,contango
2010-06-15,5.19,5.34,0.15,contango
2010-06-16,4.98,5.14,0.16,contango
2010-06-17,5.16,5.3,0.14,contango
2010-06-18,5.0,5.14,0.14,contango
2010-06-21,4.87,5.01,0.14,contango
2010-06-22,4.76,4.91,0.15,contango
2010-06-23,4.8,4.97,0.17,contango
2010-06-24,4.75,4.91,0.16,contango
2010-06-25,4.86,5.01,0.15,contango
2010-06-28,4.72,4.85,0.13,contango
2010-06-29,4.55,4.94,0.39,contango
2010-06-30,4.62,4.98,0.36,contango
2010-07-01,4.85,5.16,0.31,contango
2010-07-02,4.69,5.04,0.35,contango
2010-07-06,4.68,5.04,0.36,contango
2010-07-07,4.57,4.98,0.41,contango
2010-07-08,4.4,4.84,0.44,contango
2010-07-09,4.4,4.84,0.44,contango
2010-07-12,4.39,4.82,0.43,contango
2010-07-13,4.35,4.73,0.38,contango
2010-07-14,4.31,4.68,0.37,contango
2010-07-15,4.59,4.89,0.3,contango
2010-07-16,4.52,4.83,0.31,contango
2010-07-19,4.51,4.8,0.29,contango
2010-07-20,4.59,4.85,0.26,contango
2010-07-21,4.51,4.8,0.29,contango
2010-07-22,4.64,4.91,0.27,contango
2010-07-23,4.58,4.84,0.26,contango
2010-07-26,4.61,4.85,0.24,contango
2010-07-27,4.68,4.9,0.22,contango
2010-07-28,4.77,4.92,0.15,contango
2010-07-29,4.83,5.21,0.38,contango
2010-07-30,4.92,5.26,0.34,contango
2010-08-02,4.7,5.15,0.45,contango
2010-08-03,4.64,5.11,0.47,contango
2010-08-04,4.74,5.15,0.41,contango
2010-08-05,4.6,5.05,0.45,contango
2010-08-06,4.47,5.0,0.53,contango
2010-08-09,4.31,4.89,0.58,contango
2010-08-10,4.3,4.82,0.52,contango
2010-08-11,4.33,4.78,0.45,contango
2010-08-12,4.3,4.85,0.55,contango
2010-08-13,4.33,4.87,0.54,contango
2010-08-16,4.23,4.73,0.5,contango
2010-08-17,4.27,4.73,0.46,contango
2010-08-18,4.24,4.73,0.49,contango
2010-08-19,4.17,4.66,0.49,contango
2010-08-20,4.12,4.61,0.49,contango
2010-08-23,4.07,4.54,0.47,contango
2010-08-24,4.04,4.49,0.45,contango
2010-08-25,3.87,4.41,0.54,contango
2010-08-26,3.82,4.4,0.58,contango
2010-08-27,3.65,4.33,0.68,contango
2010-08-30,3.81,4.61,0.8,contango
2010-08-31,3.82,4.65,0.83,contango
2010-09-01,3.76,4.58,0.82,contango
2010-09-02,3.75,4.54,0.79,contango
2010-09-03,3.94,4.65,0.71,contango
2010-09-07,3.85,4.57,0.72,contango
2010-09-08,3.81,4.53,0.72,contango
2010-09-09,3.77,4.52,0.75,contango
2010-09-10,3.88,4.61,0.73,contango
2010-09-13,3.94,4.64,0.7,contango
2010-09-14,3.97,4.6,0.63,contango
2010-09-15,4.0,4.59,0.59,contango
2010-09-16,4.06,4.61,0.55,contango
2010-09-17,4.02,4.57,0.55,contango
2010-09-20,3.82,4.42,0.6,contango
2010-09-21,3.92,4.46,0.54,contango
2010-09-22,3.97,4.49,0.52,contango
2010-09-23,4.02,4.54,0.52,contango
2010-09-24,3.88,4.44,0.56,contango
2010-09-27,3.8,4.31,0.51,contango
2010-09-28,3.84,4.34,0.5,contango
2010-09-29,3.96,4.35,0.39,contango
2010-09-30,3.87,4.31,0.44,contango
2010-10-01,3.8,4.28,0.48,contango
2010-10-04,3.73,4.28,0.55,contango
2010-10-05,3.74,4.31,0.57,contango
2010-10-06,3.87,4.4,0.53,contango
2010-10-07,3.62,4.26,0.64,contango
2010-10-08,3.65,4.33,0.68,contango
2010-10-11,3.6,4.33,0.73,contango
2010-10-12,3.63,4.3,0.67,contango
2010-10-13,3.7,4.32,0.62,contango
2010-10-14,3.66,4.28,0.62,contango
2010-10-15,3.54,4.2,0.66,contango
2010-10-18,3.43,4.17,0.74,contango
2010-10-19,3.51,4.17,0.66,contango
2010-10-20,3.54,4.18,0.64,contango
2010-10-21,3.37,4.06,0.69,contango
2010-10-22,3.33,3.98,0.65,contango
2010-10-25,3.32,3.96,0.64,contango
2010-10-26,3.35,4.06,0.71,contango
2010-10-27,3.29,4.06,0.77,contango
2010-10-28,3.89,4.12,0.23,contango
2010-10-29,4.04,4.22,0.18,contango
2010-11-01,3.83,4.07,0.24,contango
2010-11-02,3.87,4.11,0.24,contango
2010-11-03,3.84,4.08,0.24,contango
2010-11-04,3.86,4.09,0.23,contango
2010-11-05,3.94,4.15,0.21,contango
2010-11-08,4.09,4.25,0.16,contango
2010-11-09,4.21,4.33,0.12,contango
2010-11-10,4.05,4.22,0.17,contango
2010-11-11,3.93,4.11,0.18,contango
2010-11-12,3.8,3.98,0.18,contango
2010-11-15,3.845,4.02,0.175,contango
2010-11-16,3.818,3.981,0.163,contango
2010-11-17,4.03,4.16,0.13,contango
2010-11-18,4.007,4.161,0.154,contango
2010-11-19,4.164,4.278,0.114,contango
2010-11-22,4.271,4.389,0.118,contango
2010-11-23,4.264,4.376,0.112,contango
2010-11-24,4.267,4.353,0.086,contango
2010-11-26,4.399,4.332,-0.067,backwardation
2010-11-29,4.21,4.173,-0.037,backwardation
2010-11-30,4.18,4.142,-0.038,backwardation
2010-12-01,4.269,4.209,-0.06,backwardation
2010-12-02,4.343,4.28,-0.063,backwardation
2010-12-03,4.349,4.297,-0.052,backwardation
2010-12-06,4.488,4.403,-0.085,backwardation
2010-12-07,4.393,4.343,-0.05,backwardation
2010-12-08,4.606,4.521,-0.085,backwardation
2010-12-09,4.435,4.379,-0.056,backwardation
2010-12-10,4.417,4.375,-0.042,backwardation
2010-12-13,4.42,4.381,-0.039,backwardation
2010-12-14,4.255,4.242,-0.013,backwardation
2010-12-15,4.222,4.216,-0.006,backwardation
2010-12-16,4.048,4.071,0.023,contango
2010-12-17,4.066,4.094,0.028,contango
2010-12-20,4.237,4.249,0.012,contango
2010-12-21,4.059,4.097,0.038,contango
2010-12-22,4.152,4.191,0.039,contango
2010-12-23,4.083,4.152,0.069,contango
2010-12-27,4.112,4.168,0.056,contango
2010-12-28,4.216,4.271,0.055,contango
2010-12-29,4.287,4.322,0.035,contango
2010-12-30,4.338,4.366,0.028,contango
2010-12-31,4.405,4.434,0.029,contango
2011-01-03,4.65,4.604,-0.046,backwardation
2011-01-04,4.669,4.618,-0.051,backwardation
2011-01-05,4.473,4.44,-0.033,backwardation
2011-01-06,4.434,4.41,-0.024,backwardation
2011-01-07,4.422,4.43,0.008,contango
2011-01-10,4.399,4.419,0.02,contango
2011-01-11,4.481,4.508,0.027,contango
2011-01-12,4.531,4.562,0.031,contango
2011-01-13,4.407,4.463,0.056,contango
2011-01-14,4.48,4.525,0.045,contango
2011-01-18,4.425,4.492,0.067,contango
2011-01-19,4.561,4.604,0.043,contango
2011-01-20,4.695,4.707,0.012,contango
2011-01-21,4.736,4.753,0.017,contango
2011-01-24,4.58,4.633,0.053,contango
2011-01-25,4.473,4.54,0.067,contango
2011-01-26,4.491,4.547,0.056,contango
2011-01-27,4.316,4.384,0.068,contango
2011-01-28,4.323,4.425,0.102,contango
2011-01-31,4.42,4.513,0.093,contango
2011-02-01,4.347,4.457,0.11,contango
2011-02-02,4.429,4.539,0.11,contango
2011-02-03,4.337,4.461,0.124,contango
2011-02-04,4.31,4.456,0.146,contango
2011-02-07,4.104,4.267,0.163,contango
2011-02-08,4.04,4.203,0.163,contango
2011-02-09,4.044,4.214,0.17,contango
2011-02-10,3.986,4.175,0.189,contango
2011-02-11,3.91,4.121,0.211,contango
2011-02-14,3.925,4.119,0.194,contango
2011-02-15,3.976,4.153,0.177,contango
2011-02-16,3.921,4.088,0.167,contango
2011-02-17,3.868,4.03,0.162,contango
2011-02-18,3.876,4.037,0.161,contango
2011-02-22,3.867,4.038,0.171,contango
2011-02-23,3.9,4.068,0.168,contango
2011-02-24,3.793,4.007,0.214,contango
2011-02-25,4.005,4.193,0.188,contango
2011-02-28,4.037,4.235,0.198,contango
2011-03-01,3.873,4.084,0.211,contango
2011-03-02,3.818,4.037,0.219,contango
2011-03-03,3.778,4.011,0.233,contango
2011-03-04,3.809,4.036,0.227,contango
2011-03-07,3.927,4.113,0.186,contango
2011-03-08,3.864,4.062,0.198,contango
2011-03-09,3.93,4.121,0.191,contango
2011-03-10,3.83,4.03,0.2,contango
2011-03-11,3.889,4.082,0.193,contango
2011-03-14,3.914,4.116,0.202,contango
2011-03-15,3.941,4.159,0.218,contango
2011-03-16,3.938,4.157,0.219,contango
2011-03-17,4.158,4.369,0.211,contango
2011-03-18,4.168,4.388,0.22,contango
2011-03-21,4.161,4.383,0.222,contango
2011-03-22,4.254,4.463,0.209,contango
2011-03-23,4.335,4.543,0.208,contango
2011-03-24,4.244,4.467,0.223,contango
2011-03-25,4.403,4.636,0.233,contango
2011-03-28,4.374,4.594,0.22,contango
2011-03-29,4.24,4.411,0.171,contango
2011-03-30,4.355,4.535,0.18,contango
2011-03-31,4.389,4.566,0.177,contango
2011-04-01,4.362,4.554,0.192,contango
2011-04-04,4.289,4.486,0.197,contango
2011-04-05,4.231,4.433,0.202,contango
2011-04-06,4.146,4.352,0.206,contango
2011-04-07,4.057,4.259,0.202,contango
2011-04-08,4.041,4.243,0.202,contango
2011-04-11,4.108,4.309,0.201,contango
2011-04-12,4.098,4.304,0.206,contango
2011-04-13,4.141,4.333,0.192,contango
2011-04-14,4.212,4.389,0.177,contango
2011-04-15,4.204,4.387,0.183,contango
2011-04-18,4.138,4.309,0.171,contango
2011-04-19,4.262,4.426,0.164,contango
2011-04-20,4.31,4.476,0.166,contango
2011-04-21,4.412,4.581,0.169,contango
2011-04-25,4.389,4.566,0.177,contango
2011-04-26,4.387,4.558,0.171,contango
2011-04-27,4.377,4.522,0.145,contango
2011-04-28,4.571,4.689,0.118,contango
2011-04-29,4.698,4.809,0.111,contango
2011-05-02,4.693,4.819,0.126,contango
2011-05-03,4.67,4.801,0.131,contango
2011-05-04,4.577,4.706,0.129,contango
2011-05-05,4.261,4.396,0.135,contango
2011-05-06,4.235,4.364,0.129,contango
2011-05-09,4.154,4.285,0.131,contango
2011-05-10,4.246,4.366,0.12,contango
2011-05-11,4.181,4.308,0.127,contango
2011-05-12,4.194,4.325,0.131,contango
2011-05-13,4.246,4.379,0.133,contango
2011-05-16,4.318,4.448,0.13,contango
2011-05-17,4.182,4.321,0.139,contango
2011-05-18,4.198,4.344,0.146,contango
2011-05-19,4.094,4.244,0.15,contango
2011-05-20,4.23,4.367,0.137,contango
2011-05-23,4.346,4.465,0.119,contango
2011-05-24,4.345,4.464,0.119,contango
2011-05-25,4.379,4.496,0.117,contango
2011-05-26,4.326,4.429,0.103,contango
2011-05-27,4.518,4.614,0.096,contango
2011-05-31,4.666,4.744,0.078,contango
2011-06-01,4.629,4.717,0.088,contango
2011-06-02,4.794,4.848,0.054,contango
2011-06-03,4.707,4.774,0.067,contango
2011-06-06,4.827,4.893,0.066,contango
2011-06-07,4.831,4.905,0.074,contango
2011-06-08,4.847,4.919,0.072,contango
2011-06-09,4.674,4.754,0.08,contango
2011-06-10,4.757,4.836,0.079,contango
2011-06-13,4.646,4.729,0.083,contango
2011-06-14,4.581,4.668,0.087,contango
2011-06-15,4.577,4.67,0.093,contango
2011-06-16,4.412,4.513,0.101,contango
2011-06-17,4.325,4.424,0.099,contango
2011-06-20,4.317,4.421,0.104,contango
2011-06-21,4.388,4.489,0.101,contango
2011-06-22,4.317,4.418,0.101,contango
2011-06-23,4.193,4.287,0.094,contango
2011-06-24,4.229,4.319,0.09,contango
2011-06-27,4.256,4.329,0.073,contango
2011-06-28,4.357,4.412,0.055,contango
2011-06-29,4.315,4.493,0.178,contango
2011-06-30,4.374,4.553,0.179,contango
2011-07-01,4.311,4.501,0.19,contango
2011-07-05,4.363,4.541,0.178,contango
2011-07-06,4.217,4.411,0.194,contango
2011-07-07,4.133,4.324,0.191,contango
2011-07-08,4.205,4.385,0.18,contango
2011-07-11,4.288,4.447,0.159,contango
2011-07-12,4.333,4.473,0.14,contango
2011-07-13,4.403,4.54,0.137,contango
2011-07-14,4.378,4.501,0.123,contango
2011-07-15,4.546,4.639,0.093,contango
2011-07-18,4.546,4.644,0.098,contango
2011-07-19,4.533,4.63,0.097,contango
2011-07-20,4.5,4.585,0.085,contango
2011-07-21,4.395,4.483,0.088,contango
2011-07-22,4.399,4.493,0.094,contango
2011-07-25,4.386,4.472,0.086,contango
2011-07-26,4.37,4.454,0.084,contango
2011-07-27,4.37,4.446,0.076,contango
2011-07-28,4.244,4.545,0.301,contango
2011-07-29,4.145,4.462,0.317,contango
2011-08-01,4.188,4.505,0.317,contango
2011-08-02,4.155,4.478,0.323,contango
2011-08-03,4.09,4.425,0.335,contango
2011-08-04,3.941,4.297,0.356,contango
2011-08-05,3.941,4.33,0.389,contango
2011-08-08,3.935,4.34,0.405,contango
2011-08-09,3.994,4.388,0.394,contango
2011-08-10,4.003,4.402,0.399,contango
2011-08-11,4.108,4.497,0.389,contango
2011-08-12,4.06,4.441,0.381,contango
2011-08-15,4.024,4.411,0.387,contango
2011-08-16,3.932,4.322,0.39,contango
2011-08-17,3.933,4.313,0.38,contango
2011-08-18,3.892,4.271,0.379,contango
2011-08-19,3.94,4.307,0.367,contango
2011-08-22,3.889,4.225,0.336,contango
2011-08-23,3.993,4.276,0.283,contango
2011-08-24,3.922,4.203,0.281,contango
2011-08-25,3.931,4.244,0.313,contango
2011-08-26,3.931,4.273,0.342,contango
2011-08-29,3.857,4.187,0.33,contango
2011-08-30,3.909,4.355,0.446,contango
2011-08-31,4.054,4.498,0.444,contango
2011-09-01,4.05,4.497,0.447,contango
2011-09-02,3.872,4.334,0.462,contango
2011-09-06,3.938,4.383,0.445,contango
2011-09-07,3.94,4.374,0.434,contango
2011-09-08,3.98,4.379,0.399,contango
2011-09-09,3.915,4.308,0.393,contango
2011-09-12,3.885,4.292,0.407,contango
2011-09-13,3.98,4.374,0.394,contango
2011-09-14,4.039,4.434,0.395,contango
2011-09-15,3.878,4.323,0.445,contango
2011-09-16,3.809,4.29,0.481,contango
2011-09-19,3.829,4.311,0.482,contango
2011-09-20,3.798,4.286,0.488,contango
2011-09-21,3.73,4.252,0.522,contango
2011-09-22,3.705,4.183,0.478,contango
2011-09-23,3.701,4.159,0.458,contango
2011-09-26,3.782,4.239,0.457,contango
2011-09-27,3.827,4.242,0.415,contango
2011-09-28,3.759,4.185,0.426,contango
2011-09-29,3.747,4.181,0.434,contango
2011-09-30,3.666,4.142,0.476,contango
2011-10-03,3.617,4.108,0.491,contango
2011-10-04,3.638,4.133,0.495,contango
2011-10-05,3.57,4.079,0.509,contango
2011-10-06,3.598,4.113,0.515,contango
2011-10-07,3.481,4.022,0.541,contango
2011-10-10,3.541,4.028,0.487,contango
2011-10-11,3.616,4.028,0.412,contango
2011-10-12,3.489,3.97,0.481,contango
2011-10-13,3.531,3.989,0.458,contango
2011-10-14,3.703,4.111,0.408,contango
2011-10-17,3.688,4.052,0.364,contango
2011-10-18,3.553,3.946,0.393,contango
2011-10-19,3.586,3.97,0.384,contango
2011-10-20,3.63,3.978,0.348,contango
2011-10-21,3.629,3.963,0.334,contango
2011-10-24,3.604,3.935,0.331,contango
2011-10-25,3.658,3.992,0.334,contango
2011-10-26,3.59,3.928,0.338,contango
2011-10-27,3.524,3.911,0.387,contango
2011-10-28,3.923,4.02,0.097,contango
2011-10-31,3.934,4.034,0.1,contango
2011-11-01,3.781,3.903,0.122,contango
2011-11-02,3.749,3.867,0.118,contango
2011-11-03,3.778,3.882,0.104,contango
2011-11-04,3.783,3.874,0.091,contango
2011-11-07,3.696,3.792,0.096,contango
2011-11-08,3.745,3.832,0.087,contango
2011-11-09,3.652,3.74,0.088,contango
2011-11-10,3.649,3.736,0.087,contango
2011-11-11,3.584,3.69,0.106,contango
2011-11-14,3.458,3.604,0.146,contango
2011-11-15,3.404,3.545,0.141,contango
2011-11-16,3.344,3.489,0.145,contango
2011-11-17,3.41,3.547,0.137,contango
2011-11-18,3.316,3.501,0.185,contango
2011-11-21,3.399,3.567,0.168,contango
2011-11-22,3.415,3.571,0.156,contango
2011-11-23,3.46,3.628,0.168,contango
2011-11-25,3.542,3.693,0.151,contango
2011-11-28,3.364,3.56,0.196,contango
2011-11-29,3.633,3.681,0.048,contango
2011-11-30,3.55,3.616,0.066,contango
2011-12-01,3.648,3.71,0.062,contango
2011-12-02,3.584,3.66,0.076,contango
2011-12-05,3.461,3.542,0.081,contango
2011-12-06,3.487,3.577,0.09,contango
2011-12-07,3.421,3.518,0.097,contango
2011-12-08,3.457,3.536,0.079,contango
2011-12-09,3.317,3.411,0.094,contango
2011-12-12,3.254,3.354,0.1,contango
2011-12-13,3.279,3.392,0.113,contango
2011-12-14,3.136,3.279,0.143,contango
2011-12-15,3.127,3.266,0.139,contango
2011-12-16,3.127,3.263,0.136,contango
2011-12-19,3.096,3.236,0.14,contango
2011-12-20,3.128,3.271,0.143,contango
2011-12-21,3.155,3.302,0.147,contango
2011-12-22,3.169,3.302,0.133,contango
2011-12-23,3.114,3.249,0.135,contango
2011-12-27,3.112,3.244,0.132,contango
2011-12-28,3.084,3.208,0.124,contango
2011-12-29,3.027,3.17,0.143,contango
2011-12-30,2.989,3.131,0.142,contango
2012-01-03,2.993,3.138,0.145,contango
2012-01-04,3.096,3.238,0.142,contango
2012-01-05,2.98,3.138,0.158,contango
2012-01-06,3.062,3.208,0.146,contango
2012-01-09,3.011,3.172,0.161,contango
2012-01-10,2.941,3.103,0.162,contango
2012-01-11,2.774,2.949,0.175,contango
2012-01-12,2.697,2.896,0.199,contango
2012-01-13,2.67,2.867,0.197,contango
2012-01-17,2.488,2.69,0.202,contango
2012-01-18,2.472,2.687,0.215,contango
2012-01-19,2.322,2.562,0.24,contango
2012-01-20,2.343,2.612,0.269,contango
2012-01-23,2.525,2.812,0.287,contango
2012-01-24,2.554,2.848,0.294,contango
2012-01-25,2.729,2.956,0.227,contango
2012-01-26,2.605,2.852,0.247,contango
2012-01-27,2.678,2.948,0.27,contango
2012-01-30,2.713,2.962,0.249,contango
2012-01-31,2.503,2.808,0.305,contango
2012-02-01,2.382,2.714,0.332,contango
2012-02-02,2.554,2.9,0.346,contango
2012-02-03,2.499,2.879,0.38,contango
2012-02-06,2.55,2.952,0.402,contango
2012-02-07,2.472,2.832,0.36,contango
2012-02-08,2.448,2.805,0.357,contango
2012-02-09,2.477,2.858,0.381,contango
2012-02-10,2.477,2.89,0.413,contango
2012-02-13,2.431,2.847,0.416,contango
2012-02-14,2.532,2.901,0.369,contango
2012-02-15,2.425,2.834,0.409,contango
2012-02-16,2.567,2.904,0.337,contango
2012-02-17,2.684,3.01,0.326,contango
2012-02-21,2.626,2.967,0.341,contango
2012-02-22,2.643,2.975,0.332,contango
2012-02-23,2.621,2.959,0.338,contango
2012-02-24,2.55,2.902,0.352,contango
2012-02-27,2.446,2.802,0.356,contango
2012-02-28,2.519,2.779,0.26,contango
2012-02-29,2.616,2.852,0.236,contango
2012-03-01,2.463,2.744,0.281,contango
2012-03-02,2.484,2.773,0.289,contango
2012-03-05,2.355,2.657,0.302,contango
2012-03-06,2.356,2.636,0.28,contango
2012-03-07,2.302,2.574,0.272,contango
2012-03-08,2.272,2.558,0.286,contango
2012-03-09,2.324,2.617,0.293,contango
2012-03-12,2.269,2.568,0.299,contango
2012-03-13,2.299,2.602,0.303,contango
2012-03-14,2.284,2.629,0.345,contango
2012-03-15,2.279,2.635,0.356,contango
2012-03-16,2.326,2.642,0.316,contango
2012-03-19,2.351,2.674,0.323,contango
2012-03-20,2.335,2.638,0.303,contango
2012-03-21,2.36,2.656,0.296,contango
2012-03-22,2.269,2.583,0.314,contango
2012-03-23,2.275,2.586,0.311,contango
2012-03-26,2.226,2.551,0.325,contango
2012-03-27,2.208,2.536,0.328,contango
2012-03-28,2.191,2.522,0.331,contango
2012-03-29,2.149,2.459,0.31,contango
2012-03-30,2.126,2.461,0.335,contango
2012-04-02,2.152,2.511,0.359,contango
2012-04-03,2.187,2.536,0.349,contango
2012-04-04,2.141,2.485,0.344,contango
2012-04-05,2.089,2.406,0.317,contango
2012-04-09,2.107,2.435,0.328,contango
2012-04-10,2.031,2.374,0.343,contango
2012-04-11,1.984,2.334,0.35,contango
2012-04-12,1.983,2.306,0.323,contango
2012-04-13,1.981,2.287,0.306,contango
2012-04-16,2.016,2.305,0.289,contango
2012-04-17,1.951,2.254,0.303,contango
2012-04-18,1.951,2.241,0.29,contango
2012-04-19,1.907,2.192,0.285,contango
2012-04-20,1.927,2.211,0.284,contango
2012-04-23,2.007,2.27,0.263,contango
2012-04-24,1.975,2.247,0.272,contango
2012-04-25,2.068,2.356,0.288,contango
2012-04-26,2.036,2.321,0.285,contango
2012-04-27,2.186,2.422,0.236,contango
2012-04-30,2.285,2.509,0.224,contango
2012-05-01,2.371,2.576,0.205,contango
2012-05-02,2.253,2.475,0.222,contango
2012-05-03,2.34,2.543,0.203,contango
2012-05-04,2.279,2.49,0.211,contango
2012-05-07,2.336,2.538,0.202,contango
2012-05-08,2.393,2.585,0.192,contango
2012-05-09,2.465,2.654,0.189,contango
2012-05-10,2.487,2.667,0.18,contango
2012-05-11,2.509,2.672,0.163,contango
2012-05-14,2.431,2.597,0.166,contango
2012-05-15,2.5,2.659,0.159,contango
2012-05-16,2.618,2.778,0.16,contango
2012-05-17,2.594,2.765,0.171,contango
2012-05-18,2.742,2.896,0.154,contango
2012-05-21,2.609,2.766,0.157,contango
2012-05-22,2.707,2.849,0.142,contango
2012-05-23,2.737,2.869,0.132,contango
2012-05-24,2.647,2.79,0.143,contango
2012-05-25,2.568,2.718,0.15,contango
2012-05-29,2.429,2.584,0.155,contango
2012-05-30,2.418,2.585,0.167,contango
2012-05-31,2.422,2.612,0.19,contango
2012-06-01,2.326,2.527,0.201,contango
2012-06-04,2.415,2.601,0.186,contango
2012-06-05,2.446,2.628,0.182,contango
2012-06-06,2.421,2.613,0.192,contango
2012-06-07,2.274,2.477,0.203,contango
2012-06-08,2.299,2.493,0.194,contango
2012-06-11,2.218,2.413,0.195,contango
2012-06-12,2.232,2.435,0.203,contango
2012-06-13,2.185,2.382,0.197,contango
2012-06-14,2.495,2.667,0.172,contango
2012-06-15,2.467,2.635,0.168,contango
2012-06-18,2.635,2.775,0.14,contango
2012-06-19,2.545,2.686,0.141,contango
2012-06-20,2.517,2.673,0.156,contango
2012-06-21,2.582,2.728,0.146,contango
2012-06-22,2.625,2.778,0.153,contango
2012-06-25,2.694,2.821,0.127,contango
2012-06-26,2.767,2.886,0.119,contango
2012-06-27,2.774,2.869,0.095,contango
2012-06-28,2.722,3.023,0.301,contango
2012-06-29,2.824,3.091,0.267,contango
2012-07-02,2.824,3.1,0.276,contango
2012-07-03,2.899,3.177,0.278,contango
2012-07-05,2.945,3.209,0.264,contango
2012-07-06,2.776,3.051,0.275,contango
2012-07-09,2.883,3.127,0.244,contango
2012-07-10,2.737,3.01,0.273,contango
2012-07-11,2.853,3.094,0.241,contango
2012-07-12,2.874,3.112,0.238,contango
2012-07-13,2.874,3.113,0.239,contango
2012-07-16,2.801,3.04,0.239,contango
2012-07-17,2.796,3.039,0.243,contango
2012-07-18,2.973,3.156,0.183,contango
2012-07-19,2.999,3.146,0.147,contango
2012-07-20,3.081,3.219,0.138,contango
2012-07-23,3.117,3.233,0.116,contango
2012-07-24,3.187,3.299,0.112,contango
2012-07-25,3.07,3.217,0.147,contango
2012-07-26,3.105,3.262,0.157,contango
2012-07-27,3.01,3.208,0.198,contango
2012-07-30,3.214,3.602,0.388,contango
2012-07-31,3.209,3.579,0.37,contango
2012-08-01,3.171,3.54,0.369,contango
2012-08-02,2.92,3.323,0.403,contango
2012-08-03,2.877,3.277,0.4,contango
2012-08-06,2.908,3.323,0.415,contango
2012-08-07,2.964,3.409,0.445,contango
2012-08-08,2.933,3.425,0.492,contango
2012-08-09,2.945,3.42,0.475,contango
2012-08-10,2.77,3.311,0.541,contango
2012-08-13,2.729,3.276,0.547,contango
2012-08-14,2.834,3.343,0.509,contango
2012-08-15,2.748,3.272,0.524,contango
2012-08-16,2.724,3.237,0.513,contango
2012-08-17,2.719,3.235,0.516,contango
2012-08-20,2.776,3.285,0.509,contango
2012-08-21,2.775,3.256,0.481,contango
2012-08-22,2.826,3.296,0.47,contango
2012-08-23,2.802,3.291,0.489,contango
2012-08-24,2.702,3.214,0.512,contango
2012-08-27,2.653,3.144,0.491,contango
2012-08-28,2.614,3.077,0.463,contango
2012-08-29,2.634,3.137,0.503,contango
2012-08-30,2.748,3.325,0.577,contango
2012-08-31,2.799,3.357,0.558,contango
2012-09-04,2.854,3.379,0.525,contango
2012-09-05,2.795,3.324,0.529,contango
2012-09-06,2.776,3.293,0.517,contango
2012-09-07,2.682,3.225,0.543,contango
2012-09-10,2.812,3.325,0.513,contango
2012-09-11,2.992,3.45,0.458,contango
2012-09-12,3.063,3.538,0.475,contango
2012-09-13,3.037,3.514,0.477,contango
2012-09-14,2.943,3.456,0.513,contango
2012-09-17,2.865,3.417,0.552,contango
2012-09-18,2.773,3.393,0.62,contango
2012-09-19,2.762,3.388,0.626,contango
2012-09-20,2.797,3.402,0.605,contango
2012-09-21,2.885,3.509,0.624,contango
2012-09-24,2.837,3.484,0.647,contango
2012-09-25,2.924,3.538,0.614,contango
2012-09-26,3.023,3.638,0.615,contango
2012-09-27,3.297,3.738,0.441,contango
2012-09-28,3.32,3.78,0.46,contango
2012-10-01,3.48,3.899,0.419,contango
2012-10-02,3.531,3.907,0.376,contango
2012-10-03,3.395,3.815,0.42,contango
2012-10-04,3.406,3.835,0.429,contango
2012-10-05,3.396,3.848,0.452,contango
2012-10-08,3.403,3.867,0.464,contango
2012-10-09,3.467,3.932,0.465,contango
2012-10-10,3.475,3.937,0.462,contango
2012-10-11,3.604,4.04,0.436,contango
2012-10-12,3.611,4.001,0.39,contango
2012-10-15,3.486,3.908,0.422,contango
2012-10-16,3.437,3.91,0.473,contango
2012-10-17,3.47,3.971,0.501,contango
2012-10-18,3.587,4.036,0.449,contango
2012-10-19,3.617,4.073,0.456,contango
2012-10-22,3.452,3.913,0.461,contango
2012-10-23,3.535,3.989,0.454,contango
2012-10-24,3.45,3.91,0.46,contango
2012-10-25,3.434,3.922,0.488,contango
2012-10-26,3.4,3.867,0.467,contango
2012-10-29,3.471,3.935,0.464,contango
2012-10-30,3.691,3.8,0.109,contango
2012-10-31,3.692,3.794,0.102,contango
2012-11-01,3.699,3.798,0.099,contango
2012-11-02,3.554,3.663,0.109,contango
2012-11-05,3.554,3.659,0.105,contango
2012-11-06,3.617,3.729,0.112,contango
2012-11-07,3.578,3.695,0.117,contango
2012-11-08,3.608,3.719,0.111,contango
2012-11-09,3.503,3.622,0.119,contango
2012-11-12,3.57,3.681,0.111,contango
2012-11-13,3.739,3.837,0.098,contango
2012-11-14,3.76,3.864,0.104,contango
2012-11-15,3.703,3.807,0.104,contango
2012-11-16,3.79,3.88,0.09,contango
2012-11-19,3.719,3.823,0.104,contango
2012-11-20,3.832,3.921,0.089,contango
2012-11-21,3.903,3.996,0.093,contango
2012-11-23,3.901,4.008,0.107,contango
2012-11-26,3.73,3.862,0.132,contango
2012-11-27,3.769,3.885,0.116,contango
2012-11-28,3.696,3.794,0.098,contango
2012-11-29,3.648,3.641,-0.007,backwardation
2012-11-30,3.561,3.57,0.009,contango
2012-12-03,3.591,3.601,0.01,contango
2012-12-04,3.539,3.555,0.016,contango
2012-12-05,3.7,3.705,0.005,contango
2012-12-06,3.666,3.681,0.015,contango
2012-12-07,3.551,3.592,0.041,contango
2012-12-10,3.46,3.515,0.055,contango
2012-12-11,3.412,3.471,0.059,contango
2012-12-12,3.382,3.444,0.062,contango
2012-12-13,3.347,3.438,0.091,contango
2012-12-14,3.314,3.42,0.106,contango
2012-12-17,3.358,3.444,0.086,contango
2012-12-18,3.418,3.499,0.081,contango
2012-12-19,3.32,3.427,0.107,contango
2012-12-20,3.462,3.55,0.088,contango
2012-12-21,3.451,3.535,0.084,contango
2012-12-24,3.346,3.446,0.1,contango
2012-12-26,3.392,3.474,0.082,contango
2012-12-27,3.354,3.458,0.104,contango
2012-12-28,3.469,3.559,0.09,contango
2012-12-31,3.351,3.453,0.102,contango
2013-01-02,3.233,3.349,0.116,contango
2013-01-03,3.198,3.306,0.108,contango
2013-01-04,3.287,3.393,0.106,contango
2013-01-07,3.266,3.374,0.108,contango
2013-01-08,3.218,3.33,0.112,contango
2013-01-09,3.113,3.241,0.128,contango
2013-01-10,3.193,3.315,0.122,contango
2013-01-11,3.327,3.425,0.098,contango
2013-01-14,3.373,3.464,0.091,contango
2013-01-15,3.455,3.522,0.067,contango
2013-01-16,3.435,3.513,0.078,contango
2013-01-17,3.494,3.571,0.077,contango
2013-01-18,3.566,3.636,0.07,contango
2013-01-22,3.558,3.634,0.076,contango
2013-01-23,3.554,3.637,0.083,contango
2013-01-24,3.446,3.549,0.103,contango
2013-01-25,3.444,3.561,0.117,contango
2013-01-28,3.289,3.414,0.125,contango
2013-01-29,3.226,3.371,0.145,contango
2013-01-30,3.335,3.506,0.171,contango
2013-01-31,3.339,3.515,0.176,contango
2013-02-01,3.301,3.478,0.177,contango
2013-02-04,3.315,3.499,0.184,contango
2013-02-05,3.399,3.576,0.177,contango
2013-02-06,3.418,3.582,0.164,contango
2013-02-07,3.285,3.474,0.189,contango
2013-02-08,3.272,3.471,0.199,contango
2013-02-11,3.279,3.478,0.199,contango
2013-02-12,3.23,3.422,0.192,contango
2013-02-13,3.306,3.493,0.187,contango
2013-02-14,3.163,3.363,0.2,contango
2013-02-15,3.153,3.346,0.193,contango
2013-02-19,3.272,3.447,0.175,contango
2013-02-20,3.279,3.445,0.166,contango
2013-02-21,3.246,3.415,0.169,contango
2013-02-22,3.291,3.461,0.17,contango
2013-02-25,3.414,3.573,0.159,contango
2013-02-26,3.427,3.554,0.127,contango
2013-02-27,3.434,3.583,0.149,contango
2013-02-28,3.486,3.634,0.148,contango
2013-03-01,3.456,3.612,0.156,contango
2013-03-04,3.529,3.672,0.143,contango
2013-03-05,3.529,3.676,0.147,contango
2013-03-06,3.47,3.624,0.154,contango
2013-03-07,3.582,3.724,0.142,contango
2013-03-08,3.629,3.77,0.141,contango
2013-03-11,3.649,3.787,0.138,contango
2013-03-12,3.645,3.778,0.133,contango
2013-03-13,3.68,3.809,0.129,contango
2013-03-14,3.812,3.933,0.121,contango
2013-03-15,3.872,3.995,0.123,contango
2013-03-18,3.882,4.001,0.119,contango
2013-03-19,3.969,4.074,0.105,contango
2013-03-20,3.96,4.059,0.099,contango
2013-03-21,3.935,4.038,0.103,contango
2013-03-22,3.927,4.038,0.111,contango
2013-03-25,3.865,3.977,0.112,contango
2013-03-26,3.976,4.076,0.1,contango
2013-03-27,4.068,4.167,0.099,contango
2013-03-28,4.024,4.13,0.106,contango
2013-04-01,4.015,4.13,0.115,contango
2013-04-02,3.969,4.092,0.123,contango
2013-04-03,3.9,4.023,0.123,contango
2013-04-04,3.947,4.062,0.115,contango
2013-04-05,4.125,4.224,0.099,contango
2013-04-08,4.082,4.187,0.105,contango
2013-04-09,4.017,4.128,0.111,contango
2013-04-10,4.085,4.191,0.106,contango
2013-04-11,4.139,4.248,0.109,contango
2013-04-12,4.222,4.333,0.111,contango
2013-04-15,4.137,4.243,0.106,contango
2013-04-16,4.16,4.256,0.096,contango
2013-04-17,4.214,4.316,0.102,contango
2013-04-18,4.401,4.492,0.091,contango
2013-04-19,4.408,4.5,0.092,contango
2013-04-22,4.267,4.36,0.093,contango
2013-04-23,4.238,4.344,0.106,contango
2013-04-24,4.166,4.266,0.1,contango
2013-04-25,4.167,4.264,0.097,contango
2013-04-26,4.152,4.29,0.138,contango
2013-04-29,4.392,4.459,0.067,contango
2013-04-30,4.343,4.414,0.071,contango
2013-05-01,4.326,4.402,0.076,contango
2013-05-02,4.025,4.103,0.078,contango
2013-05-03,4.041,4.117,0.076,contango
2013-05-06,4.011,4.09,0.079,contango
2013-05-07,3.92,4.003,0.083,contango
2013-05-08,3.978,4.059,0.081,contango
2013-05-09,3.983,4.06,0.077,contango
2013-05-10,3.91,3.982,0.072,contango
2013-05-13,3.925,3.992,0.067,contango
2013-05-14,4.024,4.084,0.06,contango
2013-05-15,4.07,4.13,0.06,contango
2013-05-16,3.932,4.003,0.071,contango
2013-05-17,4.055,4.124,0.069,contango
2013-05-20,4.09,4.164,0.074,contango
2013-05-21,4.192,4.256,0.064,contango
2013-05-22,4.186,4.249,0.063,contango
2013-05-23,4.261,4.311,0.05,contango
2013-05-24,4.237,4.294,0.057,contango
2013-05-28,4.174,4.236,0.062,contango
2013-05-29,4.148,4.195,0.047,contango
2013-05-30,4.023,4.052,0.029,contango
2013-05-31,3.984,4.01,0.026,contango
2013-06-03,3.991,4.012,0.021,contango
2013-06-04,3.998,4.021,0.023,contango
2013-06-05,4.001,4.023,0.022,contango
2013-06-06,3.827,3.856,0.029,contango
2013-06-07,3.828,3.866,0.038,contango
2013-06-10,3.8,3.84,0.04,contango
2013-06-11,3.724,3.762,0.038,contango
2013-06-12,3.777,3.816,0.039,contango
2013-06-13,3.814,3.855,0.041,contango
2013-06-14,3.733,3.776,0.043,contango
2013-06-17,3.875,3.908,0.033,contango
2013-06-18,3.905,3.934,0.029,contango
2013-06-19,3.963,3.988,0.025,contango
2013-06-20,3.877,3.908,0.031,contango
2013-06-21,3.771,3.804,0.033,contango
2013-06-24,3.739,3.772,0.033,contango
2013-06-25,3.647,3.684,0.037,contango
2013-06-26,3.707,3.748,0.041,contango
2013-06-27,3.582,3.669,0.087,contango
2013-06-28,3.565,3.646,0.081,contango
2013-07-01,3.577,3.661,0.084,contango
2013-07-02,3.654,3.738,0.084,contango
2013-07-03,3.69,3.774,0.084,contango
2013-07-05,3.617,3.706,0.089,contango
2013-07-08,3.741,3.822,0.081,contango
2013-07-09,3.657,3.748,0.091,contango
2013-07-10,3.68,3.77,0.09,contango
2013-07-11,3.613,3.705,0.092,contango
2013-07-12,3.644,3.737,0.093,contango
2013-07-15,3.674,3.761,0.087,contango
2013-07-16,3.677,3.763,0.086,contango
2013-07-17,3.629,3.72,0.091,contango
2013-07-18,3.812,3.884,0.072,contango
2013-07-19,3.789,3.863,0.074,contango
2013-07-22,3.677,3.761,0.084,contango
2013-07-23,3.743,3.83,0.087,contango
2013-07-24,3.698,3.787,0.089,contango
2013-07-25,3.644,3.742,0.098,contango
2013-07-26,3.555,3.664,0.109,contango
2013-07-29,3.459,3.586,0.127,contango
2013-07-30,3.432,3.733,0.301,contango
2013-07-31,3.446,3.752,0.306,contango
2013-08-01,3.387,3.707,0.32,contango
2013-08-02,3.347,3.668,0.321,contango
2013-08-05,3.319,3.643,0.324,contango
2013-08-06,3.318,3.636,0.318,contango
2013-08-07,3.247,3.578,0.331,contango
2013-08-08,3.297,3.624,0.327,contango
2013-08-09,3.23,3.574,0.344,contango
2013-08-12,3.31,3.648,0.338,contango
2013-08-13,3.285,3.623,0.338,contango
2013-08-14,3.342,3.669,0.327,contango
2013-08-15,3.419,3.742,0.323,contango
2013-08-16,3.368,3.697,0.329,contango
2013-08-19,3.463,3.788,0.325,contango
2013-08-20,3.444,3.78,0.336,contango
2013-08-21,3.46,3.795,0.335,contango
2013-08-22,3.545,3.87,0.325,contango
2013-08-23,3.485,3.814,0.329,contango
2013-08-26,3.513,3.835,0.322,contango
2013-08-27,3.534,3.851,0.317,contango
2013-08-28,3.567,3.851,0.284,contango
2013-08-29,3.618,3.958,0.34,contango
2013-08-30,3.581,3.926,0.345,contango
2013-09-03,3.666,3.985,0.319,contango
2013-09-04,3.683,3.994,0.311,contango
2013-09-05,3.575,3.912,0.337,contango
2013-09-06,3.53,3.866,0.336,contango
2013-09-09,3.605,3.921,0.316,contango
2013-09-10,3.584,3.907,0.323,contango
2013-09-11,3.567,3.883,0.316,contango
2013-09-12,3.638,3.943,0.305,contango
2013-09-13,3.677,3.989,0.312,contango
2013-09-16,3.738,4.041,0.303,contango
2013-09-17,3.745,4.054,0.309,contango
2013-09-18,3.713,4.033,0.32,contango
2013-09-19,3.72,4.05,0.33,contango
2013-09-20,3.687,4.024,0.337,contango
2013-09-23,3.602,3.941,0.339,contango
2013-09-24,3.492,3.831,0.339,contango
2013-09-25,3.493,3.817,0.324,contango
2013-09-26,3.498,3.853,0.355,contango
2013-09-27,3.589,3.878,0.289,contango
2013-09-30,3.56,3.837,0.277,contango
2013-10-01,3.609,3.868,0.259,contango
2013-10-02,3.542,3.81,0.268,contango
2013-10-03,3.499,3.779,0.28,contango
2013-10-04,3.506,3.791,0.285,contango
2013-10-07,3.629,3.902,0.273,contango
2013-10-08,3.716,3.973,0.257,contango
2013-10-09,3.679,3.947,0.268,contango
2013-10-10,3.723,3.98,0.257,contango
2013-10-11,3.776,4.026,0.25,contango
2013-10-14,3.82,4.064,0.244,contango
2013-10-15,3.79,4.032,0.242,contango
2013-10-16,3.769,3.998,0.229,contango
2013-10-17,3.757,3.979,0.222,contango
2013-10-18,3.764,3.992,0.228,contango
2013-10-21,3.668,3.893,0.225,contango
2013-10-22,3.581,3.808,0.227,contango
2013-10-23,3.619,3.824,0.205,contango
2013-10-24,3.629,3.832,0.203,contango
2013-10-25,3.707,3.891,0.184,contango
2013-10-28,3.569,3.748,0.179,contango
2013-10-29,3.496,3.724,0.228,contango
2013-10-30,3.62,3.708,0.088,contango
2013-10-31,3.581,3.658,0.077,contango
2013-11-01,3.513,3.587,0.074,contango
2013-11-04,3.445,3.523,0.078,contango
2013-11-05,3.466,3.558,0.092,contango
2013-11-06,3.498,3.572,0.074,contango
2013-11-07,3.519,3.574,0.055,contango
2013-11-08,3.559,3.615,0.056,contango
2013-11-11,3.574,3.621,0.047,contango
2013-11-12,3.617,3.662,0.045,contango
2013-11-13,3.566,3.614,0.048,contango
2013-11-14,3.605,3.65,0.045,contango
2013-11-15,3.66,3.703,0.043,contango
2013-11-18,3.617,3.664,0.047,contango
2013-11-19,3.556,3.607,0.051,contango
2013-11-20,3.674,3.71,0.036,contango
2013-11-21,3.702,3.735,0.033,contango
2013-11-22,3.768,3.801,0.033,contango
2013-11-25,3.789,3.84,0.051,contango
2013-11-26,3.818,3.865,0.047,contango
2013-11-27,3.895,3.855,-0.04,backwardation
2013-11-29,3.954,3.902,-0.052,backwardation
2013-12-02,3.988,3.92,-0.068,backwardation
2013-12-03,3.976,3.918,-0.058,backwardation
2013-12-04,3.96,3.912,-0.048,backwardation
2013-12-05,4.132,4.016,-0.116,backwardation
2013-12-06,4.114,4.036,-0.078,backwardation
2013-12-09,4.232,4.125,-0.107,backwardation
2013-12-10,4.237,4.128,-0.109,backwardation
2013-12-11,4.337,4.163,-0.174,backwardation
2013-12-12,4.409,4.17,-0.239,backwardation
2013-12-13,4.351,4.138,-0.213,backwardation
2013-12-16,4.279,4.14,-0.139,backwardation
2013-12-17,4.287,4.145,-0.142,backwardation
2013-12-18,4.251,4.115,-0.136,backwardation
2013-12-19,4.46,4.214,-0.246,backwardation
2013-12-20,4.418,4.175,-0.243,backwardation
2013-12-23,4.463,4.192,-0.271,backwardation
2013-12-24,4.416,4.172,-0.244,backwardation
2013-12-26,4.433,4.22,-0.213,backwardation
2013-12-27,4.407,4.178,-0.229,backwardation
2013-12-30,4.427,4.222,-0.205,backwardation
2013-12-31,4.23,4.095,-0.135,backwardation
2014-01-02,4.321,4.171,-0.15,backwardation
2014-01-03,4.304,4.156,-0.148,backwardation
2014-01-06,4.306,4.166,-0.14,backwardation
2014-01-07,4.299,4.138,-0.161,backwardation
2014-01-08,4.216,4.044,-0.172,backwardation
2014-01-09,4.005,3.888,-0.117,backwardation
2014-01-10,4.053,3.894,-0.159,backwardation
2014-01-13,4.274,4.035,-0.239,backwardation
2014-01-14,4.369,4.091,-0.278,backwardation
2014-01-15,4.325,4.064,-0.261,backwardation
2014-01-16,4.382,4.092,-0.29,backwardation
2014-01-17,4.326,4.068,-0.258,backwardation
2014-01-20,4.326,4.068,-0.258,backwardation
2014-01-21,4.431,4.166,-0.265,backwardation
2014-01-22,4.689,4.245,-0.444,backwardation
2014-01-23,4.73,4.257,-0.473,backwardation
2014-01-24,5.182,4.326,-0.856,backwardation
2014-01-27,4.847,4.234,-0.613,backwardation
2014-01-28,5.033,4.321,-0.712,backwardation
2014-01-29,5.557,4.452,-1.105,backwardation
2014-01-30,5.011,4.302,-0.709,backwardation
2014-01-31,4.943,4.396,-0.547,backwardation
2014-02-03,4.905,4.469,-0.436,backwardation
2014-02-04,5.375,4.59,-0.785,backwardation
2014-02-05,5.03,4.5,-0.53,backwardation
2014-02-06,4.931,4.533,-0.398,backwardation
2014-02-07,4.775,4.512,-0.263,backwardation
2014-02-10,4.579,4.421,-0.158,backwardation
2014-02-11,4.824,4.562,-0.262,backwardation
2014-02-12,4.822,4.553,-0.269,backwardation
2014-02-13,5.223,4.61,-0.613,backwardation
2014-02-14,5.214,4.548,-0.666,backwardation
2014-02-17,5.214,4.548,-0.666,backwardation
2014-02-18,5.551,4.675,-0.876,backwardation
2014-02-19,6.149,4.762,-1.387,backwardation
2014-02-20,6.064,4.679,-1.385,backwardation
2014-02-21,6.135,4.773,-1.362,backwardation
2014-02-24,5.445,4.544,-0.901,backwardation
2014-02-25,5.096,4.583,-0.513,backwardation
2014-02-26,4.855,4.484,-0.371,backwardation
2014-02-27,4.511,4.529,0.018,contango
2014-02-28,4.609,4.599,-0.01,backwardation
2014-03-03,4.492,4.513,0.021,contango
2014-03-04,4.667,4.634,-0.033,backwardation
2014-03-05,4.523,4.539,0.016,contango
2014-03-06,4.662,4.653,-0.009,backwardation
2014-03-07,4.618,4.622,0.004,contango
2014-03-10,4.651,4.636,-0.015,backwardation
2014-03-11,4.605,4.602,-0.003,backwardation
2014-03-12,4.49,4.508,0.018,contango
2014-03-13,4.383,4.424,0.041,contango
2014-03-14,4.425,4.473,0.048,contango
2014-03-17,4.536,4.554,0.018,contango
2014-03-18,4.456,4.492,0.036,contango
2014-03-19,4.484,4.526,0.042,contango
2014-03-20,4.369,4.418,0.049,contango
2014-03-21,4.313,4.367,0.054,contango
2014-03-24,4.276,4.343,0.067,contango
2014-03-25,4.411,4.479,0.068,contango
2014-03-26,4.402,4.461,0.059,contango
2014-03-27,4.584,4.6,0.016,contango
2014-03-28,4.485,4.556,0.071,contango
2014-03-31,4.371,4.442,0.071,contango
2014-04-01,4.276,4.348,0.072,contango
2014-04-02,4.364,4.435,0.071,contango
2014-04-03,4.47,4.537,0.067,contango
2014-04-04,4.439,4.505,0.066,contango
2014-04-07,4.476,4.538,0.062,contango
2014-04-08,4.534,4.583,0.049,contango
2014-04-09,4.586,4.619,0.033,contango
2014-04-10,4.655,4.704,0.049,contango
2014-04-11,4.62,4.67,0.05,contango
2014-04-14,4.56,4.619,0.059,contango
2014-04-15,4.567,4.624,0.057,contango
2014-04-16,4.53,4.589,0.059,contango
2014-04-17,4.741,4.771,0.03,contango
2014-04-21,4.697,4.737,0.04,contango
2014-04-22,4.739,4.782,0.043,contango
2014-04-23,4.73,4.772,0.042,contango
2014-04-24,4.705,4.751,0.046,contango
2014-04-25,4.647,4.683,0.036,contango
2014-04-28,4.795,4.809,0.014,contango
2014-04-29,4.831,4.82,-0.011,backwardation
2014-04-30,4.815,4.813,-0.002,backwardation
2014-05-01,4.719,4.724,0.005,contango
2014-05-02,4.674,4.679,0.005,contango
2014-05-05,4.688,4.689,0.001,contango
2014-05-06,4.799,4.786,-0.013,backwardation
2014-05-07,4.74,4.724,-0.016,backwardation
2014-05-08,4.572,4.553,-0.019,backwardation
2014-05-09,4.531,4.508,-0.023,backwardation
2014-05-12,4.434,4.413,-0.021,backwardation
2014-05-13,4.358,4.335,-0.023,backwardation
2014-05-14,4.367,4.342,-0.025,backwardation
2014-05-15,4.469,4.443,-0.026,backwardation
2014-05-16,4.413,4.388,-0.025,backwardation
2014-05-19,4.47,4.433,-0.037,backwardation
2014-05-20,4.552,4.507,-0.045,backwardation
2014-05-21,4.473,4.432,-0.041,backwardation
2014-05-22,4.359,4.316,-0.043,backwardation
2014-05-23,4.405,4.363,-0.042,backwardation
2014-05-27,4.505,4.459,-0.046,backwardation
2014-05-28,4.619,4.554,-0.065,backwardation
2014-05-29,4.559,4.498,-0.061,backwardation
2014-05-30,4.542,4.487,-0.055,backwardation
2014-06-02,4.612,4.563,-0.049,backwardation
2014-06-03,4.629,4.583,-0.046,backwardation
2014-06-04,4.64,4.596,-0.044,backwardation
2014-06-05,4.701,4.645,-0.056,backwardation
2014-06-06,4.71,4.666,-0.044,backwardation
2014-06-09,4.645,4.611,-0.034,backwardation
2014-06-10,4.53,4.508,-0.022,backwardation
2014-06-11,4.508,4.495,-0.013,backwardation
2014-06-12,4.762,4.736,-0.026,backwardation
2014-06-13,4.739,4.733,-0.006,backwardation
2014-06-16,4.707,4.704,-0.003,backwardation
2014-06-17,4.709,4.702,-0.007,backwardation
2014-06-18,4.659,4.654,-0.005,backwardation
2014-06-20,4.531,4.537,0.006,contango
2014-06-23,4.446,4.459,0.013,contango
2014-06-24,4.535,4.529,-0.006,backwardation
2014-06-25,4.553,4.541,-0.012,backwardation
2014-06-26,4.4,4.416,0.016,contango
2014-06-27,4.409,4.419,0.01,contango
2014-06-30,4.461,4.464,0.003,contango
2014-07-01,4.455,4.461,0.006,contango
2014-07-02,4.357,4.38,0.023,contango
2014-07-03,4.406,4.424,0.018,contango
2014-07-07,4.225,4.259,0.034,contango
2014-07-08,4.204,4.235,0.031,contango
2014-07-09,4.17,4.209,0.039,contango
2014-07-10,4.12,4.163,0.043,contango
2014-07-11,4.146,4.186,0.04,contango
2014-07-14,4.147,4.185,0.038,contango
2014-07-15,4.097,4.139,0.042,contango
2014-07-16,4.119,4.159,0.04,contango
2014-07-17,3.954,4.012,0.058,contango
2014-07-18,3.951,4.009,0.058,contango
2014-07-21,3.849,3.922,0.073,contango
2014-07-22,3.772,3.847,0.075,contango
2014-07-23,3.762,3.839,0.077,contango
2014-07-24,3.847,3.906,0.059,contango
2014-07-25,3.781,3.847,0.066,contango
2014-07-28,3.747,3.824,0.077,contango
2014-07-29,3.808,3.884,0.076,contango
2014-07-30,3.786,3.939,0.153,contango
2014-07-31,3.841,4.005,0.164,contango
2014-08-01,3.798,3.967,0.169,contango
2014-08-04,3.834,4.011,0.177,contango
2014-08-05,3.897,4.078,0.181,contango
2014-08-06,3.933,4.112,0.179,contango
2014-08-07,3.876,4.049,0.173,contango
2014-08-08,3.962,4.129,0.167,contango
2014-08-11,3.965,4.134,0.169,contango
2014-08-12,3.974,4.153,0.179,contango
2014-08-13,3.831,4.031,0.2,contango
2014-08-14,3.906,4.09,0.184,contango
2014-08-15,3.776,3.977,0.201,contango
2014-08-18,3.792,3.999,0.207,contango
2014-08-19,3.877,4.071,0.194,contango
2014-08-20,3.823,4.03,0.207,contango
2014-08-21,3.889,4.102,0.213,contango
2014-08-22,3.84,4.062,0.222,contango
2014-08-25,3.937,4.15,0.213,contango
2014-08-26,3.911,4.119,0.208,contango
2014-08-27,3.957,4.16,0.203,contango
2014-08-28,4.044,4.258,0.214,contango
2014-08-29,4.065,4.266,0.201,contango
2014-09-02,3.89,4.092,0.202,contango
2014-09-03,3.847,4.05,0.203,contango
2014-09-04,3.819,4.027,0.208,contango
2014-09-05,3.793,4.014,0.221,contango
2014-09-08,3.876,4.086,0.21,contango
2014-09-09,3.984,4.173,0.189,contango
2014-09-10,3.954,4.149,0.195,contango
2014-09-11,3.823,4.027,0.204,contango
2014-09-12,3.857,4.059,0.202,contango
2014-09-15,3.931,4.149,0.218,contango
2014-09-16,3.995,4.222,0.227,contango
2014-09-17,4.013,4.229,0.216,contango
2014-09-18,3.91,4.126,0.216,contango
2014-09-19,3.837,4.063,0.226,contango
2014-09-22,3.85,4.068,0.218,contango
2014-09-23,3.816,4.037,0.221,contango
2014-09-24,3.911,4.126,0.215,contango
2014-09-25,3.971,4.169,0.198,contango
2014-09-26,3.984,4.187,0.203,contango
2014-09-29,4.154,4.274,0.12,contango
2014-09-30,4.121,4.236,0.115,contango
2014-10-03,4.039,4.17,0.131,contango
2014-10-06,3.898,4.055,0.157,contango
2014-10-07,3.957,4.124,0.167,contango
2014-10-08,3.855,4.027,0.172,contango
2014-10-09,3.845,4.013,0.168,contango
2014-10-10,3.859,4.026,0.167,contango
2014-10-13,3.916,4.072,0.156,contango
2014-10-14,3.816,3.972,0.156,contango
2014-10-15,3.8,3.956,0.156,contango
2014-10-16,3.796,3.963,0.167,contango
2014-10-17,3.766,3.946,0.18,contango
2014-10-20,3.67,3.847,0.177,contango
2014-10-21,3.711,3.876,0.165,contango
2014-10-22,3.659,3.823,0.164,contango
2014-10-23,3.622,3.787,0.165,contango
2014-10-24,3.623,3.782,0.159,contango
2014-10-27,3.561,3.719,0.158,contango
2014-10-28,3.649,3.809,0.16,contango
2014-10-29,3.728,3.866,0.138,contango
2014-10-30,3.827,3.831,0.004,contango
2014-10-31,3.873,3.881,0.008,contango
2014-11-03,4.046,4.062,0.016,contango
2014-11-04,4.129,4.131,0.002,contango
2014-11-05,4.194,4.167,-0.027,backwardation
2014-11-06,4.404,4.316,-0.088,backwardation
2014-11-07,4.412,4.353,-0.059,backwardation
2014-11-10,4.255,4.203,-0.052,backwardation
2014-11-11,4.247,4.194,-0.053,backwardation
2014-11-12,4.185,4.148,-0.037,backwardation
2014-11-13,3.977,3.98,0.003,contango
2014-11-14,4.02,4.015,-0.005,backwardation
2014-11-17,4.341,4.293,-0.048,backwardation
2014-11-18,4.244,4.256,0.012,contango
2014-11-19,4.371,4.397,0.026,contango
2014-11-20,4.489,4.514,0.025,contango
2014-11-21,4.266,4.307,0.041,contango
2014-11-24,4.151,4.214,0.063,contango
2014-11-25,4.282,4.298,0.016,contango
2014-11-26,4.355,3.752,-0.603,backwardation
2014-11-28,4.088,3.654,-0.434,backwardation
2014-12-01,4.007,3.648,-0.359,backwardation
2014-12-02,3.874,3.568,-0.306,backwardation
2014-12-03,3.805,3.514,-0.291,backwardation
2014-12-04,3.649,3.419,-0.23,backwardation
2014-12-05,3.802,3.528,-0.274,backwardation
2014-12-08,3.595,3.401,-0.194,backwardation
2014-12-09,3.652,3.444,-0.208,backwardation
2014-12-10,3.706,3.485,-0.221,backwardation
2014-12-11,3.634,3.441,-0.193,backwardation
2014-12-12,3.795,3.53,-0.265,backwardation
2014-12-15,3.719,3.479,-0.24,backwardation
2014-12-16,3.619,3.405,-0.214,backwardation
2014-12-17,3.702,3.451,-0.251,backwardation
2014-12-18,3.642,3.419,-0.223,backwardation
2014-12-19,3.464,3.284,-0.18,backwardation
2014-12-22,3.144,3.089,-0.055,backwardation
2014-12-23,3.171,3.12,-0.051,backwardation
2014-12-24,3.03,3.026,-0.004,backwardation
2014-12-26,3.007,2.993,-0.014,backwardation
2014-12-29,3.189,3.119,-0.07,backwardation
2014-12-30,3.094,3.051,-0.043,backwardation
2014-12-31,2.889,2.904,0.015,contango
2015-01-02,3.003,2.967,-0.036,backwardation
2015-01-05,2.882,2.86,-0.022,backwardation
2015-01-06,2.938,2.887,-0.051,backwardation
2015-01-07,2.871,2.849,-0.022,backwardation
2015-01-08,2.927,2.911,-0.016,backwardation
2015-01-09,2.946,2.948,0.002,contango
2015-01-12,2.795,2.808,0.013,contango
2015-01-13,2.943,2.916,-0.027,backwardation
2015-01-14,3.233,3.12,-0.113,backwardation
2015-01-15,3.158,3.043,-0.115,backwardation
2015-01-16,3.127,3.024,-0.103,backwardation
2015-01-20,2.831,2.821,-0.01,backwardation
2015-01-21,2.974,2.925,-0.049,backwardation
2015-01-22,2.835,2.845,0.01,contango
2015-01-23,2.986,2.946,-0.04,backwardation
2015-01-26,2.881,2.864,-0.017,backwardation
2015-01-27,2.981,2.938,-0.043,backwardation
2015-01-28,2.866,2.858,-0.008,backwardation
2015-01-29,2.719,2.79,0.071,contango
2015-01-30,2.691,2.755,0.064,contango
2015-02-02,2.68,2.749,0.069,contango
2015-02-03,2.754,2.825,0.071,contango
2015-02-04,2.662,2.748,0.086,contango
2015-02-05,2.6,2.694,0.094,contango
2015-02-06,2.579,2.695,0.116,contango
2015-02-09,2.597,2.724,0.127,contango
2015-02-10,2.677,2.796,0.119,contango
2015-02-11,2.797,2.885,0.088,contango
2015-02-12,2.713,2.819,0.106,contango
2015-02-13,2.804,2.894,0.09,contango
2015-02-17,2.759,2.859,0.1,contango
2015-02-18,2.831,2.93,0.099,contango
2015-02-19,2.834,2.953,0.119,contango
2015-02-20,2.951,3.037,0.086,contango
2015-02-23,2.879,2.959,0.08,contango
2015-02-24,2.902,2.951,0.049,contango
2015-02-25,2.894,2.926,0.032,contango
2015-02-26,2.697,2.834,0.137,contango
2015-02-27,2.734,2.864,0.13,contango
2015-03-02,2.698,2.833,0.135,contango
2015-03-03,2.712,2.847,0.135,contango
2015-03-04,2.769,2.896,0.127,contango
2015-03-05,2.841,2.966,0.125,contango
2015-03-06,2.839,2.957,0.118,contango
2015-03-09,2.678,2.805,0.127,contango
2015-03-10,2.732,2.852,0.12,contango
2015-03-11,2.824,2.932,0.108,contango
2015-03-12,2.734,2.855,0.121,contango
2015-03-13,2.727,2.854,0.127,contango
2015-03-16,2.716,2.843,0.127,contango
2015-03-17,2.855,2.961,0.106,contango
2015-03-18,2.92,3.022,0.102,contango
2015-03-19,2.813,2.929,0.116,contango
2015-03-20,2.786,2.906,0.12,contango
2015-03-23,2.733,2.864,0.131,contango
2015-03-24,2.786,2.909,0.123,contango
2015-03-25,2.723,2.845,0.122,contango
2015-03-26,2.672,2.795,0.123,contango
2015-03-27,2.59,2.748,0.158,contango
2015-03-30,2.644,2.784,0.14,contango
2015-03-31,2.64,2.782,0.142,contango
2015-04-01,2.605,2.747,0.142,contango
2015-04-02,2.713,2.847,0.134,contango
2015-04-06,2.65,2.787,0.137,contango
2015-04-07,2.68,2.815,0.135,contango
2015-04-08,2.619,2.756,0.137,contango
2015-04-09,2.528,2.667,0.139,contango
2015-04-10,2.511,2.644,0.133,contango
2015-04-13,2.511,2.629,0.118,contango
2015-04-14,2.53,2.651,0.121,contango
2015-04-15,2.61,2.725,0.115,contango
2015-04-16,2.684,2.801,0.117,contango
2015-04-17,2.634,2.76,0.126,contango
2015-04-20,2.536,2.667,0.131,contango
2015-04-21,2.575,2.711,0.136,contango
2015-04-22,2.606,2.746,0.14,contango
2015-04-23,2.531,2.66,0.129,contango
2015-04-24,2.531,2.656,0.125,contango
2015-04-27,2.49,2.597,0.107,contango
2015-04-28,2.517,2.617,0.1,contango
2015-04-29,2.606,2.694,0.088,contango
2015-04-30,2.751,2.828,0.077,contango
2015-05-01,2.776,2.856,0.08,contango
2015-05-04,2.821,2.905,0.084,contango
2015-05-05,2.78,2.87,0.09,contango
2015-05-06,2.776,2.863,0.087,contango
2015-05-07,2.734,2.823,0.089,contango
2015-05-08,2.88,2.955,0.075,contango
2015-05-11,2.802,2.876,0.074,contango
2015-05-12,2.897,2.972,0.075,contango
2015-05-13,2.935,3.008,0.073,contango
2015-05-14,3.008,3.077,0.069,contango
2015-05-15,3.016,3.085,0.069,contango
2015-05-18,3.01,3.08,0.07,contango
2015-05-19,2.948,3.013,0.065,contango
2015-05-20,2.915,2.982,0.067,contango
2015-05-21,2.949,3.017,0.068,contango
2015-05-22,2.887,2.939,0.052,contango
2015-05-26,2.822,2.87,0.048,contango
2015-05-27,2.815,2.87,0.055,contango
2015-05-28,2.706,2.778,0.072,contango
2015-05-29,2.642,2.714,0.072,contango
2015-06-01,2.649,2.728,0.079,contango
2015-06-02,2.698,2.773,0.075,contango
2015-06-03,2.634,2.713,0.079,contango
2015-06-04,2.626,2.704,0.078,contango
2015-06-05,2.59,2.671,0.081,contango
2015-06-08,2.705,2.786,0.081,contango
2015-06-09,2.846,2.922,0.076,contango
2015-06-10,2.891,2.961,0.07,contango
2015-06-11,2.825,2.9,0.075,contango
2015-06-12,2.75,2.826,0.076,contango
2015-06-15,2.889,2.954,0.065,contango
2015-06-16,2.894,2.958,0.064,contango
2015-06-17,2.855,2.927,0.072,contango
2015-06-18,2.777,2.848,0.071,contango
2015-06-19,2.816,2.884,0.068,contango
2015-06-22,2.733,2.81,0.077,contango
2015-06-23,2.726,2.796,0.07,contango
2015-06-24,2.759,2.829,0.07,contango
2015-06-25,2.85,2.905,0.055,contango
2015-06-26,2.773,2.814,0.041,contango
2015-06-29,2.805,2.947,0.142,contango
2015-06-30,2.832,2.965,0.133,contango
2015-07-01,2.783,2.932,0.149,contango
2015-07-02,2.822,2.972,0.15,contango
2015-07-06,2.756,2.906,0.15,contango
2015-07-07,2.716,2.871,0.155,contango
2015-07-08,2.685,2.85,0.165,contango
2015-07-09,2.726,2.884,0.158,contango
2015-07-10,2.77,2.919,0.149,contango
2015-07-14,2.84,2.964,0.124,contango
2015-07-15,2.918,3.022,0.104,contango
2015-07-16,2.854,2.978,0.124,contango
2015-07-17,2.87,2.998,0.128,contango
2015-07-20,2.823,2.963,0.14,contango
2015-07-21,2.882,3.025,0.143,contango
2015-07-22,2.897,3.04,0.143,contango
2015-07-23,2.816,2.955,0.139,contango
2015-07-24,2.776,2.913,0.137,contango
2015-07-27,2.789,2.929,0.14,contango
2015-07-28,2.821,2.962,0.141,contango
2015-07-29,2.886,2.999,0.113,contango
2015-07-30,2.768,3.081,0.313,contango
2015-07-31,2.716,3.042,0.326,contango
2015-08-03,2.748,3.054,0.306,contango
2015-08-04,2.812,3.098,0.286,contango
2015-08-05,2.798,3.069,0.271,contango
2015-08-06,2.813,3.081,0.268,contango
2015-08-07,2.798,3.082,0.284,contango
2015-08-10,2.842,3.131,0.289,contango
2015-08-11,2.844,3.128,0.284,contango
2015-08-12,2.931,3.193,0.262,contango
2015-08-13,2.787,3.085,0.298,contango
2015-08-14,2.801,3.098,0.297,contango
2015-08-17,2.728,3.038,0.31,contango
2015-08-18,2.704,3.0,0.296,contango
2015-08-19,2.716,2.989,0.273,contango
2015-08-20,2.755,3.026,0.271,contango
2015-08-21,2.676,2.939,0.263,contango
2015-08-24,2.65,2.89,0.24,contango
2015-08-25,2.685,2.914,0.229,contango
2015-08-26,2.693,2.932,0.239,contango
2015-08-27,2.638,2.897,0.259,contango
2015-08-28,2.715,3.048,0.333,contango
2015-08-31,2.689,3.016,0.327,contango
2015-09-01,2.702,3.017,0.315,contango
2015-09-02,2.648,2.969,0.321,contango
2015-09-03,2.725,3.042,0.317,contango
2015-09-04,2.655,3.007,0.352,contango
2015-09-08,2.71,3.049,0.339,contango
2015-09-09,2.651,3.007,0.356,contango
2015-09-10,2.683,3.024,0.341,contango
2015-09-11,2.693,3.022,0.329,contango
2015-09-14,2.758,3.077,0.319,contango
2015-09-15,2.728,3.06,0.332,contango
2015-09-16,2.66,3.0,0.34,contango
2015-09-17,2.652,2.992,0.34,contango
2015-09-18,2.605,2.941,0.336,contango
2015-09-21,2.573,2.907,0.334,contango
2015-09-22,2.577,2.905,0.328,contango
2015-09-23,2.569,2.907,0.338,contango
2015-09-24,2.591,2.958,0.367,contango
2015-09-25,2.564,2.918,0.354,contango
2015-09-28,2.563,2.951,0.388,contango
2015-09-29,2.586,2.891,0.305,contango
2015-09-30,2.524,2.842,0.318,contango
2015-10-01,2.433,2.775,0.342,contango
2015-10-02,2.451,2.808,0.357,contango
2015-10-05,2.45,2.816,0.366,contango
2015-10-06,2.47,2.818,0.348,contango
2015-10-07,2.474,2.821,0.347,contango
2015-10-08,2.498,2.855,0.357,contango
2015-10-09,2.502,2.863,0.361,contango
2015-10-13,2.498,2.869,0.371,contango
2015-10-14,2.518,2.881,0.363,contango
2015-10-15,2.453,2.838,0.385,contango
2015-10-16,2.43,2.809,0.379,contango
2015-10-19,2.442,2.818,0.376,contango
2015-10-20,2.476,2.825,0.349,contango
2015-10-21,2.404,2.762,0.358,contango
2015-10-22,2.386,2.733,0.347,contango
2015-10-23,2.286,2.646,0.36,contango
2015-10-26,2.062,2.534,0.472,contango
2015-10-27,2.092,2.551,0.459,contango
2015-10-28,2.033,2.485,0.452,contango
2015-10-29,2.257,2.43,0.173,contango
2015-10-30,2.321,2.502,0.181,contango
2015-11-02,2.256,2.466,0.21,contango
2015-11-03,2.253,2.477,0.224,contango
2015-11-04,2.262,2.46,0.198,contango
2015-11-05,2.364,2.551,0.187,contango
2015-11-06,2.371,2.548,0.177,contango
2015-11-09,2.3,2.479,0.179,contango
2015-11-10,2.32,2.514,0.194,contango
2015-11-12,2.26,2.497,0.237,contango
2015-11-13,2.361,2.567,0.206,contango
2015-11-16,2.385,2.592,0.207,contango
2015-11-17,2.371,2.577,0.206,contango
2015-11-18,2.347,2.544,0.197,contango
2015-11-19,2.276,2.469,0.193,contango
2015-11-20,2.145,2.353,0.208,contango
2015-11-23,2.21,2.405,0.195,contango
2015-11-24,2.2,2.392,0.192,contango
2015-11-25,2.206,2.372,0.166,contango
2015-11-27,2.212,2.318,0.106,contango
2015-11-30,2.235,2.346,0.111,contango
2015-12-01,2.231,2.353,0.122,contango
2015-12-02,2.165,2.306,0.141,contango
2015-12-03,2.181,2.303,0.122,contango
2015-12-04,2.186,2.316,0.13,contango
2015-12-07,2.067,2.237,0.17,contango
2015-12-08,2.07,2.239,0.169,contango
2015-12-09,2.062,2.232,0.17,contango
2015-12-10,2.015,2.208,0.193,contango
2015-12-11,1.99,2.192,0.202,contango
2015-12-14,1.894,2.109,0.215,contango
2015-12-15,1.822,2.051,0.229,contango
2015-12-16,1.79,2.057,0.267,contango
2015-12-17,1.755,2.091,0.336,contango
2015-12-18,1.767,2.097,0.33,contango
2015-12-21,1.911,2.153,0.242,contango
2015-12-22,1.888,2.118,0.23,contango
2015-12-23,1.983,2.158,0.175,contango
2015-12-24,2.029,2.201,0.172,contango
2015-12-28,2.228,2.336,0.108,contango
2015-12-29,2.372,2.411,0.039,contango
2015-12-30,2.214,2.338,0.124,contango
2015-12-31,2.337,2.424,0.087,contango
2016-01-04,2.334,2.41,0.076,contango
2016-01-05,2.325,2.413,0.088,contango
2016-01-06,2.267,2.384,0.117,contango
2016-01-07,2.382,2.466,0.084,contango
2016-01-08,2.472,2.534,0.062,contango
2016-01-11,2.396,2.461,0.065,contango
2016-01-12,2.257,2.37,0.113,contango
2016-01-13,2.269,2.385,0.116,contango
2016-01-14,2.139,2.301,0.162,contango
2016-01-15,2.1,2.252,0.152,contango
2016-01-19,2.091,2.247,0.156,contango
2016-01-20,2.118,2.27,0.152,contango
2016-01-21,2.138,2.283,0.145,contango
2016-01-22,2.139,2.289,0.15,contango
2016-01-25,2.158,2.309,0.151,contango
2016-01-26,2.18,2.303,0.123,contango
2016-01-27,2.189,2.29,0.101,contango
2016-01-28,2.182,2.331,0.149,contango
2016-01-29,2.298,2.405,0.107,contango
2016-02-01,2.152,2.327,0.175,contango
2016-02-02,2.025,2.238,0.213,contango
2016-02-03,2.038,2.238,0.2,contango
2016-02-04,1.972,2.191,0.219,contango
2016-02-05,2.063,2.26,0.197,contango
2016-02-08,2.14,2.301,0.161,contango
2016-02-09,2.098,2.263,0.165,contango
2016-02-10,2.046,2.232,0.186,contango
2016-02-11,1.994,2.196,0.202,contango
2016-02-12,1.966,2.163,0.197,contango
2016-02-16,1.903,2.104,0.201,contango
2016-02-17,1.942,2.144,0.202,contango
2016-02-18,1.852,2.077,0.225,contango
2016-02-19,1.804,2.018,0.214,contango
2016-02-22,1.821,2.007,0.186,contango
2016-02-23,1.782,1.975,0.193,contango
2016-02-24,1.778,1.982,0.204,contango
2016-02-25,1.711,1.944,0.233,contango
2016-02-26,1.791,2.028,0.237,contango
2016-02-29,1.711,1.985,0.274,contango
2016-03-01,1.742,2.024,0.282,contango
2016-03-02,1.678,1.992,0.314,contango
2016-03-03,1.639,1.975,0.336,contango
2016-03-04,1.666,1.996,0.33,contango
2016-03-07,1.69,1.986,0.296,contango
2016-03-08,1.712,2.001,0.289,contango
2016-03-09,1.752,2.041,0.289,contango
2016-03-10,1.788,2.086,0.298,contango
2016-03-11,1.822,2.121,0.299,contango
2016-03-14,1.819,2.122,0.303,contango
2016-03-15,1.851,2.155,0.304,contango
2016-03-16,1.868,2.165,0.297,contango
2016-03-17,1.936,2.206,0.27,contango
2016-03-18,1.907,2.183,0.276,contango
2016-03-21,1.828,2.1,0.272,contango
2016-03-22,1.863,2.137,0.274,contango
2016-03-23,1.794,2.081,0.287,contango
2016-03-24,1.806,2.099,0.293,contango
2016-03-28,1.848,2.159,0.311,contango
2016-03-29,1.903,2.211,0.308,contango
2016-03-30,1.996,2.283,0.287,contango
2016-03-31,1.959,2.212,0.253,contango
2016-04-01,1.956,2.214,0.258,contango
2016-04-04,1.998,2.241,0.243,contango
2016-04-05,1.954,2.208,0.254,contango
2016-04-06,1.911,2.168,0.257,contango
2016-04-07,2.018,2.249,0.231,contango
2016-04-08,1.99,2.234,0.244,contango
2016-04-11,1.912,2.168,0.256,contango
2016-04-12,2.004,2.238,0.234,contango
2016-04-13,2.036,2.271,0.235,contango
2016-04-14,1.97,2.229,0.259,contango
2016-04-15,1.902,2.174,0.272,contango
2016-04-18,1.94,2.224,0.284,contango
2016-04-19,2.088,2.348,0.26,contango
2016-04-20,2.069,2.34,0.271,contango
2016-04-21,2.068,2.387,0.319,contango
2016-04-22,2.14,2.449,0.309,contango
2016-04-25,2.063,2.381,0.318,contango
2016-04-26,2.032,2.37,0.338,contango
2016-04-27,1.995,2.393,0.398,contango
2016-04-28,2.078,2.404,0.326,contango
2016-04-29,2.178,2.457,0.279,contango
2016-05-02,2.042,2.37,0.328,contango
2016-05-03,2.086,2.397,0.311,contango
2016-05-04,2.141,2.423,0.282,contango
2016-05-05,2.076,2.372,0.296,contango
2016-05-06,2.101,2.366,0.265,contango
2016-05-09,2.098,2.342,0.244,contango
2016-05-10,2.158,2.388,0.23,contango
2016-05-11,2.173,2.407,0.234,contango
2016-05-12,2.155,2.412,0.257,contango
2016-05-13,2.096,2.365,0.269,contango
2016-05-16,2.029,2.296,0.267,contango
2016-05-17,2.048,2.293,0.245,contango
2016-05-18,2.001,2.245,0.244,contango
2016-05-19,2.039,2.323,0.284,contango
2016-05-20,2.062,2.329,0.267,contango
2016-05-23,2.055,2.321,0.266,contango
2016-05-24,1.98,2.285,0.305,contango
2016-05-25,1.992,2.339,0.347,contango
2016-05-26,1.963,2.325,0.362,contango
2016-05-27,2.169,2.452,0.283,contango
2016-05-31,2.288,2.529,0.241,contango
2016-06-01,2.381,2.571,0.19,contango
2016-06-03,2.398,2.595,0.197,contango
2016-06-06,2.466,2.645,0.179,contango
2016-06-07,2.474,2.679,0.205,contango
2016-06-08,2.468,2.669,0.201,contango
2016-06-09,2.617,2.791,0.174,contango
2016-06-10,2.556,2.722,0.166,contango
2016-06-13,2.585,2.747,0.162,contango
2016-06-14,2.604,2.743,0.139,contango
2016-06-15,2.595,2.727,0.132,contango
2016-06-16,2.58,2.706,0.126,contango
2016-06-17,2.623,2.742,0.119,contango
2016-06-20,2.747,2.843,0.096,contango
2016-06-21,2.768,2.856,0.088,contango
2016-06-22,2.677,2.773,0.096,contango
2016-06-23,2.698,2.795,0.097,contango
2016-06-24,2.662,2.753,0.091,contango
2016-06-27,2.716,2.788,0.072,contango
2016-06-28,2.917,2.927,0.01,contango
2016-06-29,2.863,3.036,0.173,contango
2016-06-30,2.924,3.085,0.161,contango
2016-07-01,2.987,3.142,0.155,contango
2016-07-05,2.764,2.955,0.191,contango
2016-07-06,2.786,2.971,0.185,contango
2016-07-07,2.777,2.957,0.18,contango
2016-07-08,2.801,2.99,0.189,contango
2016-07-11,2.702,2.919,0.217,contango
2016-07-12,2.734,2.929,0.195,contango
2016-07-13,2.737,2.931,0.194,contango
2016-07-14,2.727,2.933,0.206,contango
2016-07-15,2.756,2.953,0.197,contango
2016-07-18,2.722,2.924,0.202,contango
2016-07-19,2.728,2.909,0.181,contango
2016-07-20,2.658,2.845,0.187,contango
2016-07-21,2.692,2.872,0.18,contango
2016-07-22,2.777,2.952,0.175,contango
2016-07-25,2.747,2.935,0.188,contango
2016-07-26,2.712,2.909,0.197,contango
2016-07-27,2.672,2.897,0.225,contango
2016-07-28,2.873,3.287,0.414,contango
2016-07-29,2.876,3.32,0.444,contango
2016-08-01,2.771,3.239,0.468,contango
2016-08-02,2.733,3.199,0.466,contango
2016-08-03,2.839,3.276,0.437,contango
2016-08-04,2.834,3.267,0.433,contango
2016-08-05,2.772,3.217,0.445,contango
2016-08-08,2.748,3.191,0.443,contango
2016-08-09,2.615,3.098,0.483,contango
2016-08-10,2.561,3.059,0.498,contango
2016-08-11,2.551,3.051,0.5,contango
2016-08-12,2.586,3.064,0.478,contango
2016-08-15,2.59,3.073,0.483,contango
2016-08-16,2.617,3.092,0.475,contango
2016-08-17,2.619,3.083,0.464,contango
2016-08-18,2.674,3.11,0.436,contango
2016-08-19,2.584,3.022,0.438,contango
2016-08-22,2.679,3.046,0.367,contango
2016-08-23,2.761,3.128,0.367,contango
2016-08-24,2.796,3.174,0.378,contango
2016-08-25,2.846,3.212,0.366,contango
2016-08-26,2.871,3.228,0.357,contango
2016-08-29,2.853,3.214,0.361,contango
2016-08-30,2.827,3.278,0.451,contango
2016-08-31,2.887,3.326,0.439,contango
2016-09-01,2.792,3.242,0.45,contango
2016-09-02,2.792,3.226,0.434,contango
2016-09-06,2.717,3.187,0.47,contango
2016-09-07,2.676,3.175,0.499,contango
2016-09-08,2.806,3.266,0.46,contango
2016-09-09,2.797,3.243,0.446,contango
2016-09-12,2.915,3.298,0.383,contango
2016-09-13,2.909,3.296,0.387,contango
2016-09-14,2.889,3.299,0.41,contango
2016-09-15,2.927,3.311,0.384,contango
2016-09-16,2.948,3.333,0.385,contango
2016-09-19,2.934,3.322,0.388,contango
2016-09-20,3.047,3.41,0.363,contango
2016-09-21,3.057,3.441,0.384,contango
2016-09-22,2.99,3.392,0.402,contango
2016-09-23,2.955,3.341,0.386,contango
2016-09-26,2.997,3.371,0.374,contango
2016-09-27,2.996,3.368,0.372,contango
2016-09-28,2.952,3.327,0.375,contango
2016-09-29,2.959,3.298,0.339,contango
2016-09-30,2.906,3.275,0.369,contango
2016-10-03,2.923,3.314,0.391,contango
2016-10-04,2.964,3.324,0.36,contango
2016-10-05,3.041,3.398,0.357,contango
2016-10-06,3.049,3.417,0.368,contango
2016-10-07,3.193,3.52,0.327,contango
2016-10-11,3.237,3.556,0.319,contango
2016-10-12,3.21,3.543,0.333,contango
2016-10-13,3.341,3.654,0.313,contango
2016-10-14,3.285,3.632,0.347,contango
2016-10-17,3.244,3.621,0.377,contango
2016-10-18,3.263,3.645,0.382,contango
2016-10-19,3.17,3.578,0.408,contango
2016-10-20,3.141,3.577,0.436,contango
2016-10-21,2.993,3.511,0.518,contango
2016-10-24,2.831,3.477,0.646,contango
2016-10-25,2.774,3.331,0.557,contango
2016-10-26,2.731,3.198,0.467,contango
2016-10-27,2.764,3.25,0.486,contango
2016-10-28,3.105,3.255,0.15,contango
2016-10-31,3.026,3.199,0.173,contango
2016-11-01,2.902,3.089,0.187,contango
2016-11-02,2.792,2.992,0.2,contango
2016-11-03,2.769,2.969,0.2,contango
2016-11-04,2.767,2.955,0.188,contango
2016-11-07,2.816,3.0,0.184,contango
2016-11-08,2.633,2.854,0.221,contango
2016-11-09,2.69,2.897,0.207,contango
2016-11-10,2.632,2.86,0.228,contango
2016-11-14,2.749,2.967,0.218,contango
2016-11-15,2.709,2.934,0.225,contango
2016-11-16,2.764,2.961,0.197,contango
2016-11-17,2.703,2.928,0.225,contango
2016-11-18,2.843,3.014,0.171,contango
2016-11-21,2.95,3.106,0.156,contango
2016-11-22,2.982,3.111,0.129,contango
2016-11-23,3.026,3.166,0.14,contango
2016-11-28,3.232,3.328,0.096,contango
2016-11-29,3.315,3.233,-0.082,backwardation
2016-11-30,3.352,3.23,-0.122,backwardation
2016-12-01,3.505,3.319,-0.186,backwardation
2016-12-02,3.436,3.292,-0.144,backwardation
2016-12-05,3.654,3.428,-0.226,backwardation
2016-12-06,3.635,3.404,-0.231,backwardation
2016-12-07,3.603,3.379,-0.224,backwardation
2016-12-08,3.695,3.434,-0.261,backwardation
2016-12-09,3.746,3.453,-0.293,backwardation
2016-12-12,3.507,3.359,-0.148,backwardation
2016-12-13,3.474,3.351,-0.123,backwardation
2016-12-14,3.54,3.417,-0.123,backwardation
2016-12-16,3.415,3.355,-0.06,backwardation
2016-12-19,3.392,3.361,-0.031,backwardation
2016-12-20,3.263,3.216,-0.047,backwardation
2016-12-21,3.542,3.407,-0.135,backwardation
2016-12-22,3.538,3.422,-0.116,backwardation
2016-12-23,3.662,3.497,-0.165,backwardation
2016-12-27,3.761,3.561,-0.2,backwardation
2016-12-28,3.93,3.648,-0.282,backwardation
2016-12-29,3.802,3.572,-0.23,backwardation
2016-12-30,3.724,3.543,-0.181,backwardation
2017-01-03,3.327,3.279,-0.048,backwardation
2017-01-04,3.267,3.209,-0.058,backwardation
2017-01-05,3.273,3.222,-0.051,backwardation
2017-01-06,3.285,3.261,-0.024,backwardation
2017-01-09,3.103,3.114,0.011,contango
2017-01-10,3.278,3.258,-0.02,backwardation
2017-01-11,3.224,3.214,-0.01,backwardation
2017-01-12,3.386,3.348,-0.038,backwardation
2017-01-13,3.419,3.381,-0.038,backwardation
2017-01-17,3.412,3.416,0.004,contango
2017-01-18,3.302,3.321,0.019,contango
2017-01-19,3.368,3.385,0.017,contango
2017-01-20,3.204,3.239,0.035,contango
2017-01-23,3.243,3.299,0.056,contango
2017-01-24,3.279,3.336,0.057,contango
2017-01-25,3.332,3.385,0.053,contango
2017-01-26,3.382,3.427,0.045,contango
2017-01-27,3.391,3.403,0.012,contango
2017-01-30,3.232,3.351,0.119,contango
2017-01-31,3.117,3.259,0.142,contango
2017-02-01,3.168,3.298,0.13,contango
2017-02-02,3.187,3.343,0.156,contango
2017-02-03,3.063,3.209,0.146,contango
2017-02-06,3.05,3.224,0.174,contango
2017-02-07,3.13,3.299,0.169,contango
2017-02-08,3.126,3.311,0.185,contango
2017-02-09,3.141,3.33,0.189,contango
2017-02-10,3.034,3.254,0.22,contango
2017-02-13,2.944,3.175,0.231,contango
2017-02-14,2.905,3.153,0.248,contango
2017-02-15,2.925,3.177,0.252,contango
2017-02-16,2.854,3.107,0.253,contango
2017-02-17,2.834,3.082,0.248,contango
2017-02-21,2.564,2.868,0.304,contango
2017-02-22,2.592,2.858,0.266,contango
2017-02-23,2.617,2.894,0.277,contango
2017-02-24,2.627,2.94,0.313,contango
2017-02-27,2.693,2.926,0.233,contango
2017-02-28,2.774,3.027,0.253,contango
2017-03-01,2.799,3.08,0.281,contango
2017-03-02,2.804,3.094,0.29,contango
2017-03-03,2.827,3.105,0.278,contango
2017-03-06,2.901,3.119,0.218,contango
2017-03-07,2.824,3.081,0.257,contango
2017-03-08,2.901,3.122,0.221,contango
2017-03-09,2.974,3.182,0.208,contango
2017-03-10,3.008,3.204,0.196,contango
2017-03-13,3.043,3.231,0.188,contango
2017-03-14,2.938,3.121,0.183,contango
2017-03-15,2.981,3.16,0.179,contango
2017-03-16,2.902,3.104,0.202,contango
2017-03-17,2.948,3.138,0.19,contango
2017-03-20,3.041,3.226,0.185,contango
2017-03-21,3.093,3.277,0.184,contango
2017-03-22,3.011,3.21,0.199,contango
2017-03-23,3.051,3.272,0.221,contango
2017-03-24,3.076,3.297,0.221,contango
2017-03-27,3.052,3.274,0.222,contango
2017-03-28,3.096,3.317,0.221,contango
2017-03-29,3.175,3.361,0.186,contango
2017-03-30,3.191,3.336,0.145,contango
2017-03-31,3.19,3.333,0.143,contango
2017-04-03,3.128,3.298,0.17,contango
2017-04-04,3.293,3.451,0.158,contango
2017-04-05,3.266,3.44,0.174,contango
2017-04-06,3.331,3.491,0.16,contango
2017-04-07,3.261,3.425,0.164,contango
2017-04-10,3.238,3.406,0.168,contango
2017-04-11,3.15,3.325,0.175,contango
2017-04-12,3.187,3.362,0.175,contango
2017-04-13,3.227,3.406,0.179,contango
2017-04-17,3.163,3.359,0.196,contango
2017-04-18,3.145,3.347,0.202,contango
2017-04-19,3.185,3.38,0.195,contango
2017-04-20,3.159,3.358,0.199,contango
2017-04-21,3.101,3.3,0.199,contango
2017-04-24,3.066,3.274,0.208,contango
2017-04-25,3.043,3.282,0.239,contango
2017-04-26,3.142,3.381,0.239,contango
2017-04-27,3.239,3.338,0.099,contango
2017-04-28,3.276,3.364,0.088,contango
2017-05-01,3.215,3.299,0.084,contango
2017-05-02,3.195,3.286,0.091,contango
2017-05-03,3.228,3.321,0.093,contango
2017-05-04,3.186,3.293,0.107,contango
2017-05-05,3.266,3.369,0.103,contango
2017-05-08,3.172,3.279,0.107,contango
2017-05-09,3.227,3.333,0.106,contango
2017-05-10,3.292,3.394,0.102,contango
2017-05-11,3.376,3.467,0.091,contango
2017-05-12,3.424,3.498,0.074,contango
2017-05-15,3.349,3.433,0.084,contango
2017-05-16,3.23,3.332,0.102,contango
2017-05-17,3.192,3.306,0.114,contango
2017-05-18,3.182,3.307,0.125,contango
2017-05-19,3.256,3.372,0.116,contango
2017-05-22,3.33,3.436,0.106,contango
2017-05-23,3.219,3.333,0.114,contango
2017-05-24,3.209,3.322,0.113,contango
2017-05-25,3.184,3.299,0.115,contango
2017-05-26,3.236,3.324,0.088,contango
2017-05-30,3.145,3.191,0.046,contango
2017-05-31,3.071,3.12,0.049,contango
2017-06-01,3.008,3.057,0.049,contango
2017-06-02,2.999,3.053,0.054,contango
2017-06-05,2.982,3.036,0.054,contango
2017-06-06,3.042,3.082,0.04,contango
2017-06-07,3.02,3.071,0.051,contango
2017-06-08,3.028,3.079,0.051,contango
2017-06-09,3.039,3.082,0.043,contango
2017-06-12,3.024,3.065,0.041,contango
2017-06-13,2.966,3.0,0.034,contango
2017-06-14,2.933,2.962,0.029,contango
2017-06-15,3.056,3.086,0.03,contango
2017-06-16,3.037,3.07,0.033,contango
2017-06-19,2.894,2.935,0.041,contango
2017-06-20,2.907,2.955,0.048,contango
2017-06-21,2.893,2.945,0.052,contango
2017-06-22,2.894,2.945,0.051,contango
2017-06-23,2.929,2.98,0.051,contango
2017-06-26,3.027,3.071,0.044,contango
2017-06-27,3.037,3.088,0.051,contango
2017-06-28,3.067,3.115,0.048,contango
2017-06-29,3.042,3.125,0.083,contango
2017-06-30,3.035,3.118,0.083,contango
2017-07-03,2.951,3.048,0.097,contango
2017-07-05,2.84,2.928,0.088,contango
2017-07-06,2.888,2.967,0.079,contango
2017-07-07,2.864,2.947,0.083,contango
2017-07-10,2.929,3.022,0.093,contango
2017-07-11,3.047,3.132,0.085,contango
2017-07-12,2.985,3.077,0.092,contango
2017-07-13,2.961,3.054,0.093,contango
2017-07-14,2.98,3.08,0.1,contango
2017-07-17,3.02,3.112,0.092,contango
2017-07-18,3.088,3.172,0.084,contango
2017-07-19,3.066,3.159,0.093,contango
2017-07-20,3.043,3.134,0.091,contango
2017-07-21,2.97,3.071,0.101,contango
2017-07-24,2.899,2.998,0.099,contango
2017-07-25,2.944,3.04,0.096,contango
2017-07-26,2.924,3.032,0.108,contango
2017-07-27,2.969,3.082,0.113,contango
2017-07-28,2.941,3.213,0.272,contango
2017-07-31,2.794,3.079,0.285,contango
2017-08-01,2.819,3.093,0.274,contango
2017-08-02,2.811,3.094,0.283,contango
2017-08-03,2.8,3.092,0.292,contango
2017-08-04,2.774,3.065,0.291,contango
2017-08-07,2.801,3.079,0.278,contango
2017-08-08,2.822,3.089,0.267,contango
2017-08-09,2.883,3.137,0.254,contango
2017-08-10,2.985,3.209,0.224,contango
2017-08-11,2.983,3.205,0.222,contango
2017-08-14,2.959,3.197,0.238,contango
2017-08-15,2.935,3.179,0.244,contango
2017-08-16,2.89,3.148,0.258,contango
2017-08-17,2.929,3.186,0.257,contango
2017-08-18,2.893,3.153,0.26,contango
2017-08-21,2.962,3.198,0.236,contango
2017-08-22,2.939,3.177,0.238,contango
2017-08-23,2.928,3.176,0.248,contango
2017-08-24,2.949,3.193,0.244,contango
2017-08-25,2.892,3.14,0.248,contango
2017-08-28,2.925,3.171,0.246,contango
2017-08-29,2.961,3.193,0.232,contango
2017-08-30,2.939,3.252,0.313,contango
2017-08-31,3.04,3.326,0.286,contango
2017-09-01,3.07,3.366,0.296,contango
2017-09-05,2.972,3.287,0.315,contango
2017-09-06,3.0,3.315,0.315,contango
2017-09-07,2.981,3.304,0.323,contango
2017-09-08,2.89,3.23,0.34,contango
2017-09-11,2.95,3.289,0.339,contango
2017-09-12,3.001,3.329,0.328,contango
2017-09-13,3.058,3.369,0.311,contango
2017-09-14,3.07,3.371,0.301,contango
2017-09-15,3.024,3.34,0.316,contango
2017-09-18,3.146,3.436,0.29,contango
2017-09-19,3.122,3.419,0.297,contango
2017-09-20,3.094,3.392,0.298,contango
2017-09-21,2.946,3.27,0.324,contango
2017-09-22,2.959,3.289,0.33,contango
2017-09-25,2.919,3.264,0.345,contango
2017-09-26,2.918,3.271,0.353,contango
2017-09-27,2.974,3.329,0.355,contango
2017-09-28,3.017,3.304,0.287,contango
2017-09-29,3.007,3.299,0.292,contango
2017-10-02,2.916,3.24,0.324,contango
2017-10-03,2.895,3.222,0.327,contango
2017-10-04,2.94,3.248,0.308,contango
2017-10-05,2.923,3.235,0.312,contango
2017-10-06,2.863,3.179,0.316,contango
2017-10-10,2.891,3.2,0.309,contango
2017-10-11,2.889,3.191,0.302,contango
2017-10-12,2.989,3.259,0.27,contango
2017-10-13,3.0,3.279,0.279,contango
2017-10-16,2.946,3.237,0.291,contango
2017-10-17,2.962,3.257,0.295,contango
2017-10-18,2.854,3.203,0.349,contango
2017-10-19,2.873,3.227,0.354,contango
2017-10-20,2.915,3.249,0.334,contango
2017-10-23,2.991,3.284,0.293,contango
2017-10-24,2.974,3.26,0.286,contango
2017-10-25,2.919,3.205,0.286,contango
2017-10-26,2.89,3.178,0.288,contango
2017-10-27,2.752,3.107,0.355,contango
2017-10-30,2.966,3.066,0.1,contango
2017-10-31,2.896,3.0,0.104,contango
2017-11-01,2.893,2.992,0.099,contango
2017-11-02,2.935,3.025,0.09,contango
2017-11-03,2.984,3.068,0.084,contango
2017-11-06,3.134,3.189,0.055,contango
2017-11-07,3.152,3.212,0.06,contango
2017-11-08,3.175,3.231,0.056,contango
2017-11-09,3.2,3.253,0.053,contango
2017-11-13,3.167,3.222,0.055,contango
2017-11-14,3.102,3.165,0.063,contango
2017-11-15,3.08,3.14,0.06,contango
2017-11-16,3.053,3.121,0.068,contango
2017-11-17,3.097,3.152,0.055,contango
2017-11-20,3.047,3.107,0.06,contango
2017-11-21,3.017,3.078,0.061,contango
2017-11-22,2.968,3.034,0.066,contango
2017-11-27,2.928,2.99,0.062,contango
2017-11-28,3.074,3.092,0.018,contango
2017-11-29,3.179,2.945,-0.234,backwardation
2017-11-30,3.025,2.867,-0.158,backwardation
2017-12-01,3.061,2.878,-0.183,backwardation
2017-12-04,2.985,2.834,-0.151,backwardation
2017-12-05,2.914,2.797,-0.117,backwardation
2017-12-06,2.922,2.804,-0.118,backwardation
2017-12-07,2.763,2.705,-0.058,backwardation
2017-12-08,2.772,2.698,-0.074,backwardation
2017-12-11,2.828,2.722,-0.106,backwardation
2017-12-12,2.678,2.614,-0.064,backwardation
2017-12-13,2.715,2.631,-0.084,backwardation
2017-12-14,2.684,2.622,-0.062,backwardation
2017-12-15,2.612,2.563,-0.049,backwardation
2017-12-18,2.745,2.634,-0.111,backwardation
2017-12-19,2.692,2.601,-0.091,backwardation
2017-12-20,2.637,2.544,-0.093,backwardation
2017-12-21,2.598,2.51,-0.088,backwardation
2017-12-22,2.667,2.56,-0.107,backwardation
2017-12-26,2.643,2.578,-0.065,backwardation
2017-12-27,2.738,2.635,-0.103,backwardation
2017-12-28,2.914,2.716,-0.198,backwardation
2017-12-29,2.953,2.741,-0.212,backwardation
2018-01-01,2.953,2.741,-0.212,backwardation
2018-01-02,3.056,2.777,-0.279,backwardation
2018-01-03,3.008,2.764,-0.244,backwardation
2018-01-04,2.88,2.692,-0.188,backwardation
2018-01-05,2.795,2.655,-0.14,backwardation
2018-01-08,2.835,2.68,-0.155,backwardation
2018-01-09,2.923,2.723,-0.2,backwardation
2018-01-10,2.906,2.711,-0.195,backwardation
2018-01-11,3.084,2.759,-0.325,backwardation
2018-01-12,3.2,2.773,-0.427,backwardation
2018-01-15,3.2,2.773,-0.427,backwardation
2018-01-16,3.129,2.768,-0.361,backwardation
2018-01-17,3.232,2.8,-0.432,backwardation
2018-01-18,3.189,2.802,-0.387,backwardation
2018-01-19,3.185,2.783,-0.402,backwardation
2018-01-22,3.224,2.789,-0.435,backwardation
2018-01-23,3.444,2.837,-0.607,backwardation
2018-01-24,3.509,2.859,-0.65,backwardation
2018-01-25,3.447,2.88,-0.567,backwardation
2018-01-26,3.505,2.898,-0.607,backwardation
2018-01-29,3.631,2.914,-0.717,backwardation
2018-01-30,3.195,2.966,-0.229,backwardation
2018-01-31,2.995,2.886,-0.109,backwardation
2018-02-01,2.856,2.831,-0.025,backwardation
2018-02-02,2.846,2.832,-0.014,backwardation
2018-02-05,2.747,2.772,0.025,contango
2018-02-06,2.759,2.769,0.01,contango
2018-02-07,2.702,2.743,0.041,contango
2018-02-08,2.697,2.74,0.043,contango
2018-02-09,2.584,2.665,0.081,contango
2018-02-12,2.552,2.651,0.099,contango
2018-02-13,2.594,2.692,0.098,contango
2018-02-14,2.587,2.696,0.109,contango
2018-02-15,2.58,2.689,0.109,contango
2018-02-16,2.558,2.67,0.112,contango
2018-02-19,2.558,2.67,0.112,contango
2018-02-20,2.616,2.714,0.098,contango
2018-02-21,2.659,2.739,0.08,contango
2018-02-22,2.634,2.737,0.103,contango
2018-02-23,2.625,2.719,0.094,contango
2018-02-26,2.639,2.743,0.104,contango
2018-02-27,2.683,2.787,0.104,contango
2018-02-28,2.667,2.779,0.112,contango
2018-03-01,2.698,2.812,0.114,contango
2018-03-02,2.695,2.811,0.116,contango
2018-03-05,2.704,2.823,0.119,contango
2018-03-06,2.749,2.861,0.112,contango
2018-03-07,2.777,2.892,0.115,contango
2018-03-08,2.756,2.881,0.125,contango
2018-03-09,2.732,2.855,0.123,contango
2018-03-12,2.778,2.894,0.116,contango
2018-03-13,2.786,2.905,0.119,contango
2018-03-14,2.731,2.859,0.128,contango
2018-03-15,2.681,2.817,0.136,contango
2018-03-16,2.688,2.823,0.135,contango
2018-03-19,2.651,2.795,0.144,contango
2018-03-20,2.675,2.818,0.143,contango
2018-03-21,2.638,2.784,0.146,contango
2018-03-22,2.617,2.776,0.159,contango
2018-03-23,2.591,2.753,0.162,contango
2018-03-26,2.618,2.777,0.159,contango
2018-03-27,2.691,2.822,0.131,contango
2018-03-28,2.698,2.823,0.125,contango
2018-03-29,2.733,2.847,0.114,contango
2018-03-30,2.733,2.847,0.114,contango
2018-04-02,2.683,2.805,0.122,contango
2018-04-03,2.697,2.819,0.122,contango
2018-04-04,2.718,2.842,0.124,contango
2018-04-05,2.675,2.812,0.137,contango
2018-04-06,2.701,2.825,0.124,contango
2018-04-09,2.693,2.802,0.109,contango
2018-04-10,2.656,2.77,0.114,contango
2018-04-11,2.675,2.779,0.104,contango
2018-04-12,2.686,2.782,0.096,contango
2018-04-13,2.735,2.821,0.086,contango
2018-04-16,2.752,2.845,0.093,contango
2018-04-17,2.738,2.833,0.095,contango
2018-04-18,2.739,2.828,0.089,contango
2018-04-19,2.66,2.76,0.1,contango
2018-04-20,2.739,2.821,0.082,contango
2018-04-23,2.74,2.824,0.084,contango
2018-04-24,2.781,2.857,0.076,contango
2018-04-25,2.786,2.852,0.066,contango
2018-04-26,2.821,2.878,0.057,contango
2018-04-27,2.771,2.805,0.034,contango
2018-04-30,2.763,2.79,0.027,contango
2018-05-01,2.802,2.823,0.021,contango
2018-05-02,2.754,2.781,0.027,contango
2018-05-03,2.726,2.747,0.021,contango
2018-05-04,2.711,2.729,0.018,contango
2018-05-07,2.741,2.755,0.014,contango
2018-05-08,2.732,2.752,0.02,contango
2018-05-09,2.737,2.755,0.018,contango
2018-05-10,2.814,2.822,0.008,contango
2018-05-11,2.806,2.821,0.015,contango
2018-05-14,2.842,2.851,0.009,contango
2018-05-15,2.836,2.844,0.008,contango
2018-05-16,2.815,2.832,0.017,contango
2018-05-17,2.859,2.877,0.018,contango
2018-05-18,2.847,2.875,0.028,contango
2018-05-21,2.81,2.853,0.043,contango
2018-05-22,2.908,2.933,0.025,contango
2018-05-23,2.914,2.956,0.042,contango
2018-05-24,2.94,2.97,0.03,contango
2018-05-25,2.939,2.967,0.028,contango
2018-05-28,2.939,2.967,0.028,contango
2018-05-29,2.875,2.909,0.034,contango
2018-05-30,2.885,2.897,0.012,contango
2018-05-31,2.952,2.948,-0.004,backwardation
2018-06-01,2.962,2.959,-0.003,backwardation
2018-06-04,2.93,2.932,0.002,contango
2018-06-05,2.89,2.9,0.01,contango
2018-06-06,2.896,2.904,0.008,contango
2018-06-07,2.93,2.935,0.005,contango
2018-06-08,2.89,2.89,0.0,backwardation
2018-06-11,2.949,2.923,-0.026,backwardation
2018-06-12,2.939,2.917,-0.022,backwardation
2018-06-13,2.963,2.936,-0.027,backwardation
2018-06-14,2.965,2.949,-0.016,backwardation
2018-06-15,3.022,2.999,-0.023,backwardation
2018-06-18,2.951,2.944,-0.007,backwardation
2018-06-19,2.9,2.895,-0.005,backwardation
2018-06-20,2.964,2.951,-0.013,backwardation
2018-06-21,2.975,2.954,-0.021,backwardation
2018-06-22,2.945,2.926,-0.019,backwardation
2018-06-25,2.923,2.906,-0.017,backwardation
2018-06-26,2.939,2.913,-0.026,backwardation
2018-06-27,2.996,2.955,-0.041,backwardation
2018-06-28,2.94,2.967,0.027,contango
2018-06-29,2.924,2.949,0.025,contango
2018-07-02,2.862,2.903,0.041,contango
2018-07-03,2.87,2.902,0.032,contango
2018-07-04,2.87,2.902,0.032,contango
2018-07-05,2.837,2.87,0.033,contango
2018-07-06,2.858,2.88,0.022,contango
2018-07-09,2.828,2.854,0.026,contango
2018-07-10,2.788,2.821,0.033,contango
2018-07-11,2.829,2.858,0.029,contango
2018-07-12,2.797,2.832,0.035,contango
2018-07-13,2.752,2.792,0.04,contango
2018-07-16,2.759,2.791,0.032,contango
2018-07-17,2.74,2.769,0.029,contango
2018-07-18,2.721,2.755,0.034,contango
2018-07-19,2.769,2.797,0.028,contango
2018-07-20,2.757,2.792,0.035,contango
2018-07-23,2.721,2.767,0.046,contango
2018-07-24,2.732,2.791,0.059,contango
2018-07-25,2.775,2.824,0.049,contango
2018-07-26,2.78,2.83,0.05,contango
2018-07-27,2.822,2.848,0.026,contango
2018-07-30,2.797,2.974,0.177,contango
2018-07-31,2.782,2.952,0.17,contango
2018-08-01,2.758,2.919,0.161,contango
2018-08-02,2.816,2.958,0.142,contango
2018-08-03,2.853,2.998,0.145,contango
2018-08-06,2.86,3.003,0.143,contango
2018-08-07,2.897,3.031,0.134,contango
2018-08-08,2.949,3.077,0.128,contango
2018-08-09,2.955,3.077,0.122,contango
2018-08-10,2.944,3.067,0.123,contango
2018-08-13,2.93,3.059,0.129,contango
2018-08-14,2.959,3.092,0.133,contango
2018-08-15,2.94,3.078,0.138,contango
2018-08-16,2.908,3.046,0.138,contango
2018-08-17,2.946,3.082,0.136,contango
2018-08-20,2.941,3.061,0.12,contango
2018-08-21,2.98,3.083,0.103,contango
2018-08-22,2.956,3.069,0.113,contango
2018-08-23,2.964,3.08,0.116,contango
2018-08-24,2.917,3.042,0.125,contango
2018-08-27,2.876,2.995,0.119,contango
2018-08-28,2.852,2.966,0.114,contango
2018-08-29,2.895,2.979,0.084,contango
2018-08-30,2.874,3.074,0.2,contango
2018-08-31,2.916,3.114,0.198,contango
2018-09-03,2.916,3.114,0.198,contango
2018-09-04,2.823,3.027,0.204,contango
2018-09-05,2.795,2.995,0.2,contango
2018-09-06,2.772,2.974,0.202,contango
2018-09-07,2.776,2.965,0.189,contango
2018-09-10,2.804,2.982,0.178,contango
2018-09-11,2.828,3.0,0.172,contango
2018-09-12,2.829,3.001,0.172,contango
2018-09-13,2.817,2.981,0.164,contango
2018-09-14,2.767,2.934,0.167,contango
2018-09-17,2.814,2.952,0.138,contango
2018-09-18,2.933,3.05,0.117,contango
2018-09-19,2.908,3.041,0.133,contango
2018-09-20,2.976,3.117,0.141,contango
2018-09-21,2.977,3.131,0.154,contango
2018-09-24,3.038,3.179,0.141,contango
2018-09-25,3.082,3.209,0.127,contango
2018-09-26,3.021,3.145,0.124,contango
2018-09-27,3.056,3.117,0.061,contango
2018-09-28,3.008,3.085,0.077,contango
2018-10-01,3.094,3.155,0.061,contango
2018-10-02,3.166,3.215,0.049,contango
2018-10-03,3.23,3.252,0.022,contango
2018-10-04,3.165,3.195,0.03,contango
2018-10-05,3.143,3.167,0.024,contango
2018-10-08,3.267,3.236,-0.031,backwardation
2018-10-09,3.266,3.262,-0.004,backwardation
2018-10-10,3.284,3.309,0.025,contango
2018-10-11,3.222,3.277,0.055,contango
2018-10-12,3.161,3.238,0.077,contango
2018-10-15,3.242,3.301,0.059,contango
2018-10-16,3.239,3.296,0.057,contango
2018-10-17,3.32,3.347,0.027,contango
2018-10-18,3.198,3.247,0.049,contango
2018-10-19,3.25,3.299,0.049,contango
2018-10-22,3.138,3.211,0.073,contango
2018-10-23,3.212,3.26,0.048,contango
2018-10-24,3.166,3.201,0.035,contango
2018-10-25,3.202,3.226,0.024,contango
2018-10-26,3.185,3.208,0.023,contango
2018-10-29,3.185,3.181,-0.004,backwardation
2018-10-30,3.187,2.934,-0.253,backwardation
2018-10-31,3.261,2.967,-0.294,backwardation
2018-11-01,3.237,2.939,-0.298,backwardation
2018-11-02,3.284,2.938,-0.346,backwardation
2018-11-05,3.567,3.091,-0.476,backwardation
2018-11-06,3.555,3.113,-0.442,backwardation
2018-11-07,3.555,3.108,-0.447,backwardation
2018-11-08,3.543,3.095,-0.448,backwardation
2018-11-09,3.719,3.176,-0.543,backwardation
2018-11-12,3.788,3.293,-0.495,backwardation
2018-11-13,4.101,3.712,-0.389,backwardation
2018-11-14,4.837,4.472,-0.365,backwardation
2018-11-15,4.038,3.596,-0.442,backwardation
2018-11-16,4.272,3.865,-0.407,backwardation
2018-11-19,4.7,4.295,-0.405,backwardation
2018-11-20,4.523,4.125,-0.398,backwardation
2018-11-21,4.451,4.108,-0.343,backwardation
2018-11-22,4.451,4.108,-0.343,backwardation
2018-11-23,4.308,4.042,-0.266,backwardation
2018-11-26,4.248,3.966,-0.282,backwardation
2018-11-27,4.262,3.909,-0.353,backwardation
2018-11-28,4.715,4.219,-0.496,backwardation
2018-11-29,4.646,2.894,-1.752,backwardation
2018-11-30,4.612,2.887,-1.725,backwardation
2018-12-03,4.339,2.906,-1.433,backwardation
2018-12-04,4.457,2.957,-1.5,backwardation
2018-12-05,4.469,2.981,-1.488,backwardation
2018-12-06,4.327,2.96,-1.367,backwardation
2018-12-07,4.488,2.991,-1.497,backwardation
2018-12-10,4.545,2.977,-1.568,backwardation
2018-12-11,4.407,3.003,-1.404,backwardation
2018-12-12,4.136,2.924,-1.212,backwardation
2018-12-13,4.124,2.905,-1.219,backwardation
2018-12-14,3.827,2.894,-0.933,backwardation
2018-12-17,3.528,2.78,-0.748,backwardation
2018-12-18,3.838,2.854,-0.984,backwardation
2018-12-19,3.726,2.85,-0.876,backwardation
2018-12-20,3.583,2.839,-0.744,backwardation
2018-12-21,3.816,2.921,-0.895,backwardation
2018-12-24,3.467,2.816,-0.651,backwardation
2018-12-25,3.467,2.816,-0.651,backwardation
2018-12-26,3.543,2.838,-0.705,backwardation
2018-12-27,3.642,2.885,-0.757,backwardation
2018-12-28,3.303,2.779,-0.524,backwardation
2018-12-31,2.94,2.672,-0.268,backwardation
2019-01-01,2.94,2.672,-0.268,backwardation
2019-01-02,2.958,2.605,-0.353,backwardation
2019-01-03,2.945,2.59,-0.355,backwardation
2019-01-04,3.044,2.66,-0.384,backwardation
2019-01-07,2.944,2.662,-0.282,backwardation
2019-01-08,2.967,2.683,-0.284,backwardation
2019-01-09,2.984,2.696,-0.288,backwardation
2019-01-10,2.969,2.698,-0.271,backwardation
2019-01-11,3.099,2.747,-0.352,backwardation
2019-01-14,3.591,2.862,-0.729,backwardation
2019-01-15,3.501,2.804,-0.697,backwardation
2019-01-16,3.384,2.797,-0.587,backwardation
2019-01-17,3.413,2.816,-0.597,backwardation
2019-01-18,3.482,2.846,-0.636,backwardation
2019-01-21,3.482,2.846,-0.636,backwardation
2019-01-22,3.04,2.803,-0.237,backwardation
2019-01-23,2.98,2.785,-0.195,backwardation
2019-01-24,3.099,2.838,-0.261,backwardation
2019-01-25,3.178,2.868,-0.31,backwardation
2019-01-28,2.911,2.806,-0.105,backwardation
2019-01-29,2.95,2.846,-0.104,backwardation
2019-01-30,2.854,2.859,0.005,contango
2019-01-31,2.814,2.818,0.004,contango
2019-02-01,2.734,2.754,0.02,contango
2019-02-04,2.66,2.705,0.045,contango
2019-02-05,2.662,2.714,0.052,contango
2019-02-06,2.662,2.72,0.058,contango
2019-02-07,2.551,2.653,0.102,contango
2019-02-08,2.583,2.686,0.103,contango
2019-02-11,2.642,2.735,0.093,contango
2019-02-12,2.688,2.778,0.09,contango
2019-02-13,2.575,2.701,0.126,contango
2019-02-14,2.573,2.69,0.117,contango
2019-02-15,2.625,2.729,0.104,contango
2019-02-18,2.625,2.729,0.104,contango
2019-02-19,2.662,2.77,0.108,contango
2019-02-20,2.636,2.741,0.105,contango
2019-02-21,2.697,2.786,0.089,contango
2019-02-22,2.717,2.8,0.083,contango
2019-02-25,2.836,2.859,0.023,contango
2019-02-26,2.855,2.846,-0.009,backwardation
2019-02-27,2.799,2.889,0.09,contango
2019-02-28,2.812,2.905,0.093,contango
2019-03-01,2.859,2.943,0.084,contango
2019-03-04,2.857,2.937,0.08,contango
2019-03-05,2.884,2.957,0.073,contango
2019-03-06,2.841,2.928,0.087,contango
2019-03-07,2.866,2.952,0.086,contango
2019-03-08,2.865,2.957,0.092,contango
2019-03-11,2.772,2.887,0.115,contango
2019-03-12,2.784,2.902,0.118,contango
2019-03-13,2.82,2.935,0.115,contango
2019-03-14,2.855,2.952,0.097,contango
2019-03-15,2.795,2.904,0.109,contango
2019-03-18,2.85,2.957,0.107,contango
2019-03-19,2.874,2.963,0.089,contango
2019-03-20,2.82,2.922,0.102,contango
2019-03-21,2.821,2.932,0.111,contango
2019-03-22,2.753,2.88,0.127,contango
2019-03-25,2.755,2.883,0.128,contango
2019-03-26,2.74,2.861,0.121,contango
2019-03-27,2.713,2.829,0.116,contango
2019-03-28,2.712,2.839,0.127,contango
2019-03-29,2.662,2.797,0.135,contango
2019-04-01,2.708,2.823,0.115,contango
2019-04-02,2.684,2.801,0.117,contango
2019-04-03,2.677,2.791,0.114,contango
2019-04-04,2.643,2.767,0.124,contango
2019-04-05,2.664,2.791,0.127,contango
2019-04-08,2.708,2.833,0.125,contango
2019-04-09,2.699,2.826,0.127,contango
2019-04-10,2.7,2.827,0.127,contango
2019-04-11,2.664,2.791,0.127,contango
2019-04-12,2.66,2.789,0.129,contango
2019-04-15,2.59,2.723,0.133,contango
2019-04-16,2.572,2.708,0.136,contango
2019-04-17,2.517,2.652,0.135,contango
2019-04-18,2.49,2.627,0.137,contango
2019-04-19,2.49,2.627,0.137,contango
2019-04-22,2.524,2.641,0.117,contango
2019-04-23,2.455,2.585,0.13,contango
2019-04-24,2.462,2.585,0.123,contango
2019-04-25,2.514,2.628,0.114,contango
2019-04-26,2.566,2.653,0.087,contango
2019-04-29,2.593,2.656,0.063,contango
2019-04-30,2.575,2.637,0.062,contango
2019-05-01,2.62,2.67,0.05,contango
2019-05-02,2.589,2.639,0.05,contango
2019-05-03,2.567,2.613,0.046,contango
2019-05-06,2.524,2.575,0.051,contango
2019-05-07,2.537,2.591,0.054,contango
2019-05-08,2.61,2.663,0.053,contango
2019-05-09,2.595,2.65,0.055,contango
2019-05-10,2.619,2.671,0.052,contango
2019-05-13,2.621,2.667,0.046,contango
2019-05-14,2.659,2.699,0.04,contango
2019-05-15,2.601,2.646,0.045,contango
2019-05-16,2.639,2.684,0.045,contango
2019-05-17,2.631,2.675,0.044,contango
2019-05-20,2.673,2.709,0.036,contango
2019-05-21,2.613,2.651,0.038,contango
2019-05-22,2.543,2.572,0.029,contango
2019-05-23,2.578,2.6,0.022,contango
2019-05-24,2.598,2.615,0.017,contango
2019-05-27,2.598,2.615,0.017,contango
2019-05-28,2.582,2.587,0.005,contango
2019-05-29,2.633,2.623,-0.01,backwardation
2019-05-30,2.547,2.592,0.045,contango
2019-05-31,2.454,2.499,0.045,contango
2019-06-03,2.403,2.446,0.043,contango
2019-06-04,2.416,2.464,0.048,contango
2019-06-05,2.378,2.425,0.047,contango
2019-06-06,2.324,2.368,0.044,contango
2019-06-07,2.337,2.367,0.03,contango
2019-06-10,2.357,2.382,0.025,contango
2019-06-11,2.399,2.42,0.021,contango
2019-06-12,2.386,2.406,0.02,contango
2019-06-13,2.325,2.358,0.033,contango
2019-06-14,2.387,2.413,0.026,contango
2019-06-17,2.386,2.401,0.015,contango
2019-06-18,2.328,2.336,0.008,contango
2019-06-19,2.276,2.284,0.008,contango
2019-06-20,2.185,2.186,0.001,contango
2019-06-21,2.186,2.182,-0.004,backwardation
2019-06-24,2.303,2.291,-0.012,backwardation
2019-06-25,2.308,2.294,-0.014,backwardation
2019-06-26,2.291,2.275,-0.016,backwardation
2019-06-27,2.324,2.413,0.089,contango
2019-06-28,2.308,2.399,0.091,contango
2019-07-01,2.267,2.37,0.103,contango
2019-07-02,2.24,2.343,0.103,contango
2019-07-03,2.29,2.382,0.092,contango
2019-07-04,2.29,2.382,0.092,contango
2019-07-05,2.418,2.503,0.085,contango
2019-07-08,2.403,2.505,0.102,contango
2019-07-09,2.425,2.548,0.123,contango
2019-07-10,2.444,2.561,0.117,contango
2019-07-11,2.416,2.528,0.112,contango
2019-07-12,2.453,2.557,0.104,contango
2019-07-15,2.408,2.51,0.102,contango
2019-07-16,2.306,2.414,0.108,contango
2019-07-17,2.304,2.404,0.1,contango
2019-07-18,2.287,2.386,0.099,contango
2019-07-19,2.251,2.349,0.098,contango
2019-07-22,2.312,2.407,0.095,contango
2019-07-23,2.3,2.39,0.09,contango
2019-07-24,2.22,2.318,0.098,contango
2019-07-25,2.244,2.339,0.095,contango
2019-07-26,2.169,2.267,0.098,contango
2019-07-29,2.141,2.233,0.092,contango
2019-07-30,2.137,2.447,0.31,contango
2019-07-31,2.233,2.52,0.287,contango
2019-08-01,2.202,2.488,0.286,contango
2019-08-02,2.121,2.413,0.292,contango
2019-08-05,2.07,2.372,0.302,contango
2019-08-06,2.111,2.403,0.292,contango
2019-08-07,2.083,2.378,0.295,contango
2019-08-08,2.128,2.418,0.29,contango
2019-08-09,2.119,2.406,0.287,contango
2019-08-12,2.105,2.383,0.278,contango
2019-08-13,2.147,2.417,0.27,contango
2019-08-14,2.143,2.416,0.273,contango
2019-08-15,2.232,2.483,0.251,contango
2019-08-16,2.2,2.451,0.251,contango
2019-08-19,2.21,2.447,0.237,contango
2019-08-20,2.218,2.455,0.237,contango
2019-08-21,2.17,2.421,0.251,contango
2019-08-22,2.159,2.406,0.247,contango
2019-08-23,2.152,2.395,0.243,contango
2019-08-26,2.23,2.463,0.233,contango
2019-08-27,2.202,2.426,0.224,contango
2019-08-28,2.251,2.452,0.201,contango
2019-08-29,2.296,2.617,0.321,contango
2019-08-30,2.285,2.588,0.303,contango
2019-09-02,2.285,2.588,0.303,contango
2019-09-03,2.358,2.651,0.293,contango
2019-09-04,2.445,2.727,0.282,contango
2019-09-05,2.435,2.741,0.306,contango
2019-09-06,2.496,2.795,0.299,contango
2019-09-09,2.585,2.859,0.274,contango
2019-09-10,2.58,2.877,0.297,contango
2019-09-11,2.552,2.851,0.299,contango
2019-09-12,2.574,2.857,0.283,contango
2019-09-13,2.614,2.898,0.284,contango
2019-09-16,2.681,2.963,0.282,contango
2019-09-17,2.668,2.94,0.272,contango
2019-09-18,2.637,2.906,0.269,contango
2019-09-19,2.538,2.828,0.29,contango
2019-09-20,2.534,2.811,0.277,contango
2019-09-23,2.527,2.807,0.28,contango
2019-09-24,2.503,2.789,0.286,contango
2019-09-25,2.502,2.774,0.272,contango
2019-09-26,2.428,2.711,0.283,contango
2019-09-27,2.404,2.646,0.242,contango
2019-09-30,2.33,2.588,0.258,contango
2019-10-01,2.283,2.58,0.297,contango
2019-10-02,2.247,2.555,0.308,contango
2019-10-03,2.329,2.589,0.26,contango
2019-10-04,2.352,2.614,0.262,contango
2019-10-07,2.303,2.595,0.292,contango
2019-10-08,2.288,2.584,0.296,contango
2019-10-09,2.234,2.537,0.303,contango
2019-10-10,2.218,2.516,0.298,contango
2019-10-11,2.214,2.552,0.338,contango
2019-10-14,2.28,2.583,0.303,contango
2019-10-15,2.339,2.609,0.27,contango
2019-10-16,2.303,2.575,0.272,contango
2019-10-17,2.318,2.598,0.28,contango
2019-10-18,2.32,2.603,0.283,contango
2019-10-21,2.238,2.538,0.3,contango
2019-10-22,2.272,2.531,0.259,contango
2019-10-23,2.282,2.499,0.217,contango
2019-10-24,2.316,2.533,0.217,contango
2019-10-25,2.3,2.525,0.225,contango
2019-10-28,2.446,2.606,0.16,contango
2019-10-29,2.597,2.678,0.081,contango
2019-10-30,2.691,2.598,-0.093,backwardation
2019-10-31,2.633,2.568,-0.065,backwardation
2019-11-01,2.714,2.631,-0.083,backwardation
2019-11-04,2.821,2.705,-0.116,backwardation
2019-11-05,2.862,2.724,-0.138,backwardation
2019-11-06,2.828,2.696,-0.132,backwardation
2019-11-07,2.772,2.654,-0.118,backwardation
2019-11-08,2.789,2.661,-0.128,backwardation
2019-11-11,2.637,2.559,-0.078,backwardation
2019-11-12,2.621,2.547,-0.074,backwardation
2019-11-13,2.6,2.536,-0.064,backwardation
2019-11-14,2.647,2.549,-0.098,backwardation
2019-11-15,2.688,2.569,-0.119,backwardation
2019-11-18,2.566,2.482,-0.084,backwardation
2019-11-19,2.51,2.435,-0.075,backwardation
2019-11-20,2.559,2.459,-0.1,backwardation
2019-11-21,2.567,2.462,-0.105,backwardation
2019-11-22,2.665,2.529,-0.136,backwardation
2019-11-25,2.531,2.448,-0.083,backwardation
2019-11-26,2.47,2.41,-0.06,backwardation
2019-11-27,2.501,2.272,-0.229,backwardation
2019-11-28,2.501,2.272,-0.229,backwardation
2019-11-29,2.281,2.136,-0.145,backwardation
2019-12-02,2.329,2.165,-0.164,backwardation
2019-12-03,2.441,2.192,-0.249,backwardation
2019-12-04,2.399,2.192,-0.207,backwardation
2019-12-05,2.427,2.211,-0.216,backwardation
2019-12-06,2.334,2.168,-0.166,backwardation
2019-12-09,2.232,2.145,-0.087,backwardation
2019-12-10,2.264,2.165,-0.099,backwardation
2019-12-11,2.243,2.148,-0.095,backwardation
2019-12-12,2.328,2.2,-0.128,backwardation
2019-12-13,2.296,2.17,-0.126,backwardation
2019-12-16,2.341,2.2,-0.141,backwardation
2019-12-17,2.319,2.191,-0.128,backwardation
2019-12-18,2.286,2.167,-0.119,backwardation
2019-12-19,2.273,2.168,-0.105,backwardation
2019-12-20,2.328,2.194,-0.134,backwardation
2019-12-23,2.214,2.145,-0.069,backwardation
2019-12-24,2.172,2.123,-0.049,backwardation
2019-12-25,2.172,2.123,-0.049,backwardation
2019-12-26,2.294,2.185,-0.109,backwardation
2019-12-27,2.158,2.16,0.002,contango
2019-12-30,2.186,2.185,-0.001,backwardation
2019-12-31,2.189,2.188,-0.001,backwardation
2020-01-02,2.122,2.142,0.02,contango
2020-01-03,2.13,2.156,0.026,contango
2020-01-06,2.135,2.176,0.041,contango
2020-01-07,2.162,2.183,0.021,contango
2020-01-08,2.141,2.177,0.036,contango
2020-01-09,2.166,2.191,0.025,contango
2020-01-10,2.202,2.199,-0.003,backwardation
2020-01-13,2.182,2.203,0.021,contango
2020-01-14,2.187,2.194,0.007,contango
2020-01-15,2.12,2.144,0.024,contango
2020-01-16,2.077,2.116,0.039,contango
2020-01-17,2.003,2.066,0.063,contango
2020-01-21,1.895,1.989,0.094,contango
2020-01-22,1.905,1.992,0.087,contango
2020-01-23,1.926,1.997,0.071,contango
2020-01-24,1.893,1.968,0.075,contango
2020-01-27,1.902,1.977,0.075,contango
2020-01-28,1.934,2.006,0.072,contango
2020-01-29,1.877,1.971,0.094,contango
2020-01-30,1.829,2.002,0.173,contango
2020-01-31,1.841,2.015,0.174,contango
2020-02-03,1.819,1.984,0.165,contango
2020-02-04,1.872,2.015,0.143,contango
2020-02-05,1.861,1.997,0.136,contango
2020-02-06,1.862,2.001,0.139,contango
2020-02-07,1.858,2.015,0.157,contango
2020-02-10,1.766,1.937,0.171,contango
2020-02-11,1.788,1.952,0.164,contango
2020-02-12,1.844,1.999,0.155,contango
2020-02-13,1.826,1.982,0.156,contango
2020-02-14,1.837,1.967,0.13,contango
2020-02-18,1.981,2.051,0.07,contango
2020-02-19,1.955,2.058,0.103,contango
2020-02-20,1.92,2.025,0.105,contango
2020-02-21,1.905,2.01,0.105,contango
2020-02-24,1.827,1.95,0.123,contango
2020-02-25,1.847,1.958,0.111,contango
2020-02-26,1.821,1.942,0.121,contango
2020-02-27,1.752,1.952,0.2,contango
2020-02-28,1.684,1.881,0.197,contango
2020-03-02,1.756,1.935,0.179,contango
2020-03-03,1.8,1.974,0.174,contango
2020-03-04,1.827,2.003,0.176,contango
2020-03-05,1.772,1.955,0.183,contango
2020-03-06,1.708,1.902,0.194,contango
2020-03-09,1.778,1.987,0.209,contango
2020-03-10,1.936,2.146,0.21,contango
2020-03-11,1.878,2.089,0.211,contango
2020-03-12,1.841,2.065,0.224,contango
2020-03-13,1.869,2.065,0.196,contango
2020-03-16,1.815,2.011,0.196,contango
2020-03-17,1.729,1.96,0.231,contango
2020-03-18,1.604,1.854,0.25,contango
2020-03-19,1.654,1.937,0.283,contango
2020-03-20,1.604,1.877,0.273,contango
2020-03-23,1.602,1.909,0.307,contango
2020-03-24,1.653,1.96,0.307,contango
2020-03-25,1.659,1.961,0.302,contango
2020-03-26,1.637,1.94,0.303,contango
2020-03-27,1.634,1.907,0.273,contango
2020-03-30,1.69,1.989,0.299,contango
2020-03-31,1.64,1.978,0.338,contango
2020-04-01,1.587,1.958,0.371,contango
2020-04-02,1.552,1.919,0.367,contango
2020-04-03,1.621,1.987,0.366,contango
2020-04-06,1.731,2.051,0.32,contango
2020-04-07,1.852,2.118,0.266,contango
2020-04-08,1.783,2.11,0.327,contango
2020-04-09,1.733,2.128,0.395,contango
2020-04-13,1.724,2.15,0.426,contango
2020-04-14,1.65,2.105,0.455,contango
2020-04-15,1.598,2.037,0.439,contango
2020-04-16,1.686,2.121,0.435,contango
2020-04-17,1.753,2.154,0.401,contango
2020-04-20,1.924,2.312,0.388,contango
2020-04-21,1.821,2.266,0.445,contango
2020-04-22,1.939,2.32,0.381,contango
2020-04-23,1.815,2.252,0.437,contango
2020-04-24,1.746,2.224,0.478,contango
2020-04-27,1.819,2.256,0.437,contango
2020-04-28,1.794,2.27,0.476,contango
2020-04-29,1.869,2.255,0.386,contango
2020-04-30,1.949,2.331,0.382,contango
2020-05-01,1.89,2.302,0.412,contango
2020-05-04,1.993,2.39,0.397,contango
2020-05-05,2.134,2.43,0.296,contango
2020-05-06,1.944,2.308,0.364,contango
2020-05-07,1.894,2.256,0.362,contango
2020-05-08,1.823,2.207,0.384,contango
2020-05-11,1.826,2.213,0.387,contango
2020-05-12,1.72,2.117,0.397,contango
2020-05-13,1.616,2.018,0.402,contango
2020-05-14,1.681,2.043,0.362,contango
2020-05-15,1.646,2.0,0.354,contango
2020-05-18,1.783,2.11,0.327,contango
2020-05-19,1.83,2.122,0.292,contango
2020-05-20,1.771,2.06,0.289,contango
2020-05-21,1.71,1.993,0.283,contango
2020-05-22,1.731,2.013,0.282,contango
2020-05-26,1.793,2.069,0.276,contango
2020-05-27,1.722,2.024,0.302,contango
2020-05-28,1.827,2.058,0.231,contango
2020-05-29,1.849,2.068,0.219,contango
2020-06-01,1.774,2.009,0.235,contango
2020-06-02,1.777,2.021,0.244,contango
2020-06-03,1.821,2.053,0.232,contango
2020-06-04,1.822,2.052,0.23,contango
2020-06-05,1.782,2.028,0.246,contango
2020-06-08,1.789,2.036,0.247,contango
2020-06-09,1.767,2.009,0.242,contango
2020-06-10,1.78,2.018,0.238,contango
2020-06-11,1.813,2.045,0.232,contango
2020-06-12,1.731,1.96,0.229,contango
2020-06-15,1.669,1.917,0.248,contango
2020-06-16,1.614,1.868,0.254,contango
2020-06-17,1.638,1.9,0.262,contango
2020-06-18,1.638,1.898,0.26,contango
2020-06-19,1.669,1.904,0.235,contango
2020-06-22,1.664,1.888,0.224,contango
2020-06-23,1.637,1.839,0.202,contango
2020-06-24,1.597,1.822,0.225,contango
2020-06-25,1.482,1.73,0.248,contango
2020-06-26,1.495,1.725,0.23,contango
2020-06-29,1.709,2.255,0.546,contango
2020-06-30,1.751,2.282,0.531,contango
2020-07-01,1.671,2.265,0.594,contango
2020-07-02,1.734,2.297,0.563,contango
2020-07-06,1.83,2.335,0.505,contango
2020-07-07,1.876,2.381,0.505,contango
2020-07-08,1.824,2.355,0.531,contango
2020-07-09,1.779,2.344,0.565,contango
2020-07-10,1.805,2.355,0.55,contango
2020-07-13,1.739,2.34,0.601,contango
2020-07-14,1.746,2.348,0.602,contango
2020-07-15,1.778,2.366,0.588,contango
2020-07-16,1.723,2.35,0.627,contango
2020-07-17,1.718,2.35,0.632,contango
2020-07-20,1.641,2.291,0.65,contango
2020-07-21,1.675,2.31,0.635,contango
2020-07-22,1.681,2.288,0.607,contango
2020-07-23,1.785,2.371,0.586,contango
2020-07-24,1.808,2.41,0.602,contango
2020-07-27,1.734,2.385,0.651,contango
2020-07-28,1.8,2.458,0.658,contango
2020-07-29,1.854,2.538,0.684,contango
2020-07-30,1.829,2.826,0.997,contango
2020-07-31,1.799,2.793,0.994,contango
2020-08-03,2.101,2.923,0.822,contango
2020-08-04,2.193,2.965,0.772,contango
2020-08-05,2.191,2.994,0.803,contango
2020-08-06,2.165,2.985,0.82,contango
2020-08-07,2.238,3.044,0.806,contango
2020-08-10,2.153,2.975,0.822,contango
2020-08-11,2.171,3.003,0.832,contango
2020-08-12,2.152,2.997,0.845,contango
2020-08-13,2.182,3.016,0.834,contango
2020-08-14,2.356,3.104,0.748,contango
2020-08-17,2.339,3.11,0.771,contango
2020-08-18,2.417,3.157,0.74,contango
2020-08-19,2.426,3.152,0.726,contango
2020-08-20,2.352,3.136,0.784,contango
2020-08-21,2.448,3.158,0.71,contango
2020-08-24,2.513,3.156,0.643,contango
2020-08-25,2.489,3.142,0.653,contango
2020-08-26,2.461,3.111,0.65,contango
2020-08-27,2.579,3.216,0.637,contango
2020-08-28,2.657,3.316,0.659,contango
2020-08-31,2.63,3.355,0.725,contango
2020-09-01,2.527,3.375,0.848,contango
2020-09-02,2.486,3.399,0.913,contango
2020-09-03,2.487,3.374,0.887,contango
2020-09-04,2.588,3.389,0.801,contango
2020-09-08,2.4,3.352,0.952,contango
2020-09-09,2.406,3.361,0.955,contango
2020-09-10,2.323,3.309,0.986,contango
2020-09-11,2.269,3.29,1.021,contango
2020-09-14,2.31,3.284,0.974,contango
2020-09-15,2.362,3.282,0.92,contango
2020-09-16,2.267,3.249,0.982,contango
2020-09-17,2.042,3.229,1.187,contango
2020-09-18,2.048,3.285,1.237,contango
2020-09-21,1.835,3.317,1.482,contango
2020-09-22,1.834,3.264,1.43,contango
2020-09-23,2.125,3.348,1.223,contango
2020-09-24,2.248,3.451,1.203,contango
2020-09-25,2.139,3.398,1.259,contango
2020-09-28,2.101,3.399,1.298,contango
2020-09-29,2.561,3.214,0.653,contango
2020-09-30,2.527,3.221,0.694,contango
2020-10-01,2.527,3.163,0.636,contango
2020-10-02,2.438,3.1,0.662,contango
2020-10-05,2.615,3.247,0.632,contango
2020-10-06,2.52,3.193,0.673,contango
2020-10-07,2.606,3.248,0.642,contango
2020-10-08,2.627,3.258,0.631,contango
2020-10-09,2.741,3.305,0.564,contango
2020-10-12,2.881,3.355,0.474,contango
2020-10-13,2.855,3.341,0.486,contango
2020-10-14,2.636,3.294,0.658,contango
2020-10-15,2.775,3.355,0.58,contango
2020-10-16,2.773,3.364,0.591,contango
2020-10-19,2.795,3.373,0.578,contango
2020-10-20,2.913,3.352,0.439,contango
2020-10-21,3.023,3.427,0.404,contango
2020-10-22,3.007,3.356,0.349,contango
2020-10-23,2.971,3.285,0.314,contango
2020-10-26,3.024,3.329,0.305,contango
2020-10-27,3.019,3.376,0.357,contango
2020-10-28,2.996,3.363,0.367,contango
2020-10-29,3.301,3.233,-0.068,backwardation
2020-10-30,3.354,3.284,-0.07,backwardation
2020-11-02,3.244,3.219,-0.025,backwardation
2020-11-03,3.059,3.063,0.004,contango
2020-11-04,3.046,3.045,-0.001,backwardation
2020-11-05,2.942,2.977,0.035,contango
2020-11-06,2.888,2.933,0.045,contango
2020-11-09,2.859,2.904,0.045,contango
2020-11-10,2.949,2.959,0.01,contango
2020-11-11,3.031,3.026,-0.005,backwardation
2020-11-12,2.976,2.969,-0.007,backwardation
2020-11-13,2.995,2.997,0.002,contango
2020-11-16,2.697,2.795,0.098,contango
2020-11-17,2.692,2.777,0.085,contango
2020-11-18,2.712,2.767,0.055,contango
2020-11-19,2.592,2.659,0.067,contango
2020-11-20,2.65,2.709,0.059,contango
2020-11-23,2.711,2.751,0.04,contango
2020-11-24,2.775,2.809,0.034,contango
2020-11-25,2.896,2.865,-0.031,backwardation
2020-11-30,2.882,2.701,-0.181,backwardation
2020-12-01,2.88,2.717,-0.163,backwardation
2020-12-02,2.78,2.657,-0.123,backwardation
2020-12-03,2.507,2.434,-0.073,backwardation
2020-12-04,2.575,2.508,-0.067,backwardation
2020-12-07,2.406,2.412,0.006,contango
2020-12-08,2.399,2.428,0.029,contango
2020-12-09,2.442,2.466,0.024,contango
2020-12-10,2.553,2.573,0.02,contango
2020-12-11,2.591,2.596,0.005,contango
2020-12-14,2.682,2.662,-0.02,backwardation
2020-12-15,2.682,2.67,-0.012,backwardation
2020-12-16,2.677,2.687,0.01,contango
2020-12-17,2.636,2.635,-0.001,backwardation
2020-12-18,2.7,2.67,-0.03,backwardation
2020-12-21,2.705,2.685,-0.02,backwardation
2020-12-22,2.78,2.725,-0.055,backwardation
2020-12-23,2.608,2.585,-0.023,backwardation
2020-12-24,2.518,2.518,0.0,backwardation
2020-12-28,2.305,2.357,0.052,contango
2020-12-29,2.467,2.454,-0.013,backwardation
2020-12-30,2.422,2.471,0.049,contango
2020-12-31,2.539,2.555,0.016,contango
2021-01-04,2.581,2.608,0.027,contango
2021-01-05,2.702,2.707,0.005,contango
2021-01-06,2.716,2.711,-0.005,backwardation
2021-01-07,2.729,2.717,-0.012,backwardation
2021-01-08,2.7,2.68,-0.02,backwardation
2021-01-11,2.747,2.721,-0.026,backwardation
2021-01-12,2.753,2.716,-0.037,backwardation
2021-01-13,2.727,2.707,-0.02,backwardation
2021-01-14,2.666,2.661,-0.005,backwardation
2021-01-15,2.737,2.724,-0.013,backwardation
2021-01-19,2.546,2.596,0.05,contango
2021-01-20,2.539,2.607,0.068,contango
2021-01-21,2.491,2.584,0.093,contango
2021-01-22,2.446,2.557,0.111,contango
2021-01-25,2.602,2.672,0.07,contango
2021-01-26,2.656,2.7,0.044,contango
2021-01-27,2.76,2.751,-0.009,backwardation
2021-01-28,2.664,2.758,0.094,contango
2021-01-29,2.564,2.683,0.119,contango
2021-02-01,2.85,2.882,0.032,contango
2021-02-02,2.845,2.884,0.039,contango
2021-02-03,2.789,2.843,0.054,contango
2021-02-04,2.935,2.942,0.007,contango
2021-02-05,2.863,2.913,0.05,contango
2021-02-08,2.882,2.941,0.059,contango
2021-02-09,2.835,2.912,0.077,contango
2021-02-10,2.911,2.954,0.043,contango
2021-02-11,2.868,2.91,0.042,contango
2021-02-12,2.912,2.945,0.033,contango
2021-02-16,3.129,3.03,-0.099,backwardation
2021-02-17,3.219,3.073,-0.146,backwardation
2021-02-18,3.082,3.013,-0.069,backwardation
2021-02-19,3.069,3.038,-0.031,backwardation
2021-02-22,2.953,3.007,0.054,contango
2021-02-23,2.879,2.933,0.054,contango
2021-02-24,2.854,2.871,0.017,contango
2021-02-25,2.777,2.911,0.134,contango
2021-02-26,2.771,2.919,0.148,contango
2021-03-01,2.777,2.929,0.152,contango
2021-03-02,2.839,2.977,0.138,contango
2021-03-03,2.816,2.944,0.128,contango
2021-03-04,2.746,2.879,0.133,contango
2021-03-05,2.701,2.846,0.145,contango
2021-03-08,2.664,2.808,0.144,contango
2021-03-09,2.662,2.807,0.145,contango
2021-03-10,2.692,2.842,0.15,contango
2021-03-11,2.668,2.817,0.149,contango
2021-03-12,2.6,2.752,0.152,contango
2021-03-15,2.484,2.646,0.162,contango
2021-03-16,2.562,2.713,0.151,contango
2021-03-17,2.528,2.675,0.147,contango
2021-03-18,2.481,2.633,0.152,contango
2021-03-19,2.535,2.682,0.147,contango
2021-03-22,2.582,2.731,0.149,contango
2021-03-23,2.508,2.674,0.166,contango
2021-03-24,2.518,2.691,0.173,contango
2021-03-25,2.57,2.735,0.165,contango
2021-03-26,2.557,2.739,0.182,contango
2021-03-29,2.586,2.765,0.179,contango
2021-03-30,2.623,2.757,0.134,contango
2021-03-31,2.608,2.753,0.145,contango
2021-04-01,2.639,2.782,0.143,contango
2021-04-05,2.511,2.688,0.177,contango
2021-04-06,2.456,2.65,0.194,contango
2021-04-07,2.52,2.703,0.183,contango
2021-04-08,2.522,2.724,0.202,contango
2021-04-09,2.526,2.724,0.198,contango
2021-04-12,2.561,2.762,0.201,contango
2021-04-13,2.619,2.805,0.186,contango
2021-04-14,2.618,2.803,0.185,contango
2021-04-15,2.658,2.832,0.174,contango
2021-04-16,2.68,2.858,0.178,contango
2021-04-19,2.749,2.912,0.163,contango
2021-04-20,2.727,2.902,0.175,contango
2021-04-21,2.692,2.876,0.184,contango
2021-04-22,2.749,2.924,0.175,contango
2021-04-23,2.73,2.91,0.18,contango
2021-04-26,2.79,2.954,0.164,contango
2021-04-27,2.873,3.01,0.137,contango
2021-04-28,2.925,3.025,0.1,contango
2021-04-29,2.911,2.957,0.046,contango
2021-04-30,2.931,2.972,0.041,contango
2021-05-03,2.966,3.004,0.038,contango
2021-05-04,2.967,3.004,0.037,contango
2021-05-05,2.938,2.978,0.04,contango
2021-05-06,2.928,2.971,0.043,contango
2021-05-07,2.958,2.997,0.039,contango
2021-05-10,2.932,2.973,0.041,contango
2021-05-11,2.955,2.994,0.039,contango
2021-05-12,2.969,3.014,0.045,contango
2021-05-13,2.973,3.026,0.053,contango
2021-05-14,2.961,3.02,0.059,contango
2021-05-17,3.109,3.157,0.048,contango
2021-05-18,3.012,3.082,0.07,contango
2021-05-19,2.964,3.034,0.07,contango
2021-05-20,2.925,3.002,0.077,contango
2021-05-21,2.906,2.993,0.087,contango
2021-05-24,2.886,2.975,0.089,contango
2021-05-25,2.913,2.99,0.077,contango
2021-05-26,2.984,3.04,0.056,contango
2021-05-27,2.958,2.991,0.033,contango
2021-05-28,2.986,3.017,0.031,contango
2021-06-01,3.104,3.13,0.026,contango
2021-06-02,3.075,3.102,0.027,contango
2021-06-03,3.041,3.071,0.03,contango
2021-06-04,3.097,3.124,0.027,contango
2021-06-07,3.07,3.104,0.034,contango
2021-06-08,3.128,3.153,0.025,contango
2021-06-09,3.129,3.157,0.028,contango
2021-06-10,3.149,3.178,0.029,contango
2021-06-11,3.296,3.314,0.018,contango
2021-06-14,3.352,3.368,0.016,contango
2021-06-15,3.24,3.259,0.019,contango
2021-06-16,3.251,3.277,0.026,contango
2021-06-17,3.253,3.277,0.024,contango
2021-06-18,3.215,3.237,0.022,contango
2021-06-21,3.191,3.217,0.026,contango
2021-06-22,3.258,3.276,0.018,contango
2021-06-23,3.333,3.343,0.01,contango
2021-06-24,3.418,3.422,0.004,contango
2021-06-25,3.496,3.508,0.012,contango
2021-06-28,3.617,3.576,-0.041,backwardation
2021-06-29,3.63,3.647,0.017,contango
2021-06-30,3.65,3.658,0.008,contango
2021-07-01,3.661,3.665,0.004,contango
2021-07-02,3.7,3.705,0.005,contango
2021-07-06,3.637,3.655,0.018,contango
2021-07-07,3.596,3.633,0.037,contango
2021-07-08,3.688,3.722,0.034,contango
2021-07-09,3.674,3.716,0.042,contango
2021-07-12,3.749,3.79,0.041,contango
2021-07-13,3.696,3.748,0.052,contango
2021-07-14,3.66,3.721,0.061,contango
2021-07-15,3.614,3.68,0.066,contango
2021-07-16,3.674,3.732,0.058,contango
2021-07-19,3.779,3.812,0.033,contango
2021-07-20,3.876,3.904,0.028,contango
2021-07-21,3.959,3.99,0.031,contango
2021-07-22,4.003,4.033,0.03,contango
2021-07-23,4.06,4.094,0.034,contango
2021-07-26,4.102,4.137,0.035,contango
2021-07-27,3.971,4.002,0.031,contango
2021-07-28,4.044,4.03,-0.014,backwardation
2021-07-29,4.059,4.217,0.158,contango
2021-07-30,3.914,4.085,0.171,contango
2021-08-02,3.935,4.101,0.166,contango
2021-08-03,4.027,4.19,0.163,contango
2021-08-04,4.158,4.32,0.162,contango
2021-08-05,4.14,4.316,0.176,contango
2021-08-06,4.14,4.33,0.19,contango
2021-08-09,4.06,4.252,0.192,contango
2021-08-10,4.089,4.281,0.192,contango
2021-08-11,4.059,4.256,0.197,contango
2021-08-12,3.933,4.139,0.206,contango
2021-08-13,3.861,4.07,0.209,contango
2021-08-16,3.946,4.151,0.205,contango
2021-08-17,3.837,4.045,0.208,contango
2021-08-18,3.852,4.057,0.205,contango
2021-08-19,3.83,4.019,0.189,contango
2021-08-20,3.851,4.039,0.188,contango
2021-08-23,3.945,4.126,0.181,contango
2021-08-24,3.896,4.088,0.192,contango
2021-08-25,3.897,4.105,0.208,contango
2021-08-26,4.184,4.36,0.176,contango
2021-08-27,4.37,4.522,0.152,contango
2021-08-30,4.305,4.499,0.194,contango
2021-08-31,4.377,4.563,0.186,contango
2021-09-01,4.615,4.798,0.183,contango
2021-09-02,4.641,4.832,0.191,contango
2021-09-03,4.712,4.905,0.193,contango
2021-09-07,4.568,4.764,0.196,contango
2021-09-08,4.914,5.103,0.189,contango
2021-09-09,5.031,5.216,0.185,contango
2021-09-10,4.938,5.129,0.191,contango
2021-09-13,5.231,5.43,0.199,contango
2021-09-14,5.26,5.465,0.205,contango
2021-09-15,5.46,5.676,0.216,contango
2021-09-16,5.335,5.564,0.229,contango
2021-09-17,5.105,5.328,0.223,contango
2021-09-20,4.985,5.202,0.217,contango
2021-09-21,4.805,5.023,0.218,contango
2021-09-22,4.805,5.042,0.237,contango
2021-09-23,4.976,5.232,0.256,contango
2021-09-24,5.14,5.391,0.251,contango
2021-09-27,5.706,5.91,0.204,contango
2021-09-28,5.841,6.058,0.217,contango
2021-09-29,5.477,5.56,0.083,contango
2021-09-30,5.867,5.951,0.084,contango
2021-10-01,5.619,5.742,0.123,contango
2021-10-04,5.766,5.888,0.122,contango
2021-10-05,6.312,6.407,0.095,contango
2021-10-06,5.675,5.787,0.112,contango
2021-10-07,5.677,5.806,0.129,contango
2021-10-08,5.565,5.701,0.136,contango
2021-10-12,5.505,5.656,0.151,contango
2021-10-13,5.59,5.75,0.16,contango
2021-10-14,5.687,5.835,0.148,contango
2021-10-15,5.41,5.613,0.203,contango
2021-10-18,4.989,5.261,0.272,contango
2021-10-19,5.088,5.379,0.291,contango
2021-10-20,5.17,5.469,0.299,contango
2021-10-21,5.115,5.375,0.26,contango
2021-10-22,5.28,5.473,0.193,contango
2021-10-25,5.898,6.039,0.141,contango
2021-10-26,5.882,5.98,0.098,contango
2021-10-27,6.202,6.151,-0.051,backwardation
2021-10-28,5.782,5.418,-0.364,backwardation
2021-10-29,5.426,5.145,-0.281,backwardation
2021-11-01,5.186,4.912,-0.274,backwardation
2021-11-02,5.542,5.206,-0.336,backwardation
2021-11-03,5.67,5.309,-0.361,backwardation
2021-11-04,5.716,5.349,-0.367,backwardation
2021-11-05,5.516,5.161,-0.355,backwardation
2021-11-08,5.427,5.029,-0.398,backwardation
2021-11-09,4.979,4.699,-0.28,backwardation
2021-11-10,4.88,4.59,-0.29,backwardation
2021-11-11,5.149,4.802,-0.347,backwardation
2021-11-12,4.791,4.529,-0.262,backwardation
2021-11-15,5.017,4.718,-0.299,backwardation
2021-11-16,5.177,4.854,-0.323,backwardation
2021-11-17,4.816,4.593,-0.223,backwardation
2021-11-18,4.902,4.671,-0.231,backwardation
2021-11-19,5.065,4.818,-0.247,backwardation
2021-11-22,4.789,4.555,-0.234,backwardation
2021-11-23,4.967,4.723,-0.244,backwardation
2021-11-24,5.068,4.781,-0.287,backwardation
2021-11-29,4.854,4.106,-0.748,backwardation
2021-11-30,4.567,3.934,-0.633,backwardation
2021-12-01,4.258,3.786,-0.472,backwardation
2021-12-02,4.056,3.676,-0.38,backwardation
2021-12-03,4.132,3.751,-0.381,backwardation
2021-12-06,3.657,3.442,-0.215,backwardation
2021-12-07,3.708,3.497,-0.211,backwardation
2021-12-08,3.815,3.575,-0.24,backwardation
2021-12-09,3.814,3.624,-0.19,backwardation
2021-12-10,3.925,3.714,-0.211,backwardation
2021-12-13,3.794,3.617,-0.177,backwardation
2021-12-14,3.747,3.552,-0.195,backwardation
2021-12-15,3.802,3.602,-0.2,backwardation
2021-12-16,3.766,3.558,-0.208,backwardation
2021-12-17,3.69,3.485,-0.205,backwardation
2021-12-20,3.834,3.598,-0.236,backwardation
2021-12-21,3.869,3.608,-0.261,backwardation
2021-12-22,3.976,3.635,-0.341,backwardation
2021-12-23,3.731,3.469,-0.262,backwardation
2021-12-27,4.06,3.708,-0.352,backwardation
2021-12-28,4.055,3.682,-0.373,backwardation
2021-12-29,4.024,3.645,-0.379,backwardation
2021-12-30,3.561,3.431,-0.13,backwardation
2021-12-31,3.73,3.525,-0.205,backwardation
2022-01-03,3.815,3.653,-0.162,backwardation
2022-01-04,3.717,3.575,-0.142,backwardation
2022-01-05,3.882,3.683,-0.199,backwardation
2022-01-06,3.812,3.645,-0.167,backwardation
2022-01-07,3.916,3.685,-0.231,backwardation
2022-01-10,4.079,3.787,-0.292,backwardation
2022-01-11,4.249,3.893,-0.356,backwardation
2022-01-12,4.857,4.132,-0.725,backwardation
2022-01-13,4.27,3.958,-0.312,backwardation
2022-01-14,4.262,4.03,-0.232,backwardation
2022-01-18,4.283,4.008,-0.275,backwardation
2022-01-19,4.031,3.865,-0.166,backwardation
2022-01-20,3.802,3.693,-0.109,backwardation
2022-01-21,3.999,3.777,-0.222,backwardation
2022-01-24,4.027,3.876,-0.151,backwardation
2022-01-25,4.053,3.92,-0.133,backwardation
2022-01-26,4.277,4.044,-0.233,backwardation
2022-01-27,6.265,4.233,-2.032,backwardation
2022-01-28,4.639,4.523,-0.116,backwardation
2022-01-31,4.874,4.692,-0.182,backwardation
2022-02-01,4.751,4.614,-0.137,backwardation
2022-02-02,5.501,5.069,-0.432,backwardation
2022-02-03,4.888,4.762,-0.126,backwardation
2022-02-04,4.572,4.554,-0.018,backwardation
2022-02-07,4.232,4.266,0.034,contango
2022-02-08,4.248,4.292,0.044,contango
2022-02-09,4.009,4.058,0.049,contango
2022-02-10,3.959,4.029,0.07,contango
2022-02-11,3.941,4.024,0.083,contango
2022-02-14,4.195,4.238,0.043,contango
2022-02-15,4.306,4.312,0.006,contango
2022-02-16,4.717,4.623,-0.094,backwardation
2022-02-17,4.486,4.501,0.015,contango
2022-02-18,4.431,4.443,0.012,contango
2022-02-22,4.498,4.527,0.029,contango
2022-02-23,4.623,4.647,0.024,contango
2022-02-24,4.568,4.699,0.131,contango
2022-02-25,4.47,4.578,0.108,contango
2022-02-28,4.402,4.511,0.109,contango
2022-03-01,4.573,4.691,0.118,contango
2022-03-02,4.762,4.874,0.112,contango
2022-03-03,4.722,4.814,0.092,contango
2022-03-04,5.016,5.113,0.097,contango
2022-03-07,4.833,4.952,0.119,contango
2022-03-08,4.527,4.67,0.143,contango
2022-03-09,4.526,4.67,0.144,contango
2022-03-10,4.631,4.779,0.148,contango
2022-03-11,4.725,4.878,0.153,contango
2022-03-14,4.658,4.809,0.151,contango
2022-03-15,4.568,4.727,0.159,contango
2022-03-16,4.748,4.88,0.132,contango
2022-03-17,4.99,5.111,0.121,contango
2022-03-18,4.863,4.997,0.134,contango
2022-03-21,4.9,5.025,0.125,contango
2022-03-22,5.187,5.316,0.129,contango
2022-03-23,5.232,5.366,0.134,contango
2022-03-24,5.401,5.538,0.137,contango
2022-03-25,5.571,5.701,0.13,contango
2022-03-28,5.508,5.636,0.128,contango
2022-03-29,5.336,5.438,0.102,contango
2022-03-30,5.605,5.717,0.112,contango
2022-03-31,5.642,5.757,0.115,contango
2022-04-01,5.72,5.86,0.14,contango
2022-04-04,5.712,5.865,0.153,contango
2022-04-05,6.032,6.175,0.143,contango
2022-04-06,6.029,6.176,0.147,contango
2022-04-07,6.359,6.502,0.143,contango
2022-04-08,6.278,6.423,0.145,contango
2022-04-11,6.643,6.791,0.148,contango
2022-04-12,6.68,6.833,0.153,contango
2022-04-13,6.997,7.174,0.177,contango
2022-04-14,7.3,7.499,0.199,contango
2022-04-18,7.82,8.038,0.218,contango
2022-04-19,7.176,7.346,0.17,contango
2022-04-20,6.937,7.151,0.214,contango
2022-04-21,6.957,7.186,0.229,contango
2022-04-22,6.534,6.754,0.22,contango
2022-04-25,6.669,6.892,0.223,contango
2022-04-26,6.85,7.068,0.218,contango
2022-04-27,7.267,7.435,0.168,contango
2022-04-28,6.888,6.954,0.066,contango
2022-04-29,7.244,7.299,0.055,contango
2022-05-02,7.475,7.507,0.032,contango
2022-05-03,7.954,7.956,0.002,contango
2022-05-04,8.415,8.412,-0.003,backwardation
2022-05-05,8.783,8.773,-0.01,backwardation
2022-05-06,8.043,8.068,0.025,contango
2022-05-09,7.026,7.054,0.028,contango
2022-05-10,7.385,7.4,0.015,contango
2022-05-11,7.64,7.661,0.021,contango
2022-05-12,7.739,7.778,0.039,contango
2022-05-13,7.663,7.714,0.051,contango
2022-05-16,7.956,7.999,0.043,contango
2022-05-17,8.304,8.339,0.035,contango
2022-05-18,8.368,8.402,0.034,contango
2022-05-19,8.308,8.349,0.041,contango
2022-05-20,8.083,8.136,0.053,contango
2022-05-23,8.744,8.767,0.023,contango
2022-05-24,8.796,8.78,-0.016,backwardation
2022-05-25,8.971,8.929,-0.042,backwardation
2022-05-26,8.908,8.837,-0.071,backwardation
2022-05-27,8.727,8.64,-0.087,backwardation
2022-05-31,8.145,8.073,-0.072,backwardation
2022-06-01,8.696,8.614,-0.082,backwardation
2022-06-02,8.485,8.409,-0.076,backwardation
2022-06-03,8.523,8.446,-0.077,backwardation
2022-06-06,9.322,9.22,-0.102,backwardation
2022-06-07,9.293,9.205,-0.088,backwardation
2022-06-08,8.699,8.637,-0.062,backwardation
2022-06-09,8.963,8.955,-0.008,backwardation
2022-06-10,8.85,8.845,-0.005,backwardation
2022-06-13,8.609,8.584,-0.025,backwardation
2022-06-14,7.189,7.17,-0.019,backwardation
2022-06-15,7.42,7.369,-0.051,backwardation
2022-06-16,7.464,7.383,-0.081,backwardation
2022-06-17,6.944,6.85,-0.094,backwardation
2022-06-21,6.808,6.735,-0.073,backwardation
2022-06-22,6.858,6.826,-0.032,backwardation
2022-06-23,6.239,6.289,0.05,contango
2022-06-24,6.22,6.268,0.048,contango
2022-06-27,6.501,6.557,0.056,contango
2022-06-28,6.551,6.573,0.022,contango
2022-06-29,6.498,6.614,0.116,contango
2022-06-30,5.424,5.52,0.096,contango
2022-07-01,5.73,5.837,0.107,contango
2022-07-05,5.523,5.605,0.082,contango
2022-07-06,5.51,5.605,0.095,contango
2022-07-07,6.297,6.348,0.051,contango
2022-07-08,6.034,6.068,0.034,contango
2022-07-11,6.426,6.394,-0.032,backwardation
2022-07-12,6.163,6.1,-0.063,backwardation
2022-07-13,6.689,6.677,-0.012,backwardation
2022-07-14,6.6,6.607,0.007,contango
2022-07-15,7.016,6.997,-0.019,backwardation
2022-07-18,7.479,7.445,-0.034,backwardation
2022-07-19,7.264,7.21,-0.054,backwardation
2022-07-20,8.007,7.944,-0.063,backwardation
2022-07-21,7.932,7.854,-0.078,backwardation
2022-07-22,8.299,8.238,-0.061,backwardation
2022-07-25,8.727,8.626,-0.101,backwardation
2022-07-26,8.993,8.866,-0.127,backwardation
2022-07-27,8.687,8.603,-0.084,backwardation
2022-07-28,8.134,8.299,0.165,contango
2022-07-29,8.229,8.374,0.145,contango
2022-08-01,8.283,8.429,0.146,contango
2022-08-02,7.706,7.887,0.181,contango
2022-08-03,8.266,8.429,0.163,contango
2022-08-04,8.122,8.285,0.163,contango
2022-08-05,8.064,8.23,0.166,contango
2022-08-08,7.589,7.767,0.178,contango
2022-08-09,7.833,8.018,0.185,contango
2022-08-10,8.202,8.389,0.187,contango
2022-08-11,8.874,9.052,0.178,contango
2022-08-12,8.768,8.927,0.159,contango
2022-08-15,8.728,8.903,0.175,contango
2022-08-16,9.329,9.472,0.143,contango
2022-08-17,9.244,9.401,0.157,contango
2022-08-18,9.188,9.35,0.162,contango
2022-08-19,9.336,9.492,0.156,contango
2022-08-22,9.68,9.81,0.13,contango
2022-08-23,9.193,9.35,0.157,contango
2022-08-24,9.33,9.504,0.174,contango
2022-08-25,9.375,9.564,0.189,contango
2022-08-26,9.296,9.473,0.177,contango
2022-08-29,9.353,9.532,0.179,contango
2022-08-30,9.042,9.31,0.268,contango
2022-08-31,9.127,9.396,0.269,contango
2022-09-01,9.262,9.556,0.294,contango
2022-09-02,8.786,9.078,0.292,contango
2022-09-06,8.145,8.458,0.313,contango
2022-09-07,7.842,8.115,0.273,contango
2022-09-08,7.915,8.196,0.281,contango
2022-09-09,7.996,8.278,0.282,contango
2022-09-12,8.249,8.517,0.268,contango
2022-09-13,8.284,8.573,0.289,contango
2022-09-14,9.114,9.407,0.293,contango
2022-09-15,8.324,8.62,0.296,contango
2022-09-16,7.764,8.067,0.303,contango
2022-09-19,7.752,8.074,0.322,contango
2022-09-20,7.717,8.046,0.329,contango
2022-09-21,7.779,8.109,0.33,contango
2022-09-22,7.089,7.522,0.433,contango
2022-09-23,6.828,7.366,0.538,contango
2022-09-26,6.903,7.398,0.495,contango
2022-09-27,6.651,7.157,0.506,contango
2022-09-28,6.868,7.37,0.502,contango
2022-09-29,6.874,7.009,0.135,contango
2022-09-30,6.766,6.937,0.171,contango
2022-10-03,6.47,6.715,0.245,contango
2022-10-04,6.837,7.03,0.193,contango
2022-10-05,6.93,7.11,0.18,contango
2022-10-06,6.972,7.103,0.131,contango
2022-10-07,6.748,6.94,0.192,contango
2022-10-10,6.435,6.743,0.308,contango
2022-10-11,6.596,6.876,0.28,contango
2022-10-12,6.435,6.723,0.288,contango
2022-10-13,6.741,7.006,0.265,contango
2022-10-14,6.453,6.793,0.34,contango
2022-10-17,5.999,6.508,0.509,contango
2022-10-18,5.745,6.286,0.541,contango
2022-10-19,5.462,6.016,0.554,contango
2022-10-20,5.358,5.928,0.57,contango
2022-10-21,4.959,5.587,0.628,contango
2022-10-24,5.199,5.847,0.648,contango
2022-10-25,5.613,6.23,0.617,contango
2022-10-26,5.606,6.217,0.611,contango
2022-10-27,5.186,5.972,0.786,contango
2022-10-28,5.684,5.276,-0.408,backwardation
2022-10-31,6.355,5.717,-0.638,backwardation
2022-11-01,5.714,5.375,-0.339,backwardation
2022-11-02,6.268,5.749,-0.519,backwardation
2022-11-03,5.975,5.537,-0.438,backwardation
2022-11-04,6.4,5.873,-0.527,backwardation
2022-11-07,6.944,6.087,-0.857,backwardation
2022-11-08,6.138,5.506,-0.632,backwardation
2022-11-09,5.865,5.311,-0.554,backwardation
2022-11-10,6.239,5.63,-0.609,backwardation
2022-11-11,5.879,5.369,-0.51,backwardation
2022-11-14,5.933,5.41,-0.523,backwardation
2022-11-15,6.034,5.457,-0.577,backwardation
2022-11-16,6.2,5.59,-0.61,backwardation
2022-11-17,6.369,5.706,-0.663,backwardation
2022-11-18,6.303,5.703,-0.6,backwardation
2022-11-21,6.776,6.111,-0.665,backwardation
2022-11-22,6.779,6.314,-0.465,backwardation
2022-11-23,7.308,6.645,-0.663,backwardation
2022-11-25,7.024,6.424,-0.6,backwardation
2022-11-28,6.712,6.299,-0.413,backwardation
2022-11-29,7.235,5.289,-1.946,backwardation
2022-11-30,6.93,5.247,-1.683,backwardation
2022-12-01,6.738,5.246,-1.492,backwardation
2022-12-02,6.281,4.935,-1.346,backwardation
2022-12-05,5.577,4.62,-0.957,backwardation
2022-12-06,5.469,4.521,-0.948,backwardation
2022-12-07,5.723,4.671,-1.052,backwardation
2022-12-08,5.962,4.824,-1.138,backwardation
2022-12-09,6.245,4.924,-1.321,backwardation
2022-12-12,6.587,5.096,-1.491,backwardation
2022-12-13,6.935,5.354,-1.581,backwardation
2022-12-14,6.43,5.129,-1.301,backwardation
2022-12-15,6.97,5.279,-1.691,backwardation
2022-12-16,6.6,5.153,-1.447,backwardation
2022-12-19,5.851,4.896,-0.955,backwardation
2022-12-20,5.326,4.565,-0.761,backwardation
2022-12-21,5.332,4.537,-0.795,backwardation
2022-12-22,4.999,4.171,-0.828,backwardation
2022-12-23,5.079,4.147,-0.932,backwardation
2022-12-27,5.282,4.191,-1.091,backwardation
2022-12-28,4.709,4.008,-0.701,backwardation
2022-12-29,4.559,3.934,-0.625,backwardation
2022-12-30,4.475,3.931,-0.544,backwardation
2023-01-03,3.988,3.575,-0.413,backwardation
2023-01-04,4.172,3.702,-0.47,backwardation
2023-01-05,3.72,3.397,-0.323,backwardation
2023-01-06,3.71,3.352,-0.358,backwardation
2023-01-09,3.91,3.534,-0.376,backwardation
2023-01-10,3.639,3.303,-0.336,backwardation
2023-01-11,3.671,3.347,-0.324,backwardation
2023-01-12,3.695,3.363,-0.332,backwardation
2023-01-13,3.419,3.229,-0.19,backwardation
2023-01-17,3.586,3.283,-0.303,backwardation
2023-01-18,3.311,3.154,-0.157,backwardation
2023-01-19,3.275,3.191,-0.084,backwardation
2023-01-20,3.174,3.112,-0.062,backwardation
2023-01-23,3.447,3.263,-0.184,backwardation
2023-01-24,3.258,3.142,-0.116,backwardation
2023-01-25,3.067,3.017,-0.05,backwardation
2023-01-26,2.944,2.961,0.017,contango
2023-01-27,3.109,2.966,-0.143,backwardation
2023-01-30,2.677,2.999,0.322,contango
2023-01-31,2.684,3.04,0.356,contango
2023-02-01,2.468,2.893,0.425,contango
2023-02-02,2.456,2.863,0.407,contango
2023-02-03,2.41,2.829,0.419,contango
2023-02-06,2.457,2.863,0.406,contango
2023-02-07,2.584,3.003,0.419,contango
2023-02-08,2.396,2.84,0.444,contango
2023-02-09,2.43,2.852,0.422,contango
2023-02-10,2.514,2.966,0.452,contango
2023-02-13,2.405,2.883,0.478,contango
2023-02-14,2.567,2.981,0.414,contango
2023-02-15,2.471,2.896,0.425,contango
2023-02-16,2.389,2.831,0.442,contango
2023-02-17,2.275,2.682,0.407,contango
2023-02-21,2.073,2.513,0.44,contango
2023-02-22,2.174,2.641,0.467,contango
2023-02-23,2.314,2.781,0.467,contango
2023-02-24,2.451,2.896,0.445,contango
2023-02-27,2.731,3.195,0.464,contango
2023-02-28,2.747,3.212,0.465,contango
2023-03-01,2.811,3.299,0.488,contango
2023-03-02,2.765,3.27,0.505,contango
2023-03-03,3.009,3.485,0.476,contango
2023-03-06,2.572,3.107,0.535,contango
2023-03-07,2.687,3.251,0.564,contango
2023-03-08,2.551,3.153,0.602,contango
2023-03-09,2.543,3.133,0.59,contango
2023-03-10,2.43,3.028,0.598,contango
2023-03-13,2.606,3.184,0.578,contango
2023-03-14,2.573,3.128,0.555,contango
2023-03-15,2.439,2.958,0.519,contango
2023-03-16,2.514,3.029,0.515,contango
2023-03-17,2.338,2.861,0.523,contango
2023-03-20,2.223,2.772,0.549,contango
2023-03-21,2.348,2.957,0.609,contango
2023-03-22,2.171,2.801,0.63,contango
2023-03-23,2.154,2.793,0.639,contango
2023-03-24,2.216,2.861,0.645,contango
2023-03-27,2.088,2.726,0.638,contango
2023-03-28,2.03,2.659,0.629,contango
2023-03-29,1.991,2.726,0.735,contango
2023-03-30,2.104,2.69,0.586,contango
2023-03-31,2.216,2.783,0.567,contango
2023-04-03,2.097,2.643,0.546,contango
2023-04-04,2.106,2.652,0.546,contango
2023-04-05,2.155,2.678,0.523,contango
2023-04-06,2.011,2.547,0.536,contango
2023-04-10,2.172,2.653,0.481,contango
2023-04-11,2.186,2.629,0.443,contango
2023-04-12,2.093,2.547,0.454,contango
2023-04-13,2.007,2.493,0.486,contango
2023-04-14,2.114,2.609,0.495,contango
2023-04-17,2.275,2.717,0.442,contango
2023-04-18,2.366,2.778,0.412,contango
2023-04-19,2.222,2.661,0.439,contango
2023-04-20,2.249,2.697,0.448,contango
2023-04-21,2.233,2.671,0.438,contango
2023-04-24,2.273,2.743,0.47,contango
2023-04-25,2.307,2.704,0.397,contango
2023-04-26,2.117,2.571,0.454,contango
2023-04-27,2.355,2.6,0.245,contango
2023-04-28,2.41,2.626,0.216,contango
2023-05-01,2.318,2.546,0.228,contango
2023-05-02,2.214,2.48,0.266,contango
2023-05-03,2.17,2.422,0.252,contango
2023-05-04,2.101,2.366,0.265,contango
2023-05-05,2.137,2.4,0.263,contango
2023-05-08,2.238,2.493,0.255,contango
2023-05-09,2.267,2.505,0.238,contango
2023-05-10,2.191,2.415,0.224,contango
2023-05-11,2.19,2.425,0.235,contango
2023-05-12,2.266,2.527,0.261,contango
2023-05-15,2.375,2.62,0.245,contango
2023-05-16,2.376,2.598,0.222,contango
2023-05-17,2.365,2.574,0.209,contango
2023-05-18,2.592,2.77,0.178,contango
2023-05-19,2.585,2.747,0.162,contango
2023-05-22,2.4,2.609,0.209,contango
2023-05-23,2.321,2.555,0.234,contango
2023-05-24,2.398,2.633,0.235,contango
2023-05-25,2.307,2.554,0.247,contango
2023-05-26,2.181,2.503,0.322,contango
2023-05-30,2.327,2.532,0.205,contango
2023-05-31,2.266,2.478,0.212,contango
2023-06-01,2.158,2.404,0.246,contango
2023-06-02,2.172,2.448,0.276,contango
2023-06-05,2.245,2.515,0.27,contango
2023-06-06,2.262,2.534,0.272,contango
2023-06-07,2.329,2.573,0.244,contango
2023-06-08,2.352,2.562,0.21,contango
2023-06-09,2.254,2.47,0.216,contango
2023-06-12,2.266,2.48,0.214,contango
2023-06-13,2.34,2.546,0.206,contango
2023-06-14,2.342,2.547,0.205,contango
2023-06-15,2.533,2.719,0.186,contango
2023-06-16,2.632,2.818,0.186,contango
2023-06-20,2.492,2.667,0.175,contango
2023-06-21,2.597,2.769,0.172,contango
2023-06-22,2.608,2.794,0.186,contango
2023-06-23,2.729,2.907,0.178,contango
2023-06-26,2.791,2.936,0.145,contango
2023-06-27,2.763,2.825,0.062,contango
2023-06-28,2.603,2.732,0.129,contango
2023-06-29,2.701,3.129,0.428,contango
2023-06-30,2.798,3.211,0.413,contango
2023-07-03,2.709,3.169,0.46,contango
2023-07-05,2.657,3.129,0.472,contango
2023-07-06,2.609,3.099,0.49,contango
2023-07-07,2.582,3.073,0.491,contango
2023-07-10,2.669,3.149,0.48,contango
2023-07-11,2.731,3.194,0.463,contango
2023-07-12,2.632,3.105,0.473,contango
2023-07-13,2.545,3.063,0.518,contango
2023-07-14,2.539,3.075,0.536,contango
2023-07-17,2.512,3.028,0.516,contango
2023-07-18,2.629,3.107,0.478,contango
2023-07-19,2.603,3.081,0.478,contango
2023-07-20,2.757,3.19,0.433,contango
2023-07-21,2.713,3.193,0.48,contango
2023-07-24,2.685,3.194,0.509,contango
2023-07-25,2.73,3.271,0.541,contango
2023-07-26,2.665,3.235,0.57,contango
2023-07-27,2.492,3.142,0.65,contango
2023-07-28,2.638,3.589,0.951,contango
2023-07-31,2.634,3.563,0.929,contango
2023-08-01,2.56,3.507,0.947,contango
2023-08-02,2.477,3.442,0.965,contango
2023-08-03,2.565,3.497,0.932,contango
2023-08-04,2.577,3.514,0.937,contango
2023-08-07,2.725,3.603,0.878,contango
2023-08-08,2.777,3.678,0.901,contango
2023-08-09,2.959,3.857,0.898,contango
2023-08-10,2.763,3.752,0.989,contango
2023-08-11,2.77,3.813,1.043,contango
2023-08-14,2.795,3.845,1.05,contango
2023-08-15,2.659,3.79,1.131,contango
2023-08-16,2.592,3.725,1.133,contango
2023-08-17,2.621,3.748,1.127,contango
2023-08-18,2.551,3.678,1.127,contango
2023-08-21,2.632,3.703,1.071,contango
2023-08-22,2.56,3.617,1.057,contango
2023-08-23,2.497,3.542,1.045,contango
2023-08-24,2.519,3.565,1.046,contango
2023-08-25,2.54,3.625,1.085,contango
2023-08-28,2.579,3.576,0.997,contango
2023-08-29,2.556,3.505,0.949,contango
2023-08-30,2.796,3.831,1.035,contango
2023-08-31,2.768,3.835,1.067,contango
2023-09-01,2.765,3.785,1.02,contango
2023-09-05,2.582,3.706,1.124,contango
2023-09-06,2.51,3.677,1.167,contango
2023-09-07,2.579,3.675,1.096,contango
2023-09-08,2.605,3.7,1.095,contango
2023-09-11,2.608,3.674,1.066,contango
2023-09-12,2.743,3.707,0.964,contango
2023-09-13,2.68,3.684,1.004,contango
2023-09-14,2.708,3.668,0.96,contango
2023-09-15,2.644,3.595,0.951,contango
2023-09-18,2.728,3.639,0.911,contango
2023-09-19,2.848,3.616,0.768,contango
2023-09-20,2.733,3.563,0.83,contango
2023-09-21,2.61,3.524,0.914,contango
2023-09-22,2.637,3.555,0.918,contango
2023-09-25,2.639,3.612,0.973,contango
2023-09-26,2.656,3.519,0.863,contango
2023-09-27,2.764,3.551,0.787,contango
2023-09-28,2.945,3.522,0.577,contango
2023-09-29,2.929,3.497,0.568,contango
2023-10-02,2.84,3.427,0.587,contango
2023-10-03,2.949,3.495,0.546,contango
2023-10-04,2.962,3.503,0.541,contango
2023-10-05,3.166,3.669,0.503,contango
2023-10-06,3.338,3.798,0.46,contango
2023-10-09,3.376,3.774,0.398,contango
2023-10-10,3.382,3.817,0.435,contango
2023-10-11,3.377,3.82,0.443,contango
2023-10-12,3.344,3.807,0.463,contango
2023-10-13,3.236,3.76,0.524,contango
2023-10-16,3.109,3.663,0.554,contango
2023-10-17,3.079,3.647,0.568,contango
2023-10-18,3.056,3.647,0.591,contango
2023-10-19,2.957,3.518,0.561,contango
2023-10-20,2.899,3.454,0.555,contango
2023-10-23,2.926,3.454,0.528,contango
2023-10-24,2.971,3.501,0.53,contango
2023-10-25,3.01,3.553,0.543,contango
2023-10-26,3.214,3.634,0.42,contango
2023-10-27,3.164,3.648,0.484,contango
2023-10-30,3.352,3.261,-0.091,backwardation
2023-10-31,3.575,3.468,-0.107,backwardation
2023-11-01,3.494,3.425,-0.069,backwardation
2023-11-02,3.472,3.424,-0.048,backwardation
2023-11-03,3.515,3.475,-0.04,backwardation
2023-11-06,3.264,3.274,0.01,contango
2023-11-07,3.14,3.189,0.049,contango
2023-11-08,3.106,3.136,0.03,contango
2023-11-09,3.041,3.1,0.059,contango
2023-11-10,3.033,3.048,0.015,contango
2023-11-13,3.197,3.146,-0.051,backwardation
2023-11-14,3.106,3.079,-0.027,backwardation
2023-11-15,3.19,3.129,-0.061,backwardation
2023-11-16,3.062,3.019,-0.043,backwardation
2023-11-17,2.96,2.924,-0.036,backwardation
2023-11-20,2.882,2.854,-0.028,backwardation
2023-11-21,2.846,2.8,-0.046,backwardation
2023-11-22,2.897,2.83,-0.067,backwardation
2023-11-24,2.855,2.804,-0.051,backwardation
2023-11-27,2.794,2.751,-0.043,backwardation
2023-11-28,2.706,2.673,-0.033,backwardation
2023-11-29,2.804,2.601,-0.203,backwardation
2023-11-30,2.802,2.595,-0.207,backwardation
2023-12-01,2.814,2.599,-0.215,backwardation
2023-12-04,2.694,2.499,-0.195,backwardation
2023-12-05,2.71,2.508,-0.202,backwardation
2023-12-06,2.569,2.37,-0.199,backwardation
2023-12-07,2.585,2.391,-0.194,backwardation
2023-12-08,2.581,2.362,-0.219,backwardation
2023-12-11,2.431,2.226,-0.205,backwardation
2023-12-12,2.311,2.135,-0.176,backwardation
2023-12-13,2.335,2.215,-0.12,backwardation
2023-12-14,2.392,2.282,-0.11,backwardation
2023-12-15,2.491,2.333,-0.158,backwardation
2023-12-18,2.503,2.318,-0.185,backwardation
2023-12-19,2.492,2.235,-0.257,backwardation
2023-12-20,2.447,2.201,-0.246,backwardation
2023-12-21,2.572,2.274,-0.298,backwardation
2023-12-22,2.61,2.292,-0.318,backwardation
2023-12-26,2.55,2.236,-0.314,backwardation
2023-12-27,2.619,2.267,-0.352,backwardation
2023-12-28,2.557,2.41,-0.147,backwardation
2023-12-29,2.514,2.368,-0.146,backwardation
2024-01-02,2.568,2.424,-0.144,backwardation
2024-01-03,2.668,2.478,-0.19,backwardation
2024-01-04,2.821,2.566,-0.255,backwardation
2024-01-05,2.893,2.616,-0.277,backwardation
2024-01-08,2.98,2.608,-0.372,backwardation
2024-01-09,3.19,2.701,-0.489,backwardation
2024-01-10,3.039,2.602,-0.437,backwardation
2024-01-11,3.097,2.58,-0.517,backwardation
2024-01-12,3.313,2.631,-0.682,backwardation
2024-01-16,2.9,2.513,-0.387,backwardation
2024-01-17,2.87,2.534,-0.336,backwardation
2024-01-18,2.697,2.479,-0.218,backwardation
2024-01-19,2.519,2.353,-0.166,backwardation
2024-01-22,2.419,2.237,-0.182,backwardation
2024-01-23,2.45,2.295,-0.155,backwardation
2024-01-24,2.641,2.364,-0.277,backwardation
2024-01-25,2.571,2.295,-0.276,backwardation
2024-01-26,2.712,2.301,-0.411,backwardation
2024-01-29,2.49,2.188,-0.302,backwardation
2024-01-30,2.077,2.37,0.293,contango
2024-01-31,2.1,2.369,0.269,contango
2024-02-01,2.05,2.322,0.272,contango
2024-02-02,2.079,2.331,0.252,contango
2024-02-05,2.082,2.315,0.233,contango
2024-02-06,2.009,2.25,0.241,contango
2024-02-07,1.967,2.225,0.258,contango
2024-02-08,1.917,2.212,0.295,contango
2024-02-09,1.847,2.165,0.318,contango
2024-02-12,1.768,2.1,0.332,contango
2024-02-13,1.689,2.052,0.363,contango
2024-02-14,1.609,1.958,0.349,contango
2024-02-15,1.581,1.953,0.372,contango
2024-02-16,1.609,1.995,0.386,contango
2024-02-20,1.576,1.939,0.363,contango
2024-02-21,1.773,2.197,0.424,contango
2024-02-22,1.732,2.201,0.469,contango
2024-02-23,1.603,2.082,0.479,contango
2024-02-26,1.659,2.129,0.47,contango
2024-02-27,1.615,2.205,0.59,contango
2024-02-28,1.885,2.535,0.65,contango
2024-02-29,1.86,2.507,0.647,contango
2024-03-01,1.835,2.466,0.631,contango
2024-03-04,1.916,2.567,0.651,contango
2024-03-05,1.957,2.58,0.623,contango
2024-03-06,1.929,2.533,0.604,contango
2024-03-07,1.818,2.452,0.634,contango
2024-03-08,1.805,2.456,0.651,contango
2024-03-11,1.759,2.423,0.664,contango
2024-03-12,1.714,2.391,0.677,contango
2024-03-13,1.658,2.382,0.724,contango
2024-03-14,1.741,2.449,0.708,contango
2024-03-15,1.655,2.37,0.715,contango
2024-03-18,1.703,2.42,0.717,contango
2024-03-19,1.744,2.423,0.679,contango
2024-03-20,1.699,2.387,0.688,contango
2024-03-21,1.683,2.359,0.676,contango
2024-03-22,1.659,2.337,0.678,contango
2024-03-25,1.615,2.337,0.722,contango
2024-03-26,1.575,2.339,0.764,contango
2024-03-27,1.718,2.392,0.674,contango
2024-03-28,1.763,2.442,0.679,contango
2024-04-01,1.837,2.511,0.674,contango
2024-04-02,1.862,2.54,0.678,contango
2024-04-03,1.841,2.494,0.653,contango
2024-04-04,1.774,2.43,0.656,contango
2024-04-05,1.785,2.437,0.652,contango
