period,series,value
1993-12-20,RNGC4,1.894
1993-12-21,RNGC4,1.83
1993-12-22,RNGC4,1.859
1993-12-23,RNGC4,1.895
1993-12-27,RNGC4,1.965
1993-12-28,RNGC4,1.965
1993-12-29,RNGC4,1.943
1993-12-30,RNGC4,1.901
1994-01-03,RNGC4,1.883
1994-01-04,RNGC4,1.896
1994-01-05,RNGC4,1.962
1994-01-06,RNGC4,1.955
1994-01-07,RNGC4,1.98
1994-01-10,RNGC4,1.972
1994-01-11,RNGC4,2.005
1994-01-12,RNGC2,2.13
1994-01-12,RNGC4,2.008
1994-01-13,RNGC1,2.194
1994-01-13,RNGC2,2.072
1994-01-13,RNGC4,1.966
1994-01-14,RNGC1,2.268
1994-01-14,RNGC2,2.139
1994-01-14,RNGC4,2.01
1994-01-17,RNGC1,2.36
1994-01-17,RNGC2,2.196
1994-01-17,RNGC4,2.006
1994-01-18,RNGC1,2.318
1994-01-18,RNGC2,2.131
1994-01-18,RNGC4,1.991
1994-01-19,RNGC1,2.252
1994-01-19,RNGC2,2.115
1994-01-19,RNGC3,2.019
1994-01-19,RNGC4,1.982
1994-01-20,RNGC1,2.25
1994-01-20,RNGC2,2.148
1994-01-20,RNGC3,2.043
1994-01-20,RNGC4,2.0
1994-01-21,RNGC1,2.305
1994-01-21,RNGC2,2.206
1994-01-21,RNGC3,2.103
1994-01-21,RNGC4,2.053
1994-01-24,RNGC1,2.47
1994-01-24,RNGC2,2.283
1994-01-24,RNGC3,2.162
1994-01-24,RNGC4,2.095
1994-01-25,RNGC1,2.246
1994-01-25,RNGC2,2.134
1994-01-25,RNGC3,2.071
1994-01-25,RNGC4,2.044
1994-01-26,RNGC1,2.359
1994-01-26,RNGC2,2.209
1994-01-26,RNGC3,2.119
1994-01-26,RNGC4,2.087
1994-01-27,RNGC1,2.417
1994-01-27,RNGC2,2.236
1994-01-27,RNGC3,2.128
1994-01-27,RNGC4,2.088
1994-01-28,RNGC1,2.528
1994-01-28,RNGC2,2.305
1994-01-28,RNGC3,2.185
1994-01-28,RNGC4,2.13
1994-01-31,RNGC1,2.554
1994-01-31,RNGC2,2.329
1994-01-31,RNGC3,2.217
1994-01-31,RNGC4,2.157
1994-02-01,RNGC1,2.639
1994-02-01,RNGC2,2.388
1994-02-01,RNGC3,2.258
1994-02-01,RNGC4,2.185
1994-02-02,RNGC1,2.585
1994-02-02,RNGC2,2.352
1994-02-02,RNGC3,2.227
1994-02-02,RNGC4,2.157
1994-02-03,RNGC1,2.383
1994-02-03,RNGC2,2.252
1994-02-03,RNGC3,2.127
1994-02-03,RNGC4,2.075
1994-02-04,RNGC1,2.369
1994-02-04,RNGC2,2.198
1994-02-04,RNGC3,2.118
1994-02-04,RNGC4,2.095
1994-02-07,RNGC1,2.347
1994-02-07,RNGC2,2.207
1994-02-07,RNGC3,2.137
1994-02-07,RNGC4,2.115
1994-02-08,RNGC1,2.411
1994-02-08,RNGC2,2.256
1994-02-08,RNGC3,2.175
1994-02-08,RNGC4,2.145
1994-02-09,RNGC1,2.358
1994-02-09,RNGC2,2.22
1994-02-09,RNGC3,2.162
1994-02-09,RNGC4,2.142
1994-02-10,RNGC1,2.374
1994-02-10,RNGC2,2.231
1994-02-10,RNGC3,2.16
1994-02-10,RNGC4,2.135
1994-02-11,RNGC1,2.356
1994-02-11,RNGC2,2.236
1994-02-11,RNGC3,2.165
1994-02-11,RNGC4,2.14
1994-02-14,RNGC1,2.252
1994-02-14,RNGC2,2.18
1994-02-14,RNGC3,2.14
1994-02-14,RNGC4,2.128
1994-02-15,RNGC1,2.253
1994-02-15,RNGC2,2.189
1994-02-15,RNGC3,2.145
1994-02-15,RNGC4,2.125
1994-02-16,RNGC1,2.345
1994-02-16,RNGC2,2.253
1994-02-16,RNGC3,2.205
1994-02-16,RNGC4,2.175
1994-02-17,RNGC1,2.385
1994-02-17,RNGC2,2.24
1994-02-17,RNGC3,2.19
1994-02-17,RNGC4,2.16
1994-02-18,RNGC1,2.418
1994-02-18,RNGC2,2.254
1994-02-18,RNGC3,2.19
1994-02-18,RNGC4,2.155
1994-02-22,RNGC1,2.296
1994-02-22,RNGC2,2.22
1994-02-22,RNGC3,2.18
1994-02-22,RNGC4,2.16
1994-02-23,RNGC1,2.232
1994-02-23,RNGC2,2.168
1994-02-23,RNGC3,2.14
1994-02-23,RNGC4,2.13
1994-02-24,RNGC1,2.248
1994-02-24,RNGC2,2.179
1994-02-24,RNGC3,2.148
1994-02-24,RNGC4,2.138
1994-02-25,RNGC1,2.292
1994-02-25,RNGC2,2.221
1994-02-25,RNGC3,2.186
1994-02-25,RNGC4,2.171
1994-02-28,RNGC1,2.208
1994-02-28,RNGC2,2.165
1994-02-28,RNGC3,2.148
1994-02-28,RNGC4,2.14
1994-03-01,RNGC1,2.18
1994-03-01,RNGC2,2.146
1994-03-01,RNGC3,2.134
1994-03-01,RNGC4,2.128
1994-03-02,RNGC1,2.171
1994-03-02,RNGC2,2.139
1994-03-02,RNGC3,2.122
1994-03-02,RNGC4,2.112
1994-03-03,RNGC1,2.146
1994-03-03,RNGC2,2.126
1994-03-03,RNGC3,2.11
1994-03-03,RNGC4,2.103
1994-03-04,RNGC1,2.188
1994-03-04,RNGC2,2.144
1994-03-04,RNGC3,2.124
1994-03-04,RNGC4,2.111
1994-03-07,RNGC1,2.167
1994-03-07,RNGC2,2.149
1994-03-07,RNGC3,2.129
1994-03-07,RNGC4,2.116
1994-03-08,RNGC1,2.196
1994-03-08,RNGC2,2.168
1994-03-08,RNGC3,2.148
1994-03-08,RNGC4,2.133
1994-03-09,RNGC1,2.156
1994-03-09,RNGC2,2.16
1994-03-09,RNGC3,2.143
1994-03-09,RNGC4,2.13
1994-03-10,RNGC1,2.116
1994-03-10,RNGC2,2.144
1994-03-10,RNGC3,2.135
1994-03-10,RNGC4,2.13
1994-03-11,RNGC1,2.096
1994-03-11,RNGC2,2.132
1994-03-11,RNGC3,2.125
1994-03-11,RNGC4,2.12
1994-03-14,RNGC1,2.05
1994-03-14,RNGC2,2.109
1994-03-14,RNGC3,2.111
1994-03-14,RNGC4,2.114
1994-03-15,RNGC1,2.104
1994-03-15,RNGC2,2.142
1994-03-15,RNGC3,2.137
1994-03-15,RNGC4,2.137
1994-03-16,RNGC1,2.163
1994-03-16,RNGC2,2.192
1994-03-16,RNGC3,2.177
1994-03-16,RNGC4,2.17
1994-03-17,RNGC1,2.124
1994-03-17,RNGC2,2.164
1994-03-17,RNGC3,2.152
1994-03-17,RNGC4,2.146
1994-03-18,RNGC1,2.103
1994-03-18,RNGC2,2.136
1994-03-18,RNGC3,2.13
1994-03-18,RNGC4,2.13
1994-03-21,RNGC1,2.055
1994-03-21,RNGC2,2.107
1994-03-21,RNGC3,2.112
1994-03-21,RNGC4,2.117
1994-03-22,RNGC1,2.107
1994-03-22,RNGC2,2.129
1994-03-22,RNGC3,2.131
1994-03-22,RNGC4,2.134
1994-03-23,RNGC1,2.077
1994-03-23,RNGC2,2.115
1994-03-23,RNGC3,2.117
1994-03-23,RNGC4,2.12
1994-03-24,RNGC1,1.981
1994-03-24,RNGC2,2.05
1994-03-24,RNGC3,2.068
1994-03-24,RNGC4,2.086
1994-03-25,RNGC1,2.072
1994-03-25,RNGC2,2.077
1994-03-25,RNGC3,2.087
1994-03-25,RNGC4,2.112
1994-03-28,RNGC1,2.066
1994-03-28,RNGC2,2.076
1994-03-28,RNGC3,2.086
1994-03-28,RNGC4,2.111
1994-03-29,RNGC1,2.062
1994-03-29,RNGC2,2.072
1994-03-29,RNGC3,2.082
1994-03-29,RNGC4,2.106
1994-03-30,RNGC1,2.058
1994-03-30,RNGC2,2.07
1994-03-30,RNGC3,2.083
1994-03-30,RNGC4,2.105
1994-03-31,RNGC1,2.075
1994-03-31,RNGC2,2.087
1994-03-31,RNGC3,2.092
1994-03-31,RNGC4,2.109
1994-04-04,RNGC1,2.144
1994-04-04,RNGC2,2.134
1994-04-04,RNGC3,2.124
1994-04-04,RNGC4,2.134
1994-04-05,RNGC1,2.069
1994-04-05,RNGC2,2.09
1994-04-05,RNGC3,2.1
1994-04-05,RNGC4,2.115
1994-04-06,RNGC1,2.097
1994-04-06,RNGC2,2.109
1994-04-06,RNGC3,2.116
1994-04-06,RNGC4,2.131
1994-04-07,RNGC1,2.085
1994-04-07,RNGC2,2.093
1994-04-07,RNGC3,2.1
1994-04-07,RNGC4,2.115
1994-04-08,RNGC1,2.066
1994-04-08,RNGC2,2.081
1994-04-08,RNGC3,2.086
1994-04-08,RNGC4,2.106
1994-04-11,RNGC1,2.068
1994-04-11,RNGC2,2.09
1994-04-11,RNGC3,2.095
1994-04-11,RNGC4,2.114
1994-04-12,RNGC1,2.089
1994-04-12,RNGC2,2.099
1994-04-12,RNGC3,2.099
1994-04-12,RNGC4,2.115
1994-04-13,RNGC1,2.131
1994-04-13,RNGC2,2.128
1994-04-13,RNGC3,2.123
1994-04-13,RNGC4,2.138
1994-04-14,RNGC1,2.163
1994-04-14,RNGC2,2.175
1994-04-14,RNGC3,2.155
1994-04-14,RNGC4,2.155
1994-04-15,RNGC1,2.187
1994-04-15,RNGC2,2.196
1994-04-15,RNGC3,2.183
1994-04-15,RNGC4,2.178
1994-04-18,RNGC1,2.156
1994-04-18,RNGC2,2.198
1994-04-18,RNGC3,2.187
1994-04-18,RNGC4,2.183
1994-04-19,RNGC1,2.129
1994-04-19,RNGC2,2.169
1994-04-19,RNGC3,2.167
1994-04-19,RNGC4,2.172
1994-04-20,RNGC1,2.139
1994-04-20,RNGC2,2.169
1994-04-20,RNGC3,2.174
1994-04-20,RNGC4,2.179
1994-04-21,RNGC1,2.132
1994-04-21,RNGC2,2.171
1994-04-21,RNGC3,2.181
1994-04-21,RNGC4,2.187
1994-04-22,RNGC1,2.076
1994-04-22,RNGC2,2.151
1994-04-22,RNGC3,2.169
1994-04-22,RNGC4,2.179
1994-04-25,RNGC1,2.152
1994-04-25,RNGC2,2.17
1994-04-25,RNGC3,2.176
1994-04-25,RNGC4,2.183
1994-04-26,RNGC1,2.103
1994-04-26,RNGC2,2.142
1994-04-26,RNGC3,2.159
1994-04-26,RNGC4,2.172
1994-04-28,RNGC1,2.067
1994-04-28,RNGC2,2.109
1994-04-28,RNGC3,2.131
1994-04-28,RNGC4,2.152
1994-04-29,RNGC1,2.067
1994-04-29,RNGC2,2.111
1994-04-29,RNGC3,2.13
1994-04-29,RNGC4,2.153
1994-05-02,RNGC1,2.009
1994-05-02,RNGC2,2.046
1994-05-02,RNGC3,2.071
1994-05-02,RNGC4,2.1
1994-05-03,RNGC1,2.002
1994-05-03,RNGC2,2.033
1994-05-03,RNGC3,2.06
1994-05-03,RNGC4,2.093
1994-05-04,RNGC1,2.034
1994-05-04,RNGC2,2.061
1994-05-04,RNGC3,2.076
1994-05-04,RNGC4,2.1
1994-05-05,RNGC1,2.044
1994-05-05,RNGC2,2.075
1994-05-05,RNGC3,2.09
1994-05-05,RNGC4,2.114
1994-05-06,RNGC1,2.037
1994-05-06,RNGC2,2.069
1994-05-06,RNGC3,2.084
1994-05-06,RNGC4,2.11
1994-05-09,RNGC1,1.986
1994-05-09,RNGC2,2.037
1994-05-09,RNGC3,2.061
1994-05-09,RNGC4,2.095
1994-05-10,RNGC1,1.99
1994-05-10,RNGC2,2.044
1994-05-10,RNGC3,2.066
1994-05-10,RNGC4,2.099
1994-05-11,RNGC1,1.95
1994-05-11,RNGC2,2.009
1994-05-11,RNGC3,2.036
1994-05-11,RNGC4,2.074
1994-05-12,RNGC1,1.947
1994-05-12,RNGC2,2.006
1994-05-12,RNGC3,2.036
1994-05-12,RNGC4,2.073
1994-05-13,RNGC1,1.923
1994-05-13,RNGC2,1.992
1994-05-13,RNGC3,2.029
1994-05-13,RNGC4,2.067
1994-05-16,RNGC1,1.913
1994-05-16,RNGC2,1.976
1994-05-16,RNGC3,2.021
1994-05-16,RNGC4,2.061
1994-05-17,RNGC1,1.949
1994-05-17,RNGC2,2.012
1994-05-17,RNGC3,2.052
1994-05-17,RNGC4,2.092
1994-05-18,RNGC1,1.943
1994-05-18,RNGC2,1.999
1994-05-18,RNGC3,2.044
1994-05-18,RNGC4,2.086
1994-05-19,RNGC1,1.957
1994-05-19,RNGC2,1.997
1994-05-19,RNGC3,2.047
1994-05-19,RNGC4,2.087
1994-05-20,RNGC1,1.904
1994-05-20,RNGC2,1.953
1994-05-20,RNGC3,2.01
1994-05-20,RNGC4,2.055
1994-05-23,RNGC1,1.851
1994-05-23,RNGC2,1.936
1994-05-23,RNGC3,1.998
1994-05-23,RNGC4,2.043
1994-05-24,RNGC1,1.884
1994-05-24,RNGC2,1.963
1994-05-24,RNGC3,2.022
1994-05-24,RNGC4,2.082
1994-05-25,RNGC1,1.836
1994-05-25,RNGC2,1.915
1994-05-25,RNGC3,1.971
1994-05-25,RNGC4,2.046
1994-05-26,RNGC1,1.862
1994-05-26,RNGC2,1.942
1994-05-26,RNGC3,1.987
1994-05-26,RNGC4,2.063
1994-05-27,RNGC1,1.842
1994-05-27,RNGC2,1.936
1994-05-27,RNGC3,1.992
1994-05-27,RNGC4,2.072
1994-05-31,RNGC1,1.917
1994-05-31,RNGC2,1.998
1994-05-31,RNGC3,2.051
1994-05-31,RNGC4,2.108
1994-06-01,RNGC1,1.89
1994-06-01,RNGC2,1.983
1994-06-01,RNGC3,2.047
1994-06-01,RNGC4,2.112
1994-06-02,RNGC1,1.982
1994-06-02,RNGC2,2.053
1994-06-02,RNGC3,2.107
1994-06-02,RNGC4,2.161
1994-06-03,RNGC1,1.965
1994-06-03,RNGC2,2.058
1994-06-03,RNGC3,2.108
1994-06-03,RNGC4,2.158
1994-06-06,RNGC1,1.97
1994-06-06,RNGC2,2.064
1994-06-06,RNGC3,2.109
1994-06-06,RNGC4,2.157
1994-06-07,RNGC1,2.022
1994-06-07,RNGC2,2.105
1994-06-07,RNGC3,2.135
1994-06-07,RNGC4,2.165
1994-06-08,RNGC1,2.087
1994-06-08,RNGC2,2.149
1994-06-08,RNGC3,2.174
1994-06-08,RNGC4,2.199
1994-06-09,RNGC1,2.047
1994-06-09,RNGC2,2.12
1994-06-09,RNGC3,2.15
1994-06-09,RNGC4,2.18
1994-06-10,RNGC1,2.134
1994-06-10,RNGC2,2.176
1994-06-10,RNGC3,2.177
1994-06-10,RNGC4,2.201
1994-06-13,RNGC1,2.121
1994-06-13,RNGC2,2.169
1994-06-13,RNGC3,2.167
1994-06-13,RNGC4,2.189
1994-06-14,RNGC1,2.13
1994-06-14,RNGC2,2.159
1994-06-14,RNGC3,2.159
1994-06-14,RNGC4,2.179
1994-06-15,RNGC1,2.172
1994-06-15,RNGC2,2.215
1994-06-15,RNGC3,2.198
1994-06-15,RNGC4,2.205
1994-06-16,RNGC1,2.134
1994-06-16,RNGC2,2.184
1994-06-16,RNGC3,2.184
1994-06-16,RNGC4,2.19
1994-06-17,RNGC1,2.085
1994-06-17,RNGC2,2.139
1994-06-17,RNGC3,2.155
1994-06-17,RNGC4,2.174
1994-06-20,RNGC1,2.126
1994-06-20,RNGC2,2.155
1994-06-20,RNGC3,2.162
1994-06-20,RNGC4,2.18
1994-06-21,RNGC1,2.078
1994-06-21,RNGC2,2.125
1994-06-21,RNGC3,2.145
1994-06-21,RNGC4,2.165
1994-06-22,RNGC1,2.024
1994-06-22,RNGC2,2.099
1994-06-22,RNGC3,2.129
1994-06-22,RNGC4,2.156
1994-06-23,RNGC1,1.966
1994-06-23,RNGC2,2.063
1994-06-23,RNGC3,2.108
1994-06-23,RNGC4,2.143
1994-06-24,RNGC1,2.134
1994-06-24,RNGC2,2.148
1994-06-24,RNGC3,2.166
1994-06-24,RNGC4,2.24
1994-06-27,RNGC1,2.136
1994-06-27,RNGC2,2.16
1994-06-27,RNGC3,2.171
1994-06-27,RNGC4,2.243
1994-06-28,RNGC1,2.2
1994-06-28,RNGC2,2.19
1994-06-28,RNGC3,2.193
1994-06-28,RNGC4,2.263
1994-06-29,RNGC1,2.18
1994-06-29,RNGC2,2.178
1994-06-29,RNGC3,2.183
1994-06-29,RNGC4,2.253
1994-06-30,RNGC1,2.184
1994-06-30,RNGC2,2.181
1994-06-30,RNGC3,2.186
1994-06-30,RNGC4,2.256
1994-07-01,RNGC1,2.216
1994-07-01,RNGC2,2.205
1994-07-01,RNGC3,2.202
1994-07-01,RNGC4,2.267
1994-07-05,RNGC1,2.131
1994-07-05,RNGC2,2.15
1994-07-05,RNGC3,2.165
1994-07-05,RNGC4,2.238
1994-07-06,RNGC1,2.122
1994-07-06,RNGC2,2.146
1994-07-06,RNGC3,2.168
1994-07-06,RNGC4,2.24
1994-07-07,RNGC1,2.072
1994-07-07,RNGC2,2.107
1994-07-07,RNGC3,2.133
1994-07-07,RNGC4,2.212
1994-07-08,RNGC1,2.023
1994-07-08,RNGC2,2.074
1994-07-08,RNGC3,2.109
1994-07-08,RNGC4,2.194
1994-07-11,RNGC1,2.026
1994-07-11,RNGC2,2.053
1994-07-11,RNGC3,2.09
1994-07-11,RNGC4,2.18
1994-07-12,RNGC1,2.005
1994-07-12,RNGC2,2.052
1994-07-12,RNGC3,2.087
1994-07-12,RNGC4,2.175
1994-07-13,RNGC1,2.0
1994-07-13,RNGC2,2.046
1994-07-13,RNGC3,2.084
1994-07-13,RNGC4,2.174
1994-07-14,RNGC1,1.977
1994-07-14,RNGC2,2.03
1994-07-14,RNGC3,2.072
1994-07-14,RNGC4,2.167
1994-07-15,RNGC1,1.948
1994-07-15,RNGC2,2.018
1994-07-15,RNGC3,2.063
1994-07-15,RNGC4,2.165
1994-07-18,RNGC1,1.945
1994-07-18,RNGC2,2.01
1994-07-18,RNGC3,2.06
1994-07-18,RNGC4,2.16
1994-07-19,RNGC1,1.959
1994-07-19,RNGC2,2.017
1994-07-19,RNGC3,2.064
1994-07-19,RNGC4,2.164
1994-07-20,RNGC1,1.901
1994-07-20,RNGC2,1.98
1994-07-20,RNGC3,2.038
1994-07-20,RNGC4,2.143
1994-07-21,RNGC1,1.84
1994-07-21,RNGC2,1.927
1994-07-21,RNGC3,1.997
1994-07-21,RNGC4,2.109
1994-07-22,RNGC1,1.789
1994-07-22,RNGC2,1.92
1994-07-22,RNGC3,1.992
1994-07-22,RNGC4,2.11
1994-07-25,RNGC1,1.845
1994-07-25,RNGC2,1.92
1994-07-25,RNGC3,2.055
1994-07-25,RNGC4,2.19
1994-07-26,RNGC1,1.868
1994-07-26,RNGC2,1.936
1994-07-26,RNGC3,2.066
1994-07-26,RNGC4,2.204
1994-07-27,RNGC1,1.843
1994-07-27,RNGC2,1.921
1994-07-27,RNGC3,2.056
1994-07-27,RNGC4,2.199
1994-07-28,RNGC1,1.861
1994-07-28,RNGC2,1.939
1994-07-28,RNGC3,2.072
1994-07-28,RNGC4,2.214
1994-07-29,RNGC1,1.893
1994-07-29,RNGC2,1.973
1994-07-29,RNGC3,2.088
1994-07-29,RNGC4,2.228
1994-08-01,RNGC1,1.878
1994-08-01,RNGC2,1.965
1994-08-01,RNGC3,2.085
1994-08-01,RNGC4,2.225
1994-08-02,RNGC1,1.816
1994-08-02,RNGC2,1.911
1994-08-02,RNGC3,2.051
1994-08-02,RNGC4,2.193
1994-08-03,RNGC1,1.742
1994-08-03,RNGC2,1.848
1994-08-03,RNGC3,2.013
1994-08-03,RNGC4,2.165
1994-08-04,RNGC1,1.761
1994-08-04,RNGC2,1.867
1994-08-04,RNGC3,2.037
1994-08-04,RNGC4,2.187
1994-08-05,RNGC1,1.719
1994-08-05,RNGC2,1.854
1994-08-05,RNGC3,2.044
1994-08-05,RNGC4,2.199
1994-08-08,RNGC1,1.671
1994-08-08,RNGC2,1.817
1994-08-08,RNGC3,2.022
1994-08-08,RNGC4,2.182
1994-08-09,RNGC1,1.703
1994-08-09,RNGC2,1.837
1994-08-09,RNGC3,2.042
1994-08-09,RNGC4,2.202
1994-08-10,RNGC1,1.766
1994-08-10,RNGC2,1.876
1994-08-10,RNGC3,2.066
1994-08-10,RNGC4,2.221
1994-08-11,RNGC1,1.686
1994-08-11,RNGC2,1.829
1994-08-11,RNGC3,2.029
1994-08-11,RNGC4,2.185
1994-08-12,RNGC1,1.72
1994-08-12,RNGC2,1.842
1994-08-12,RNGC3,2.032
1994-08-12,RNGC4,2.187
1994-08-15,RNGC1,1.753
1994-08-15,RNGC2,1.836
1994-08-15,RNGC3,2.02
1994-08-15,RNGC4,2.18
1994-08-16,RNGC1,1.79
1994-08-16,RNGC2,1.86
1994-08-16,RNGC3,2.034
1994-08-16,RNGC4,2.195
1994-08-17,RNGC1,1.837
1994-08-17,RNGC2,1.903
1994-08-17,RNGC3,2.05
1994-08-17,RNGC4,2.21
1994-08-18,RNGC1,1.731
1994-08-18,RNGC2,1.823
1994-08-18,RNGC3,2.0
1994-08-18,RNGC4,2.168
1994-08-19,RNGC1,1.674
1994-08-19,RNGC2,1.772
1994-08-19,RNGC3,1.975
1994-08-19,RNGC4,2.16
1994-08-22,RNGC1,1.612
1994-08-22,RNGC2,1.725
1994-08-22,RNGC3,1.935
1994-08-22,RNGC4,2.147
1994-08-23,RNGC1,1.532
1994-08-23,RNGC2,1.68
1994-08-23,RNGC3,1.89
1994-08-23,RNGC4,2.124
1994-08-24,RNGC1,1.484
1994-08-24,RNGC2,1.67
1994-08-24,RNGC3,1.889
1994-08-24,RNGC4,2.137
1994-08-25,RNGC1,1.62
1994-08-25,RNGC2,1.839
1994-08-25,RNGC3,2.111
1994-08-25,RNGC4,2.136
1994-08-26,RNGC1,1.617
1994-08-26,RNGC2,1.842
1994-08-26,RNGC3,2.118
1994-08-26,RNGC4,2.13
1994-08-29,RNGC1,1.661
1994-08-29,RNGC2,1.874
1994-08-29,RNGC3,2.121
1994-08-29,RNGC4,2.135
1994-08-30,RNGC1,1.601
1994-08-30,RNGC2,1.837
1994-08-30,RNGC3,2.089
1994-08-30,RNGC4,2.117
1994-08-31,RNGC1,1.586
1994-08-31,RNGC2,1.825
1994-08-31,RNGC3,2.065
1994-08-31,RNGC4,2.095
1994-09-01,RNGC1,1.596
1994-09-01,RNGC2,1.832
1994-09-01,RNGC3,2.055
1994-09-01,RNGC4,2.09
1994-09-02,RNGC1,1.56
1994-09-02,RNGC2,1.808
1994-09-02,RNGC3,2.032
1994-09-02,RNGC4,2.075
1994-09-06,RNGC1,1.596
1994-09-06,RNGC2,1.837
1994-09-06,RNGC3,2.045
1994-09-06,RNGC4,2.085
1994-09-07,RNGC1,1.631
1994-09-07,RNGC2,1.878
1994-09-07,RNGC3,2.075
1994-09-07,RNGC4,2.107
1994-09-08,RNGC1,1.659
1994-09-08,RNGC2,1.899
1994-09-08,RNGC3,2.091
1994-09-08,RNGC4,2.122
1994-09-09,RNGC1,1.638
1994-09-09,RNGC2,1.893
1994-09-09,RNGC3,2.087
1994-09-09,RNGC4,2.122
1994-09-12,RNGC1,1.688
1994-09-12,RNGC2,1.932
1994-09-12,RNGC3,2.125
1994-09-12,RNGC4,2.15
1994-09-13,RNGC1,1.675
1994-09-13,RNGC2,1.906
1994-09-13,RNGC3,2.11
1994-09-13,RNGC4,2.14
1994-09-14,RNGC1,1.684
1994-09-14,RNGC2,1.926
1994-09-14,RNGC3,2.116
1994-09-14,RNGC4,2.146
1994-09-15,RNGC1,1.631
1994-09-15,RNGC2,1.879
1994-09-15,RNGC3,2.08
1994-09-15,RNGC4,2.112
1994-09-16,RNGC1,1.628
1994-09-16,RNGC2,1.863
1994-09-16,RNGC3,2.072
1994-09-16,RNGC4,2.107
1994-09-19,RNGC1,1.633
1994-09-19,RNGC2,1.86
1994-09-19,RNGC3,2.075
1994-09-19,RNGC4,2.115
1994-09-20,RNGC1,1.556
1994-09-20,RNGC2,1.818
1994-09-20,RNGC3,2.05
1994-09-20,RNGC4,2.097
1994-09-21,RNGC1,1.493
1994-09-21,RNGC2,1.761
1994-09-21,RNGC3,2.018
1994-09-21,RNGC4,2.083
1994-09-22,RNGC1,1.445
1994-09-22,RNGC2,1.743
1994-09-22,RNGC3,2.042
1994-09-22,RNGC4,2.103
1994-09-23,RNGC1,1.406
1994-09-23,RNGC2,1.719
1994-09-23,RNGC3,2.014
1994-09-23,RNGC4,2.077
1994-09-26,RNGC1,1.716
1994-09-26,RNGC2,2.01
1994-09-26,RNGC3,2.073
1994-09-26,RNGC4,1.993
1994-09-27,RNGC1,1.715
1994-09-27,RNGC2,2.005
1994-09-27,RNGC3,2.065
1994-09-27,RNGC4,1.987
1994-09-28,RNGC1,1.702
1994-09-28,RNGC2,2.0
1994-09-28,RNGC3,2.073
1994-09-28,RNGC4,1.993
1994-09-29,RNGC1,1.707
1994-09-29,RNGC2,1.988
1994-09-29,RNGC3,2.06
1994-09-29,RNGC4,1.988
1994-09-30,RNGC1,1.657
1994-09-30,RNGC2,1.962
1994-09-30,RNGC3,2.041
1994-09-30,RNGC4,1.978
1994-10-03,RNGC1,1.683
1994-10-03,RNGC2,1.98
1994-10-03,RNGC3,2.056
1994-10-03,RNGC4,1.985
1994-10-04,RNGC1,1.692
1994-10-04,RNGC2,1.991
1994-10-04,RNGC3,2.072
1994-10-04,RNGC4,2.001
1994-10-05,RNGC1,1.664
1994-10-05,RNGC2,1.963
1994-10-05,RNGC3,2.056
1994-10-05,RNGC4,1.991
1994-10-06,RNGC1,1.647
1994-10-06,RNGC2,1.956
1994-10-06,RNGC3,2.058
1994-10-06,RNGC4,1.995
1994-10-07,RNGC1,1.624
1994-10-07,RNGC2,1.944
1994-10-07,RNGC3,2.05
1994-10-07,RNGC4,2.0
1994-10-10,RNGC1,1.658
1994-10-10,RNGC2,1.975
1994-10-10,RNGC3,2.08
1994-10-10,RNGC4,2.03
1994-10-11,RNGC1,1.664
1994-10-11,RNGC2,1.98
1994-10-11,RNGC3,2.086
1994-10-11,RNGC4,2.041
1994-10-12,RNGC1,1.642
1994-10-12,RNGC2,1.967
1994-10-12,RNGC3,2.076
1994-10-12,RNGC4,2.035
1994-10-13,RNGC1,1.61
1994-10-13,RNGC2,1.898
1994-10-13,RNGC3,2.025
1994-10-13,RNGC4,2.004
1994-10-14,RNGC1,1.632
1994-10-14,RNGC2,1.902
1994-10-14,RNGC3,2.034
1994-10-14,RNGC4,2.019
1994-10-17,RNGC1,1.653
1994-10-17,RNGC2,1.91
1994-10-17,RNGC3,2.052
1994-10-17,RNGC4,2.032
1994-10-18,RNGC1,1.635
1994-10-18,RNGC2,1.878
1994-10-18,RNGC3,2.024
1994-10-18,RNGC4,2.001
1994-10-19,RNGC1,1.585
1994-10-19,RNGC2,1.846
1994-10-19,RNGC3,1.996
1994-10-19,RNGC4,1.973
1994-10-20,RNGC1,1.557
1994-10-20,RNGC2,1.798
1994-10-20,RNGC3,1.958
1994-10-20,RNGC4,1.938
1994-10-21,RNGC1,1.597
1994-10-21,RNGC2,1.869
1994-10-21,RNGC3,2.005
1994-10-21,RNGC4,1.97
1994-10-24,RNGC1,1.683
1994-10-24,RNGC2,1.934
1994-10-24,RNGC3,2.041
1994-10-24,RNGC4,1.991
1994-10-25,RNGC1,1.947
1994-10-25,RNGC2,2.042
1994-10-25,RNGC3,1.995
1994-10-25,RNGC4,1.942
1994-10-26,RNGC1,2.031
1994-10-26,RNGC2,2.103
1994-10-26,RNGC3,2.047
1994-10-26,RNGC4,1.989
1994-10-27,RNGC1,2.008
1994-10-27,RNGC2,2.095
1994-10-27,RNGC3,2.033
1994-10-27,RNGC4,1.973
1994-10-28,RNGC1,1.992
1994-10-28,RNGC2,2.094
1994-10-28,RNGC3,2.029
1994-10-28,RNGC4,1.967
1994-10-31,RNGC1,1.95
1994-10-31,RNGC2,2.076
1994-10-31,RNGC3,2.013
1994-10-31,RNGC4,1.95
1994-11-01,RNGC1,1.936
1994-11-01,RNGC2,2.068
1994-11-01,RNGC3,2.005
1994-11-01,RNGC4,1.945
1994-11-02,RNGC1,1.869
1994-11-02,RNGC2,2.027
1994-11-02,RNGC3,1.977
1994-11-02,RNGC4,1.922
1994-11-03,RNGC1,1.861
1994-11-03,RNGC2,2.016
1994-11-03,RNGC3,1.971
1994-11-03,RNGC4,1.919
1994-11-04,RNGC1,1.856
1994-11-04,RNGC2,2.012
1994-11-04,RNGC3,1.97
1994-11-04,RNGC4,1.917
1994-11-07,RNGC1,1.759
1994-11-07,RNGC2,1.912
1994-11-07,RNGC3,1.884
1994-11-07,RNGC4,1.847
1994-11-08,RNGC1,1.754
1994-11-08,RNGC2,1.902
1994-11-08,RNGC3,1.884
1994-11-08,RNGC4,1.848
1994-11-09,RNGC1,1.775
1994-11-09,RNGC2,1.916
1994-11-09,RNGC3,1.906
1994-11-09,RNGC4,1.876
1994-11-10,RNGC1,1.741
1994-11-10,RNGC2,1.879
1994-11-10,RNGC3,1.883
1994-11-10,RNGC4,1.866
1994-11-11,RNGC1,1.741
1994-11-11,RNGC2,1.876
1994-11-11,RNGC3,1.886
1994-11-11,RNGC4,1.869
1994-11-14,RNGC1,1.703
1994-11-14,RNGC2,1.858
1994-11-14,RNGC3,1.87
1994-11-14,RNGC4,1.86
1994-11-15,RNGC1,1.735
1994-11-15,RNGC2,1.907
1994-11-15,RNGC3,1.895
1994-11-15,RNGC4,1.877
1994-11-16,RNGC1,1.659
1994-11-16,RNGC2,1.833
1994-11-16,RNGC3,1.834
1994-11-16,RNGC4,1.834
1994-11-17,RNGC1,1.618
1994-11-17,RNGC2,1.789
1994-11-17,RNGC3,1.808
1994-11-17,RNGC4,1.808
1994-11-18,RNGC1,1.685
1994-11-18,RNGC2,1.841
1994-11-18,RNGC3,1.843
1994-11-18,RNGC4,1.838
1994-11-21,RNGC1,1.661
1994-11-21,RNGC2,1.814
1994-11-21,RNGC3,1.815
1994-11-21,RNGC4,1.815
1994-11-22,RNGC1,1.874
1994-11-22,RNGC2,1.863
1994-11-22,RNGC3,1.835
1994-11-22,RNGC4,1.79
1994-11-23,RNGC1,1.875
1994-11-23,RNGC2,1.875
1994-11-23,RNGC3,1.841
1994-11-23,RNGC4,1.796
1994-11-28,RNGC1,1.871
1994-11-28,RNGC2,1.88
1994-11-28,RNGC3,1.84
1994-11-28,RNGC4,1.795
1994-11-29,RNGC1,1.77
1994-11-29,RNGC2,1.799
1994-11-29,RNGC3,1.782
1994-11-29,RNGC4,1.742
1994-11-30,RNGC1,1.695
1994-11-30,RNGC2,1.749
1994-11-30,RNGC3,1.745
1994-11-30,RNGC4,1.715
1994-12-01,RNGC1,1.653
1994-12-01,RNGC2,1.694
1994-12-01,RNGC3,1.697
1994-12-01,RNGC4,1.674
1994-12-02,RNGC1,1.635
1994-12-02,RNGC2,1.678
1994-12-02,RNGC3,1.685
1994-12-02,RNGC4,1.656
1994-12-05,RNGC1,1.728
1994-12-05,RNGC2,1.744
1994-12-05,RNGC3,1.745
1994-12-05,RNGC4,1.71
1994-12-06,RNGC1,1.691
1994-12-06,RNGC2,1.715
1994-12-06,RNGC3,1.725
1994-12-06,RNGC4,1.697
1994-12-07,RNGC1,1.784
1994-12-07,RNGC2,1.794
1994-12-07,RNGC3,1.793
1994-12-07,RNGC4,1.753
1994-12-08,RNGC1,1.847
1994-12-08,RNGC2,1.861
1994-12-08,RNGC3,1.842
1994-12-08,RNGC4,1.782
1994-12-09,RNGC1,1.842
1994-12-09,RNGC2,1.867
1994-12-09,RNGC3,1.83
1994-12-09,RNGC4,1.769
1994-12-12,RNGC1,1.913
1994-12-12,RNGC2,1.924
1994-12-12,RNGC3,1.84
1994-12-12,RNGC4,1.767
1994-12-13,RNGC1,1.768
1994-12-13,RNGC2,1.824
1994-12-13,RNGC3,1.74
1994-12-13,RNGC4,1.69
1994-12-14,RNGC1,1.714
1994-12-14,RNGC2,1.728
1994-12-14,RNGC3,1.715
1994-12-14,RNGC4,1.685
1994-12-15,RNGC1,1.718
1994-12-15,RNGC2,1.721
1994-12-15,RNGC3,1.72
1994-12-15,RNGC4,1.69
1994-12-16,RNGC1,1.685
1994-12-16,RNGC2,1.68
1994-12-16,RNGC3,1.683
1994-12-16,RNGC4,1.665
1994-12-19,RNGC1,1.577
1994-12-19,RNGC2,1.58
1994-12-19,RNGC3,1.585
1994-12-19,RNGC4,1.59
1994-12-20,RNGC1,1.573
1994-12-20,RNGC2,1.57
1994-12-20,RNGC3,1.585
1994-12-20,RNGC4,1.59
1994-12-21,RNGC1,1.592
1994-12-21,RNGC2,1.577
1994-12-21,RNGC3,1.592
1994-12-21,RNGC4,1.587
1994-12-22,RNGC1,1.639
1994-12-22,RNGC2,1.595
1994-12-22,RNGC3,1.595
1994-12-22,RNGC4,1.59
1994-12-23,RNGC1,1.571
1994-12-23,RNGC2,1.571
1994-12-23,RNGC3,1.566
1994-12-23,RNGC4,1.576
1994-12-27,RNGC1,1.694
1994-12-27,RNGC2,1.671
1994-12-27,RNGC3,1.648
1994-12-27,RNGC4,1.648
1994-12-28,RNGC1,1.685
1994-12-28,RNGC2,1.679
1994-12-28,RNGC3,1.646
1994-12-28,RNGC4,1.646
1994-12-29,RNGC1,1.686
1994-12-29,RNGC2,1.69
1994-12-29,RNGC3,1.665
1994-12-29,RNGC4,1.665
1994-12-30,RNGC1,1.725
1994-12-30,RNGC2,1.733
1994-12-30,RNGC3,1.693
1994-12-30,RNGC4,1.688
1995-01-03,RNGC1,1.683
1995-01-03,RNGC2,1.681
1995-01-03,RNGC3,1.644
1995-01-03,RNGC4,1.644
1995-01-04,RNGC1,1.617
1995-01-04,RNGC2,1.619
1995-01-04,RNGC3,1.609
1995-01-04,RNGC4,1.614
1995-01-05,RNGC1,1.552
1995-01-05,RNGC2,1.574
1995-01-05,RNGC3,1.574
1995-01-05,RNGC4,1.584
1995-01-06,RNGC1,1.499
1995-01-06,RNGC2,1.531
1995-01-06,RNGC3,1.533
1995-01-06,RNGC4,1.543
1995-01-09,RNGC1,1.454
1995-01-09,RNGC2,1.482
1995-01-09,RNGC3,1.494
1995-01-09,RNGC4,1.507
1995-01-10,RNGC1,1.439
1995-01-10,RNGC2,1.48
1995-01-10,RNGC3,1.5
1995-01-10,RNGC4,1.515
1995-01-11,RNGC1,1.437
1995-01-11,RNGC2,1.478
1995-01-11,RNGC3,1.503
1995-01-11,RNGC4,1.52
1995-01-12,RNGC1,1.343
1995-01-12,RNGC2,1.415
1995-01-12,RNGC3,1.455
1995-01-12,RNGC4,1.485
1995-01-13,RNGC1,1.323
1995-01-13,RNGC2,1.378
1995-01-13,RNGC3,1.438
1995-01-13,RNGC4,1.468
1995-01-16,RNGC1,1.39
1995-01-16,RNGC2,1.44
1995-01-16,RNGC3,1.485
1995-01-16,RNGC4,1.513
1995-01-17,RNGC1,1.434
1995-01-17,RNGC2,1.477
1995-01-17,RNGC3,1.502
1995-01-17,RNGC4,1.522
1995-01-18,RNGC1,1.335
1995-01-18,RNGC2,1.397
1995-01-18,RNGC3,1.447
1995-01-18,RNGC4,1.48
1995-01-19,RNGC1,1.359
1995-01-19,RNGC2,1.41
1995-01-19,RNGC3,1.46
1995-01-19,RNGC4,1.493
1995-01-20,RNGC1,1.425
1995-01-20,RNGC2,1.457
1995-01-20,RNGC3,1.499
1995-01-20,RNGC4,1.529
1995-01-23,RNGC1,1.389
1995-01-23,RNGC2,1.386
1995-01-23,RNGC3,1.441
1995-01-23,RNGC4,1.481
1995-01-24,RNGC1,1.416
1995-01-24,RNGC2,1.385
1995-01-24,RNGC3,1.433
1995-01-24,RNGC4,1.478
1995-01-25,RNGC1,1.361
1995-01-25,RNGC2,1.4
1995-01-25,RNGC3,1.455
1995-01-25,RNGC4,1.5
1995-01-26,RNGC1,1.382
1995-01-26,RNGC2,1.42
1995-01-26,RNGC3,1.473
1995-01-26,RNGC4,1.52
1995-01-27,RNGC1,1.391
1995-01-27,RNGC2,1.418
1995-01-27,RNGC3,1.47
1995-01-27,RNGC4,1.518
1995-01-30,RNGC1,1.378
1995-01-30,RNGC2,1.401
1995-01-30,RNGC3,1.455
1995-01-30,RNGC4,1.506
1995-01-31,RNGC1,1.354
1995-01-31,RNGC2,1.374
1995-01-31,RNGC3,1.423
1995-01-31,RNGC4,1.481
1995-02-01,RNGC1,1.39
1995-02-01,RNGC2,1.403
1995-02-01,RNGC3,1.445
1995-02-01,RNGC4,1.498
1995-02-02,RNGC1,1.435
1995-02-02,RNGC2,1.442
1995-02-02,RNGC3,1.472
1995-02-02,RNGC4,1.52
1995-02-03,RNGC1,1.482
1995-02-03,RNGC2,1.482
1995-02-03,RNGC3,1.507
1995-02-03,RNGC4,1.542
1995-02-06,RNGC1,1.538
1995-02-06,RNGC2,1.542
1995-02-06,RNGC3,1.549
1995-02-06,RNGC4,1.579
1995-02-07,RNGC1,1.421
1995-02-07,RNGC2,1.456
1995-02-07,RNGC3,1.488
1995-02-07,RNGC4,1.533
1995-02-08,RNGC1,1.438
1995-02-08,RNGC2,1.471
1995-02-08,RNGC3,1.502
1995-02-08,RNGC4,1.547
1995-02-09,RNGC1,1.489
1995-02-09,RNGC2,1.512
1995-02-09,RNGC3,1.537
1995-02-09,RNGC4,1.578
1995-02-10,RNGC1,1.47
1995-02-10,RNGC2,1.475
1995-02-10,RNGC3,1.505
1995-02-10,RNGC4,1.545
1995-02-13,RNGC1,1.39
1995-02-13,RNGC2,1.397
1995-02-13,RNGC3,1.447
1995-02-13,RNGC4,1.497
1995-02-14,RNGC1,1.392
1995-02-14,RNGC2,1.395
1995-02-14,RNGC3,1.452
1995-02-14,RNGC4,1.512
1995-02-15,RNGC1,1.386
1995-02-15,RNGC2,1.383
1995-02-15,RNGC3,1.448
1995-02-15,RNGC4,1.51
1995-02-16,RNGC1,1.399
1995-02-16,RNGC2,1.392
1995-02-16,RNGC3,1.45
1995-02-16,RNGC4,1.517
1995-02-17,RNGC1,1.419
1995-02-17,RNGC2,1.387
1995-02-17,RNGC3,1.437
1995-02-17,RNGC4,1.507
1995-02-21,RNGC1,1.428
1995-02-21,RNGC2,1.393
1995-02-21,RNGC3,1.436
1995-02-21,RNGC4,1.506
1995-02-22,RNGC1,1.428
1995-02-22,RNGC2,1.455
1995-02-22,RNGC3,1.515
1995-02-22,RNGC4,1.565
1995-02-23,RNGC1,1.46
1995-02-23,RNGC2,1.485
1995-02-23,RNGC3,1.543
1995-02-23,RNGC4,1.59
1995-02-24,RNGC1,1.469
1995-02-24,RNGC2,1.495
1995-02-24,RNGC3,1.547
1995-02-24,RNGC4,1.59
1995-02-27,RNGC1,1.43
1995-02-27,RNGC2,1.46
1995-02-27,RNGC3,1.515
1995-02-27,RNGC4,1.56
1995-02-28,RNGC1,1.483
1995-02-28,RNGC2,1.504
1995-02-28,RNGC3,1.554
1995-02-28,RNGC4,1.594
1995-03-01,RNGC1,1.483
1995-03-01,RNGC2,1.496
1995-03-01,RNGC3,1.543
1995-03-01,RNGC4,1.582
1995-03-02,RNGC1,1.481
1995-03-02,RNGC2,1.495
1995-03-02,RNGC3,1.545
1995-03-02,RNGC4,1.585
1995-03-03,RNGC1,1.448
1995-03-03,RNGC2,1.469
1995-03-03,RNGC3,1.522
1995-03-03,RNGC4,1.564
1995-03-06,RNGC1,1.431
1995-03-06,RNGC2,1.465
1995-03-06,RNGC3,1.522
1995-03-06,RNGC4,1.569
1995-03-07,RNGC1,1.432
1995-03-07,RNGC2,1.477
1995-03-07,RNGC3,1.532
1995-03-07,RNGC4,1.578
1995-03-08,RNGC1,1.449
1995-03-08,RNGC2,1.494
1995-03-08,RNGC3,1.542
1995-03-08,RNGC4,1.586
1995-03-09,RNGC1,1.442
1995-03-09,RNGC2,1.499
1995-03-09,RNGC3,1.544
1995-03-09,RNGC4,1.588
1995-03-10,RNGC1,1.463
1995-03-10,RNGC2,1.514
1995-03-10,RNGC3,1.556
1995-03-10,RNGC4,1.6
1995-03-13,RNGC1,1.456
1995-03-13,RNGC2,1.513
1995-03-13,RNGC3,1.555
1995-03-13,RNGC4,1.601
1995-03-14,RNGC1,1.47
1995-03-14,RNGC2,1.523
1995-03-14,RNGC3,1.567
1995-03-14,RNGC4,1.615
1995-03-15,RNGC1,1.506
1995-03-15,RNGC2,1.568
1995-03-15,RNGC3,1.608
1995-03-15,RNGC4,1.648
1995-03-16,RNGC1,1.62
1995-03-16,RNGC2,1.668
1995-03-16,RNGC3,1.708
1995-03-16,RNGC4,1.748
1995-03-17,RNGC1,1.566
1995-03-17,RNGC2,1.644
1995-03-17,RNGC3,1.679
1995-03-17,RNGC4,1.714
1995-03-20,RNGC1,1.523
1995-03-20,RNGC2,1.629
1995-03-20,RNGC3,1.666
1995-03-20,RNGC4,1.702
1995-03-21,RNGC1,1.513
1995-03-21,RNGC2,1.623
1995-03-21,RNGC3,1.673
1995-03-21,RNGC4,1.71
1995-03-22,RNGC1,1.548
1995-03-22,RNGC2,1.664
1995-03-22,RNGC3,1.732
1995-03-22,RNGC4,1.762
1995-03-23,RNGC1,1.566
1995-03-23,RNGC2,1.69
1995-03-23,RNGC3,1.755
1995-03-23,RNGC4,1.775
1995-03-24,RNGC1,1.566
1995-03-24,RNGC2,1.644
1995-03-24,RNGC3,1.709
1995-03-24,RNGC4,1.732
1995-03-27,RNGC1,1.657
1995-03-27,RNGC2,1.709
1995-03-27,RNGC3,1.73
1995-03-27,RNGC4,1.74
1995-03-28,RNGC1,1.635
1995-03-28,RNGC2,1.692
1995-03-28,RNGC3,1.715
1995-03-28,RNGC4,1.727
1995-03-29,RNGC1,1.659
1995-03-29,RNGC2,1.72
1995-03-29,RNGC3,1.746
1995-03-29,RNGC4,1.76
1995-03-30,RNGC1,1.687
1995-03-30,RNGC2,1.755
1995-03-30,RNGC3,1.785
1995-03-30,RNGC4,1.795
1995-03-31,RNGC1,1.685
1995-03-31,RNGC2,1.751
1995-03-31,RNGC3,1.784
1995-03-31,RNGC4,1.795
1995-04-03,RNGC1,1.681
1995-04-03,RNGC2,1.74
1995-04-03,RNGC3,1.779
1995-04-03,RNGC4,1.789
1995-04-04,RNGC1,1.694
1995-04-04,RNGC2,1.746
1995-04-04,RNGC3,1.781
1995-04-04,RNGC4,1.792
1995-04-05,RNGC1,1.654
1995-04-05,RNGC2,1.726
1995-04-05,RNGC3,1.761
1995-04-05,RNGC4,1.777
1995-04-06,RNGC1,1.636
1995-04-06,RNGC2,1.715
1995-04-06,RNGC3,1.746
1995-04-06,RNGC4,1.766
1995-04-07,RNGC1,1.623
1995-04-07,RNGC2,1.718
1995-04-07,RNGC3,1.747
1995-04-07,RNGC4,1.767
1995-04-10,RNGC1,1.597
1995-04-10,RNGC2,1.702
1995-04-10,RNGC3,1.73
1995-04-10,RNGC4,1.749
1995-04-11,RNGC1,1.623
1995-04-11,RNGC2,1.708
1995-04-11,RNGC3,1.728
1995-04-11,RNGC4,1.742
1995-04-12,RNGC1,1.621
1995-04-12,RNGC2,1.715
1995-04-12,RNGC3,1.735
1995-04-12,RNGC4,1.745
1995-04-13,RNGC1,1.619
1995-04-13,RNGC2,1.712
1995-04-13,RNGC3,1.745
1995-04-13,RNGC4,1.751
1995-04-17,RNGC1,1.656
1995-04-17,RNGC2,1.733
1995-04-17,RNGC3,1.778
1995-04-17,RNGC4,1.781
1995-04-18,RNGC1,1.679
1995-04-18,RNGC2,1.734
1995-04-18,RNGC3,1.766
1995-04-18,RNGC4,1.767
1995-04-19,RNGC1,1.717
1995-04-19,RNGC2,1.768
1995-04-19,RNGC3,1.771
1995-04-19,RNGC4,1.768
1995-04-20,RNGC1,1.694
1995-04-20,RNGC2,1.735
1995-04-20,RNGC3,1.747
1995-04-20,RNGC4,1.75
1995-04-21,RNGC1,1.672
1995-04-21,RNGC2,1.698
1995-04-21,RNGC3,1.723
1995-04-21,RNGC4,1.728
1995-04-24,RNGC1,1.713
1995-04-24,RNGC2,1.727
1995-04-24,RNGC3,1.735
1995-04-24,RNGC4,1.738
1995-04-25,RNGC1,1.685
1995-04-25,RNGC2,1.712
1995-04-25,RNGC3,1.723
1995-04-25,RNGC4,1.727
1995-04-26,RNGC1,1.668
1995-04-26,RNGC2,1.696
1995-04-26,RNGC3,1.726
1995-04-26,RNGC4,1.73
1995-04-27,RNGC1,1.652
1995-04-27,RNGC2,1.685
1995-04-27,RNGC3,1.715
1995-04-27,RNGC4,1.716
1995-04-28,RNGC1,1.662
1995-04-28,RNGC2,1.688
1995-04-28,RNGC3,1.72
1995-04-28,RNGC4,1.723
1995-05-01,RNGC1,1.695
1995-05-01,RNGC2,1.712
1995-05-01,RNGC3,1.735
1995-05-01,RNGC4,1.737
1995-05-02,RNGC1,1.666
1995-05-02,RNGC2,1.687
1995-05-02,RNGC3,1.714
1995-05-02,RNGC4,1.718
1995-05-03,RNGC1,1.666
1995-05-03,RNGC2,1.692
1995-05-03,RNGC3,1.722
1995-05-03,RNGC4,1.726
1995-05-04,RNGC1,1.653
1995-05-04,RNGC2,1.691
1995-05-04,RNGC3,1.725
1995-05-04,RNGC4,1.731
1995-05-05,RNGC1,1.651
1995-05-05,RNGC2,1.701
1995-05-05,RNGC3,1.731
1995-05-05,RNGC4,1.738
1995-05-08,RNGC1,1.66
1995-05-08,RNGC2,1.712
1995-05-08,RNGC3,1.741
1995-05-08,RNGC4,1.751
1995-05-09,RNGC1,1.681
1995-05-09,RNGC2,1.731
1995-05-09,RNGC3,1.761
1995-05-09,RNGC4,1.771
1995-05-10,RNGC1,1.678
1995-05-10,RNGC2,1.74
1995-05-10,RNGC3,1.766
1995-05-10,RNGC4,1.776
1995-05-11,RNGC1,1.651
1995-05-11,RNGC2,1.72
1995-05-11,RNGC3,1.751
1995-05-11,RNGC4,1.763
1995-05-12,RNGC1,1.662
1995-05-12,RNGC2,1.73
1995-05-12,RNGC3,1.765
1995-05-12,RNGC4,1.777
1995-05-15,RNGC1,1.73
1995-05-15,RNGC2,1.807
1995-05-15,RNGC3,1.822
1995-05-15,RNGC4,1.827
1995-05-16,RNGC1,1.717
1995-05-16,RNGC2,1.788
1995-05-16,RNGC3,1.818
1995-05-16,RNGC4,1.819
1995-05-17,RNGC1,1.695
1995-05-17,RNGC2,1.772
1995-05-17,RNGC3,1.806
1995-05-17,RNGC4,1.812
1995-05-18,RNGC1,1.743
1995-05-18,RNGC2,1.846
1995-05-18,RNGC3,1.865
1995-05-18,RNGC4,1.87
1995-05-19,RNGC1,1.741
1995-05-19,RNGC2,1.836
1995-05-19,RNGC3,1.876
1995-05-19,RNGC4,1.881
1995-05-22,RNGC1,1.729
1995-05-22,RNGC2,1.823
1995-05-22,RNGC3,1.876
1995-05-22,RNGC4,1.887
1995-05-23,RNGC1,1.757
1995-05-23,RNGC2,1.825
1995-05-23,RNGC3,1.877
1995-05-23,RNGC4,1.89
1995-05-24,RNGC1,1.81
1995-05-24,RNGC2,1.875
1995-05-24,RNGC3,1.89
1995-05-24,RNGC4,1.905
1995-05-25,RNGC1,1.775
1995-05-25,RNGC2,1.844
1995-05-25,RNGC3,1.865
1995-05-25,RNGC4,1.882
1995-05-26,RNGC1,1.769
1995-05-26,RNGC2,1.84
1995-05-26,RNGC3,1.863
1995-05-26,RNGC4,1.88
1995-05-30,RNGC1,1.718
1995-05-30,RNGC2,1.796
1995-05-30,RNGC3,1.832
1995-05-30,RNGC4,1.854
1995-05-31,RNGC1,1.718
1995-05-31,RNGC2,1.788
1995-05-31,RNGC3,1.825
1995-05-31,RNGC4,1.845
1995-06-01,RNGC1,1.735
1995-06-01,RNGC2,1.816
1995-06-01,RNGC3,1.84
1995-06-01,RNGC4,1.858
1995-06-02,RNGC1,1.688
1995-06-02,RNGC2,1.779
1995-06-02,RNGC3,1.804
1995-06-02,RNGC4,1.825
1995-06-05,RNGC1,1.731
1995-06-05,RNGC2,1.806
1995-06-05,RNGC3,1.831
1995-06-05,RNGC4,1.846
1995-06-06,RNGC1,1.686
1995-06-06,RNGC2,1.76
1995-06-06,RNGC3,1.794
1995-06-06,RNGC4,1.814
1995-06-07,RNGC1,1.693
1995-06-07,RNGC2,1.764
1995-06-07,RNGC3,1.794
1995-06-07,RNGC4,1.81
1995-06-08,RNGC1,1.697
1995-06-08,RNGC2,1.772
1995-06-08,RNGC3,1.8
1995-06-08,RNGC4,1.816
1995-06-09,RNGC1,1.704
1995-06-09,RNGC2,1.78
1995-06-09,RNGC3,1.804
1995-06-09,RNGC4,1.82
1995-06-12,RNGC1,1.712
1995-06-12,RNGC2,1.788
1995-06-12,RNGC3,1.815
1995-06-12,RNGC4,1.83
1995-06-13,RNGC1,1.708
1995-06-13,RNGC2,1.788
1995-06-13,RNGC3,1.815
1995-06-13,RNGC4,1.83
1995-06-14,RNGC1,1.698
1995-06-14,RNGC2,1.772
1995-06-14,RNGC3,1.81
1995-06-14,RNGC4,1.832
1995-06-15,RNGC1,1.673
1995-06-15,RNGC2,1.712
1995-06-15,RNGC3,1.758
1995-06-15,RNGC4,1.791
1995-06-16,RNGC1,1.628
1995-06-16,RNGC2,1.648
1995-06-16,RNGC3,1.679
1995-06-16,RNGC4,1.716
1995-06-19,RNGC1,1.62
1995-06-19,RNGC2,1.628
1995-06-19,RNGC3,1.655
1995-06-19,RNGC4,1.69
1995-06-20,RNGC1,1.603
1995-06-20,RNGC2,1.611
1995-06-20,RNGC3,1.634
1995-06-20,RNGC4,1.671
1995-06-21,RNGC1,1.565
1995-06-21,RNGC2,1.587
1995-06-21,RNGC3,1.606
1995-06-21,RNGC4,1.646
1995-06-22,RNGC1,1.565
1995-06-22,RNGC2,1.595
1995-06-22,RNGC3,1.62
1995-06-22,RNGC4,1.661
1995-06-23,RNGC1,1.532
1995-06-23,RNGC2,1.558
1995-06-23,RNGC3,1.593
1995-06-23,RNGC4,1.64
1995-06-26,RNGC1,1.56
1995-06-26,RNGC2,1.596
1995-06-26,RNGC3,1.649
1995-06-26,RNGC4,1.754
1995-06-27,RNGC1,1.569
1995-06-27,RNGC2,1.613
1995-06-27,RNGC3,1.665
1995-06-27,RNGC4,1.767
1995-06-28,RNGC1,1.532
1995-06-28,RNGC2,1.577
1995-06-28,RNGC3,1.633
1995-06-28,RNGC4,1.738
1995-06-29,RNGC1,1.52
1995-06-29,RNGC2,1.56
1995-06-29,RNGC3,1.614
1995-06-29,RNGC4,1.721
1995-06-30,RNGC1,1.53
1995-06-30,RNGC2,1.57
1995-06-30,RNGC3,1.622
1995-06-30,RNGC4,1.729
1995-07-05,RNGC1,1.472
1995-07-05,RNGC2,1.533
1995-07-05,RNGC3,1.59
1995-07-05,RNGC4,1.703
1995-07-06,RNGC1,1.471
1995-07-06,RNGC2,1.536
1995-07-06,RNGC3,1.595
1995-07-06,RNGC4,1.717
1995-07-07,RNGC1,1.5
1995-07-07,RNGC2,1.547
1995-07-07,RNGC3,1.61
1995-07-07,RNGC4,1.723
1995-07-10,RNGC1,1.565
1995-07-10,RNGC2,1.603
1995-07-10,RNGC3,1.66
1995-07-10,RNGC4,1.763
1995-07-11,RNGC1,1.527
1995-07-11,RNGC2,1.55
1995-07-11,RNGC3,1.615
1995-07-11,RNGC4,1.725
1995-07-12,RNGC1,1.536
1995-07-12,RNGC2,1.563
1995-07-12,RNGC3,1.618
1995-07-12,RNGC4,1.728
1995-07-13,RNGC1,1.487
1995-07-13,RNGC2,1.51
1995-07-13,RNGC3,1.571
1995-07-13,RNGC4,1.693
1995-07-14,RNGC1,1.512
1995-07-14,RNGC2,1.531
1995-07-14,RNGC3,1.583
1995-07-14,RNGC4,1.705
1995-07-17,RNGC1,1.494
1995-07-17,RNGC2,1.501
1995-07-17,RNGC3,1.557
1995-07-17,RNGC4,1.683
1995-07-18,RNGC1,1.525
1995-07-18,RNGC2,1.525
1995-07-18,RNGC3,1.569
1995-07-18,RNGC4,1.697
1995-07-19,RNGC1,1.495
1995-07-19,RNGC2,1.515
1995-07-19,RNGC3,1.56
1995-07-19,RNGC4,1.689
1995-07-20,RNGC1,1.463
1995-07-20,RNGC2,1.476
1995-07-20,RNGC3,1.526
1995-07-20,RNGC4,1.662
1995-07-21,RNGC1,1.438
1995-07-21,RNGC2,1.45
1995-07-21,RNGC3,1.493
1995-07-21,RNGC4,1.638
1995-07-24,RNGC1,1.385
1995-07-24,RNGC2,1.406
1995-07-24,RNGC3,1.446
1995-07-24,RNGC4,1.601
1995-07-25,RNGC1,1.432
1995-07-25,RNGC2,1.476
1995-07-25,RNGC3,1.635
1995-07-25,RNGC4,1.77
1995-07-26,RNGC1,1.47
1995-07-26,RNGC2,1.508
1995-07-26,RNGC3,1.673
1995-07-26,RNGC4,1.802
1995-07-27,RNGC1,1.49
1995-07-27,RNGC2,1.532
1995-07-27,RNGC3,1.699
1995-07-27,RNGC4,1.817
1995-07-28,RNGC1,1.523
1995-07-28,RNGC2,1.571
1995-07-28,RNGC3,1.731
1995-07-28,RNGC4,1.833
1995-07-31,RNGC1,1.614
1995-07-31,RNGC2,1.65
1995-07-31,RNGC3,1.778
1995-07-31,RNGC4,1.868
1995-08-01,RNGC1,1.459
1995-08-01,RNGC2,1.55
1995-08-01,RNGC3,1.689
1995-08-01,RNGC4,1.789
1995-08-02,RNGC1,1.422
1995-08-02,RNGC2,1.488
1995-08-02,RNGC3,1.672
1995-08-02,RNGC4,1.78
1995-08-03,RNGC1,1.432
1995-08-03,RNGC2,1.5
1995-08-03,RNGC3,1.68
1995-08-03,RNGC4,1.792
1995-08-04,RNGC1,1.456
1995-08-04,RNGC2,1.519
1995-08-04,RNGC3,1.687
1995-08-04,RNGC4,1.8
1995-08-07,RNGC1,1.478
1995-08-07,RNGC2,1.54
1995-08-07,RNGC3,1.69
1995-08-07,RNGC4,1.807
1995-08-08,RNGC1,1.471
1995-08-08,RNGC2,1.533
1995-08-08,RNGC3,1.681
1995-08-08,RNGC4,1.801
1995-08-09,RNGC1,1.539
1995-08-09,RNGC2,1.583
1995-08-09,RNGC3,1.722
1995-08-09,RNGC4,1.829
1995-08-10,RNGC1,1.504
1995-08-10,RNGC2,1.551
1995-08-10,RNGC3,1.688
1995-08-10,RNGC4,1.81
1995-08-11,RNGC1,1.503
1995-08-11,RNGC2,1.55
1995-08-11,RNGC3,1.677
1995-08-11,RNGC4,1.8
1995-08-14,RNGC1,1.55
1995-08-14,RNGC2,1.585
1995-08-14,RNGC3,1.707
1995-08-14,RNGC4,1.822
1995-08-15,RNGC1,1.559
1995-08-15,RNGC2,1.6
1995-08-15,RNGC3,1.712
1995-08-15,RNGC4,1.82
1995-08-16,RNGC1,1.527
1995-08-16,RNGC2,1.586
1995-08-16,RNGC3,1.7
1995-08-16,RNGC4,1.802
1995-08-17,RNGC1,1.53
1995-08-17,RNGC2,1.601
1995-08-17,RNGC3,1.706
1995-08-17,RNGC4,1.795
1995-08-18,RNGC1,1.577
1995-08-18,RNGC2,1.634
1995-08-18,RNGC3,1.725
1995-08-18,RNGC4,1.809
1995-08-21,RNGC1,1.618
1995-08-21,RNGC2,1.687
1995-08-21,RNGC3,1.757
1995-08-21,RNGC4,1.83
1995-08-22,RNGC1,1.567
1995-08-22,RNGC2,1.668
1995-08-22,RNGC3,1.748
1995-08-22,RNGC4,1.82
1995-08-23,RNGC1,1.568
1995-08-23,RNGC2,1.663
1995-08-23,RNGC3,1.755
1995-08-23,RNGC4,1.835
1995-08-24,RNGC1,1.575
1995-08-24,RNGC2,1.68
1995-08-24,RNGC3,1.775
1995-08-24,RNGC4,1.856
1995-08-25,RNGC1,1.694
1995-08-25,RNGC2,1.785
1995-08-25,RNGC3,1.862
1995-08-25,RNGC4,1.88
1995-08-28,RNGC1,1.656
1995-08-28,RNGC2,1.76
1995-08-28,RNGC3,1.841
1995-08-28,RNGC4,1.856
1995-08-29,RNGC1,1.693
1995-08-29,RNGC2,1.795
1995-08-29,RNGC3,1.873
1995-08-29,RNGC4,1.883
1995-08-30,RNGC1,1.702
1995-08-30,RNGC2,1.797
1995-08-30,RNGC3,1.878
1995-08-30,RNGC4,1.884
1995-08-31,RNGC1,1.748
1995-08-31,RNGC2,1.85
1995-08-31,RNGC3,1.919
1995-08-31,RNGC4,1.917
1995-09-01,RNGC1,1.74
1995-09-01,RNGC2,1.844
1995-09-01,RNGC3,1.91
1995-09-01,RNGC4,1.909
1995-09-05,RNGC1,1.701
1995-09-05,RNGC2,1.819
1995-09-05,RNGC3,1.895
1995-09-05,RNGC4,1.908
1995-09-06,RNGC1,1.644
1995-09-06,RNGC2,1.775
1995-09-06,RNGC3,1.855
1995-09-06,RNGC4,1.878
1995-09-07,RNGC1,1.626
1995-09-07,RNGC2,1.762
1995-09-07,RNGC3,1.85
1995-09-07,RNGC4,1.878
1995-09-08,RNGC1,1.642
1995-09-08,RNGC2,1.782
1995-09-08,RNGC3,1.865
1995-09-08,RNGC4,1.892
1995-09-11,RNGC1,1.655
1995-09-11,RNGC2,1.797
1995-09-11,RNGC3,1.877
1995-09-11,RNGC4,1.899
1995-09-12,RNGC1,1.653
1995-09-12,RNGC2,1.796
1995-09-12,RNGC3,1.87
1995-09-12,RNGC4,1.888
1995-09-13,RNGC1,1.72
1995-09-13,RNGC2,1.843
1995-09-13,RNGC3,1.912
1995-09-13,RNGC4,1.919
1995-09-14,RNGC1,1.651
1995-09-14,RNGC2,1.784
1995-09-14,RNGC3,1.869
1995-09-14,RNGC4,1.892
1995-09-15,RNGC1,1.658
1995-09-15,RNGC2,1.793
1995-09-15,RNGC3,1.879
1995-09-15,RNGC4,1.9
1995-09-18,RNGC1,1.604
1995-09-18,RNGC2,1.751
1995-09-18,RNGC3,1.853
1995-09-18,RNGC4,1.884
1995-09-19,RNGC1,1.589
1995-09-19,RNGC2,1.746
1995-09-19,RNGC3,1.853
1995-09-19,RNGC4,1.891
1995-09-20,RNGC1,1.596
1995-09-20,RNGC2,1.733
1995-09-20,RNGC3,1.848
1995-09-20,RNGC4,1.891
1995-09-21,RNGC1,1.614
1995-09-21,RNGC2,1.73
1995-09-21,RNGC3,1.85
1995-09-21,RNGC4,1.891
1995-09-22,RNGC1,1.644
1995-09-22,RNGC2,1.741
1995-09-22,RNGC3,1.859
1995-09-22,RNGC4,1.899
1995-09-25,RNGC1,1.764
1995-09-25,RNGC2,1.887
1995-09-25,RNGC3,1.921
1995-09-25,RNGC4,1.856
1995-09-26,RNGC1,1.763
1995-09-26,RNGC2,1.891
1995-09-26,RNGC3,1.929
1995-09-26,RNGC4,1.862
1995-09-27,RNGC1,1.726
1995-09-27,RNGC2,1.861
1995-09-27,RNGC3,1.911
1995-09-27,RNGC4,1.853
1995-09-28,RNGC1,1.75
1995-09-28,RNGC2,1.881
1995-09-28,RNGC3,1.932
1995-09-28,RNGC4,1.867
1995-09-29,RNGC1,1.75
1995-09-29,RNGC2,1.885
1995-09-29,RNGC3,1.937
1995-09-29,RNGC4,1.872
1995-10-02,RNGC1,1.894
1995-10-02,RNGC2,1.961
1995-10-02,RNGC3,1.979
1995-10-02,RNGC4,1.903
1995-10-03,RNGC1,1.809
1995-10-03,RNGC2,1.902
1995-10-03,RNGC3,1.93
1995-10-03,RNGC4,1.86
1995-10-04,RNGC1,1.829
1995-10-04,RNGC2,1.908
1995-10-04,RNGC3,1.931
1995-10-04,RNGC4,1.856
1995-10-05,RNGC1,1.795
1995-10-05,RNGC2,1.904
1995-10-05,RNGC3,1.936
1995-10-05,RNGC4,1.864
1995-10-06,RNGC1,1.802
1995-10-06,RNGC2,1.917
1995-10-06,RNGC3,1.951
1995-10-06,RNGC4,1.881
1995-10-09,RNGC1,1.845
1995-10-09,RNGC2,1.95
1995-10-09,RNGC3,1.968
1995-10-09,RNGC4,1.885
1995-10-10,RNGC1,1.802
1995-10-10,RNGC2,1.918
1995-10-10,RNGC3,1.946
1995-10-10,RNGC4,1.87
1995-10-11,RNGC1,1.761
1995-10-11,RNGC2,1.893
1995-10-11,RNGC3,1.921
1995-10-11,RNGC4,1.853
1995-10-12,RNGC1,1.735
1995-10-12,RNGC2,1.869
1995-10-12,RNGC3,1.91
1995-10-12,RNGC4,1.847
1995-10-13,RNGC1,1.75
1995-10-13,RNGC2,1.877
1995-10-13,RNGC3,1.914
1995-10-13,RNGC4,1.851
1995-10-16,RNGC1,1.709
1995-10-16,RNGC2,1.813
1995-10-16,RNGC3,1.87
1995-10-16,RNGC4,1.818
1995-10-17,RNGC1,1.721
1995-10-17,RNGC2,1.804
1995-10-17,RNGC3,1.861
1995-10-17,RNGC4,1.813
1995-10-18,RNGC1,1.727
1995-10-18,RNGC2,1.802
1995-10-18,RNGC3,1.854
1995-10-18,RNGC4,1.808
1995-10-19,RNGC1,1.723
1995-10-19,RNGC2,1.789
1995-10-19,RNGC3,1.841
1995-10-19,RNGC4,1.799
1995-10-20,RNGC1,1.754
1995-10-20,RNGC2,1.823
1995-10-20,RNGC3,1.864
1995-10-20,RNGC4,1.819
1995-10-23,RNGC1,1.763
1995-10-23,RNGC2,1.823
1995-10-23,RNGC3,1.874
1995-10-23,RNGC4,1.825
1995-10-24,RNGC1,1.772
1995-10-24,RNGC2,1.803
1995-10-24,RNGC3,1.854
1995-10-24,RNGC4,1.807
1995-10-25,RNGC1,1.81
1995-10-25,RNGC2,1.854
1995-10-25,RNGC3,1.807
1995-10-25,RNGC4,1.753
1995-10-26,RNGC1,1.83
1995-10-26,RNGC2,1.872
1995-10-26,RNGC3,1.825
1995-10-26,RNGC4,1.767
1995-10-27,RNGC1,1.839
1995-10-27,RNGC2,1.882
1995-10-27,RNGC3,1.834
1995-10-27,RNGC4,1.774
1995-10-30,RNGC1,1.85
1995-10-30,RNGC2,1.889
1995-10-30,RNGC3,1.839
1995-10-30,RNGC4,1.776
1995-10-31,RNGC1,1.866
1995-10-31,RNGC2,1.901
1995-10-31,RNGC3,1.851
1995-10-31,RNGC4,1.782
1995-11-01,RNGC1,1.849
1995-11-01,RNGC2,1.895
1995-11-01,RNGC3,1.843
1995-11-01,RNGC4,1.771
1995-11-02,RNGC1,1.844
1995-11-02,RNGC2,1.891
1995-11-02,RNGC3,1.844
1995-11-02,RNGC4,1.769
1995-11-03,RNGC1,1.833
1995-11-03,RNGC2,1.876
1995-11-03,RNGC3,1.835
1995-11-03,RNGC4,1.762
1995-11-06,RNGC1,1.824
1995-11-06,RNGC2,1.856
1995-11-06,RNGC3,1.825
1995-11-06,RNGC4,1.758
1995-11-07,RNGC1,1.844
1995-11-07,RNGC2,1.866
1995-11-07,RNGC3,1.833
1995-11-07,RNGC4,1.766
1995-11-08,RNGC1,1.868
1995-11-08,RNGC2,1.901
1995-11-08,RNGC3,1.854
1995-11-08,RNGC4,1.782
1995-11-09,RNGC1,1.856
1995-11-09,RNGC2,1.892
1995-11-09,RNGC3,1.844
1995-11-09,RNGC4,1.772
1995-11-10,RNGC1,1.901
1995-11-10,RNGC2,1.943
1995-11-10,RNGC3,1.882
1995-11-10,RNGC4,1.802
1995-11-13,RNGC1,1.912
1995-11-13,RNGC2,1.953
1995-11-13,RNGC3,1.883
1995-11-13,RNGC4,1.8
1995-11-14,RNGC1,1.906
1995-11-14,RNGC2,1.932
1995-11-14,RNGC3,1.87
1995-11-14,RNGC4,1.795
1995-11-15,RNGC1,1.919
1995-11-15,RNGC2,1.935
1995-11-15,RNGC3,1.872
1995-11-15,RNGC4,1.797
1995-11-16,RNGC1,1.969
1995-11-16,RNGC2,1.985
1995-11-16,RNGC3,1.902
1995-11-16,RNGC4,1.814
1995-11-17,RNGC1,2.024
1995-11-17,RNGC2,2.035
1995-11-17,RNGC3,1.935
1995-11-17,RNGC4,1.82
1995-11-20,RNGC1,2.157
1995-11-20,RNGC2,2.063
1995-11-20,RNGC3,1.942
1995-11-20,RNGC4,1.822
1995-11-21,RNGC1,2.241
1995-11-21,RNGC2,2.058
1995-11-21,RNGC3,1.923
1995-11-21,RNGC4,1.808
1995-11-22,RNGC1,2.113
1995-11-22,RNGC2,1.954
1995-11-22,RNGC3,1.824
1995-11-22,RNGC4,1.714
1995-11-27,RNGC1,2.088
1995-11-27,RNGC2,1.94
1995-11-27,RNGC3,1.813
1995-11-27,RNGC4,1.71
1995-11-28,RNGC1,2.024
1995-11-28,RNGC2,1.915
1995-11-28,RNGC3,1.807
1995-11-28,RNGC4,1.707
1995-11-29,RNGC1,2.031
1995-11-29,RNGC2,1.922
1995-11-29,RNGC3,1.82
1995-11-29,RNGC4,1.72
1995-11-30,RNGC1,2.018
1995-11-30,RNGC2,1.919
1995-11-30,RNGC3,1.825
1995-11-30,RNGC4,1.725
1995-12-01,RNGC1,2.069
1995-12-01,RNGC2,1.967
1995-12-01,RNGC3,1.849
1995-12-01,RNGC4,1.729
1995-12-04,RNGC1,2.12
1995-12-04,RNGC2,1.998
1995-12-04,RNGC3,1.864
1995-12-04,RNGC4,1.73
1995-12-05,RNGC1,2.225
1995-12-05,RNGC2,2.066
1995-12-05,RNGC3,1.908
1995-12-05,RNGC4,1.755
1995-12-06,RNGC1,2.207
1995-12-06,RNGC2,2.064
1995-12-06,RNGC3,1.93
1995-12-06,RNGC4,1.785
1995-12-07,RNGC1,2.208
1995-12-07,RNGC2,2.09
1995-12-07,RNGC3,1.947
1995-12-07,RNGC4,1.8
1995-12-08,RNGC1,2.216
1995-12-08,RNGC2,2.116
1995-12-08,RNGC3,1.952
1995-12-08,RNGC4,1.807
1995-12-11,RNGC1,2.193
1995-12-11,RNGC2,2.124
1995-12-11,RNGC3,1.955
1995-12-11,RNGC4,1.81
1995-12-12,RNGC1,2.235
1995-12-12,RNGC2,2.137
1995-12-12,RNGC3,1.965
1995-12-12,RNGC4,1.82
1995-12-13,RNGC1,2.286
1995-12-13,RNGC2,2.175
1995-12-13,RNGC3,2.001
1995-12-13,RNGC4,1.856
1995-12-14,RNGC1,2.353
1995-12-14,RNGC2,2.204
1995-12-14,RNGC3,2.04
1995-12-14,RNGC4,1.89
1995-12-15,RNGC1,2.364
1995-12-15,RNGC2,2.203
1995-12-15,RNGC3,2.034
1995-12-15,RNGC4,1.887
1995-12-18,RNGC1,2.504
1995-12-18,RNGC2,2.294
1995-12-18,RNGC3,2.095
1995-12-18,RNGC4,1.931
1995-12-19,RNGC1,2.868
1995-12-19,RNGC2,2.394
1995-12-19,RNGC3,2.195
1995-12-19,RNGC4,2.015
1995-12-20,RNGC1,3.071
1995-12-20,RNGC2,2.544
1995-12-20,RNGC3,2.282
1995-12-20,RNGC4,2.052
1995-12-21,RNGC1,3.448
1995-12-21,RNGC2,2.711
1995-12-21,RNGC3,2.302
1995-12-21,RNGC4,2.027
1995-12-22,RNGC1,2.368
1995-12-22,RNGC2,2.152
1995-12-22,RNGC3,1.89
1995-12-22,RNGC4,1.77
1995-12-26,RNGC1,2.468
1995-12-26,RNGC2,2.148
1995-12-26,RNGC3,1.916
1995-12-26,RNGC4,1.796
1995-12-27,RNGC1,2.868
1995-12-27,RNGC2,2.298
1995-12-27,RNGC3,1.999
1995-12-27,RNGC4,1.849
1995-12-28,RNGC1,2.509
1995-12-28,RNGC2,2.135
1995-12-28,RNGC3,1.886
1995-12-28,RNGC4,1.786
1995-12-29,RNGC1,2.619
1995-12-29,RNGC2,2.195
1995-12-29,RNGC3,1.901
1995-12-29,RNGC4,1.796
1996-01-02,RNGC1,2.859
1996-01-02,RNGC2,2.295
1996-01-02,RNGC3,1.971
1996-01-02,RNGC4,1.861
1996-01-03,RNGC1,2.986
1996-01-03,RNGC2,2.377
1996-01-03,RNGC3,2.005
1996-01-03,RNGC4,1.875
1996-01-04,RNGC1,2.964
1996-01-04,RNGC2,2.376
1996-01-04,RNGC3,2.023
1996-01-04,RNGC4,1.888
1996-01-05,RNGC1,2.916
1996-01-05,RNGC2,2.424
1996-01-05,RNGC3,2.059
1996-01-05,RNGC4,1.919
1996-01-08,RNGC2,2.424
1996-01-08,RNGC3,2.059
1996-01-08,RNGC4,1.919
1996-01-09,RNGC1,2.928
1996-01-09,RNGC2,2.537
1996-01-09,RNGC3,2.122
1996-01-09,RNGC4,1.977
1996-01-10,RNGC1,2.809
1996-01-10,RNGC2,2.465
1996-01-10,RNGC3,2.097
1996-01-10,RNGC4,1.965
1996-01-11,RNGC1,2.49
1996-01-11,RNGC2,2.365
1996-01-11,RNGC3,1.997
1996-01-11,RNGC4,1.88
1996-01-12,RNGC1,2.317
1996-01-12,RNGC2,2.215
1996-01-12,RNGC3,1.934
1996-01-12,RNGC4,1.834
1996-01-15,RNGC1,2.017
1996-01-15,RNGC2,2.015
1996-01-15,RNGC3,1.783
1996-01-15,RNGC4,1.747
1996-01-16,RNGC1,2.074
1996-01-16,RNGC2,1.96
1996-01-16,RNGC3,1.85
1996-01-16,RNGC4,1.812
1996-01-17,RNGC1,2.336
1996-01-17,RNGC2,2.088
1996-01-17,RNGC3,1.958
1996-01-17,RNGC4,1.878
1996-01-18,RNGC1,2.264
1996-01-18,RNGC2,2.043
1996-01-18,RNGC3,1.936
1996-01-18,RNGC4,1.867
1996-01-19,RNGC1,2.168
1996-01-19,RNGC2,1.956
1996-01-19,RNGC3,1.865
1996-01-19,RNGC4,1.825
1996-01-22,RNGC1,2.125
1996-01-22,RNGC2,1.955
1996-01-22,RNGC3,1.865
1996-01-22,RNGC4,1.825
1996-01-23,RNGC1,2.445
1996-01-23,RNGC2,2.055
1996-01-23,RNGC3,1.945
1996-01-23,RNGC4,1.875
1996-01-24,RNGC1,2.493
1996-01-24,RNGC2,2.069
1996-01-24,RNGC3,1.939
1996-01-24,RNGC4,1.879
1996-01-25,RNGC1,2.34
1996-01-25,RNGC2,2.026
1996-01-25,RNGC3,1.909
1996-01-25,RNGC4,1.869
1996-01-26,RNGC1,2.126
1996-01-26,RNGC2,1.952
1996-01-26,RNGC3,1.902
1996-01-26,RNGC4,1.855
1996-01-29,RNGC1,2.337
1996-01-29,RNGC2,2.036
1996-01-29,RNGC3,1.946
1996-01-29,RNGC4,1.884
1996-01-30,RNGC1,2.504
1996-01-30,RNGC2,2.104
1996-01-30,RNGC3,1.994
1996-01-30,RNGC4,1.914
1996-01-31,RNGC1,2.658
1996-01-31,RNGC2,2.174
1996-01-31,RNGC3,2.054
1996-01-31,RNGC4,1.954
1996-02-01,RNGC1,2.499
1996-02-01,RNGC2,2.079
1996-02-01,RNGC3,1.998
1996-02-01,RNGC4,1.94
1996-02-02,RNGC1,2.467
1996-02-02,RNGC2,2.075
1996-02-02,RNGC3,1.999
1996-02-02,RNGC4,1.947
1996-02-05,RNGC1,2.168
1996-02-05,RNGC2,1.975
1996-02-05,RNGC3,1.91
1996-02-05,RNGC4,1.887
1996-02-06,RNGC1,2.448
1996-02-06,RNGC2,2.086
1996-02-06,RNGC3,2.001
1996-02-06,RNGC4,1.96
1996-02-07,RNGC1,2.513
1996-02-07,RNGC2,2.132
1996-02-07,RNGC3,2.02
1996-02-07,RNGC4,1.957
1996-02-08,RNGC1,2.472
1996-02-08,RNGC2,2.201
1996-02-08,RNGC3,2.06
1996-02-08,RNGC4,1.982
1996-02-09,RNGC1,2.551
1996-02-09,RNGC2,2.244
1996-02-09,RNGC3,2.08
1996-02-09,RNGC4,1.99
1996-02-12,RNGC1,2.456
1996-02-12,RNGC2,2.231
1996-02-12,RNGC3,2.085
1996-02-12,RNGC4,1.995
1996-02-13,RNGC1,2.662
1996-02-13,RNGC2,2.331
1996-02-13,RNGC3,2.16
1996-02-13,RNGC4,2.038
1996-02-14,RNGC1,2.582
1996-02-14,RNGC2,2.317
1996-02-14,RNGC3,2.17
1996-02-14,RNGC4,2.047
1996-02-15,RNGC1,2.576
1996-02-15,RNGC2,2.271
1996-02-15,RNGC3,2.136
1996-02-15,RNGC4,2.031
1996-02-16,RNGC1,2.441
1996-02-16,RNGC2,2.171
1996-02-16,RNGC3,2.043
1996-02-16,RNGC4,1.98
1996-02-20,RNGC1,2.321
1996-02-20,RNGC2,2.128
1996-02-20,RNGC3,2.033
1996-02-20,RNGC4,1.978
1996-02-21,RNGC1,2.447
1996-02-21,RNGC2,2.188
1996-02-21,RNGC3,2.066
1996-02-21,RNGC4,2.007
1996-02-22,RNGC1,2.623
1996-02-22,RNGC2,2.288
1996-02-22,RNGC3,2.121
1996-02-22,RNGC4,2.036
1996-02-23,RNGC1,2.746
1996-02-23,RNGC2,2.263
1996-02-23,RNGC3,2.101
1996-02-23,RNGC4,2.014
1996-02-26,RNGC1,2.338
1996-02-26,RNGC2,2.143
1996-02-26,RNGC3,2.033
1996-02-26,RNGC4,1.981
1996-02-27,RNGC1,2.326
1996-02-27,RNGC2,2.143
1996-02-27,RNGC3,2.04
1996-02-27,RNGC4,1.987
1996-02-28,RNGC1,2.306
1996-02-28,RNGC2,2.149
1996-02-28,RNGC3,2.051
1996-02-28,RNGC4,1.998
1996-02-29,RNGC1,2.236
1996-02-29,RNGC2,2.101
1996-02-29,RNGC3,2.014
1996-02-29,RNGC4,1.964
1996-03-01,RNGC1,2.156
1996-03-01,RNGC2,2.058
1996-03-01,RNGC3,1.991
1996-03-01,RNGC4,1.956
1996-03-04,RNGC1,2.24
1996-03-04,RNGC2,2.102
1996-03-04,RNGC3,2.012
1996-03-04,RNGC4,1.967
1996-03-05,RNGC1,2.174
1996-03-05,RNGC2,2.065
1996-03-05,RNGC3,1.993
1996-03-05,RNGC4,1.944
1996-03-06,RNGC1,2.188
1996-03-06,RNGC2,2.078
1996-03-06,RNGC3,1.995
1996-03-06,RNGC4,1.945
1996-03-07,RNGC1,2.128
1996-03-07,RNGC2,2.054
1996-03-07,RNGC3,1.969
1996-03-07,RNGC4,1.923
1996-03-08,RNGC1,2.095
1996-03-08,RNGC2,2.053
1996-03-08,RNGC3,1.973
1996-03-08,RNGC4,1.93
1996-03-11,RNGC1,2.178
1996-03-11,RNGC2,2.114
1996-03-11,RNGC3,2.014
1996-03-11,RNGC4,1.965
1996-03-12,RNGC1,2.168
1996-03-12,RNGC2,2.108
1996-03-12,RNGC3,2.018
1996-03-12,RNGC4,1.968
1996-03-13,RNGC1,2.24
1996-03-13,RNGC2,2.147
1996-03-13,RNGC3,2.042
1996-03-13,RNGC4,1.982
1996-03-14,RNGC1,2.247
1996-03-14,RNGC2,2.144
1996-03-14,RNGC3,2.035
1996-03-14,RNGC4,1.975
1996-03-15,RNGC1,2.333
1996-03-15,RNGC2,2.215
1996-03-15,RNGC3,2.08
1996-03-15,RNGC4,2.01
1996-03-18,RNGC1,2.511
1996-03-18,RNGC2,2.349
1996-03-18,RNGC3,2.165
1996-03-18,RNGC4,2.07
1996-03-19,RNGC1,2.523
1996-03-19,RNGC2,2.33
1996-03-19,RNGC3,2.171
1996-03-19,RNGC4,2.076
1996-03-20,RNGC1,2.574
1996-03-20,RNGC2,2.354
1996-03-20,RNGC3,2.179
1996-03-20,RNGC4,2.084
1996-03-21,RNGC1,2.74
1996-03-21,RNGC2,2.439
1996-03-21,RNGC3,2.266
1996-03-21,RNGC4,2.166
1996-03-22,RNGC1,2.863
1996-03-22,RNGC2,2.416
1996-03-22,RNGC3,2.277
1996-03-22,RNGC4,2.201
1996-03-25,RNGC1,2.779
1996-03-25,RNGC2,2.355
1996-03-25,RNGC3,2.226
1996-03-25,RNGC4,2.16
1996-03-26,RNGC1,2.267
1996-03-26,RNGC2,2.178
1996-03-26,RNGC3,2.13
1996-03-26,RNGC4,2.092
1996-03-27,RNGC1,2.339
1996-03-27,RNGC2,2.239
1996-03-27,RNGC3,2.18
1996-03-27,RNGC4,2.142
1996-03-28,RNGC1,2.342
1996-03-28,RNGC2,2.26
1996-03-28,RNGC3,2.209
1996-03-28,RNGC4,2.162
1996-03-29,RNGC1,2.336
1996-03-29,RNGC2,2.259
1996-03-29,RNGC3,2.19
1996-03-29,RNGC4,2.14
1996-04-01,RNGC1,2.288
1996-04-01,RNGC2,2.239
1996-04-01,RNGC3,2.208
1996-04-01,RNGC4,2.168
1996-04-02,RNGC1,2.293
1996-04-02,RNGC2,2.223
1996-04-02,RNGC3,2.208
1996-04-02,RNGC4,2.173
1996-04-03,RNGC1,2.304
1996-04-03,RNGC2,2.233
1996-04-03,RNGC3,2.21
1996-04-03,RNGC4,2.176
1996-04-04,RNGC1,2.335
1996-04-04,RNGC2,2.289
1996-04-04,RNGC3,2.253
1996-04-04,RNGC4,2.21
1996-04-08,RNGC1,2.372
1996-04-08,RNGC2,2.352
1996-04-08,RNGC3,2.29
1996-04-08,RNGC4,2.24
1996-04-09,RNGC1,2.369
1996-04-09,RNGC2,2.361
1996-04-09,RNGC3,2.3
1996-04-09,RNGC4,2.25
1996-04-10,RNGC1,2.34
1996-04-10,RNGC2,2.34
1996-04-10,RNGC3,2.295
1996-04-10,RNGC4,2.245
1996-04-11,RNGC1,2.329
1996-04-11,RNGC2,2.332
1996-04-11,RNGC3,2.297
1996-04-11,RNGC4,2.257
1996-04-12,RNGC1,2.411
1996-04-12,RNGC2,2.392
1996-04-12,RNGC3,2.354
1996-04-12,RNGC4,2.312
1996-04-15,RNGC1,2.343
1996-04-15,RNGC2,2.341
1996-04-15,RNGC3,2.321
1996-04-15,RNGC4,2.29
1996-04-16,RNGC1,2.316
1996-04-16,RNGC2,2.327
1996-04-16,RNGC3,2.312
1996-04-16,RNGC4,2.277
1996-04-17,RNGC1,2.339
1996-04-17,RNGC2,2.337
1996-04-17,RNGC3,2.33
1996-04-17,RNGC4,2.294
1996-04-18,RNGC1,2.331
1996-04-18,RNGC2,2.337
1996-04-18,RNGC3,2.332
1996-04-18,RNGC4,2.302
1996-04-19,RNGC1,2.361
1996-04-19,RNGC2,2.366
1996-04-19,RNGC3,2.357
1996-04-19,RNGC4,2.326
1996-04-22,RNGC1,2.359
1996-04-22,RNGC2,2.364
1996-04-22,RNGC3,2.364
1996-04-22,RNGC4,2.339
1996-04-23,RNGC1,2.28
1996-04-23,RNGC2,2.293
1996-04-23,RNGC3,2.3
1996-04-23,RNGC4,2.294
1996-04-24,RNGC1,2.214
1996-04-24,RNGC2,2.258
1996-04-24,RNGC3,2.26
1996-04-24,RNGC4,2.26
1996-04-25,RNGC1,2.258
1996-04-25,RNGC2,2.242
1996-04-25,RNGC3,2.238
1996-04-25,RNGC4,2.212
1996-04-26,RNGC1,2.207
1996-04-26,RNGC2,2.213
1996-04-26,RNGC3,2.205
1996-04-26,RNGC4,2.183
1996-04-29,RNGC1,2.223
1996-04-29,RNGC2,2.204
1996-04-29,RNGC3,2.198
1996-04-29,RNGC4,2.177
1996-04-30,RNGC1,2.224
1996-04-30,RNGC2,2.198
1996-04-30,RNGC3,2.191
1996-04-30,RNGC4,2.173
1996-05-01,RNGC1,2.229
1996-05-01,RNGC2,2.214
1996-05-01,RNGC3,2.209
1996-05-01,RNGC4,2.192
1996-05-02,RNGC1,2.19
1996-05-02,RNGC2,2.191
1996-05-02,RNGC3,2.185
1996-05-02,RNGC4,2.163
1996-05-03,RNGC1,2.131
1996-05-03,RNGC2,2.139
1996-05-03,RNGC3,2.14
1996-05-03,RNGC4,2.123
1996-05-06,RNGC1,2.148
1996-05-06,RNGC2,2.164
1996-05-06,RNGC3,2.155
1996-05-06,RNGC4,2.13
1996-05-07,RNGC1,2.187
1996-05-07,RNGC2,2.223
1996-05-07,RNGC3,2.205
1996-05-07,RNGC4,2.17
1996-05-08,RNGC1,2.186
1996-05-08,RNGC2,2.235
1996-05-08,RNGC3,2.218
1996-05-08,RNGC4,2.186
1996-05-09,RNGC1,2.21
1996-05-09,RNGC2,2.267
1996-05-09,RNGC3,2.255
1996-05-09,RNGC4,2.22
1996-05-10,RNGC1,2.204
1996-05-10,RNGC2,2.267
1996-05-10,RNGC3,2.26
1996-05-10,RNGC4,2.221
1996-05-13,RNGC1,2.286
1996-05-13,RNGC2,2.323
1996-05-13,RNGC3,2.308
1996-05-13,RNGC4,2.271
1996-05-14,RNGC1,2.273
1996-05-14,RNGC2,2.302
1996-05-14,RNGC3,2.291
1996-05-14,RNGC4,2.252
1996-05-15,RNGC1,2.299
1996-05-15,RNGC2,2.322
1996-05-15,RNGC3,2.31
1996-05-15,RNGC4,2.265
1996-05-16,RNGC1,2.302
1996-05-16,RNGC2,2.335
1996-05-16,RNGC3,2.33
1996-05-16,RNGC4,2.29
1996-05-17,RNGC1,2.284
1996-05-17,RNGC2,2.334
1996-05-17,RNGC3,2.337
1996-05-17,RNGC4,2.287
1996-05-20,RNGC1,2.324
1996-05-20,RNGC2,2.412
1996-05-20,RNGC3,2.412
1996-05-20,RNGC4,2.365
1996-05-21,RNGC1,2.295
1996-05-21,RNGC2,2.342
1996-05-21,RNGC3,2.352
1996-05-21,RNGC4,2.324
1996-05-22,RNGC1,2.329
1996-05-22,RNGC2,2.375
1996-05-22,RNGC3,2.387
1996-05-22,RNGC4,2.355
1996-05-23,RNGC1,2.337
1996-05-23,RNGC2,2.37
1996-05-23,RNGC3,2.386
1996-05-23,RNGC4,2.352
1996-05-24,RNGC1,2.361
1996-05-24,RNGC2,2.383
1996-05-24,RNGC3,2.4
1996-05-24,RNGC4,2.36
1996-05-28,RNGC1,2.418
1996-05-28,RNGC2,2.426
1996-05-28,RNGC3,2.385
1996-05-28,RNGC4,2.355
1996-05-29,RNGC1,2.442
1996-05-29,RNGC2,2.469
1996-05-29,RNGC3,2.431
1996-05-29,RNGC4,2.401
1996-05-30,RNGC1,2.396
1996-05-30,RNGC2,2.44
1996-05-30,RNGC3,2.405
1996-05-30,RNGC4,2.385
1996-05-31,RNGC1,2.406
1996-05-31,RNGC2,2.442
1996-05-31,RNGC3,2.411
1996-05-31,RNGC4,2.388
1996-06-03,RNGC1,2.406
1996-06-03,RNGC2,2.445
1996-06-03,RNGC3,2.409
1996-06-03,RNGC4,2.386
1996-06-04,RNGC1,2.364
1996-06-04,RNGC2,2.415
1996-06-04,RNGC3,2.393
1996-06-04,RNGC4,2.373
1996-06-05,RNGC1,2.379
1996-06-05,RNGC2,2.432
1996-06-05,RNGC3,2.405
1996-06-05,RNGC4,2.38
1996-06-06,RNGC1,2.362
1996-06-06,RNGC2,2.424
1996-06-06,RNGC3,2.402
1996-06-06,RNGC4,2.377
1996-06-07,RNGC1,2.395
1996-06-07,RNGC2,2.473
1996-06-07,RNGC3,2.455
1996-06-07,RNGC4,2.425
1996-06-10,RNGC1,2.39
1996-06-10,RNGC2,2.47
1996-06-10,RNGC3,2.463
1996-06-10,RNGC4,2.438
1996-06-11,RNGC1,2.427
1996-06-11,RNGC2,2.488
1996-06-11,RNGC3,2.49
1996-06-11,RNGC4,2.475
1996-06-12,RNGC1,2.434
1996-06-12,RNGC2,2.483
1996-06-12,RNGC3,2.477
1996-06-12,RNGC4,2.47
1996-06-13,RNGC1,2.494
1996-06-13,RNGC2,2.559
1996-06-13,RNGC3,2.545
1996-06-13,RNGC4,2.53
1996-06-14,RNGC1,2.509
1996-06-14,RNGC2,2.567
1996-06-14,RNGC3,2.554
1996-06-14,RNGC4,2.535
1996-06-17,RNGC1,2.536
1996-06-17,RNGC2,2.603
1996-06-17,RNGC3,2.599
1996-06-17,RNGC4,2.575
1996-06-18,RNGC1,2.61
1996-06-18,RNGC2,2.658
1996-06-18,RNGC3,2.641
1996-06-18,RNGC4,2.617
1996-06-19,RNGC1,2.631
1996-06-19,RNGC2,2.663
1996-06-19,RNGC3,2.662
1996-06-19,RNGC4,2.639
1996-06-20,RNGC1,2.617
1996-06-20,RNGC2,2.682
1996-06-20,RNGC3,2.696
1996-06-20,RNGC4,2.675
1996-06-21,RNGC1,2.64
1996-06-21,RNGC2,2.703
1996-06-21,RNGC3,2.721
1996-06-21,RNGC4,2.719
1996-06-24,RNGC1,2.646
1996-06-24,RNGC2,2.667
1996-06-24,RNGC3,2.69
1996-06-24,RNGC4,2.693
1996-06-25,RNGC1,2.667
1996-06-25,RNGC2,2.669
1996-06-25,RNGC3,2.675
1996-06-25,RNGC4,2.693
1996-06-26,RNGC1,2.687
1996-06-26,RNGC2,2.672
1996-06-26,RNGC3,2.677
1996-06-26,RNGC4,2.695
1996-06-27,RNGC1,2.787
1996-06-27,RNGC2,2.756
1996-06-27,RNGC3,2.737
1996-06-27,RNGC4,2.75
1996-06-28,RNGC1,2.911
1996-06-28,RNGC2,2.813
1996-06-28,RNGC3,2.767
1996-06-28,RNGC4,2.777
1996-07-01,RNGC1,2.76
1996-07-01,RNGC2,2.716
1996-07-01,RNGC3,2.687
1996-07-01,RNGC4,2.7
1996-07-02,RNGC1,2.81
1996-07-02,RNGC2,2.747
1996-07-02,RNGC3,2.722
1996-07-02,RNGC4,2.738
1996-07-03,RNGC1,2.841
1996-07-03,RNGC2,2.794
1996-07-03,RNGC3,2.754
1996-07-03,RNGC4,2.759
1996-07-08,RNGC1,2.827
1996-07-08,RNGC2,2.837
1996-07-08,RNGC3,2.787
1996-07-08,RNGC4,2.785
1996-07-09,RNGC1,2.739
1996-07-09,RNGC2,2.781
1996-07-09,RNGC3,2.739
1996-07-09,RNGC4,2.742
1996-07-10,RNGC1,2.777
1996-07-10,RNGC2,2.803
1996-07-10,RNGC3,2.741
1996-07-10,RNGC4,2.735
1996-07-11,RNGC1,2.696
1996-07-11,RNGC2,2.724
1996-07-11,RNGC3,2.669
1996-07-11,RNGC4,2.662
1996-07-12,RNGC1,2.761
1996-07-12,RNGC2,2.773
1996-07-12,RNGC3,2.713
1996-07-12,RNGC4,2.698
1996-07-15,RNGC1,2.765
1996-07-15,RNGC2,2.774
1996-07-15,RNGC3,2.7
1996-07-15,RNGC4,2.682
1996-07-16,RNGC1,2.76
1996-07-16,RNGC2,2.745
1996-07-16,RNGC3,2.679
1996-07-16,RNGC4,2.655
1996-07-17,RNGC1,2.638
1996-07-17,RNGC2,2.637
1996-07-17,RNGC3,2.585
1996-07-17,RNGC4,2.575
1996-07-18,RNGC1,2.43
1996-07-18,RNGC2,2.422
1996-07-18,RNGC3,2.435
1996-07-18,RNGC4,2.425
1996-07-19,RNGC1,2.359
1996-07-19,RNGC2,2.33
1996-07-19,RNGC3,2.326
1996-07-19,RNGC4,2.345
1996-07-22,RNGC1,2.181
1996-07-22,RNGC2,2.143
1996-07-22,RNGC3,2.145
1996-07-22,RNGC4,2.195
1996-07-23,RNGC1,2.39
1996-07-23,RNGC2,2.34
1996-07-23,RNGC3,2.295
1996-07-23,RNGC4,2.34
1996-07-24,RNGC1,2.359
1996-07-24,RNGC2,2.269
1996-07-24,RNGC3,2.239
1996-07-24,RNGC4,2.29
1996-07-25,RNGC1,2.322
1996-07-25,RNGC2,2.249
1996-07-25,RNGC3,2.209
1996-07-25,RNGC4,2.25
1996-07-26,RNGC1,2.192
1996-07-26,RNGC2,2.169
1996-07-26,RNGC3,2.21
1996-07-26,RNGC4,2.27
1996-07-29,RNGC1,2.046
1996-07-29,RNGC2,2.055
1996-07-29,RNGC3,2.12
1996-07-29,RNGC4,2.19
1996-07-30,RNGC1,2.144
1996-07-30,RNGC2,2.153
1996-07-30,RNGC3,2.195
1996-07-30,RNGC4,2.245
1996-07-31,RNGC1,2.163
1996-07-31,RNGC2,2.166
1996-07-31,RNGC3,2.245
1996-07-31,RNGC4,2.293
1996-08-01,RNGC1,2.276
1996-08-01,RNGC2,2.295
1996-08-01,RNGC3,2.369
1996-08-01,RNGC4,2.413
1996-08-02,RNGC1,2.315
1996-08-02,RNGC2,2.319
1996-08-02,RNGC3,2.387
1996-08-02,RNGC4,2.45
1996-08-05,RNGC1,2.215
1996-08-05,RNGC2,2.206
1996-08-05,RNGC3,2.298
1996-08-05,RNGC4,2.375
1996-08-06,RNGC1,2.124
1996-08-06,RNGC2,2.127
1996-08-06,RNGC3,2.215
1996-08-06,RNGC4,2.302
1996-08-07,RNGC1,2.091
1996-08-07,RNGC2,2.122
1996-08-07,RNGC3,2.198
1996-08-07,RNGC4,2.278
1996-08-08,RNGC1,2.068
1996-08-08,RNGC2,2.125
1996-08-08,RNGC3,2.2
1996-08-08,RNGC4,2.276
1996-08-09,RNGC1,2.103
1996-08-09,RNGC2,2.181
1996-08-09,RNGC3,2.247
1996-08-09,RNGC4,2.307
1996-08-12,RNGC1,2.074
1996-08-12,RNGC2,2.163
1996-08-12,RNGC3,2.235
1996-08-12,RNGC4,2.287
1996-08-13,RNGC1,2.056
1996-08-13,RNGC2,2.125
1996-08-13,RNGC3,2.22
1996-08-13,RNGC4,2.28
1996-08-14,RNGC1,2.086
1996-08-14,RNGC2,2.147
1996-08-14,RNGC3,2.237
1996-08-14,RNGC4,2.293
1996-08-15,RNGC1,2.04
1996-08-15,RNGC2,2.106
1996-08-15,RNGC3,2.205
1996-08-15,RNGC4,2.28
1996-08-16,RNGC1,2.14
1996-08-16,RNGC2,2.185
1996-08-16,RNGC3,2.279
1996-08-16,RNGC4,2.343
1996-08-19,RNGC1,2.187
1996-08-19,RNGC2,2.254
1996-08-19,RNGC3,2.337
1996-08-19,RNGC4,2.406
1996-08-20,RNGC1,2.053
1996-08-20,RNGC2,2.124
1996-08-20,RNGC3,2.232
1996-08-20,RNGC4,2.312
1996-08-21,RNGC1,2.03
1996-08-21,RNGC2,2.093
1996-08-21,RNGC3,2.21
1996-08-21,RNGC4,2.291
1996-08-22,RNGC1,1.921
1996-08-22,RNGC2,1.999
1996-08-22,RNGC3,2.124
1996-08-22,RNGC4,2.232
1996-08-23,RNGC1,1.95
1996-08-23,RNGC2,2.023
1996-08-23,RNGC3,2.152
1996-08-23,RNGC4,2.271
1996-08-26,RNGC1,1.853
1996-08-26,RNGC2,1.937
1996-08-26,RNGC3,2.089
1996-08-26,RNGC4,2.217
1996-08-27,RNGC1,1.882
1996-08-27,RNGC2,2.039
1996-08-27,RNGC3,2.177
1996-08-27,RNGC4,2.209
1996-08-28,RNGC1,1.865
1996-08-28,RNGC2,2.014
1996-08-28,RNGC3,2.15
1996-08-28,RNGC4,2.192
1996-08-29,RNGC1,1.907
1996-08-29,RNGC2,2.046
1996-08-29,RNGC3,2.18
1996-08-29,RNGC4,2.23
1996-08-30,RNGC1,1.859
1996-08-30,RNGC2,2.015
1996-08-30,RNGC3,2.159
1996-08-30,RNGC4,2.22
1996-09-03,RNGC1,1.821
1996-09-03,RNGC2,1.979
1996-09-03,RNGC3,2.132
1996-09-03,RNGC4,2.2
1996-09-04,RNGC1,1.764
1996-09-04,RNGC2,1.937
1996-09-04,RNGC3,2.093
1996-09-04,RNGC4,2.16
1996-09-05,RNGC1,1.809
1996-09-05,RNGC2,1.989
1996-09-05,RNGC3,2.13
1996-09-05,RNGC4,2.195
1996-09-06,RNGC1,1.863
1996-09-06,RNGC2,2.057
1996-09-06,RNGC3,2.182
1996-09-06,RNGC4,2.24
1996-09-09,RNGC1,1.898
1996-09-09,RNGC2,2.123
1996-09-09,RNGC3,2.262
1996-09-09,RNGC4,2.305
1996-09-10,RNGC1,1.791
1996-09-10,RNGC2,2.04
1996-09-10,RNGC3,2.196
1996-09-10,RNGC4,2.256
1996-09-11,RNGC1,1.806
1996-09-11,RNGC2,2.03
1996-09-11,RNGC3,2.21
1996-09-11,RNGC4,2.26
1996-09-12,RNGC1,1.813
1996-09-12,RNGC2,2.018
1996-09-12,RNGC3,2.19
1996-09-12,RNGC4,2.245
1996-09-13,RNGC1,1.864
1996-09-13,RNGC2,2.072
1996-09-13,RNGC3,2.234
1996-09-13,RNGC4,2.284
1996-09-16,RNGC1,1.973
1996-09-16,RNGC2,2.167
1996-09-16,RNGC3,2.306
1996-09-16,RNGC4,2.335
1996-09-17,RNGC1,1.934
1996-09-17,RNGC2,2.151
1996-09-17,RNGC3,2.32
1996-09-17,RNGC4,2.35
1996-09-18,RNGC1,1.968
1996-09-18,RNGC2,2.204
1996-09-18,RNGC3,2.387
1996-09-18,RNGC4,2.415
1996-09-19,RNGC1,2.063
1996-09-19,RNGC2,2.257
1996-09-19,RNGC3,2.437
1996-09-19,RNGC4,2.457
1996-09-20,RNGC1,1.965
1996-09-20,RNGC2,2.177
1996-09-20,RNGC3,2.374
1996-09-20,RNGC4,2.41
1996-09-23,RNGC1,1.873
1996-09-23,RNGC2,2.072
1996-09-23,RNGC3,2.266
1996-09-23,RNGC4,2.316
1996-09-24,RNGC1,1.828
1996-09-24,RNGC2,2.055
1996-09-24,RNGC3,2.262
1996-09-24,RNGC4,2.312
1996-09-25,RNGC1,2.096
1996-09-25,RNGC2,2.298
1996-09-25,RNGC3,2.341
1996-09-25,RNGC4,2.276
1996-09-26,RNGC1,2.137
1996-09-26,RNGC2,2.33
1996-09-26,RNGC3,2.356
1996-09-26,RNGC4,2.285
1996-09-27,RNGC1,2.181
1996-09-27,RNGC2,2.355
1996-09-27,RNGC3,2.377
1996-09-27,RNGC4,2.31
1996-09-30,RNGC1,2.214
1996-09-30,RNGC2,2.384
1996-09-30,RNGC3,2.396
1996-09-30,RNGC4,2.326
1996-10-01,RNGC1,2.185
1996-10-01,RNGC2,2.36
1996-10-01,RNGC3,2.385
1996-10-01,RNGC4,2.32
1996-10-02,RNGC1,2.18
1996-10-02,RNGC2,2.364
1996-10-02,RNGC3,2.384
1996-10-02,RNGC4,2.314
1996-10-03,RNGC1,2.346
1996-10-03,RNGC2,2.531
1996-10-03,RNGC3,2.534
1996-10-03,RNGC4,2.424
1996-10-04,RNGC1,2.396
1996-10-04,RNGC2,2.556
1996-10-04,RNGC3,2.555
1996-10-04,RNGC4,2.445
1996-10-07,RNGC1,2.369
1996-10-07,RNGC2,2.556
1996-10-07,RNGC3,2.568
1996-10-07,RNGC4,2.448
1996-10-08,RNGC1,2.438
1996-10-08,RNGC2,2.605
1996-10-08,RNGC3,2.627
1996-10-08,RNGC4,2.492
1996-10-09,RNGC1,2.47
1996-10-09,RNGC2,2.604
1996-10-09,RNGC3,2.615
1996-10-09,RNGC4,2.465
1996-10-10,RNGC1,2.371
1996-10-10,RNGC2,2.52
1996-10-10,RNGC3,2.519
1996-10-10,RNGC4,2.385
1996-10-11,RNGC1,2.347
1996-10-11,RNGC2,2.532
1996-10-11,RNGC3,2.548
1996-10-11,RNGC4,2.418
1996-10-14,RNGC1,2.3
1996-10-14,RNGC2,2.48
1996-10-14,RNGC3,2.523
1996-10-14,RNGC4,2.403
1996-10-15,RNGC1,2.464
1996-10-15,RNGC2,2.634
1996-10-15,RNGC3,2.643
1996-10-15,RNGC4,2.495
1996-10-16,RNGC1,2.437
1996-10-16,RNGC2,2.62
1996-10-16,RNGC3,2.64
1996-10-16,RNGC4,2.505
1996-10-17,RNGC1,2.428
1996-10-17,RNGC2,2.595
1996-10-17,RNGC3,2.62
1996-10-17,RNGC4,2.487
1996-10-18,RNGC1,2.4
1996-10-18,RNGC2,2.576
1996-10-18,RNGC3,2.602
1996-10-18,RNGC4,2.482
1996-10-21,RNGC1,2.482
1996-10-21,RNGC2,2.608
1996-10-21,RNGC3,2.635
1996-10-21,RNGC4,2.515
1996-10-22,RNGC1,2.625
1996-10-22,RNGC2,2.733
1996-10-22,RNGC3,2.734
1996-10-22,RNGC4,2.595
1996-10-23,RNGC1,2.575
1996-10-23,RNGC2,2.676
1996-10-23,RNGC3,2.69
1996-10-23,RNGC4,2.553
1996-10-24,RNGC1,2.485
1996-10-24,RNGC2,2.556
1996-10-24,RNGC3,2.569
1996-10-24,RNGC4,2.44
1996-10-25,RNGC1,2.652
1996-10-25,RNGC2,2.704
1996-10-25,RNGC3,2.677
1996-10-25,RNGC4,2.5
1996-10-28,RNGC1,2.731
1996-10-28,RNGC2,2.709
1996-10-28,RNGC3,2.515
1996-10-28,RNGC4,2.335
1996-10-29,RNGC1,2.795
1996-10-29,RNGC2,2.778
1996-10-29,RNGC3,2.551
1996-10-29,RNGC4,2.36
1996-10-30,RNGC1,2.864
1996-10-30,RNGC2,2.828
1996-10-30,RNGC3,2.573
1996-10-30,RNGC4,2.37
1996-10-31,RNGC1,2.728
1996-10-31,RNGC2,2.698
1996-10-31,RNGC3,2.457
1996-10-31,RNGC4,2.279
1996-11-01,RNGC1,2.662
1996-11-01,RNGC2,2.644
1996-11-01,RNGC3,2.387
1996-11-01,RNGC4,2.227
1996-11-04,RNGC1,2.573
1996-11-04,RNGC2,2.557
1996-11-04,RNGC3,2.316
1996-11-04,RNGC4,2.152
1996-11-05,RNGC1,2.674
1996-11-05,RNGC2,2.65
1996-11-05,RNGC3,2.391
1996-11-05,RNGC4,2.206
1996-11-06,RNGC1,2.684
1996-11-06,RNGC2,2.678
1996-11-06,RNGC3,2.405
1996-11-06,RNGC4,2.205
1996-11-07,RNGC1,2.643
1996-11-07,RNGC2,2.649
1996-11-07,RNGC3,2.393
1996-11-07,RNGC4,2.198
1996-11-08,RNGC1,2.669
1996-11-08,RNGC2,2.675
1996-11-08,RNGC3,2.418
1996-11-08,RNGC4,2.213
1996-11-11,RNGC1,2.733
1996-11-11,RNGC2,2.739
1996-11-11,RNGC3,2.496
1996-11-11,RNGC4,2.28
1996-11-12,RNGC1,2.646
1996-11-12,RNGC2,2.643
1996-11-12,RNGC3,2.452
1996-11-12,RNGC4,2.257
1996-11-13,RNGC1,2.645
1996-11-13,RNGC2,2.65
1996-11-13,RNGC3,2.458
1996-11-13,RNGC4,2.263
1996-11-14,RNGC1,2.787
1996-11-14,RNGC2,2.788
1996-11-14,RNGC3,2.556
1996-11-14,RNGC4,2.331
1996-11-15,RNGC1,2.908
1996-11-15,RNGC2,2.883
1996-11-15,RNGC3,2.657
1996-11-15,RNGC4,2.395
1996-11-18,RNGC1,2.978
1996-11-18,RNGC2,2.908
1996-11-18,RNGC3,2.662
1996-11-18,RNGC4,2.412
1996-11-19,RNGC1,3.306
1996-11-19,RNGC2,3.17
1996-11-19,RNGC3,2.809
1996-11-19,RNGC4,2.49
1996-11-20,RNGC1,3.627
1996-11-20,RNGC2,3.264
1996-11-20,RNGC3,2.855
1996-11-20,RNGC4,2.525
1996-11-21,RNGC1,3.901
1996-11-21,RNGC2,3.304
1996-11-21,RNGC3,2.887
1996-11-21,RNGC4,2.537
1996-11-22,RNGC1,3.437
1996-11-22,RNGC2,2.97
1996-11-22,RNGC3,2.625
1996-11-22,RNGC4,2.285
1996-11-25,RNGC1,3.494
1996-11-25,RNGC2,3.046
1996-11-25,RNGC3,2.666
1996-11-25,RNGC4,2.325
1996-11-26,RNGC1,3.581
1996-11-26,RNGC2,3.117
1996-11-26,RNGC3,2.73
1996-11-26,RNGC4,2.38
1996-11-27,RNGC1,3.497
1996-11-27,RNGC2,3.056
1996-11-27,RNGC3,2.704
1996-11-27,RNGC4,2.36
1996-12-02,RNGC1,3.246
1996-12-02,RNGC2,2.886
1996-12-02,RNGC3,2.588
1996-12-02,RNGC4,2.303
1996-12-03,RNGC1,3.364
1996-12-03,RNGC2,3.017
1996-12-03,RNGC3,2.644
1996-12-03,RNGC4,2.314
1996-12-04,RNGC1,3.505
1996-12-04,RNGC2,3.156
1996-12-04,RNGC3,2.7
1996-12-04,RNGC4,2.335
1996-12-05,RNGC1,3.784
1996-12-05,RNGC2,3.406
1996-12-05,RNGC3,2.85
1996-12-05,RNGC4,2.485
1996-12-06,RNGC1,3.487
1996-12-06,RNGC2,3.186
1996-12-06,RNGC3,2.78
1996-12-06,RNGC4,2.4
1996-12-09,RNGC1,3.222
1996-12-09,RNGC2,3.012
1996-12-09,RNGC3,2.697
1996-12-09,RNGC4,2.343
1996-12-10,RNGC1,3.396
1996-12-10,RNGC2,3.13
1996-12-10,RNGC3,2.765
1996-12-10,RNGC4,2.41
1996-12-11,RNGC1,3.493
1996-12-11,RNGC2,3.239
1996-12-11,RNGC3,2.88
1996-12-11,RNGC4,2.475
1996-12-12,RNGC1,3.529
1996-12-12,RNGC2,3.212
1996-12-12,RNGC3,2.884
1996-12-12,RNGC4,2.498
1996-12-13,RNGC1,3.851
1996-12-13,RNGC2,3.415
1996-12-13,RNGC3,2.984
1996-12-13,RNGC4,2.555
1996-12-16,RNGC1,4.467
1996-12-16,RNGC2,3.884
1996-12-16,RNGC3,3.134
1996-12-16,RNGC4,2.705
1996-12-17,RNGC1,4.17
1996-12-17,RNGC2,3.613
1996-12-17,RNGC3,3.084
1996-12-17,RNGC4,2.505
1996-12-18,RNGC1,4.075
1996-12-18,RNGC2,3.586
1996-12-18,RNGC3,3.062
1996-12-18,RNGC4,2.5
1996-12-19,RNGC1,4.409
1996-12-19,RNGC2,3.83
1996-12-19,RNGC3,3.208
1996-12-19,RNGC4,2.59
1996-12-20,RNGC1,4.573
1996-12-20,RNGC2,3.92
1996-12-20,RNGC3,3.261
1996-12-20,RNGC4,2.597
1996-12-23,RNGC1,4.192
1996-12-23,RNGC2,3.697
1996-12-23,RNGC3,3.18
1996-12-23,RNGC4,2.58
1996-12-24,RNGC1,3.998
1996-12-24,RNGC2,3.705
1996-12-24,RNGC3,3.248
1996-12-24,RNGC4,2.635
1996-12-26,RNGC1,3.384
1996-12-26,RNGC2,3.0
1996-12-26,RNGC3,2.49
1996-12-26,RNGC4,2.292
1996-12-27,RNGC1,2.984
1996-12-27,RNGC2,2.68
1996-12-27,RNGC3,2.34
1996-12-27,RNGC4,2.142
1996-12-30,RNGC1,2.677
1996-12-30,RNGC2,2.411
1996-12-30,RNGC3,2.166
1996-12-30,RNGC4,2.05
1996-12-31,RNGC1,2.757
1996-12-31,RNGC2,2.481
1996-12-31,RNGC3,2.216
1996-12-31,RNGC4,2.086
1997-01-02,RNGC1,2.89
1997-01-02,RNGC2,2.623
1997-01-02,RNGC3,2.35
1997-01-02,RNGC4,2.235
1997-01-03,RNGC1,3.106
1997-01-03,RNGC2,2.794
1997-01-03,RNGC3,2.461
1997-01-03,RNGC4,2.29
1997-01-06,RNGC1,3.636
1997-01-06,RNGC2,3.205
1997-01-06,RNGC3,2.611
1997-01-06,RNGC4,2.41
1997-01-07,RNGC1,3.334
1997-01-07,RNGC2,3.026
1997-01-07,RNGC3,2.566
1997-01-07,RNGC4,2.316
1997-01-08,RNGC1,3.513
1997-01-08,RNGC2,3.176
1997-01-08,RNGC3,2.663
1997-01-08,RNGC4,2.345
1997-01-09,RNGC1,3.481
1997-01-09,RNGC2,3.086
1997-01-09,RNGC3,2.608
1997-01-09,RNGC4,2.316
1997-01-10,RNGC1,3.316
1997-01-10,RNGC2,2.849
1997-01-10,RNGC3,2.458
1997-01-10,RNGC4,2.25
1997-01-13,RNGC1,3.254
1997-01-13,RNGC2,2.86
1997-01-13,RNGC3,2.453
1997-01-13,RNGC4,2.253
1997-01-14,RNGC1,3.393
1997-01-14,RNGC2,2.996
1997-01-14,RNGC3,2.572
1997-01-14,RNGC4,2.34
1997-01-15,RNGC1,3.611
1997-01-15,RNGC2,3.145
1997-01-15,RNGC3,2.67
1997-01-15,RNGC4,2.43
1997-01-16,RNGC1,3.341
1997-01-16,RNGC2,2.909
1997-01-16,RNGC3,2.52
1997-01-16,RNGC4,2.3
1997-01-17,RNGC1,3.257
1997-01-17,RNGC2,2.859
1997-01-17,RNGC3,2.461
1997-01-17,RNGC4,2.264
1997-01-20,RNGC1,3.07
1997-01-20,RNGC2,2.774
1997-01-20,RNGC3,2.45
1997-01-20,RNGC4,2.27
1997-01-21,RNGC1,2.916
1997-01-21,RNGC2,2.632
1997-01-21,RNGC3,2.335
1997-01-21,RNGC4,2.19
1997-01-22,RNGC1,2.908
1997-01-22,RNGC2,2.636
1997-01-22,RNGC3,2.32
1997-01-22,RNGC4,2.157
1997-01-23,RNGC1,2.794
1997-01-23,RNGC2,2.533
1997-01-23,RNGC3,2.257
1997-01-23,RNGC4,2.1
1997-01-24,RNGC1,2.824
1997-01-24,RNGC2,2.557
1997-01-24,RNGC3,2.277
1997-01-24,RNGC4,2.125
1997-01-27,RNGC1,2.986
1997-01-27,RNGC2,2.615
1997-01-27,RNGC3,2.307
1997-01-27,RNGC4,2.15
1997-01-28,RNGC1,2.546
1997-01-28,RNGC2,2.257
1997-01-28,RNGC3,2.122
1997-01-28,RNGC4,2.1
1997-01-29,RNGC1,2.438
1997-01-29,RNGC2,2.156
1997-01-29,RNGC3,2.055
1997-01-29,RNGC4,2.05
1997-01-30,RNGC1,2.486
1997-01-30,RNGC2,2.215
1997-01-30,RNGC3,2.095
1997-01-30,RNGC4,2.075
1997-01-31,RNGC1,2.385
1997-01-31,RNGC2,2.139
1997-01-31,RNGC3,2.04
1997-01-31,RNGC4,2.04
1997-02-03,RNGC1,2.313
1997-02-03,RNGC2,2.107
1997-02-03,RNGC3,2.032
1997-02-03,RNGC4,2.032
1997-02-04,RNGC1,2.497
1997-02-04,RNGC2,2.269
1997-02-04,RNGC3,2.148
1997-02-04,RNGC4,2.125
1997-02-05,RNGC1,2.43
1997-02-05,RNGC2,2.224
1997-02-05,RNGC3,2.125
1997-02-05,RNGC4,2.11
1997-02-06,RNGC1,2.361
1997-02-06,RNGC2,2.178
1997-02-06,RNGC3,2.095
1997-02-06,RNGC4,2.092
1997-02-07,RNGC1,2.182
1997-02-07,RNGC2,2.092
1997-02-07,RNGC3,2.05
1997-02-07,RNGC4,2.05
1997-02-10,RNGC1,2.167
1997-02-10,RNGC2,2.107
1997-02-10,RNGC3,2.057
1997-02-10,RNGC4,2.05
1997-02-11,RNGC1,2.224
1997-02-11,RNGC2,2.147
1997-02-11,RNGC3,2.097
1997-02-11,RNGC4,2.075
1997-02-12,RNGC1,2.09
1997-02-12,RNGC2,2.052
1997-02-12,RNGC3,2.016
1997-02-12,RNGC4,2.016
1997-02-13,RNGC1,1.999
1997-02-13,RNGC2,1.991
1997-02-13,RNGC3,1.969
1997-02-13,RNGC4,1.972
1997-02-14,RNGC1,1.966
1997-02-14,RNGC2,1.95
1997-02-14,RNGC3,1.95
1997-02-14,RNGC4,1.96
1997-02-18,RNGC1,1.964
1997-02-18,RNGC2,1.979
1997-02-18,RNGC3,1.97
1997-02-18,RNGC4,1.97
1997-02-19,RNGC1,2.016
1997-02-19,RNGC2,2.004
1997-02-19,RNGC3,2.004
1997-02-19,RNGC4,2.004
1997-02-20,RNGC1,1.922
1997-02-20,RNGC2,1.911
1997-02-20,RNGC3,1.93
1997-02-20,RNGC4,1.95
1997-02-21,RNGC1,1.936
1997-02-21,RNGC2,1.919
1997-02-21,RNGC3,1.94
1997-02-21,RNGC4,1.958
1997-02-24,RNGC1,1.78
1997-02-24,RNGC2,1.815
1997-02-24,RNGC3,1.865
1997-02-24,RNGC4,1.91
1997-02-25,RNGC1,1.865
1997-02-25,RNGC2,1.898
1997-02-25,RNGC3,1.93
1997-02-25,RNGC4,1.95
1997-02-26,RNGC1,1.874
1997-02-26,RNGC2,1.908
1997-02-26,RNGC3,1.934
1997-02-26,RNGC4,1.946
1997-02-27,RNGC1,1.838
1997-02-27,RNGC2,1.879
1997-02-27,RNGC3,1.899
1997-02-27,RNGC4,1.91
1997-02-28,RNGC1,1.821
1997-02-28,RNGC2,1.875
1997-02-28,RNGC3,1.896
1997-02-28,RNGC4,1.905
1997-03-03,RNGC1,1.803
1997-03-03,RNGC2,1.863
1997-03-03,RNGC3,1.888
1997-03-03,RNGC4,1.9
1997-03-04,RNGC1,1.943
1997-03-04,RNGC2,1.979
1997-03-04,RNGC3,1.982
1997-03-04,RNGC4,1.985
1997-03-05,RNGC1,1.839
1997-03-05,RNGC2,1.902
1997-03-05,RNGC3,1.921
1997-03-05,RNGC4,1.933
1997-03-06,RNGC1,1.886
1997-03-06,RNGC2,1.953
1997-03-06,RNGC3,1.966
1997-03-06,RNGC4,1.969
1997-03-07,RNGC1,1.947
1997-03-07,RNGC2,2.023
1997-03-07,RNGC3,2.028
1997-03-07,RNGC4,2.033
1997-03-10,RNGC1,1.937
1997-03-10,RNGC2,2.025
1997-03-10,RNGC3,2.04
1997-03-10,RNGC4,2.045
1997-03-11,RNGC1,1.919
1997-03-11,RNGC2,2.003
1997-03-11,RNGC3,2.025
1997-03-11,RNGC4,2.035
1997-03-12,RNGC1,1.955
1997-03-12,RNGC2,2.028
1997-03-12,RNGC3,2.045
1997-03-12,RNGC4,2.052
1997-03-13,RNGC1,1.942
1997-03-13,RNGC2,2.017
1997-03-13,RNGC3,2.037
1997-03-13,RNGC4,2.041
1997-03-14,RNGC1,1.96
1997-03-14,RNGC2,2.021
1997-03-14,RNGC3,2.046
1997-03-14,RNGC4,2.048
1997-03-17,RNGC1,1.909
1997-03-17,RNGC2,1.948
1997-03-17,RNGC3,1.98
1997-03-17,RNGC4,1.985
1997-03-18,RNGC1,1.897
1997-03-18,RNGC2,1.935
1997-03-18,RNGC3,1.964
1997-03-18,RNGC4,1.977
1997-03-19,RNGC1,1.896
1997-03-19,RNGC2,1.946
1997-03-19,RNGC3,1.976
1997-03-19,RNGC4,1.987
1997-03-20,RNGC1,1.892
1997-03-20,RNGC2,1.947
1997-03-20,RNGC3,1.982
1997-03-20,RNGC4,1.992
1997-03-21,RNGC1,1.84
1997-03-21,RNGC2,1.876
1997-03-21,RNGC3,1.935
1997-03-21,RNGC4,1.955
1997-03-24,RNGC1,1.805
1997-03-24,RNGC2,1.841
1997-03-24,RNGC3,1.9
1997-03-24,RNGC4,1.925
1997-03-25,RNGC1,1.884
1997-03-25,RNGC2,1.93
1997-03-25,RNGC3,1.95
1997-03-25,RNGC4,1.96
1997-03-26,RNGC1,1.883
1997-03-26,RNGC2,1.928
1997-03-26,RNGC3,1.95
1997-03-26,RNGC4,1.96
1997-03-27,RNGC1,1.928
1997-03-27,RNGC2,1.96
1997-03-27,RNGC3,1.97
1997-03-27,RNGC4,1.982
1997-03-31,RNGC1,1.926
1997-03-31,RNGC2,1.968
1997-03-31,RNGC3,1.98
1997-03-31,RNGC4,1.993
1997-04-01,RNGC1,1.882
1997-04-01,RNGC2,1.944
1997-04-01,RNGC3,1.96
1997-04-01,RNGC4,1.98
1997-04-02,RNGC1,1.867
1997-04-02,RNGC2,1.927
1997-04-02,RNGC3,1.952
1997-04-02,RNGC4,1.975
1997-04-03,RNGC1,1.905
1997-04-03,RNGC2,1.966
1997-04-03,RNGC3,1.979
1997-04-03,RNGC4,1.995
1997-04-04,RNGC1,1.942
1997-04-04,RNGC2,1.998
1997-04-04,RNGC3,2.01
1997-04-04,RNGC4,2.022
1997-04-07,RNGC1,1.946
1997-04-07,RNGC2,2.009
1997-04-07,RNGC3,2.021
1997-04-07,RNGC4,2.033
1997-04-08,RNGC1,1.916
1997-04-08,RNGC2,1.977
1997-04-08,RNGC3,1.997
1997-04-08,RNGC4,2.015
1997-04-09,RNGC1,1.901
1997-04-09,RNGC2,1.97
1997-04-09,RNGC3,1.995
1997-04-09,RNGC4,2.01
1997-04-10,RNGC1,1.9
1997-04-10,RNGC2,1.967
1997-04-10,RNGC3,1.998
1997-04-10,RNGC4,2.015
1997-04-11,RNGC1,1.933
1997-04-11,RNGC2,1.995
1997-04-11,RNGC3,2.025
1997-04-11,RNGC4,2.042
1997-04-14,RNGC1,1.953
1997-04-14,RNGC2,1.996
1997-04-14,RNGC3,2.03
1997-04-14,RNGC4,2.05
1997-04-15,RNGC1,1.937
1997-04-15,RNGC2,1.975
1997-04-15,RNGC3,2.018
1997-04-15,RNGC4,2.042
1997-04-16,RNGC1,2.005
1997-04-16,RNGC2,2.046
1997-04-16,RNGC3,2.075
1997-04-16,RNGC4,2.088
1997-04-17,RNGC1,2.069
1997-04-17,RNGC2,2.124
1997-04-17,RNGC3,2.144
1997-04-17,RNGC4,2.15
1997-04-18,RNGC1,2.081
1997-04-18,RNGC2,2.142
1997-04-18,RNGC3,2.155
1997-04-18,RNGC4,2.162
1997-04-21,RNGC1,2.064
1997-04-21,RNGC2,2.131
1997-04-21,RNGC3,2.148
1997-04-21,RNGC4,2.153
1997-04-22,RNGC1,2.114
1997-04-22,RNGC2,2.164
1997-04-22,RNGC3,2.18
1997-04-22,RNGC4,2.185
1997-04-23,RNGC1,2.06
1997-04-23,RNGC2,2.077
1997-04-23,RNGC3,2.1
1997-04-23,RNGC4,2.108
1997-04-24,RNGC1,2.122
1997-04-24,RNGC2,2.122
1997-04-24,RNGC3,2.137
1997-04-24,RNGC4,2.142
1997-04-25,RNGC1,2.126
1997-04-25,RNGC2,2.155
1997-04-25,RNGC3,2.16
1997-04-25,RNGC4,2.16
1997-04-28,RNGC1,2.081
1997-04-28,RNGC2,2.121
1997-04-28,RNGC3,2.135
1997-04-28,RNGC4,2.141
1997-04-29,RNGC1,2.142
1997-04-29,RNGC2,2.165
1997-04-29,RNGC3,2.177
1997-04-29,RNGC4,2.182
1997-04-30,RNGC1,2.184
1997-04-30,RNGC2,2.204
1997-04-30,RNGC3,2.21
1997-04-30,RNGC4,2.212
1997-05-01,RNGC1,2.243
1997-05-01,RNGC2,2.261
1997-05-01,RNGC3,2.261
1997-05-01,RNGC4,2.258
1997-05-02,RNGC1,2.267
1997-05-02,RNGC2,2.289
1997-05-02,RNGC3,2.282
1997-05-02,RNGC4,2.275
1997-05-05,RNGC1,2.22
1997-05-05,RNGC2,2.257
1997-05-05,RNGC3,2.249
1997-05-05,RNGC4,2.242
1997-05-06,RNGC1,2.309
1997-05-06,RNGC2,2.338
1997-05-06,RNGC3,2.325
1997-05-06,RNGC4,2.31
1997-05-07,RNGC1,2.353
1997-05-07,RNGC2,2.375
1997-05-07,RNGC3,2.357
1997-05-07,RNGC4,2.335
1997-05-08,RNGC1,2.273
1997-05-08,RNGC2,2.288
1997-05-08,RNGC3,2.283
1997-05-08,RNGC4,2.271
1997-05-09,RNGC1,2.242
1997-05-09,RNGC2,2.247
1997-05-09,RNGC3,2.243
1997-05-09,RNGC4,2.233
1997-05-12,RNGC1,2.224
1997-05-12,RNGC2,2.231
1997-05-12,RNGC3,2.23
1997-05-12,RNGC4,2.215
1997-05-13,RNGC1,2.189
1997-05-13,RNGC2,2.209
1997-05-13,RNGC3,2.206
1997-05-13,RNGC4,2.191
1997-05-14,RNGC1,2.276
1997-05-14,RNGC2,2.275
1997-05-14,RNGC3,2.265
1997-05-14,RNGC4,2.24
1997-05-15,RNGC1,2.195
1997-05-15,RNGC2,2.2
1997-05-15,RNGC3,2.2
1997-05-15,RNGC4,2.18
1997-05-16,RNGC1,2.249
1997-05-16,RNGC2,2.265
1997-05-16,RNGC3,2.255
1997-05-16,RNGC4,2.23
1997-05-19,RNGC1,2.215
1997-05-19,RNGC2,2.246
1997-05-19,RNGC3,2.238
1997-05-19,RNGC4,2.218
1997-05-20,RNGC1,2.191
1997-05-20,RNGC2,2.23
1997-05-20,RNGC3,2.228
1997-05-20,RNGC4,2.213
1997-05-21,RNGC1,2.206
1997-05-21,RNGC2,2.247
1997-05-21,RNGC3,2.254
1997-05-21,RNGC4,2.239
1997-05-22,RNGC1,2.196
1997-05-22,RNGC2,2.224
1997-05-22,RNGC3,2.235
1997-05-22,RNGC4,2.224
1997-05-23,RNGC1,2.285
1997-05-23,RNGC2,2.294
1997-05-23,RNGC3,2.296
1997-05-23,RNGC4,2.281
1997-05-27,RNGC1,2.363
1997-05-27,RNGC2,2.361
1997-05-27,RNGC3,2.356
1997-05-27,RNGC4,2.326
1997-05-28,RNGC1,2.346
1997-05-28,RNGC2,2.316
1997-05-28,RNGC3,2.311
1997-05-28,RNGC4,2.286
1997-05-29,RNGC1,2.25
1997-05-29,RNGC2,2.251
1997-05-29,RNGC3,2.23
1997-05-29,RNGC4,2.235
1997-05-30,RNGC1,2.239
1997-05-30,RNGC2,2.242
1997-05-30,RNGC3,2.227
1997-05-30,RNGC4,2.232
1997-06-02,RNGC1,2.11
1997-06-02,RNGC2,2.129
1997-06-02,RNGC3,2.131
1997-06-02,RNGC4,2.147
1997-06-03,RNGC1,2.103
1997-06-03,RNGC2,2.123
1997-06-03,RNGC3,2.123
1997-06-03,RNGC4,2.138
1997-06-04,RNGC1,2.157
1997-06-04,RNGC2,2.168
1997-06-04,RNGC3,2.16
1997-06-04,RNGC4,2.173
1997-06-05,RNGC1,2.177
1997-06-05,RNGC2,2.183
1997-06-05,RNGC3,2.17
1997-06-05,RNGC4,2.182
1997-06-06,RNGC1,2.188
1997-06-06,RNGC2,2.198
1997-06-06,RNGC3,2.183
1997-06-06,RNGC4,2.196
1997-06-09,RNGC1,2.14
1997-06-09,RNGC2,2.164
1997-06-09,RNGC3,2.154
1997-06-09,RNGC4,2.169
1997-06-10,RNGC1,2.122
1997-06-10,RNGC2,2.155
1997-06-10,RNGC3,2.145
1997-06-10,RNGC4,2.16
1997-06-11,RNGC1,2.071
1997-06-11,RNGC2,2.107
1997-06-11,RNGC3,2.105
1997-06-11,RNGC4,2.119
1997-06-12,RNGC1,2.08
1997-06-12,RNGC2,2.106
1997-06-12,RNGC3,2.108
1997-06-12,RNGC4,2.122
1997-06-13,RNGC1,2.149
1997-06-13,RNGC2,2.167
1997-06-13,RNGC3,2.163
1997-06-13,RNGC4,2.173
1997-06-16,RNGC1,2.147
1997-06-16,RNGC2,2.157
1997-06-16,RNGC3,2.155
1997-06-16,RNGC4,2.16
1997-06-17,RNGC1,2.159
1997-06-17,RNGC2,2.17
1997-06-17,RNGC3,2.165
1997-06-17,RNGC4,2.17
1997-06-18,RNGC1,2.171
1997-06-18,RNGC2,2.177
1997-06-18,RNGC3,2.171
1997-06-18,RNGC4,2.178
1997-06-19,RNGC1,2.221
1997-06-19,RNGC2,2.233
1997-06-19,RNGC3,2.225
1997-06-19,RNGC4,2.228
1997-06-20,RNGC1,2.235
1997-06-20,RNGC2,2.235
1997-06-20,RNGC3,2.232
1997-06-20,RNGC4,2.238
1997-06-23,RNGC1,2.246
1997-06-23,RNGC2,2.242
1997-06-23,RNGC3,2.237
1997-06-23,RNGC4,2.242
1997-06-24,RNGC1,2.286
1997-06-24,RNGC2,2.269
1997-06-24,RNGC3,2.256
1997-06-24,RNGC4,2.257
1997-06-25,RNGC1,2.213
1997-06-25,RNGC2,2.213
1997-06-25,RNGC3,2.22
1997-06-25,RNGC4,2.34
1997-06-26,RNGC1,2.145
1997-06-26,RNGC2,2.123
1997-06-26,RNGC3,2.12
1997-06-26,RNGC4,2.135
1997-06-27,RNGC1,2.139
1997-06-27,RNGC2,2.14
1997-06-27,RNGC3,2.15
1997-06-27,RNGC4,2.278
1997-06-30,RNGC1,2.139
1997-06-30,RNGC2,2.136
1997-06-30,RNGC3,2.156
1997-06-30,RNGC4,2.281
1997-07-01,RNGC1,2.11
1997-07-01,RNGC2,2.113
1997-07-01,RNGC3,2.127
1997-07-01,RNGC4,2.257
1997-07-02,RNGC1,2.067
1997-07-02,RNGC2,2.07
1997-07-02,RNGC3,2.089
1997-07-02,RNGC4,2.22
1997-07-03,RNGC1,2.103
1997-07-03,RNGC2,2.108
1997-07-03,RNGC3,2.123
1997-07-03,RNGC4,2.253
1997-07-07,RNGC1,2.068
1997-07-07,RNGC2,2.082
1997-07-07,RNGC3,2.1
1997-07-07,RNGC4,2.232
1997-07-08,RNGC1,2.116
1997-07-08,RNGC2,2.126
1997-07-08,RNGC3,2.137
1997-07-08,RNGC4,2.265
1997-07-09,RNGC1,2.098
1997-07-09,RNGC2,2.117
1997-07-09,RNGC3,2.131
1997-07-09,RNGC4,2.257
1997-07-10,RNGC1,2.115
1997-07-10,RNGC2,2.124
1997-07-10,RNGC3,2.134
1997-07-10,RNGC4,2.264
1997-07-11,RNGC1,2.094
1997-07-11,RNGC2,2.104
1997-07-11,RNGC3,2.12
1997-07-11,RNGC4,2.25
1997-07-14,RNGC1,2.151
1997-07-14,RNGC2,2.146
1997-07-14,RNGC3,2.154
1997-07-14,RNGC4,2.28
1997-07-15,RNGC1,2.162
1997-07-15,RNGC2,2.156
1997-07-15,RNGC3,2.16
1997-07-15,RNGC4,2.29
1997-07-16,RNGC1,2.174
1997-07-16,RNGC2,2.158
1997-07-16,RNGC3,2.16
1997-07-16,RNGC4,2.29
1997-07-17,RNGC1,2.175
1997-07-17,RNGC2,2.132
1997-07-17,RNGC3,2.141
1997-07-17,RNGC4,2.275
1997-07-18,RNGC1,2.168
1997-07-18,RNGC2,2.142
1997-07-18,RNGC3,2.148
1997-07-18,RNGC4,2.281
1997-07-21,RNGC1,2.085
1997-07-21,RNGC2,2.058
1997-07-21,RNGC3,2.075
1997-07-21,RNGC4,2.22
1997-07-22,RNGC1,2.117
1997-07-22,RNGC2,2.073
1997-07-22,RNGC3,2.09
1997-07-22,RNGC4,2.236
1997-07-23,RNGC1,2.148
1997-07-23,RNGC2,2.093
1997-07-23,RNGC3,2.108
1997-07-23,RNGC4,2.254
1997-07-24,RNGC1,2.175
1997-07-24,RNGC2,2.118
1997-07-24,RNGC3,2.133
1997-07-24,RNGC4,2.273
1997-07-25,RNGC1,2.146
1997-07-25,RNGC2,2.096
1997-07-25,RNGC3,2.107
1997-07-25,RNGC4,2.246
1997-07-28,RNGC1,2.183
1997-07-28,RNGC2,2.151
1997-07-28,RNGC3,2.15
1997-07-28,RNGC4,2.28
1997-07-29,RNGC1,2.161
1997-07-29,RNGC2,2.113
1997-07-29,RNGC3,2.116
1997-07-29,RNGC4,2.252
1997-07-30,RNGC1,2.161
1997-07-30,RNGC2,2.155
1997-07-30,RNGC3,2.283
1997-07-30,RNGC4,2.422
1997-07-31,RNGC1,2.177
1997-07-31,RNGC2,2.176
1997-07-31,RNGC3,2.303
1997-07-31,RNGC4,2.435
1997-08-01,RNGC1,2.161
1997-08-01,RNGC2,2.239
1997-08-01,RNGC3,2.245
1997-08-01,RNGC4,2.36
1997-08-04,RNGC1,2.374
1997-08-04,RNGC2,2.368
1997-08-04,RNGC3,2.463
1997-08-04,RNGC4,2.565
1997-08-05,RNGC1,2.374
1997-08-05,RNGC2,2.381
1997-08-05,RNGC3,2.476
1997-08-05,RNGC4,2.576
1997-08-06,RNGC1,2.351
1997-08-06,RNGC2,2.356
1997-08-06,RNGC3,2.454
1997-08-06,RNGC4,2.555
1997-08-07,RNGC1,2.444
1997-08-07,RNGC2,2.452
1997-08-07,RNGC3,2.532
1997-08-07,RNGC4,2.632
1997-08-08,RNGC1,2.503
1997-08-08,RNGC2,2.515
1997-08-08,RNGC3,2.595
1997-08-08,RNGC4,2.693
1997-08-11,RNGC1,2.586
1997-08-11,RNGC2,2.578
1997-08-11,RNGC3,2.65
1997-08-11,RNGC4,2.745
1997-08-12,RNGC1,2.475
1997-08-12,RNGC2,2.478
1997-08-12,RNGC3,2.573
1997-08-12,RNGC4,2.684
1997-08-13,RNGC1,2.472
1997-08-13,RNGC2,2.493
1997-08-13,RNGC3,2.588
1997-08-13,RNGC4,2.693
1997-08-14,RNGC1,2.428
1997-08-14,RNGC2,2.457
1997-08-14,RNGC3,2.56
1997-08-14,RNGC4,2.665
1997-08-15,RNGC1,2.432
1997-08-15,RNGC2,2.464
1997-08-15,RNGC3,2.594
1997-08-15,RNGC4,2.7
1997-08-18,RNGC1,2.426
1997-08-18,RNGC2,2.445
1997-08-18,RNGC3,2.58
1997-08-18,RNGC4,2.705
1997-08-19,RNGC1,2.528
1997-08-19,RNGC2,2.532
1997-08-19,RNGC3,2.662
1997-08-19,RNGC4,2.792
1997-08-20,RNGC1,2.449
1997-08-20,RNGC2,2.478
1997-08-20,RNGC3,2.604
1997-08-20,RNGC4,2.73
1997-08-21,RNGC1,2.367
1997-08-21,RNGC2,2.398
1997-08-21,RNGC3,2.532
1997-08-21,RNGC4,2.662
1997-08-22,RNGC1,2.453
1997-08-22,RNGC2,2.475
1997-08-22,RNGC3,2.61
1997-08-22,RNGC4,2.725
1997-08-25,RNGC1,2.489
1997-08-25,RNGC2,2.49
1997-08-25,RNGC3,2.623
1997-08-25,RNGC4,2.735
1997-08-26,RNGC1,2.514
1997-08-26,RNGC2,2.503
1997-08-26,RNGC3,2.64
1997-08-26,RNGC4,2.747
1997-08-27,RNGC1,2.515
1997-08-27,RNGC2,2.482
1997-08-27,RNGC3,2.625
1997-08-27,RNGC4,2.732
1997-08-28,RNGC1,2.656
1997-08-28,RNGC2,2.765
1997-08-28,RNGC3,2.86
1997-08-28,RNGC4,2.86
1997-08-29,RNGC1,2.714
1997-08-29,RNGC2,2.822
1997-08-29,RNGC3,2.92
1997-08-29,RNGC4,2.92
1997-09-02,RNGC1,2.793
1997-09-02,RNGC2,2.902
1997-09-02,RNGC3,2.992
1997-09-02,RNGC4,2.99
1997-09-03,RNGC1,2.807
1997-09-03,RNGC2,2.925
1997-09-03,RNGC3,3.015
1997-09-03,RNGC4,3.015
1997-09-04,RNGC1,2.677
1997-09-04,RNGC2,2.808
1997-09-04,RNGC3,2.911
1997-09-04,RNGC4,2.913
1997-09-05,RNGC1,2.697
1997-09-05,RNGC2,2.822
1997-09-05,RNGC3,2.914
1997-09-05,RNGC4,2.914
1997-09-08,RNGC1,2.688
1997-09-08,RNGC2,2.828
1997-09-08,RNGC3,2.913
1997-09-08,RNGC4,2.911
1997-09-09,RNGC1,2.699
1997-09-09,RNGC2,2.842
1997-09-09,RNGC3,2.928
1997-09-09,RNGC4,2.921
1997-09-10,RNGC1,2.702
1997-09-10,RNGC2,2.845
1997-09-10,RNGC3,2.928
1997-09-10,RNGC4,2.916
1997-09-11,RNGC1,2.766
1997-09-11,RNGC2,2.908
1997-09-11,RNGC3,2.997
1997-09-11,RNGC4,2.979
1997-09-12,RNGC1,2.795
1997-09-12,RNGC2,2.93
1997-09-12,RNGC3,3.017
1997-09-12,RNGC4,3.0
1997-09-15,RNGC1,2.786
1997-09-15,RNGC2,2.912
1997-09-15,RNGC3,3.008
1997-09-15,RNGC4,2.995
1997-09-16,RNGC1,2.722
1997-09-16,RNGC2,2.839
1997-09-16,RNGC3,2.944
1997-09-16,RNGC4,2.938
1997-09-17,RNGC1,2.683
1997-09-17,RNGC2,2.805
1997-09-17,RNGC3,2.913
1997-09-17,RNGC4,2.91
1997-09-18,RNGC1,2.887
1997-09-18,RNGC2,2.989
1997-09-18,RNGC3,3.063
1997-09-18,RNGC4,3.045
1997-09-19,RNGC1,2.837
1997-09-19,RNGC2,2.93
1997-09-19,RNGC3,3.02
1997-09-19,RNGC4,3.004
1997-09-22,RNGC1,2.993
1997-09-22,RNGC2,3.062
1997-09-22,RNGC3,3.143
1997-09-22,RNGC4,3.114
1997-09-23,RNGC1,3.048
1997-09-23,RNGC2,3.099
1997-09-23,RNGC3,3.189
1997-09-23,RNGC4,3.154
1997-09-24,RNGC1,3.019
1997-09-24,RNGC2,3.085
1997-09-24,RNGC3,3.176
1997-09-24,RNGC4,3.14
1997-09-25,RNGC1,3.298
1997-09-25,RNGC2,3.337
1997-09-25,RNGC3,3.326
1997-09-25,RNGC4,3.29
1997-09-26,RNGC1,3.346
1997-09-26,RNGC2,3.264
1997-09-26,RNGC3,3.304
1997-09-26,RNGC4,3.27
1997-09-29,RNGC1,3.015
1997-09-29,RNGC2,3.098
1997-09-29,RNGC3,3.084
1997-09-29,RNGC4,2.754
1997-09-30,RNGC1,3.082
1997-09-30,RNGC2,3.156
1997-09-30,RNGC3,3.12
1997-09-30,RNGC4,2.772
1997-10-01,RNGC1,3.124
1997-10-01,RNGC2,3.188
1997-10-01,RNGC3,3.146
1997-10-01,RNGC4,2.805
1997-10-02,RNGC1,3.113
1997-10-02,RNGC2,3.188
1997-10-02,RNGC3,3.145
1997-10-02,RNGC4,2.807
1997-10-03,RNGC1,3.125
1997-10-03,RNGC2,3.204
1997-10-03,RNGC3,3.153
1997-10-03,RNGC4,2.807
1997-10-06,RNGC1,2.979
1997-10-06,RNGC2,3.074
1997-10-06,RNGC3,3.033
1997-10-06,RNGC4,2.717
1997-10-07,RNGC1,2.877
1997-10-07,RNGC2,2.981
1997-10-07,RNGC3,2.955
1997-10-07,RNGC4,2.65
1997-10-08,RNGC1,2.915
1997-10-08,RNGC2,3.012
1997-10-08,RNGC3,2.99
1997-10-08,RNGC4,2.68
1997-10-09,RNGC1,2.926
1997-10-09,RNGC2,3.027
1997-10-09,RNGC3,3.003
1997-10-09,RNGC4,2.7
1997-10-10,RNGC1,3.082
1997-10-10,RNGC2,3.186
1997-10-10,RNGC3,3.141
1997-10-10,RNGC4,2.814
1997-10-13,RNGC1,3.033
1997-10-13,RNGC2,3.14
1997-10-13,RNGC3,3.114
1997-10-13,RNGC4,2.784
1997-10-14,RNGC1,3.006
1997-10-14,RNGC2,3.108
1997-10-14,RNGC3,3.084
1997-10-14,RNGC4,2.775
1997-10-15,RNGC1,3.039
1997-10-15,RNGC2,3.131
1997-10-15,RNGC3,3.114
1997-10-15,RNGC4,2.808
1997-10-16,RNGC1,3.247
1997-10-16,RNGC2,3.329
1997-10-16,RNGC3,3.264
1997-10-16,RNGC4,2.94
1997-10-17,RNGC1,3.288
1997-10-17,RNGC2,3.353
1997-10-17,RNGC3,3.314
1997-10-17,RNGC4,2.964
1997-10-20,RNGC1,3.39
1997-10-20,RNGC2,3.475
1997-10-20,RNGC3,3.435
1997-10-20,RNGC4,3.05
1997-10-21,RNGC1,3.404
1997-10-21,RNGC2,3.494
1997-10-21,RNGC3,3.468
1997-10-21,RNGC4,3.073
1997-10-22,RNGC1,3.537
1997-10-22,RNGC2,3.633
1997-10-22,RNGC3,3.558
1997-10-22,RNGC4,3.138
1997-10-23,RNGC1,3.429
1997-10-23,RNGC2,3.527
1997-10-23,RNGC3,3.449
1997-10-23,RNGC4,3.054
1997-10-24,RNGC1,3.548
1997-10-24,RNGC2,3.642
1997-10-24,RNGC3,3.539
1997-10-24,RNGC4,3.09
1997-10-27,RNGC1,3.785
1997-10-27,RNGC2,3.836
1997-10-27,RNGC3,3.689
1997-10-27,RNGC4,3.189
1997-10-28,RNGC1,3.467
1997-10-28,RNGC2,3.486
1997-10-28,RNGC3,3.389
1997-10-28,RNGC4,2.96
1997-10-29,RNGC1,3.266
1997-10-29,RNGC2,3.475
1997-10-29,RNGC3,3.387
1997-10-29,RNGC4,2.977
1997-10-30,RNGC1,3.478
1997-10-30,RNGC2,3.436
1997-10-30,RNGC3,3.021
1997-10-30,RNGC4,2.64
1997-10-31,RNGC1,3.552
1997-10-31,RNGC2,3.474
1997-10-31,RNGC3,3.052
1997-10-31,RNGC4,2.665
1997-11-03,RNGC1,3.371
1997-11-03,RNGC2,3.318
1997-11-03,RNGC3,2.93
1997-11-03,RNGC4,2.595
1997-11-04,RNGC1,3.423
1997-11-04,RNGC2,3.368
1997-11-04,RNGC3,2.98
1997-11-04,RNGC4,2.645
1997-11-05,RNGC1,3.468
1997-11-05,RNGC2,3.412
1997-11-05,RNGC3,3.022
1997-11-05,RNGC4,2.68
1997-11-06,RNGC1,3.392
1997-11-06,RNGC2,3.352
1997-11-06,RNGC3,2.992
1997-11-06,RNGC4,2.65
1997-11-07,RNGC1,3.256
1997-11-07,RNGC2,3.254
1997-11-07,RNGC3,2.96
1997-11-07,RNGC4,2.635
1997-11-10,RNGC1,3.433
1997-11-10,RNGC2,3.421
1997-11-10,RNGC3,3.053
1997-11-10,RNGC4,2.685
1997-11-11,RNGC1,3.495
1997-11-11,RNGC2,3.474
1997-11-11,RNGC3,3.08
1997-11-11,RNGC4,2.695
1997-11-12,RNGC1,3.477
1997-11-12,RNGC2,3.458
1997-11-12,RNGC3,3.07
1997-11-12,RNGC4,2.69
1997-11-13,RNGC1,3.251
1997-11-13,RNGC2,3.269
1997-11-13,RNGC3,2.96
1997-11-13,RNGC4,2.63
1997-11-14,RNGC1,3.029
1997-11-14,RNGC2,3.052
1997-11-14,RNGC3,2.812
1997-11-14,RNGC4,2.532
1997-11-17,RNGC1,2.97
1997-11-17,RNGC2,2.97
1997-11-17,RNGC3,2.751
1997-11-17,RNGC4,2.501
1997-11-18,RNGC1,2.949
1997-11-18,RNGC2,2.966
1997-11-18,RNGC3,2.752
1997-11-18,RNGC4,2.515
1997-11-19,RNGC1,2.861
1997-11-19,RNGC2,2.884
1997-11-19,RNGC3,2.683
1997-11-19,RNGC4,2.468
1997-11-20,RNGC1,2.708
1997-11-20,RNGC2,2.712
1997-11-20,RNGC3,2.55
1997-11-20,RNGC4,2.39
1997-11-21,RNGC1,2.762
1997-11-21,RNGC2,2.767
1997-11-21,RNGC3,2.597
1997-11-21,RNGC4,2.423
1997-11-24,RNGC1,2.577
1997-11-24,RNGC2,2.682
1997-11-24,RNGC3,2.55
1997-11-24,RNGC4,2.393
1997-11-25,RNGC1,2.66
1997-11-25,RNGC2,2.539
1997-11-25,RNGC3,2.387
1997-11-25,RNGC4,2.245
1997-11-26,RNGC1,2.578
1997-11-26,RNGC2,2.487
1997-11-26,RNGC3,2.337
1997-11-26,RNGC4,2.21
1997-12-01,RNGC1,2.768
1997-12-01,RNGC2,2.644
1997-12-01,RNGC3,2.449
1997-12-01,RNGC4,2.274
1997-12-02,RNGC1,2.718
1997-12-02,RNGC2,2.617
1997-12-02,RNGC3,2.44
1997-12-02,RNGC4,2.275
1997-12-03,RNGC1,2.609
1997-12-03,RNGC2,2.51
1997-12-03,RNGC3,2.37
1997-12-03,RNGC4,2.23
1997-12-04,RNGC1,2.456
1997-12-04,RNGC2,2.397
1997-12-04,RNGC3,2.295
1997-12-04,RNGC4,2.185
1997-12-05,RNGC1,2.453
1997-12-05,RNGC2,2.399
1997-12-05,RNGC3,2.302
1997-12-05,RNGC4,2.192
1997-12-08,RNGC1,2.422
1997-12-08,RNGC2,2.393
1997-12-08,RNGC3,2.31
1997-12-08,RNGC4,2.21
1997-12-09,RNGC1,2.526
1997-12-09,RNGC2,2.477
1997-12-09,RNGC3,2.372
1997-12-09,RNGC4,2.26
1997-12-10,RNGC1,2.354
1997-12-10,RNGC2,2.355
1997-12-10,RNGC3,2.302
1997-12-10,RNGC4,2.217
1997-12-11,RNGC1,2.343
1997-12-11,RNGC2,2.326
1997-12-11,RNGC3,2.27
1997-12-11,RNGC4,2.192
1997-12-12,RNGC1,2.357
1997-12-12,RNGC2,2.319
1997-12-12,RNGC3,2.267
1997-12-12,RNGC4,2.194
1997-12-15,RNGC1,2.307
1997-12-15,RNGC2,2.273
1997-12-15,RNGC3,2.233
1997-12-15,RNGC4,2.178
1997-12-16,RNGC1,2.409
1997-12-16,RNGC2,2.369
1997-12-16,RNGC3,2.299
1997-12-16,RNGC4,2.22
1997-12-17,RNGC1,2.438
1997-12-17,RNGC2,2.401
1997-12-17,RNGC3,2.333
1997-12-17,RNGC4,2.245
1997-12-18,RNGC1,2.412
1997-12-18,RNGC2,2.356
1997-12-18,RNGC3,2.298
1997-12-18,RNGC4,2.233
1997-12-19,RNGC1,2.471
1997-12-19,RNGC2,2.421
1997-12-19,RNGC3,2.344
1997-12-19,RNGC4,2.255
1997-12-22,RNGC1,2.367
1997-12-22,RNGC2,2.302
1997-12-22,RNGC3,2.253
1997-12-22,RNGC4,2.187
1997-12-23,RNGC1,2.216
1997-12-23,RNGC2,2.208
1997-12-23,RNGC3,2.176
1997-12-23,RNGC4,2.12
1997-12-24,RNGC1,2.246
1997-12-24,RNGC2,2.239
1997-12-24,RNGC3,2.206
1997-12-24,RNGC4,2.15
1997-12-26,RNGC1,2.252
1997-12-26,RNGC2,2.243
1997-12-26,RNGC3,2.219
1997-12-26,RNGC4,2.169
1997-12-29,RNGC1,2.309
1997-12-29,RNGC2,2.28
1997-12-29,RNGC3,2.24
1997-12-29,RNGC4,2.19
1997-12-30,RNGC1,2.235
1997-12-30,RNGC2,2.203
1997-12-30,RNGC3,2.155
1997-12-30,RNGC4,2.15
1997-12-31,RNGC1,2.264
1997-12-31,RNGC2,2.23
1997-12-31,RNGC3,2.175
1997-12-31,RNGC4,2.165
1998-01-02,RNGC1,2.153
1998-01-02,RNGC2,2.144
1998-01-02,RNGC3,2.105
1998-01-02,RNGC4,2.11
1998-01-05,RNGC1,2.207
1998-01-05,RNGC2,2.193
1998-01-05,RNGC3,2.141
1998-01-05,RNGC4,2.136
1998-01-06,RNGC1,2.182
1998-01-06,RNGC2,2.166
1998-01-06,RNGC3,2.12
1998-01-06,RNGC4,2.118
1998-01-07,RNGC1,2.145
1998-01-07,RNGC2,2.134
1998-01-07,RNGC3,2.102
1998-01-07,RNGC4,2.102
1998-01-08,RNGC1,2.046
1998-01-08,RNGC2,2.051
1998-01-08,RNGC3,2.043
1998-01-08,RNGC4,2.055
1998-01-09,RNGC1,2.046
1998-01-09,RNGC2,2.046
1998-01-09,RNGC3,2.043
1998-01-09,RNGC4,2.058
1998-01-12,RNGC1,2.002
1998-01-12,RNGC2,2.004
1998-01-12,RNGC3,2.017
1998-01-12,RNGC4,2.032
1998-01-13,RNGC1,2.014
1998-01-13,RNGC2,2.012
1998-01-13,RNGC3,2.023
1998-01-13,RNGC4,2.039
1998-01-14,RNGC1,2.016
1998-01-14,RNGC2,2.02
1998-01-14,RNGC3,2.036
1998-01-14,RNGC4,2.051
1998-01-15,RNGC1,2.094
1998-01-15,RNGC2,2.085
1998-01-15,RNGC3,2.094
1998-01-15,RNGC4,2.105
1998-01-16,RNGC1,2.176
1998-01-16,RNGC2,2.159
1998-01-16,RNGC3,2.155
1998-01-16,RNGC4,2.155
1998-01-20,RNGC1,2.115
1998-01-20,RNGC2,2.102
1998-01-20,RNGC3,2.12
1998-01-20,RNGC4,2.135
1998-01-21,RNGC1,2.084
1998-01-21,RNGC2,2.086
1998-01-21,RNGC3,2.11
1998-01-21,RNGC4,2.135
1998-01-22,RNGC1,2.16
1998-01-22,RNGC2,2.161
1998-01-22,RNGC3,2.171
1998-01-22,RNGC4,2.186
1998-01-23,RNGC1,2.117
1998-01-23,RNGC2,2.125
1998-01-23,RNGC3,2.155
1998-01-23,RNGC4,2.178
1998-01-26,RNGC1,2.064
1998-01-26,RNGC2,2.073
1998-01-26,RNGC3,2.115
1998-01-27,RNGC1,2.042
1998-01-27,RNGC2,2.062
1998-01-27,RNGC3,2.102
1998-01-27,RNGC4,2.137
1998-01-28,RNGC1,2.001
1998-01-28,RNGC2,2.043
1998-01-28,RNGC3,2.083
1998-01-28,RNGC4,2.123
1998-01-29,RNGC1,2.101
1998-01-29,RNGC2,2.141
1998-01-29,RNGC3,2.171
1998-01-29,RNGC4,2.196
1998-01-30,RNGC1,2.257
1998-01-30,RNGC2,2.283
1998-01-30,RNGC3,2.295
1998-01-30,RNGC4,2.305
1998-02-02,RNGC1,2.329
1998-02-02,RNGC2,2.348
1998-02-02,RNGC3,2.353
1998-02-02,RNGC4,2.358
1998-02-03,RNGC1,2.307
1998-02-03,RNGC2,2.321
1998-02-03,RNGC3,2.331
1998-02-03,RNGC4,2.338
1998-02-04,RNGC1,2.299
1998-02-04,RNGC2,2.313
1998-02-04,RNGC3,2.323
1998-02-04,RNGC4,2.33
1998-02-05,RNGC1,2.383
1998-02-05,RNGC2,2.382
1998-02-05,RNGC3,2.382
1998-02-05,RNGC4,2.382
1998-02-06,RNGC1,2.359
1998-02-06,RNGC2,2.366
1998-02-06,RNGC3,2.369
1998-02-06,RNGC4,2.373
1998-02-09,RNGC1,2.221
1998-02-09,RNGC2,2.254
1998-02-09,RNGC3,2.274
1998-02-09,RNGC4,2.285
1998-02-10,RNGC1,2.268
1998-02-10,RNGC2,2.3
1998-02-10,RNGC3,2.32
1998-02-10,RNGC4,2.327
1998-02-11,RNGC1,2.238
1998-02-11,RNGC2,2.277
1998-02-11,RNGC3,2.3
1998-02-11,RNGC4,2.312
1998-02-12,RNGC1,2.288
1998-02-12,RNGC2,2.331
1998-02-12,RNGC3,2.35
1998-02-12,RNGC4,2.36
1998-02-13,RNGC1,2.208
1998-02-13,RNGC2,2.247
1998-02-13,RNGC3,2.277
1998-02-13,RNGC4,2.292
1998-02-17,RNGC1,2.166
1998-02-17,RNGC2,2.207
1998-02-17,RNGC3,2.245
1998-02-17,RNGC4,2.265
1998-02-18,RNGC1,2.238
1998-02-18,RNGC2,2.283
1998-02-18,RNGC3,2.31
1998-02-18,RNGC4,2.327
1998-02-19,RNGC1,2.217
1998-02-19,RNGC2,2.259
1998-02-19,RNGC3,2.289
1998-02-19,RNGC4,2.307
1998-02-20,RNGC1,2.198
1998-02-20,RNGC2,2.24
1998-02-20,RNGC3,2.27
1998-02-20,RNGC4,2.288
1998-02-23,RNGC1,2.179
1998-02-23,RNGC2,2.227
1998-02-23,RNGC3,2.257
1998-02-23,RNGC4,2.275
1998-02-24,RNGC1,2.216
1998-02-24,RNGC2,2.262
1998-02-24,RNGC3,2.284
1998-02-24,RNGC4,2.296
1998-02-25,RNGC1,2.286
1998-02-25,RNGC2,2.318
1998-02-25,RNGC3,2.333
1998-02-25,RNGC4,2.343
1998-02-26,RNGC1,2.284
1998-02-26,RNGC2,2.31
1998-02-26,RNGC3,2.325
1998-02-26,RNGC4,2.34
1998-02-27,RNGC1,2.321
1998-02-27,RNGC2,2.339
1998-02-27,RNGC3,2.354
1998-02-27,RNGC4,2.368
1998-03-02,RNGC1,2.292
1998-03-02,RNGC2,2.317
1998-03-02,RNGC3,2.335
1998-03-02,RNGC4,2.353
1998-03-03,RNGC1,2.241
1998-03-03,RNGC2,2.273
1998-03-03,RNGC3,2.295
1998-03-03,RNGC4,2.317
1998-03-04,RNGC1,2.228
1998-03-04,RNGC2,2.263
1998-03-04,RNGC3,2.287
1998-03-04,RNGC4,2.31
1998-03-05,RNGC1,2.141
1998-03-05,RNGC2,2.18
1998-03-05,RNGC3,2.215
1998-03-05,RNGC4,2.25
1998-03-06,RNGC1,2.129
1998-03-06,RNGC2,2.17
1998-03-06,RNGC3,2.205
1998-03-06,RNGC4,2.24
1998-03-09,RNGC1,2.169
1998-03-09,RNGC2,2.214
1998-03-09,RNGC3,2.241
1998-03-09,RNGC4,2.269
1998-03-10,RNGC1,2.137
1998-03-10,RNGC2,2.179
1998-03-10,RNGC3,2.209
1998-03-10,RNGC4,2.239
1998-03-11,RNGC1,2.172
1998-03-11,RNGC2,2.206
1998-03-11,RNGC3,2.233
1998-03-11,RNGC4,2.258
1998-03-12,RNGC1,2.134
1998-03-12,RNGC2,2.169
1998-03-12,RNGC3,2.2
1998-03-12,RNGC4,2.23
1998-03-13,RNGC1,2.137
1998-03-13,RNGC2,2.17
1998-03-13,RNGC3,2.2
1998-03-13,RNGC4,2.23
1998-03-16,RNGC1,2.155
1998-03-16,RNGC2,2.181
1998-03-16,RNGC3,2.208
1998-03-16,RNGC4,2.238
1998-03-17,RNGC1,2.155
1998-03-17,RNGC2,2.182
1998-03-17,RNGC3,2.207
1998-03-17,RNGC4,2.235
1998-03-18,RNGC1,2.239
1998-03-18,RNGC2,2.258
1998-03-18,RNGC3,2.277
1998-03-18,RNGC4,2.295
1998-03-19,RNGC1,2.3
1998-03-19,RNGC2,2.316
1998-03-19,RNGC3,2.336
1998-03-19,RNGC4,2.346
1998-03-20,RNGC1,2.343
1998-03-20,RNGC2,2.368
1998-03-20,RNGC3,2.379
1998-03-20,RNGC4,2.39
1998-03-23,RNGC1,2.351
1998-03-23,RNGC2,2.387
1998-03-23,RNGC3,2.402
1998-03-23,RNGC4,2.412
1998-03-24,RNGC1,2.33
1998-03-24,RNGC2,2.367
1998-03-24,RNGC3,2.387
1998-03-24,RNGC4,2.399
1998-03-25,RNGC1,2.365
1998-03-25,RNGC2,2.404
1998-03-25,RNGC3,2.427
1998-03-25,RNGC4,2.442
1998-03-26,RNGC1,2.338
1998-03-26,RNGC2,2.38
1998-03-26,RNGC3,2.407
1998-03-26,RNGC4,2.425
1998-03-27,RNGC1,2.3
1998-03-27,RNGC2,2.352
1998-03-27,RNGC3,2.385
1998-03-27,RNGC4,2.405
1998-03-30,RNGC1,2.409
1998-03-30,RNGC2,2.449
1998-03-30,RNGC3,2.465
1998-03-30,RNGC4,2.477
1998-03-31,RNGC1,2.522
1998-03-31,RNGC2,2.557
1998-03-31,RNGC3,2.574
1998-03-31,RNGC4,2.583
1998-04-01,RNGC1,2.501
1998-04-01,RNGC2,2.533
1998-04-01,RNGC3,2.545
1998-04-01,RNGC4,2.551
1998-04-02,RNGC1,2.562
1998-04-02,RNGC2,2.584
1998-04-02,RNGC3,2.594
1998-04-02,RNGC4,2.599
1998-04-03,RNGC1,2.556
1998-04-03,RNGC2,2.576
1998-04-03,RNGC3,2.585
1998-04-03,RNGC4,2.59
1998-04-06,RNGC1,2.535
1998-04-06,RNGC2,2.566
1998-04-06,RNGC3,2.58
1998-04-06,RNGC4,2.585
1998-04-07,RNGC1,2.668
1998-04-07,RNGC2,2.694
1998-04-07,RNGC3,2.699
1998-04-07,RNGC4,2.699
1998-04-08,RNGC1,2.689
1998-04-08,RNGC2,2.718
1998-04-08,RNGC3,2.723
1998-04-08,RNGC4,2.721
1998-04-09,RNGC1,2.657
1998-04-09,RNGC2,2.688
1998-04-09,RNGC3,2.693
1998-04-09,RNGC4,2.693
1998-04-13,RNGC1,2.479
1998-04-13,RNGC2,2.514
1998-04-13,RNGC3,2.543
1998-04-13,RNGC4,2.543
1998-04-14,RNGC1,2.501
1998-04-14,RNGC2,2.533
1998-04-14,RNGC3,2.557
1998-04-14,RNGC4,2.561
1998-04-15,RNGC1,2.521
1998-04-15,RNGC2,2.558
1998-04-15,RNGC3,2.582
1998-04-15,RNGC4,2.587
1998-04-16,RNGC1,2.479
1998-04-16,RNGC2,2.519
1998-04-16,RNGC3,2.545
1998-04-16,RNGC4,2.552
1998-04-17,RNGC1,2.475
1998-04-17,RNGC2,2.518
1998-04-17,RNGC3,2.543
1998-04-17,RNGC4,2.553
1998-04-20,RNGC1,2.469
1998-04-20,RNGC2,2.515
1998-04-20,RNGC3,2.543
1998-04-20,RNGC4,2.553
1998-04-21,RNGC1,2.561
1998-04-21,RNGC2,2.613
1998-04-21,RNGC3,2.638
1998-04-21,RNGC4,2.643
1998-04-22,RNGC1,2.398
1998-04-22,RNGC2,2.443
1998-04-22,RNGC3,2.488
1998-04-22,RNGC4,2.503
1998-04-23,RNGC1,2.328
1998-04-23,RNGC2,2.368
1998-04-23,RNGC3,2.408
1998-04-23,RNGC4,2.428
1998-04-24,RNGC1,2.342
1998-04-24,RNGC2,2.373
1998-04-24,RNGC3,2.41
1998-04-24,RNGC4,2.432
1998-04-27,RNGC1,2.266
1998-04-27,RNGC2,2.285
1998-04-27,RNGC3,2.322
1998-04-27,RNGC4,2.355
1998-04-28,RNGC1,2.262
1998-04-28,RNGC2,2.311
1998-04-28,RNGC3,2.343
1998-04-28,RNGC4,2.373
1998-04-29,RNGC1,2.298
1998-04-29,RNGC2,2.333
1998-04-29,RNGC3,2.36
1998-04-29,RNGC4,2.36
1998-04-30,RNGC1,2.221
1998-04-30,RNGC2,2.267
1998-04-30,RNGC3,2.305
1998-04-30,RNGC4,2.317
1998-05-01,RNGC1,2.262
1998-05-01,RNGC2,2.202
1998-05-01,RNGC3,2.256
1998-05-01,RNGC4,2.3
1998-05-04,RNGC1,2.257
1998-05-04,RNGC2,2.306
1998-05-04,RNGC3,2.35
1998-05-04,RNGC4,2.37
1998-05-05,RNGC1,2.215
1998-05-05,RNGC2,2.271
1998-05-05,RNGC3,2.321
1998-05-05,RNGC4,2.344
1998-05-06,RNGC1,2.135
1998-05-06,RNGC2,2.193
1998-05-06,RNGC3,2.245
1998-05-06,RNGC4,2.28
1998-05-07,RNGC1,2.159
1998-05-07,RNGC2,2.218
1998-05-07,RNGC3,2.267
1998-05-07,RNGC4,2.305
1998-05-08,RNGC1,2.167
1998-05-08,RNGC2,2.227
1998-05-08,RNGC3,2.277
1998-05-08,RNGC4,2.317
1998-05-11,RNGC1,2.215
1998-05-11,RNGC2,2.27
1998-05-11,RNGC3,2.32
1998-05-11,RNGC4,2.35
1998-05-12,RNGC1,2.256
1998-05-12,RNGC2,2.309
1998-05-12,RNGC3,2.357
1998-05-12,RNGC4,2.385
1998-05-13,RNGC1,2.204
1998-05-13,RNGC2,2.251
1998-05-13,RNGC3,2.308
1998-05-13,RNGC4,2.345
1998-05-14,RNGC1,2.2
1998-05-14,RNGC2,2.243
1998-05-14,RNGC3,2.293
1998-05-14,RNGC4,2.328
1998-05-15,RNGC1,2.178
1998-05-15,RNGC2,2.223
1998-05-15,RNGC3,2.276
1998-05-15,RNGC4,2.314
1998-05-18,RNGC1,2.134
1998-05-18,RNGC2,2.174
1998-05-18,RNGC3,2.231
1998-05-18,RNGC4,2.274
1998-05-19,RNGC1,2.149
1998-05-19,RNGC2,2.185
1998-05-19,RNGC3,2.235
1998-05-19,RNGC4,2.279
1998-05-20,RNGC1,2.169
1998-05-20,RNGC2,2.203
1998-05-20,RNGC3,2.252
1998-05-20,RNGC4,2.295
1998-05-21,RNGC1,2.067
1998-05-21,RNGC2,2.105
1998-05-21,RNGC3,2.16
1998-05-21,RNGC4,2.21
1998-05-22,RNGC1,2.094
1998-05-22,RNGC2,2.124
1998-05-22,RNGC3,2.174
1998-05-22,RNGC4,2.22
1998-05-26,RNGC1,2.095
1998-05-26,RNGC2,2.118
1998-05-26,RNGC3,2.168
1998-05-26,RNGC4,2.213
1998-05-27,RNGC1,2.017
1998-05-27,RNGC2,2.046
1998-05-27,RNGC3,2.1
1998-05-27,RNGC4,2.146
1998-05-28,RNGC1,2.071
1998-05-28,RNGC2,2.124
1998-05-28,RNGC3,2.168
1998-05-28,RNGC4,2.233
1998-05-29,RNGC1,2.17
1998-05-29,RNGC2,2.205
1998-05-29,RNGC3,2.235
1998-05-29,RNGC4,2.287
1998-06-01,RNGC1,2.191
1998-06-01,RNGC2,2.23
1998-06-01,RNGC3,2.257
1998-06-01,RNGC4,2.305
1998-06-02,RNGC1,2.156
1998-06-02,RNGC2,2.201
1998-06-02,RNGC3,2.233
1998-06-02,RNGC4,2.283
1998-06-03,RNGC1,2.106
1998-06-03,RNGC2,2.154
1998-06-03,RNGC3,2.198
1998-06-03,RNGC4,2.25
1998-06-04,RNGC1,2.02
1998-06-04,RNGC2,2.068
1998-06-04,RNGC3,2.118
1998-06-04,RNGC4,2.173
1998-06-05,RNGC1,2.027
1998-06-05,RNGC2,2.071
1998-06-05,RNGC3,2.117
1998-06-05,RNGC4,2.173
1998-06-08,RNGC1,1.976
1998-06-08,RNGC2,2.02
1998-06-08,RNGC3,2.072
1998-06-08,RNGC4,2.129
1998-06-09,RNGC1,1.938
1998-06-09,RNGC2,1.973
1998-06-09,RNGC3,2.026
1998-06-09,RNGC4,2.09
1998-06-10,RNGC1,1.93
1998-06-10,RNGC2,1.964
1998-06-10,RNGC3,2.016
1998-06-10,RNGC4,2.085
1998-06-11,RNGC1,1.97
1998-06-11,RNGC2,2.002
1998-06-11,RNGC3,2.049
1998-06-11,RNGC4,2.117
1998-06-12,RNGC1,2.035
1998-06-12,RNGC2,2.074
1998-06-12,RNGC3,2.11
1998-06-12,RNGC4,2.172
1998-06-15,RNGC1,2.1
1998-06-15,RNGC2,2.141
1998-06-15,RNGC3,2.176
1998-06-15,RNGC4,2.232
1998-06-16,RNGC1,1.989
1998-06-16,RNGC2,2.021
1998-06-16,RNGC3,2.057
1998-06-16,RNGC4,2.122
1998-06-17,RNGC1,2.174
1998-06-17,RNGC2,2.197
1998-06-17,RNGC3,2.207
1998-06-17,RNGC4,2.27
1998-06-18,RNGC1,2.144
1998-06-18,RNGC2,2.164
1998-06-18,RNGC3,2.187
1998-06-18,RNGC4,2.232
1998-06-19,RNGC1,2.284
1998-06-19,RNGC2,2.315
1998-06-19,RNGC3,2.325
1998-06-19,RNGC4,2.35
1998-06-22,RNGC1,2.362
1998-06-22,RNGC2,2.393
1998-06-22,RNGC3,2.404
1998-06-22,RNGC4,2.428
1998-06-23,RNGC1,2.391
1998-06-23,RNGC2,2.438
1998-06-23,RNGC3,2.445
1998-06-23,RNGC4,2.47
1998-06-24,RNGC1,2.336
1998-06-24,RNGC2,2.367
1998-06-24,RNGC3,2.38
1998-06-24,RNGC4,2.405
1998-06-25,RNGC1,2.364
1998-06-25,RNGC2,2.394
1998-06-25,RNGC3,2.405
1998-06-25,RNGC4,2.43
1998-06-26,RNGC1,2.358
1998-06-26,RNGC2,2.423
1998-06-26,RNGC3,2.433
1998-06-26,RNGC4,2.458
1998-06-29,RNGC1,2.389
1998-06-29,RNGC2,2.409
1998-06-29,RNGC3,2.429
1998-06-29,RNGC4,2.589
1998-06-30,RNGC1,2.469
1998-06-30,RNGC2,2.492
1998-06-30,RNGC3,2.505
1998-06-30,RNGC4,2.645
1998-07-01,RNGC1,2.45
1998-07-01,RNGC2,2.471
1998-07-01,RNGC3,2.487
1998-07-01,RNGC4,2.627
1998-07-02,RNGC1,2.439
1998-07-02,RNGC2,2.467
1998-07-02,RNGC3,2.482
1998-07-02,RNGC4,2.623
1998-07-06,RNGC1,2.365
1998-07-06,RNGC2,2.392
1998-07-06,RNGC3,2.413
1998-07-06,RNGC4,2.568
1998-07-07,RNGC1,2.365
1998-07-07,RNGC2,2.396
1998-07-07,RNGC3,2.423
1998-07-07,RNGC4,2.576
1998-07-08,RNGC1,2.366
1998-07-08,RNGC2,2.399
1998-07-08,RNGC3,2.427
1998-07-08,RNGC4,2.58
1998-07-09,RNGC1,2.349
1998-07-09,RNGC2,2.378
1998-07-09,RNGC3,2.41
1998-07-09,RNGC4,2.568
1998-07-10,RNGC1,2.309
1998-07-10,RNGC2,2.336
1998-07-10,RNGC3,2.369
1998-07-10,RNGC4,2.531
1998-07-13,RNGC1,2.249
1998-07-13,RNGC2,2.28
1998-07-13,RNGC3,2.32
1998-07-13,RNGC4,2.486
1998-07-14,RNGC1,2.266
1998-07-14,RNGC2,2.291
1998-07-14,RNGC3,2.32
1998-07-14,RNGC4,2.487
1998-07-15,RNGC1,2.231
1998-07-15,RNGC2,2.253
1998-07-15,RNGC3,2.281
1998-07-15,RNGC4,2.463
1998-07-16,RNGC1,2.132
1998-07-16,RNGC2,2.146
1998-07-16,RNGC3,2.169
1998-07-16,RNGC4,2.375
1998-07-17,RNGC1,2.165
1998-07-17,RNGC2,2.174
1998-07-17,RNGC3,2.195
1998-07-17,RNGC4,2.4
1998-07-20,RNGC1,2.095
1998-07-20,RNGC2,2.1
1998-07-20,RNGC3,2.123
1998-07-20,RNGC4,2.348
1998-07-21,RNGC1,1.951
1998-07-21,RNGC2,1.945
1998-07-21,RNGC3,2.0
1998-07-21,RNGC4,2.255
1998-07-22,RNGC1,1.934
1998-07-22,RNGC2,1.927
1998-07-22,RNGC3,1.989
1998-07-22,RNGC4,2.254
1998-07-23,RNGC1,1.948
1998-07-23,RNGC2,1.941
1998-07-23,RNGC3,1.996
1998-07-23,RNGC4,2.255
1998-07-24,RNGC1,2.031
1998-07-24,RNGC2,2.028
1998-07-24,RNGC3,2.065
1998-07-24,RNGC4,2.31
1998-07-27,RNGC1,1.965
1998-07-27,RNGC2,1.959
1998-07-27,RNGC3,2.008
1998-07-27,RNGC4,2.271
1998-07-28,RNGC1,1.952
1998-07-28,RNGC2,1.935
1998-07-28,RNGC3,1.985
1998-07-28,RNGC4,2.245
1998-07-29,RNGC1,1.942
1998-07-29,RNGC2,1.933
1998-07-29,RNGC3,1.982
1998-07-29,RNGC4,2.235
1998-07-30,RNGC1,1.906
1998-07-30,RNGC2,1.959
1998-07-30,RNGC3,2.217
1998-07-30,RNGC4,2.497
1998-07-31,RNGC1,1.844
1998-07-31,RNGC2,1.908
1998-07-31,RNGC3,2.182
1998-07-31,RNGC4,2.467
1998-08-03,RNGC1,1.869
1998-08-03,RNGC2,1.926
1998-08-03,RNGC3,2.197
1998-08-03,RNGC4,2.477
1998-08-04,RNGC1,1.895
1998-08-04,RNGC2,1.947
1998-08-04,RNGC3,2.224
1998-08-04,RNGC4,2.504
1998-08-05,RNGC1,1.873
1998-08-05,RNGC2,1.929
1998-08-05,RNGC3,2.208
1998-08-05,RNGC4,2.487
1998-08-06,RNGC1,1.831
1998-08-06,RNGC2,1.879
1998-08-06,RNGC3,2.17
1998-08-06,RNGC4,2.451
1998-08-07,RNGC1,1.833
1998-08-07,RNGC2,1.881
1998-08-07,RNGC3,2.166
1998-08-07,RNGC4,2.446
1998-08-10,RNGC1,1.895
1998-08-10,RNGC2,1.938
1998-08-10,RNGC3,2.208
1998-08-10,RNGC4,2.478
1998-08-11,RNGC1,1.812
1998-08-11,RNGC2,1.856
1998-08-11,RNGC3,2.136
1998-08-11,RNGC4,2.421
1998-08-12,RNGC1,1.819
1998-08-12,RNGC2,1.864
1998-08-12,RNGC3,2.134
1998-08-12,RNGC4,2.414
1998-08-13,RNGC1,1.817
1998-08-13,RNGC2,1.866
1998-08-13,RNGC3,2.132
1998-08-13,RNGC4,2.405
1998-08-14,RNGC1,1.877
1998-08-14,RNGC2,1.917
1998-08-14,RNGC3,2.167
1998-08-14,RNGC4,2.432
1998-08-17,RNGC1,2.041
1998-08-17,RNGC2,2.063
1998-08-17,RNGC3,2.285
1998-08-17,RNGC4,2.525
1998-08-18,RNGC1,1.983
1998-08-18,RNGC2,2.007
1998-08-18,RNGC3,2.242
1998-08-18,RNGC4,2.485
1998-08-19,RNGC1,1.917
1998-08-19,RNGC2,1.941
1998-08-19,RNGC3,2.172
1998-08-19,RNGC4,2.417
1998-08-20,RNGC1,1.953
1998-08-20,RNGC2,1.978
1998-08-20,RNGC3,2.193
1998-08-20,RNGC4,2.433
1998-08-21,RNGC1,1.947
1998-08-21,RNGC2,1.981
1998-08-21,RNGC3,2.183
1998-08-21,RNGC4,2.421
1998-08-24,RNGC1,1.926
1998-08-24,RNGC2,1.95
1998-08-24,RNGC3,2.155
1998-08-24,RNGC4,2.395
1998-08-25,RNGC1,1.828
1998-08-25,RNGC2,1.857
1998-08-25,RNGC3,2.092
1998-08-25,RNGC4,2.345
1998-08-26,RNGC1,1.762
1998-08-26,RNGC2,1.79
1998-08-26,RNGC3,2.042
1998-08-26,RNGC4,2.305
1998-08-27,RNGC1,1.672
1998-08-27,RNGC2,1.716
1998-08-27,RNGC3,1.973
1998-08-27,RNGC4,2.253
1998-08-28,RNGC1,1.664
1998-08-28,RNGC2,1.921
1998-08-28,RNGC3,2.205
1998-08-28,RNGC4,2.335
1998-08-31,RNGC1,1.752
1998-08-31,RNGC2,1.979
1998-08-31,RNGC3,2.25
1998-08-31,RNGC4,2.383
1998-09-01,RNGC1,1.786
1998-09-01,RNGC2,1.994
1998-09-01,RNGC3,2.256
1998-09-01,RNGC4,2.382
1998-09-02,RNGC1,1.652
1998-09-02,RNGC2,1.88
1998-09-02,RNGC3,2.157
1998-09-02,RNGC4,2.29
1998-09-03,RNGC1,1.712
1998-09-03,RNGC2,1.936
1998-09-03,RNGC3,2.214
1998-09-03,RNGC4,2.334
1998-09-04,RNGC1,1.783
1998-09-04,RNGC2,2.012
1998-09-04,RNGC3,2.287
1998-09-04,RNGC4,2.397
1998-09-08,RNGC1,1.874
1998-09-08,RNGC2,2.112
1998-09-08,RNGC3,2.358
1998-09-08,RNGC4,2.455
1998-09-09,RNGC1,1.833
1998-09-09,RNGC2,2.082
1998-09-09,RNGC3,2.332
1998-09-09,RNGC4,2.431
1998-09-10,RNGC1,1.958
1998-09-10,RNGC2,2.207
1998-09-10,RNGC3,2.43
1998-09-10,RNGC4,2.505
1998-09-11,RNGC1,1.878
1998-09-11,RNGC2,2.161
1998-09-11,RNGC3,2.388
1998-09-11,RNGC4,2.475
1998-09-14,RNGC1,1.945
1998-09-14,RNGC2,2.214
1998-09-14,RNGC3,2.457
1998-09-14,RNGC4,2.532
1998-09-15,RNGC1,2.123
1998-09-15,RNGC2,2.391
1998-09-15,RNGC3,2.601
1998-09-15,RNGC4,2.667
1998-09-16,RNGC1,2.241
1998-09-16,RNGC2,2.477
1998-09-16,RNGC3,2.647
1998-09-16,RNGC4,2.7
1998-09-17,RNGC1,2.138
1998-09-17,RNGC2,2.389
1998-09-17,RNGC3,2.569
1998-09-17,RNGC4,2.63
1998-09-18,RNGC1,2.26
1998-09-18,RNGC2,2.474
1998-09-18,RNGC3,2.627
1998-09-18,RNGC4,2.673
1998-09-21,RNGC1,2.187
1998-09-21,RNGC2,2.414
1998-09-21,RNGC3,2.577
1998-09-21,RNGC4,2.631
1998-09-22,RNGC1,2.186
1998-09-22,RNGC2,2.417
1998-09-22,RNGC3,2.592
1998-09-22,RNGC4,2.637
1998-09-23,RNGC1,2.131
1998-09-23,RNGC2,2.374
1998-09-23,RNGC3,2.571
1998-09-23,RNGC4,2.619
1998-09-24,RNGC1,2.179
1998-09-24,RNGC2,2.412
1998-09-24,RNGC3,2.602
1998-09-24,RNGC4,2.655
1998-09-25,RNGC1,2.181
1998-09-25,RNGC2,2.392
1998-09-25,RNGC3,2.595
1998-09-25,RNGC4,2.65
1998-09-28,RNGC1,2.031
1998-09-28,RNGC2,2.302
1998-09-28,RNGC3,2.514
1998-09-28,RNGC4,2.585
1998-09-29,RNGC1,2.347
1998-09-29,RNGC2,2.555
1998-09-29,RNGC3,2.625
1998-09-29,RNGC4,2.505
1998-09-30,RNGC1,2.433
1998-09-30,RNGC2,2.625
1998-09-30,RNGC3,2.678
1998-09-30,RNGC4,2.537
1998-10-01,RNGC1,2.031
1998-10-01,RNGC2,2.414
1998-10-01,RNGC3,2.6
1998-10-01,RNGC4,2.648
1998-10-02,RNGC1,2.432
1998-10-02,RNGC2,2.617
1998-10-02,RNGC3,2.668
1998-10-02,RNGC4,2.523
1998-10-05,RNGC1,2.393
1998-10-05,RNGC2,2.593
1998-10-05,RNGC3,2.653
1998-10-05,RNGC4,2.515
1998-10-06,RNGC1,2.346
1998-10-06,RNGC2,2.55
1998-10-06,RNGC3,2.624
1998-10-06,RNGC4,2.494
1998-10-07,RNGC1,2.393
1998-10-07,RNGC2,2.596
1998-10-07,RNGC3,2.669
1998-10-07,RNGC4,2.535
1998-10-08,RNGC1,2.254
1998-10-08,RNGC2,2.489
1998-10-08,RNGC3,2.584
1998-10-08,RNGC4,2.474
1998-10-09,RNGC1,2.191
1998-10-09,RNGC2,2.45
1998-10-09,RNGC3,2.556
1998-10-09,RNGC4,2.45
1998-10-12,RNGC1,2.086
1998-10-12,RNGC2,2.382
1998-10-12,RNGC3,2.5
1998-10-12,RNGC4,2.415
1998-10-13,RNGC1,2.084
1998-10-13,RNGC2,2.366
1998-10-13,RNGC3,2.489
1998-10-13,RNGC4,2.41
1998-10-14,RNGC1,2.041
1998-10-14,RNGC2,2.308
1998-10-14,RNGC3,2.44
1998-10-14,RNGC4,2.375
1998-10-15,RNGC1,2.095
1998-10-15,RNGC2,2.347
1998-10-15,RNGC3,2.469
1998-10-15,RNGC4,2.397
1998-10-16,RNGC1,2.109
1998-10-16,RNGC2,2.355
1998-10-16,RNGC3,2.474
1998-10-16,RNGC4,2.4
1998-10-19,RNGC1,2.143
1998-10-19,RNGC2,2.42
1998-10-19,RNGC3,2.531
1998-10-19,RNGC4,2.435
1998-10-20,RNGC1,2.202
1998-10-20,RNGC2,2.483
1998-10-20,RNGC3,2.59
1998-10-20,RNGC4,2.485
1998-10-21,RNGC1,2.18
1998-10-21,RNGC2,2.455
1998-10-21,RNGC3,2.572
1998-10-21,RNGC4,2.472
1998-10-22,RNGC1,2.176
1998-10-22,RNGC2,2.434
1998-10-22,RNGC3,2.564
1998-10-22,RNGC4,2.464
1998-10-23,RNGC1,2.164
1998-10-23,RNGC2,2.427
1998-10-23,RNGC3,2.562
1998-10-23,RNGC4,2.464
1998-10-26,RNGC1,2.298
1998-10-26,RNGC2,2.575
1998-10-26,RNGC3,2.686
1998-10-26,RNGC4,2.57
1998-10-27,RNGC1,2.108
1998-10-27,RNGC2,2.371
1998-10-27,RNGC3,2.536
1998-10-27,RNGC4,2.43
1998-10-28,RNGC1,1.972
1998-10-28,RNGC2,2.324
1998-10-28,RNGC3,2.477
1998-10-28,RNGC4,2.405
1998-10-29,RNGC1,2.348
1998-10-29,RNGC2,2.508
1998-10-29,RNGC3,2.43
1998-10-29,RNGC4,2.325
1998-10-30,RNGC1,2.275
1998-10-30,RNGC2,2.448
1998-10-30,RNGC3,2.388
1998-10-30,RNGC4,2.29
1998-11-02,RNGC1,2.387
1998-11-02,RNGC2,2.552
1998-11-02,RNGC3,2.472
1998-11-02,RNGC4,2.357
1998-11-03,RNGC1,2.436
1998-11-03,RNGC2,2.595
1998-11-03,RNGC3,2.515
1998-11-03,RNGC4,2.395
1998-11-04,RNGC1,2.395
1998-11-04,RNGC2,2.538
1998-11-04,RNGC3,2.465
1998-11-04,RNGC4,2.355
1998-11-05,RNGC1,2.553
1998-11-05,RNGC2,2.665
1998-11-05,RNGC3,2.565
1998-11-05,RNGC4,2.43
1998-11-06,RNGC1,2.553
1998-11-06,RNGC2,2.668
1998-11-06,RNGC3,2.568
1998-11-06,RNGC4,2.428
1998-11-09,RNGC1,2.442
1998-11-09,RNGC2,2.569
1998-11-09,RNGC3,2.48
1998-11-09,RNGC4,2.36
1998-11-10,RNGC1,2.478
1998-11-10,RNGC2,2.603
1998-11-10,RNGC3,2.513
1998-11-10,RNGC4,2.387
1998-11-11,RNGC1,2.432
1998-11-11,RNGC2,2.557
1998-11-11,RNGC3,2.479
1998-11-11,RNGC4,2.362
1998-11-12,RNGC1,2.394
1998-11-12,RNGC2,2.522
1998-11-12,RNGC3,2.46
1998-11-12,RNGC4,2.355
1998-11-13,RNGC1,2.459
1998-11-13,RNGC2,2.576
1998-11-13,RNGC3,2.505
1998-11-13,RNGC4,2.39
1998-11-16,RNGC1,2.305
1998-11-16,RNGC2,2.444
1998-11-16,RNGC3,2.4
1998-11-16,RNGC4,2.314
1998-11-17,RNGC1,2.279
1998-11-17,RNGC2,2.406
1998-11-17,RNGC3,2.362
1998-11-17,RNGC4,2.287
1998-11-18,RNGC1,2.204
1998-11-18,RNGC2,2.326
1998-11-18,RNGC3,2.295
1998-11-18,RNGC4,2.24
1998-11-19,RNGC1,2.213
1998-11-19,RNGC2,2.324
1998-11-19,RNGC3,2.28
1998-11-19,RNGC4,2.23
1998-11-20,RNGC1,2.163
1998-11-20,RNGC2,2.294
1998-11-20,RNGC3,2.26
1998-11-20,RNGC4,2.21
1998-11-23,RNGC1,2.097
1998-11-23,RNGC2,2.238
1998-11-23,RNGC3,2.208
1998-11-23,RNGC4,2.178
1998-11-24,RNGC1,2.149
1998-11-24,RNGC2,2.275
1998-11-24,RNGC3,2.235
1998-11-24,RNGC4,2.19
1998-11-25,RNGC1,2.196
1998-11-25,RNGC2,2.184
1998-11-25,RNGC3,2.154
1998-11-25,RNGC4,2.124
1998-11-30,RNGC1,1.976
1998-11-30,RNGC2,1.999
1998-11-30,RNGC3,2.004
1998-11-30,RNGC4,2.005
1998-12-01,RNGC1,1.958
1998-12-01,RNGC2,1.99
1998-12-01,RNGC3,1.988
1998-12-01,RNGC4,1.99
1998-12-02,RNGC1,1.886
1998-12-02,RNGC2,1.931
1998-12-02,RNGC3,1.938
1998-12-02,RNGC4,1.948
1998-12-03,RNGC1,1.959
1998-12-03,RNGC2,2.001
1998-12-03,RNGC3,1.998
1998-12-03,RNGC4,1.99
1998-12-04,RNGC1,1.978
1998-12-04,RNGC2,2.024
1998-12-04,RNGC3,2.024
1998-12-04,RNGC4,2.01
1998-12-07,RNGC1,2.101
1998-12-07,RNGC2,2.127
1998-12-07,RNGC3,2.119
1998-12-07,RNGC4,2.082
1998-12-08,RNGC1,1.913
1998-12-08,RNGC2,1.96
1998-12-08,RNGC3,1.975
1998-12-08,RNGC4,1.97
1998-12-09,RNGC1,1.847
1998-12-09,RNGC2,1.918
1998-12-09,RNGC3,1.94
1998-12-09,RNGC4,1.94
1998-12-10,RNGC1,1.84
1998-12-10,RNGC2,1.912
1998-12-10,RNGC3,1.935
1998-12-10,RNGC4,1.935
1998-12-11,RNGC1,1.858
1998-12-11,RNGC2,1.923
1998-12-11,RNGC3,1.94
1998-12-11,RNGC4,1.938
1998-12-14,RNGC1,1.952
1998-12-14,RNGC2,1.994
1998-12-14,RNGC3,1.999
1998-12-14,RNGC4,1.975
1998-12-15,RNGC1,1.952
1998-12-15,RNGC2,1.991
1998-12-15,RNGC3,1.996
1998-12-15,RNGC4,1.974
1998-12-16,RNGC1,1.99
1998-12-16,RNGC2,2.012
1998-12-16,RNGC3,2.012
1998-12-16,RNGC4,1.987
1998-12-17,RNGC1,2.064
1998-12-17,RNGC2,2.068
1998-12-17,RNGC3,2.052
1998-12-17,RNGC4,2.0
1998-12-18,RNGC1,2.074
1998-12-18,RNGC2,2.088
1998-12-18,RNGC3,2.063
1998-12-18,RNGC4,2.003
1998-12-21,RNGC1,1.947
1998-12-21,RNGC2,1.945
1998-12-21,RNGC3,1.941
1998-12-21,RNGC4,1.916
1998-12-22,RNGC1,1.925
1998-12-22,RNGC2,1.92
1998-12-22,RNGC3,1.913
1998-12-22,RNGC4,1.895
1998-12-23,RNGC1,1.906
1998-12-23,RNGC2,1.902
1998-12-23,RNGC3,1.895
1998-12-23,RNGC4,1.877
1998-12-24,RNGC1,1.881
1998-12-24,RNGC2,1.878
1998-12-24,RNGC3,1.883
1998-12-24,RNGC4,1.869
1998-12-28,RNGC1,1.788
1998-12-28,RNGC2,1.789
1998-12-28,RNGC3,1.82
1998-12-28,RNGC4,1.82
1998-12-29,RNGC1,1.765
1998-12-29,RNGC2,1.781
1998-12-29,RNGC3,1.799
1998-12-29,RNGC4,1.797
1998-12-30,RNGC1,1.886
1998-12-30,RNGC2,1.879
1998-12-30,RNGC3,1.855
1998-12-30,RNGC4,1.87
1998-12-31,RNGC1,1.945
1998-12-31,RNGC2,1.936
1998-12-31,RNGC3,1.903
1998-12-31,RNGC4,1.908
1999-01-04,RNGC1,2.071
1999-01-04,RNGC2,2.053
1999-01-04,RNGC3,2.003
1999-01-04,RNGC4,2.0
1999-01-05,RNGC1,1.975
1999-01-05,RNGC2,1.976
1999-01-05,RNGC3,1.951
1999-01-05,RNGC4,1.962
1999-01-06,RNGC1,1.931
1999-01-06,RNGC2,1.936
1999-01-06,RNGC3,1.916
1999-01-06,RNGC4,1.928
1999-01-07,RNGC1,1.836
1999-01-07,RNGC2,1.856
1999-01-07,RNGC3,1.847
1999-01-07,RNGC4,1.865
1999-01-08,RNGC1,1.83
1999-01-08,RNGC2,1.849
1999-01-08,RNGC3,1.847
1999-01-08,RNGC4,1.863
1999-01-11,RNGC1,1.779
1999-01-11,RNGC2,1.809
1999-01-11,RNGC3,1.815
1999-01-11,RNGC4,1.837
1999-01-12,RNGC1,1.821
1999-01-12,RNGC2,1.85
1999-01-12,RNGC3,1.85
1999-01-12,RNGC4,1.869
1999-01-13,RNGC1,1.77
1999-01-13,RNGC2,1.799
1999-01-13,RNGC3,1.814
1999-01-13,RNGC4,1.84
1999-01-14,RNGC1,1.809
1999-01-14,RNGC2,1.832
1999-01-14,RNGC3,1.845
1999-01-14,RNGC4,1.867
1999-01-15,RNGC1,1.796
1999-01-15,RNGC2,1.822
1999-01-15,RNGC3,1.837
1999-01-15,RNGC4,1.86
1999-01-19,RNGC1,1.817
1999-01-19,RNGC2,1.825
1999-01-19,RNGC3,1.844
1999-01-19,RNGC4,1.864
1999-01-20,RNGC1,1.827
1999-01-20,RNGC2,1.839
1999-01-20,RNGC3,1.856
1999-01-20,RNGC4,1.874
1999-01-21,RNGC1,1.892
1999-01-21,RNGC2,1.908
1999-01-21,RNGC3,1.921
1999-01-21,RNGC4,1.932
1999-01-22,RNGC1,1.778
1999-01-22,RNGC2,1.805
1999-01-22,RNGC3,1.835
1999-01-22,RNGC4,1.865
1999-01-25,RNGC1,1.714
1999-01-25,RNGC2,1.744
1999-01-25,RNGC3,1.784
1999-01-25,RNGC4,1.822
1999-01-26,RNGC1,1.714
1999-01-26,RNGC2,1.75
1999-01-26,RNGC3,1.79
1999-01-26,RNGC4,1.824
1999-01-27,RNGC1,1.81
1999-01-27,RNGC2,1.826
1999-01-27,RNGC3,1.851
1999-01-27,RNGC4,1.871
1999-01-28,RNGC1,1.86
1999-01-28,RNGC2,1.89
1999-01-28,RNGC3,1.907
1999-01-28,RNGC4,1.922
1999-01-29,RNGC1,1.777
1999-01-29,RNGC2,1.803
1999-01-29,RNGC3,1.838
1999-01-29,RNGC4,1.866
1999-02-01,RNGC1,1.744
1999-02-01,RNGC2,1.784
1999-02-01,RNGC3,1.824
1999-02-01,RNGC4,1.855
1999-02-02,RNGC1,1.818
1999-02-02,RNGC2,1.851
1999-02-02,RNGC3,1.878
1999-02-02,RNGC4,1.907
1999-02-03,RNGC1,1.765
1999-02-03,RNGC2,1.805
1999-02-03,RNGC3,1.835
1999-02-03,RNGC4,1.868
1999-02-04,RNGC1,1.829
1999-02-04,RNGC2,1.855
1999-02-04,RNGC3,1.882
1999-02-04,RNGC4,1.902
1999-02-05,RNGC1,1.8
1999-02-05,RNGC2,1.84
1999-02-05,RNGC3,1.865
1999-02-05,RNGC4,1.89
1999-02-08,RNGC1,1.818
1999-02-08,RNGC2,1.851
1999-02-08,RNGC3,1.876
1999-02-08,RNGC4,1.9
1999-02-09,RNGC1,1.838
1999-02-09,RNGC2,1.87
1999-02-09,RNGC3,1.893
1999-02-09,RNGC4,1.915
1999-02-10,RNGC1,1.775
1999-02-10,RNGC2,1.815
1999-02-10,RNGC3,1.852
1999-02-10,RNGC4,1.88
1999-02-11,RNGC1,1.837
1999-02-11,RNGC2,1.866
1999-02-11,RNGC3,1.891
1999-02-11,RNGC4,1.911
1999-02-12,RNGC1,1.807
1999-02-12,RNGC2,1.835
1999-02-12,RNGC3,1.865
1999-02-12,RNGC4,1.888
1999-02-16,RNGC1,1.795
1999-02-16,RNGC2,1.821
1999-02-16,RNGC3,1.851
1999-02-16,RNGC4,1.874
1999-02-17,RNGC1,1.776
1999-02-17,RNGC2,1.8
1999-02-17,RNGC3,1.833
1999-02-17,RNGC4,1.86
1999-02-18,RNGC1,1.746
1999-02-18,RNGC2,1.767
1999-02-18,RNGC3,1.806
1999-02-18,RNGC4,1.838
1999-02-19,RNGC1,1.745
1999-02-19,RNGC2,1.765
1999-02-19,RNGC3,1.8
1999-02-19,RNGC4,1.83
1999-02-22,RNGC1,1.704
1999-02-22,RNGC2,1.702
1999-02-22,RNGC3,1.74
1999-02-22,RNGC4,1.778
1999-02-23,RNGC1,1.71
1999-02-23,RNGC2,1.707
1999-02-23,RNGC3,1.737
1999-02-23,RNGC4,1.775
1999-02-24,RNGC1,1.666
1999-02-24,RNGC2,1.697
1999-02-24,RNGC3,1.727
1999-02-24,RNGC4,1.767
1999-02-25,RNGC1,1.659
1999-02-25,RNGC2,1.694
1999-02-25,RNGC3,1.734
1999-02-25,RNGC4,1.774
1999-02-26,RNGC1,1.628
1999-02-26,RNGC2,1.661
1999-02-26,RNGC3,1.696
1999-02-26,RNGC4,1.743
1999-03-01,RNGC1,1.701
1999-03-01,RNGC2,1.731
1999-03-01,RNGC3,1.761
1999-03-01,RNGC4,1.8
1999-03-02,RNGC1,1.696
1999-03-02,RNGC2,1.73
1999-03-02,RNGC3,1.76
1999-03-02,RNGC4,1.8
1999-03-03,RNGC1,1.723
1999-03-03,RNGC2,1.753
1999-03-03,RNGC3,1.783
1999-03-03,RNGC4,1.82
1999-03-04,RNGC1,1.762
1999-03-04,RNGC2,1.789
1999-03-04,RNGC3,1.819
1999-03-04,RNGC4,1.854
1999-03-05,RNGC1,1.853
1999-03-05,RNGC2,1.871
1999-03-05,RNGC3,1.894
1999-03-05,RNGC4,1.917
1999-03-08,RNGC1,1.859
1999-03-08,RNGC2,1.875
1999-03-08,RNGC3,1.897
1999-03-08,RNGC4,1.92
1999-03-09,RNGC1,1.928
1999-03-09,RNGC2,1.946
1999-03-09,RNGC3,1.958
1999-03-09,RNGC4,1.97
1999-03-10,RNGC1,1.941
1999-03-10,RNGC2,1.964
1999-03-10,RNGC3,1.979
1999-03-10,RNGC4,1.994
1999-03-11,RNGC1,1.82
1999-03-11,RNGC2,1.851
1999-03-11,RNGC3,1.876
1999-03-11,RNGC4,1.898
1999-03-12,RNGC1,1.759
1999-03-12,RNGC2,1.793
1999-03-12,RNGC3,1.823
1999-03-12,RNGC4,1.85
1999-03-15,RNGC1,1.717
1999-03-15,RNGC2,1.755
1999-03-15,RNGC3,1.788
1999-03-15,RNGC4,1.818
1999-03-16,RNGC1,1.717
1999-03-16,RNGC2,1.748
1999-03-16,RNGC3,1.783
1999-03-16,RNGC4,1.813
1999-03-17,RNGC1,1.748
1999-03-17,RNGC2,1.781
1999-03-17,RNGC3,1.814
1999-03-17,RNGC4,1.844
1999-03-18,RNGC1,1.687
1999-03-18,RNGC2,1.721
1999-03-18,RNGC3,1.755
1999-03-18,RNGC4,1.789
1999-03-19,RNGC1,1.699
1999-03-19,RNGC2,1.73
1999-03-19,RNGC3,1.765
1999-03-19,RNGC4,1.8
1999-03-22,RNGC1,1.769
1999-03-22,RNGC2,1.794
1999-03-22,RNGC3,1.824
1999-03-22,RNGC4,1.854
1999-03-23,RNGC1,1.754
1999-03-23,RNGC2,1.779
1999-03-23,RNGC3,1.815
1999-03-23,RNGC4,1.846
1999-03-24,RNGC1,1.759
1999-03-24,RNGC2,1.784
1999-03-24,RNGC3,1.819
1999-03-24,RNGC4,1.851
1999-03-25,RNGC1,1.835
1999-03-25,RNGC2,1.87
1999-03-25,RNGC3,1.895
1999-03-25,RNGC4,1.922
1999-03-26,RNGC1,1.854
1999-03-26,RNGC2,1.885
1999-03-26,RNGC3,1.92
1999-03-26,RNGC4,1.95
1999-03-29,RNGC1,1.852
1999-03-29,RNGC2,1.883
1999-03-29,RNGC3,1.915
1999-03-29,RNGC4,1.945
1999-03-30,RNGC1,1.978
1999-03-30,RNGC2,2.003
1999-03-30,RNGC3,2.028
1999-03-30,RNGC4,2.048
1999-03-31,RNGC1,2.013
1999-03-31,RNGC2,2.041
1999-03-31,RNGC3,2.058
1999-03-31,RNGC4,2.078
1999-04-01,RNGC1,1.852
1999-04-01,RNGC2,2.038
1999-04-01,RNGC3,2.055
1999-04-01,RNGC4,2.072
1999-04-05,RNGC1,2.03
1999-04-05,RNGC2,2.05
1999-04-05,RNGC3,2.07
1999-04-05,RNGC4,2.09
1999-04-06,RNGC1,2.013
1999-04-06,RNGC2,2.035
1999-04-06,RNGC3,2.056
1999-04-06,RNGC4,2.075
1999-04-07,RNGC1,2.024
1999-04-07,RNGC2,2.05
1999-04-07,RNGC3,2.07
1999-04-07,RNGC4,2.09
1999-04-08,RNGC1,2.069
1999-04-08,RNGC2,2.09
1999-04-08,RNGC3,2.109
1999-04-08,RNGC4,2.127
1999-04-09,RNGC1,2.096
1999-04-09,RNGC2,2.119
1999-04-09,RNGC3,2.135
1999-04-09,RNGC4,2.15
1999-04-12,RNGC1,2.128
1999-04-12,RNGC2,2.156
1999-04-12,RNGC3,2.167
1999-04-12,RNGC4,2.179
1999-04-13,RNGC1,2.136
1999-04-13,RNGC2,2.167
1999-04-13,RNGC3,2.18
1999-04-13,RNGC4,2.193
1999-04-14,RNGC1,2.096
1999-04-14,RNGC2,2.129
1999-04-14,RNGC3,2.145
1999-04-14,RNGC4,2.16
1999-04-15,RNGC1,2.137
1999-04-15,RNGC2,2.167
1999-04-15,RNGC3,2.179
1999-04-15,RNGC4,2.19
1999-04-16,RNGC1,2.124
1999-04-16,RNGC2,2.158
1999-04-16,RNGC3,2.173
1999-04-16,RNGC4,2.189
1999-04-19,RNGC1,2.169
1999-04-19,RNGC2,2.203
1999-04-19,RNGC3,2.217
1999-04-19,RNGC4,2.227
1999-04-20,RNGC1,2.144
1999-04-20,RNGC2,2.178
1999-04-20,RNGC3,2.198
1999-04-20,RNGC4,2.21
1999-04-21,RNGC1,2.174
1999-04-21,RNGC2,2.209
1999-04-21,RNGC3,2.229
1999-04-21,RNGC4,2.239
1999-04-22,RNGC1,2.225
1999-04-22,RNGC2,2.253
1999-04-22,RNGC3,2.271
1999-04-22,RNGC4,2.279
1999-04-23,RNGC1,2.226
1999-04-23,RNGC2,2.253
1999-04-23,RNGC3,2.271
1999-04-23,RNGC4,2.281
1999-04-26,RNGC1,2.299
1999-04-26,RNGC2,2.325
1999-04-26,RNGC3,2.338
1999-04-26,RNGC4,2.345
1999-04-27,RNGC1,2.331
1999-04-27,RNGC2,2.337
1999-04-27,RNGC3,2.355
1999-04-27,RNGC4,2.365
1999-04-28,RNGC1,2.348
1999-04-28,RNGC2,2.341
1999-04-28,RNGC3,2.358
1999-04-28,RNGC4,2.372
1999-04-29,RNGC1,2.339
1999-04-29,RNGC2,2.352
1999-04-29,RNGC3,2.366
1999-04-29,RNGC4,2.37
1999-04-30,RNGC1,2.253
1999-04-30,RNGC2,2.269
1999-04-30,RNGC3,2.289
1999-04-30,RNGC4,2.3
1999-05-03,RNGC1,2.311
1999-05-03,RNGC2,2.325
1999-05-03,RNGC3,2.34
1999-05-03,RNGC4,2.348
1999-05-04,RNGC1,2.359
1999-05-04,RNGC2,2.379
1999-05-04,RNGC3,2.394
1999-05-04,RNGC4,2.399
1999-05-05,RNGC1,2.359
1999-05-05,RNGC2,2.381
1999-05-05,RNGC3,2.397
1999-05-05,RNGC4,2.403
1999-05-06,RNGC1,2.295
1999-05-06,RNGC2,2.319
1999-05-06,RNGC3,2.342
1999-05-06,RNGC4,2.355
1999-05-07,RNGC1,2.273
1999-05-07,RNGC2,2.302
1999-05-07,RNGC3,2.326
1999-05-07,RNGC4,2.34
1999-05-10,RNGC1,2.302
1999-05-10,RNGC2,2.33
1999-05-10,RNGC3,2.352
1999-05-10,RNGC4,2.364
1999-05-11,RNGC1,2.236
1999-05-11,RNGC2,2.264
1999-05-11,RNGC3,2.294
1999-05-11,RNGC4,2.309
1999-05-12,RNGC1,2.191
1999-05-12,RNGC2,2.221
1999-05-12,RNGC3,2.248
1999-05-12,RNGC4,2.265
1999-05-13,RNGC1,2.282
1999-05-13,RNGC2,2.305
1999-05-13,RNGC3,2.325
1999-05-13,RNGC4,2.34
1999-05-14,RNGC1,2.288
1999-05-14,RNGC2,2.317
1999-05-14,RNGC3,2.337
1999-05-14,RNGC4,2.352
1999-05-17,RNGC1,2.343
1999-05-17,RNGC2,2.372
1999-05-17,RNGC3,2.39
1999-05-17,RNGC4,2.401
1999-05-18,RNGC1,2.262
1999-05-18,RNGC2,2.293
1999-05-18,RNGC3,2.313
1999-05-18,RNGC4,2.328
1999-05-19,RNGC1,2.254
1999-05-19,RNGC2,2.281
1999-05-19,RNGC3,2.304
1999-05-19,RNGC4,2.319
1999-05-20,RNGC1,2.218
1999-05-20,RNGC2,2.244
1999-05-20,RNGC3,2.272
1999-05-20,RNGC4,2.289
1999-05-21,RNGC1,2.225
1999-05-21,RNGC2,2.246
1999-05-21,RNGC3,2.275
1999-05-21,RNGC4,2.293
1999-05-24,RNGC1,2.176
1999-05-24,RNGC2,2.192
1999-05-24,RNGC3,2.222
1999-05-24,RNGC4,2.242
1999-05-25,RNGC1,2.2
1999-05-25,RNGC2,2.219
1999-05-25,RNGC3,2.24
1999-05-25,RNGC4,2.259
1999-05-26,RNGC1,2.226
1999-05-26,RNGC2,2.21
1999-05-26,RNGC3,2.235
1999-05-26,RNGC4,2.255
1999-05-27,RNGC1,2.282
1999-05-27,RNGC2,2.3
1999-05-27,RNGC3,2.313
1999-05-27,RNGC4,2.348
1999-05-28,RNGC1,2.358
1999-05-28,RNGC2,2.374
1999-05-28,RNGC3,2.383
1999-05-28,RNGC4,2.412
1999-06-01,RNGC1,2.343
1999-06-01,RNGC2,2.357
1999-06-01,RNGC3,2.37
1999-06-01,RNGC4,2.4
1999-06-02,RNGC1,2.407
1999-06-02,RNGC2,2.42
1999-06-02,RNGC3,2.43
1999-06-02,RNGC4,2.455
1999-06-03,RNGC1,2.397
1999-06-03,RNGC2,2.414
1999-06-03,RNGC3,2.429
1999-06-03,RNGC4,2.455
1999-06-04,RNGC1,2.437
1999-06-04,RNGC2,2.454
1999-06-04,RNGC3,2.466
1999-06-04,RNGC4,2.489
1999-06-07,RNGC1,2.442
1999-06-07,RNGC2,2.467
1999-06-07,RNGC3,2.482
1999-06-07,RNGC4,2.504
1999-06-08,RNGC1,2.393
1999-06-08,RNGC2,2.419
1999-06-08,RNGC3,2.437
1999-06-08,RNGC4,2.465
1999-06-09,RNGC1,2.46
1999-06-09,RNGC2,2.48
1999-06-09,RNGC3,2.492
1999-06-09,RNGC4,2.512
1999-06-10,RNGC1,2.355
1999-06-10,RNGC2,2.381
1999-06-10,RNGC3,2.404
1999-06-10,RNGC4,2.432
1999-06-11,RNGC1,2.378
1999-06-11,RNGC2,2.405
1999-06-11,RNGC3,2.423
1999-06-11,RNGC4,2.448
1999-06-14,RNGC1,2.372
1999-06-14,RNGC2,2.398
1999-06-14,RNGC3,2.418
1999-06-14,RNGC4,2.443
1999-06-15,RNGC1,2.367
1999-06-15,RNGC2,2.396
1999-06-15,RNGC3,2.414
1999-06-15,RNGC4,2.439
1999-06-16,RNGC1,2.327
1999-06-16,RNGC2,2.356
1999-06-16,RNGC3,2.379
1999-06-16,RNGC4,2.407
1999-06-17,RNGC1,2.285
1999-06-17,RNGC2,2.312
1999-06-17,RNGC3,2.336
1999-06-17,RNGC4,2.365
1999-06-18,RNGC1,2.308
1999-06-18,RNGC2,2.337
1999-06-18,RNGC3,2.357
1999-06-18,RNGC4,2.382
1999-06-21,RNGC1,2.237
1999-06-21,RNGC2,2.268
1999-06-21,RNGC3,2.295
1999-06-21,RNGC4,2.322
1999-06-22,RNGC1,2.238
1999-06-22,RNGC2,2.273
1999-06-22,RNGC3,2.301
1999-06-22,RNGC4,2.325
1999-06-23,RNGC1,2.264
1999-06-23,RNGC2,2.3
1999-06-23,RNGC3,2.326
1999-06-23,RNGC4,2.35
1999-06-24,RNGC1,2.295
1999-06-24,RNGC2,2.332
1999-06-24,RNGC3,2.355
1999-06-24,RNGC4,2.377
1999-06-25,RNGC1,2.258
1999-06-25,RNGC2,2.292
1999-06-25,RNGC3,2.32
1999-06-25,RNGC4,2.349
1999-06-28,RNGC1,2.262
1999-06-28,RNGC2,2.324
1999-06-28,RNGC3,2.349
1999-06-28,RNGC4,2.374
1999-06-29,RNGC1,2.4
1999-06-29,RNGC2,2.419
1999-06-29,RNGC3,2.438
1999-06-29,RNGC4,2.574
1999-06-30,RNGC1,2.394
1999-06-30,RNGC2,2.419
1999-06-30,RNGC3,2.436
1999-06-30,RNGC4,2.576
1999-07-01,RNGC1,2.262
1999-07-01,RNGC2,2.309
1999-07-01,RNGC3,2.333
1999-07-01,RNGC4,2.357
1999-07-02,RNGC1,2.287
1999-07-02,RNGC2,2.308
1999-07-02,RNGC3,2.335
1999-07-02,RNGC4,2.485
1999-07-06,RNGC1,2.191
1999-07-06,RNGC2,2.222
1999-07-06,RNGC3,2.254
1999-07-06,RNGC4,2.42
1999-07-07,RNGC1,2.141
1999-07-07,RNGC2,2.174
1999-07-07,RNGC3,2.212
1999-07-07,RNGC4,2.389
1999-07-08,RNGC1,2.162
1999-07-08,RNGC2,2.189
1999-07-08,RNGC3,2.227
1999-07-08,RNGC4,2.404
1999-07-09,RNGC1,2.163
1999-07-09,RNGC2,2.196
1999-07-09,RNGC3,2.236
1999-07-09,RNGC4,2.416
1999-07-12,RNGC1,2.144
1999-07-12,RNGC2,2.181
1999-07-12,RNGC3,2.224
1999-07-12,RNGC4,2.409
1999-07-13,RNGC1,2.176
1999-07-13,RNGC2,2.214
1999-07-13,RNGC3,2.258
1999-07-13,RNGC4,2.441
1999-07-14,RNGC1,2.146
1999-07-14,RNGC2,2.181
1999-07-14,RNGC3,2.23
1999-07-14,RNGC4,2.422
1999-07-15,RNGC1,2.179
1999-07-15,RNGC2,2.209
1999-07-15,RNGC3,2.254
1999-07-15,RNGC4,2.449
1999-07-16,RNGC1,2.187
1999-07-16,RNGC2,2.216
1999-07-16,RNGC3,2.259
1999-07-16,RNGC4,2.455
1999-07-19,RNGC1,2.207
1999-07-19,RNGC2,2.236
1999-07-19,RNGC3,2.278
1999-07-19,RNGC4,2.475
1999-07-20,RNGC1,2.198
1999-07-20,RNGC2,2.22
1999-07-20,RNGC3,2.267
1999-07-20,RNGC4,2.466
1999-07-21,RNGC1,2.253
1999-07-21,RNGC2,2.272
1999-07-21,RNGC3,2.312
1999-07-21,RNGC4,2.508
1999-07-22,RNGC1,2.395
1999-07-22,RNGC2,2.414
1999-07-22,RNGC3,2.439
1999-07-22,RNGC4,2.605
1999-07-23,RNGC1,2.528
1999-07-23,RNGC2,2.562
1999-07-23,RNGC3,2.577
1999-07-23,RNGC4,2.719
1999-07-26,RNGC1,2.542
1999-07-26,RNGC2,2.577
1999-07-26,RNGC3,2.597
1999-07-26,RNGC4,2.734
1999-07-27,RNGC1,2.574
1999-07-27,RNGC2,2.611
1999-07-27,RNGC3,2.631
1999-07-27,RNGC4,2.755
1999-07-28,RNGC1,2.601
1999-07-28,RNGC2,2.606
1999-07-28,RNGC3,2.623
1999-07-28,RNGC4,2.738
1999-07-29,RNGC1,2.569
1999-07-29,RNGC2,2.586
1999-07-29,RNGC3,2.708
1999-07-29,RNGC4,2.843
1999-07-30,RNGC1,2.543
1999-07-30,RNGC2,2.566
1999-07-30,RNGC3,2.7
1999-07-30,RNGC4,2.845
1999-08-02,RNGC1,2.575
1999-08-02,RNGC2,2.594
1999-08-02,RNGC3,2.724
1999-08-02,RNGC4,2.867
1999-08-03,RNGC1,2.598
1999-08-03,RNGC2,2.624
1999-08-03,RNGC3,2.752
1999-08-03,RNGC4,2.892
1999-08-04,RNGC1,2.642
1999-08-04,RNGC2,2.665
1999-08-04,RNGC3,2.785
1999-08-04,RNGC4,2.917
1999-08-05,RNGC1,2.647
1999-08-05,RNGC2,2.666
1999-08-05,RNGC3,2.785
1999-08-05,RNGC4,2.922
1999-08-06,RNGC1,2.698
1999-08-06,RNGC2,2.721
1999-08-06,RNGC3,2.831
1999-08-06,RNGC4,2.956
1999-08-09,RNGC1,2.721
1999-08-09,RNGC2,2.754
1999-08-09,RNGC3,2.854
1999-08-09,RNGC4,2.974
1999-08-10,RNGC1,2.748
1999-08-10,RNGC2,2.779
1999-08-10,RNGC3,2.876
1999-08-10,RNGC4,2.991
1999-08-11,RNGC1,2.704
1999-08-11,RNGC2,2.741
1999-08-11,RNGC3,2.853
1999-08-11,RNGC4,2.975
1999-08-12,RNGC1,2.723
1999-08-12,RNGC2,2.755
1999-08-12,RNGC3,2.871
1999-08-12,RNGC4,2.988
1999-08-13,RNGC1,2.745
1999-08-13,RNGC2,2.777
1999-08-13,RNGC3,2.89
1999-08-13,RNGC4,3.007
1999-08-16,RNGC1,2.7
1999-08-16,RNGC2,2.738
1999-08-16,RNGC3,2.865
1999-08-16,RNGC4,2.992
1999-08-17,RNGC1,2.708
1999-08-17,RNGC2,2.747
1999-08-17,RNGC3,2.874
1999-08-17,RNGC4,2.998
1999-08-18,RNGC1,2.792
1999-08-18,RNGC2,2.832
1999-08-18,RNGC3,2.945
1999-08-18,RNGC4,3.06
1999-08-19,RNGC1,2.898
1999-08-19,RNGC2,2.927
1999-08-19,RNGC3,3.031
1999-08-19,RNGC4,3.139
1999-08-20,RNGC1,2.938
1999-08-20,RNGC2,2.964
1999-08-20,RNGC3,3.065
1999-08-20,RNGC4,3.17
1999-08-23,RNGC1,3.064
1999-08-23,RNGC2,3.08
1999-08-23,RNGC3,3.185
1999-08-23,RNGC4,3.285
1999-08-24,RNGC1,3.059
1999-08-24,RNGC2,3.082
1999-08-24,RNGC3,3.182
1999-08-24,RNGC4,3.277
1999-08-25,RNGC1,3.03
1999-08-25,RNGC2,3.047
1999-08-25,RNGC3,3.15
1999-08-25,RNGC4,3.245
1999-08-26,RNGC1,2.948
1999-08-26,RNGC2,2.97
1999-08-26,RNGC3,3.078
1999-08-26,RNGC4,3.175
1999-08-27,RNGC1,2.912
1999-08-27,RNGC2,2.922
1999-08-27,RNGC3,3.027
1999-08-27,RNGC4,3.126
1999-08-30,RNGC1,2.969
1999-08-30,RNGC2,3.07
1999-08-30,RNGC3,3.171
1999-08-30,RNGC4,3.188
1999-08-31,RNGC1,2.825
1999-08-31,RNGC2,2.955
1999-08-31,RNGC3,3.07
1999-08-31,RNGC4,3.093
1999-09-01,RNGC1,2.737
1999-09-01,RNGC2,2.879
1999-09-01,RNGC3,3.006
1999-09-01,RNGC4,3.038
1999-09-02,RNGC1,2.471
1999-09-02,RNGC2,2.628
1999-09-02,RNGC3,2.856
1999-09-02,RNGC4,2.888
1999-09-03,RNGC1,2.561
1999-09-03,RNGC2,2.721
1999-09-03,RNGC3,2.862
1999-09-03,RNGC4,2.9
1999-09-07,RNGC1,2.677
1999-09-07,RNGC2,2.84
1999-09-07,RNGC3,2.978
1999-09-07,RNGC4,3.008
1999-09-08,RNGC1,2.612
1999-09-08,RNGC2,2.781
1999-09-08,RNGC3,2.918
1999-09-08,RNGC4,2.952
1999-09-09,RNGC1,2.851
1999-09-09,RNGC2,2.985
1999-09-09,RNGC3,3.068
1999-09-09,RNGC4,3.102
1999-09-10,RNGC1,2.801
1999-09-10,RNGC2,2.94
1999-09-10,RNGC3,3.057
1999-09-10,RNGC4,3.08
1999-09-13,RNGC1,2.781
1999-09-13,RNGC2,2.926
1999-09-13,RNGC3,3.048
1999-09-13,RNGC4,3.073
1999-09-14,RNGC1,2.636
1999-09-14,RNGC2,2.809
1999-09-14,RNGC3,2.944
1999-09-14,RNGC4,2.979
1999-09-15,RNGC1,2.628
1999-09-15,RNGC2,2.806
1999-09-15,RNGC3,2.946
1999-09-15,RNGC4,2.976
1999-09-16,RNGC1,2.546
1999-09-16,RNGC2,2.747
1999-09-16,RNGC3,2.897
1999-09-16,RNGC4,2.935
1999-09-17,RNGC1,2.608
1999-09-17,RNGC2,2.814
1999-09-17,RNGC3,2.974
1999-09-17,RNGC4,3.002
1999-09-20,RNGC1,2.519
1999-09-20,RNGC2,2.75
1999-09-20,RNGC3,2.94
1999-09-20,RNGC4,2.968
1999-09-21,RNGC1,2.427
1999-09-21,RNGC2,2.669
1999-09-21,RNGC3,2.866
1999-09-21,RNGC4,2.905
1999-09-22,RNGC1,2.426
1999-09-22,RNGC2,2.676
1999-09-22,RNGC3,2.875
1999-09-22,RNGC4,2.913
1999-09-23,RNGC1,2.697
1999-09-23,RNGC2,2.928
1999-09-23,RNGC3,3.025
1999-09-23,RNGC4,3.063
1999-09-24,RNGC1,2.63
1999-09-24,RNGC2,2.913
1999-09-24,RNGC3,3.065
1999-09-24,RNGC4,3.085
1999-09-27,RNGC1,2.632
1999-09-27,RNGC2,2.931
1999-09-27,RNGC3,3.126
1999-09-27,RNGC4,3.145
1999-09-28,RNGC1,2.56
1999-09-28,RNGC2,2.855
1999-09-28,RNGC3,3.056
1999-09-28,RNGC4,3.091
1999-09-29,RNGC1,2.824
1999-09-29,RNGC2,3.019
1999-09-29,RNGC3,3.049
1999-09-29,RNGC4,2.864
1999-09-30,RNGC1,2.744
1999-09-30,RNGC2,2.94
1999-09-30,RNGC3,2.97
1999-09-30,RNGC4,2.815
1999-10-01,RNGC1,2.793
1999-10-01,RNGC2,2.977
1999-10-01,RNGC3,2.999
1999-10-01,RNGC4,2.839
1999-10-04,RNGC1,2.625
1999-10-04,RNGC2,2.834
1999-10-04,RNGC3,2.873
1999-10-04,RNGC4,2.751
1999-10-05,RNGC1,2.586
1999-10-05,RNGC2,2.802
1999-10-05,RNGC3,2.85
1999-10-05,RNGC4,2.725
1999-10-06,RNGC1,2.601
1999-10-06,RNGC2,2.801
1999-10-06,RNGC3,2.853
1999-10-06,RNGC4,2.725
1999-10-07,RNGC1,2.642
1999-10-07,RNGC2,2.84
1999-10-07,RNGC3,2.877
1999-10-07,RNGC4,2.747
1999-10-08,RNGC1,2.692
1999-10-08,RNGC2,2.883
1999-10-08,RNGC3,2.913
1999-10-11,RNGC1,2.825
1999-10-11,RNGC2,3.013
1999-10-11,RNGC3,3.031
1999-10-11,RNGC4,2.873
1999-10-12,RNGC1,2.927
1999-10-12,RNGC2,3.118
1999-10-12,RNGC3,3.133
1999-10-12,RNGC4,2.953
1999-10-13,RNGC1,2.97
1999-10-13,RNGC2,3.159
1999-10-13,RNGC3,3.172
1999-10-13,RNGC4,2.982
1999-10-14,RNGC1,2.834
1999-10-14,RNGC2,3.051
1999-10-14,RNGC3,3.082
1999-10-14,RNGC4,2.907
1999-10-15,RNGC1,2.975
1999-10-15,RNGC2,3.177
1999-10-15,RNGC3,3.19
1999-10-15,RNGC4,2.99
1999-10-18,RNGC1,2.92
1999-10-18,RNGC2,3.14
1999-10-18,RNGC3,3.16
1999-10-18,RNGC4,2.965
1999-10-19,RNGC1,3.007
1999-10-19,RNGC2,3.195
1999-10-19,RNGC3,3.21
1999-10-19,RNGC4,3.01
1999-10-20,RNGC1,2.978
1999-10-20,RNGC2,3.144
1999-10-20,RNGC3,3.162
1999-10-20,RNGC4,2.977
1999-10-21,RNGC1,3.064
1999-10-21,RNGC2,3.187
1999-10-21,RNGC3,3.2
1999-10-21,RNGC4,3.01
1999-10-22,RNGC1,3.072
1999-10-22,RNGC2,3.183
1999-10-22,RNGC3,3.188
1999-10-22,RNGC4,3.005
1999-10-25,RNGC1,3.016
1999-10-25,RNGC2,3.122
1999-10-25,RNGC3,3.137
1999-10-25,RNGC4,2.97
1999-10-26,RNGC1,3.011
1999-10-26,RNGC2,3.148
1999-10-26,RNGC3,3.158
1999-10-26,RNGC4,2.987
1999-10-27,RNGC1,3.092
1999-10-27,RNGC2,3.223
1999-10-27,RNGC3,3.23
1999-10-27,RNGC4,3.05
1999-10-28,RNGC1,2.965
1999-10-28,RNGC2,2.994
1999-10-28,RNGC3,2.9
1999-10-28,RNGC4,2.712
1999-10-29,RNGC1,2.961
1999-10-29,RNGC2,2.983
1999-10-29,RNGC3,2.848
1999-10-29,RNGC4,2.698
1999-11-01,RNGC1,2.914
1999-11-01,RNGC2,2.934
1999-11-01,RNGC3,2.799
1999-11-01,RNGC4,2.66
1999-11-02,RNGC1,2.837
1999-11-02,RNGC2,2.872
1999-11-02,RNGC3,2.742
1999-11-02,RNGC4,2.612
1999-11-03,RNGC1,2.873
1999-11-03,RNGC2,2.902
1999-11-03,RNGC3,2.772
1999-11-03,RNGC4,2.64
1999-11-04,RNGC1,2.826
1999-11-04,RNGC2,2.861
1999-11-04,RNGC3,2.732
1999-11-04,RNGC4,2.609
1999-11-05,RNGC1,2.884
1999-11-05,RNGC2,2.928
1999-11-05,RNGC3,2.784
1999-11-05,RNGC4,2.649
1999-11-08,RNGC1,2.665
1999-11-08,RNGC2,2.746
1999-11-08,RNGC3,2.646
1999-11-08,RNGC4,2.55
1999-11-09,RNGC1,2.643
1999-11-09,RNGC2,2.735
1999-11-09,RNGC3,2.647
1999-11-09,RNGC4,2.559
1999-11-10,RNGC1,2.657
1999-11-10,RNGC2,2.763
1999-11-10,RNGC3,2.673
1999-11-10,RNGC4,2.58
1999-11-11,RNGC1,2.522
1999-11-11,RNGC2,2.669
1999-11-11,RNGC3,2.614
1999-11-11,RNGC4,2.544
1999-11-12,RNGC1,2.649
1999-11-12,RNGC2,2.788
1999-11-12,RNGC3,2.725
1999-11-12,RNGC4,2.635
1999-11-15,RNGC1,2.524
1999-11-15,RNGC2,2.681
1999-11-15,RNGC3,2.64
1999-11-15,RNGC4,2.565
1999-11-16,RNGC1,2.451
1999-11-16,RNGC2,2.596
1999-11-16,RNGC3,2.567
1999-11-16,RNGC4,2.505
1999-11-17,RNGC1,2.456
1999-11-17,RNGC2,2.592
1999-11-17,RNGC3,2.56
1999-11-17,RNGC4,2.5
1999-11-18,RNGC1,2.496
1999-11-18,RNGC2,2.606
1999-11-18,RNGC3,2.573
1999-11-18,RNGC4,2.505
1999-11-19,RNGC1,2.434
1999-11-19,RNGC2,2.564
1999-11-19,RNGC3,2.539
1999-11-19,RNGC4,2.477
1999-11-22,RNGC1,2.197
1999-11-22,RNGC2,2.372
1999-11-22,RNGC3,2.389
1999-11-22,RNGC4,2.347
1999-11-23,RNGC1,2.189
1999-11-23,RNGC2,2.375
1999-11-23,RNGC3,2.372
1999-11-23,RNGC4,2.337
1999-11-24,RNGC1,2.12
1999-11-24,RNGC2,2.33
1999-11-24,RNGC3,2.335
1999-11-24,RNGC4,2.302
1999-11-29,RNGC1,2.352
1999-11-29,RNGC2,2.36
1999-11-29,RNGC3,2.325
1999-11-29,RNGC4,2.308
1999-11-30,RNGC1,2.304
1999-11-30,RNGC2,2.319
1999-11-30,RNGC3,2.294
1999-11-30,RNGC4,2.279
1999-12-01,RNGC1,2.393
1999-12-01,RNGC2,2.392
1999-12-01,RNGC3,2.35
1999-12-01,RNGC4,2.318
1999-12-02,RNGC1,2.461
1999-12-02,RNGC2,2.438
1999-12-02,RNGC3,2.383
1999-12-02,RNGC4,2.34
1999-12-03,RNGC1,2.331
1999-12-03,RNGC2,2.335
1999-12-03,RNGC3,2.305
1999-12-03,RNGC4,2.283
1999-12-06,RNGC1,2.224
1999-12-06,RNGC2,2.242
1999-12-06,RNGC3,2.242
1999-12-06,RNGC4,2.24
1999-12-07,RNGC1,2.271
1999-12-07,RNGC2,2.293
1999-12-07,RNGC3,2.288
1999-12-07,RNGC4,2.28
1999-12-08,RNGC1,2.288
1999-12-08,RNGC2,2.316
1999-12-08,RNGC3,2.31
1999-12-08,RNGC4,2.299
1999-12-09,RNGC1,2.285
1999-12-09,RNGC2,2.322
1999-12-09,RNGC3,2.32
1999-12-09,RNGC4,2.305
1999-12-10,RNGC1,2.446
1999-12-10,RNGC2,2.459
1999-12-10,RNGC3,2.439
1999-12-10,RNGC4,2.414
1999-12-13,RNGC1,2.509
1999-12-13,RNGC2,2.515
1999-12-13,RNGC3,2.477
1999-12-13,RNGC4,2.442
1999-12-14,RNGC1,2.585
1999-12-14,RNGC2,2.589
1999-12-14,RNGC3,2.539
1999-12-14,RNGC4,2.492
1999-12-15,RNGC1,2.486
1999-12-15,RNGC2,2.513
1999-12-15,RNGC3,2.479
1999-12-15,RNGC4,2.442
1999-12-16,RNGC1,2.636
1999-12-16,RNGC2,2.634
1999-12-16,RNGC3,2.577
1999-12-16,RNGC4,2.52
1999-12-17,RNGC1,2.655
1999-12-17,RNGC2,2.626
1999-12-17,RNGC3,2.561
1999-12-17,RNGC4,2.51
1999-12-20,RNGC1,2.629
1999-12-20,RNGC2,2.609
1999-12-20,RNGC3,2.554
1999-12-20,RNGC4,2.503
1999-12-21,RNGC1,2.522
1999-12-21,RNGC2,2.519
1999-12-21,RNGC3,2.477
1999-12-21,RNGC4,2.44
1999-12-22,RNGC1,2.444
1999-12-22,RNGC2,2.445
1999-12-22,RNGC3,2.42
1999-12-22,RNGC4,2.395
1999-12-23,RNGC1,2.399
1999-12-23,RNGC2,2.396
1999-12-23,RNGC3,2.388
1999-12-23,RNGC4,2.38
1999-12-27,RNGC1,2.271
1999-12-27,RNGC2,2.296
1999-12-27,RNGC3,2.295
1999-12-27,RNGC4,2.293
1999-12-28,RNGC1,2.344
1999-12-28,RNGC2,2.369
1999-12-28,RNGC3,2.354
1999-12-28,RNGC4,2.34
1999-12-29,RNGC1,2.394
1999-12-29,RNGC2,2.39
1999-12-29,RNGC3,2.377
1999-12-29,RNGC4,2.372
1999-12-30,RNGC1,2.329
1999-12-30,RNGC2,2.328
1999-12-30,RNGC3,2.328
1999-12-30,RNGC4,2.338
2000-01-04,RNGC1,2.176
2000-01-04,RNGC2,2.204
2000-01-04,RNGC3,2.224
2000-01-04,RNGC4,2.249
2000-01-05,RNGC1,2.168
2000-01-05,RNGC2,2.201
2000-01-05,RNGC3,2.226
2000-01-05,RNGC4,2.251
2000-01-06,RNGC1,2.196
2000-01-06,RNGC2,2.237
2000-01-06,RNGC3,2.26
2000-01-06,RNGC4,2.283
2000-01-07,RNGC1,2.173
2000-01-07,RNGC2,2.221
2000-01-07,RNGC3,2.246
2000-01-07,RNGC4,2.27
2000-01-10,RNGC1,2.216
2000-01-10,RNGC2,2.253
2000-01-10,RNGC3,2.273
2000-01-10,RNGC4,2.293
2000-01-11,RNGC1,2.26
2000-01-11,RNGC2,2.29
2000-01-11,RNGC3,2.308
2000-01-11,RNGC4,2.326
2000-01-12,RNGC1,2.244
2000-01-12,RNGC2,2.283
2000-01-12,RNGC3,2.306
2000-01-12,RNGC4,2.326
2000-01-13,RNGC1,2.252
2000-01-13,RNGC2,2.29
2000-01-13,RNGC3,2.31
2000-01-13,RNGC4,2.329
2000-01-14,RNGC1,2.322
2000-01-14,RNGC2,2.354
2000-01-14,RNGC3,2.369
2000-01-14,RNGC4,2.383
2000-01-18,RNGC1,2.383
2000-01-18,RNGC2,2.406
2000-01-18,RNGC3,2.419
2000-01-18,RNGC4,2.432
2000-01-19,RNGC1,2.417
2000-01-19,RNGC2,2.44
2000-01-19,RNGC3,2.453
2000-01-19,RNGC4,2.467
2000-01-20,RNGC1,2.559
2000-01-20,RNGC2,2.57
2000-01-20,RNGC3,2.572
2000-01-20,RNGC4,2.574
2000-01-21,RNGC1,2.485
2000-01-21,RNGC2,2.482
2000-01-21,RNGC3,2.487
2000-01-21,RNGC4,2.495
2000-01-24,RNGC1,2.528
2000-01-24,RNGC2,2.508
2000-01-24,RNGC3,2.502
2000-01-24,RNGC4,2.505
2000-01-25,RNGC1,2.616
2000-01-25,RNGC2,2.583
2000-01-25,RNGC3,2.548
2000-01-25,RNGC4,2.54
2000-01-26,RNGC1,2.523
2000-01-26,RNGC2,2.491
2000-01-26,RNGC3,2.46
2000-01-26,RNGC4,2.468
2000-01-27,RNGC1,2.61
2000-01-27,RNGC2,2.549
2000-01-27,RNGC3,2.5
2000-01-27,RNGC4,2.495
2000-01-28,RNGC1,2.532
2000-01-28,RNGC2,2.501
2000-01-28,RNGC3,2.498
2000-01-28,RNGC4,2.502
2000-01-31,RNGC1,2.662
2000-01-31,RNGC2,2.593
2000-01-31,RNGC3,2.566
2000-01-31,RNGC4,2.561
2000-02-01,RNGC1,2.699
2000-02-01,RNGC2,2.61
2000-02-01,RNGC3,2.572
2000-02-01,RNGC4,2.565
2000-02-02,RNGC1,2.759
2000-02-02,RNGC2,2.636
2000-02-02,RNGC3,2.586
2000-02-02,RNGC4,2.576
2000-02-03,RNGC1,2.659
2000-02-03,RNGC2,2.569
2000-02-03,RNGC3,2.545
2000-02-03,RNGC4,2.54
2000-02-04,RNGC1,2.742
2000-02-04,RNGC2,2.643
2000-02-04,RNGC3,2.593
2000-02-04,RNGC4,2.583
2000-02-07,RNGC1,2.562
2000-02-07,RNGC2,2.508
2000-02-07,RNGC3,2.496
2000-02-07,RNGC4,2.506
2000-02-08,RNGC1,2.495
2000-02-08,RNGC2,2.462
2000-02-08,RNGC3,2.459
2000-02-08,RNGC4,2.477
2000-02-09,RNGC1,2.54
2000-02-09,RNGC2,2.507
2000-02-09,RNGC3,2.499
2000-02-09,RNGC4,2.512
2000-02-10,RNGC1,2.592
2000-02-10,RNGC2,2.578
2000-02-10,RNGC3,2.566
2000-02-10,RNGC4,2.578
2000-02-11,RNGC1,2.57
2000-02-11,RNGC2,2.58
2000-02-11,RNGC3,2.575
2000-02-11,RNGC4,2.59
2000-02-14,RNGC1,2.541
2000-02-14,RNGC2,2.554
2000-02-14,RNGC3,2.56
2000-02-14,RNGC4,2.577
2000-02-15,RNGC1,2.618
2000-02-15,RNGC2,2.628
2000-02-15,RNGC3,2.63
2000-02-15,RNGC4,2.643
2000-02-16,RNGC1,2.564
2000-02-16,RNGC2,2.587
2000-02-16,RNGC3,2.6
2000-02-16,RNGC4,2.613
2000-02-17,RNGC1,2.667
2000-02-17,RNGC2,2.685
2000-02-17,RNGC3,2.685
2000-02-17,RNGC4,2.688
2000-02-18,RNGC1,2.633
2000-02-18,RNGC2,2.65
2000-02-18,RNGC3,2.654
2000-02-18,RNGC4,2.658
2000-02-22,RNGC1,2.515
2000-02-22,RNGC2,2.544
2000-02-22,RNGC3,2.564
2000-02-22,RNGC4,2.584
2000-02-23,RNGC1,2.53
2000-02-23,RNGC2,2.541
2000-02-23,RNGC3,2.564
2000-02-23,RNGC4,2.584
2000-02-24,RNGC1,2.549
2000-02-24,RNGC2,2.556
2000-02-24,RNGC3,2.576
2000-02-24,RNGC4,2.596
2000-02-25,RNGC1,2.603
2000-02-25,RNGC2,2.617
2000-02-25,RNGC3,2.634
2000-02-25,RNGC4,2.653
2000-02-28,RNGC1,2.686
2000-02-28,RNGC2,2.695
2000-02-28,RNGC3,2.705
2000-02-28,RNGC4,2.72
2000-02-29,RNGC1,2.761
2000-02-29,RNGC2,2.771
2000-02-29,RNGC3,2.776
2000-02-29,RNGC4,2.786
2000-03-01,RNGC1,2.815
2000-03-01,RNGC2,2.824
2000-03-01,RNGC3,2.83
2000-03-01,RNGC4,2.84
2000-03-02,RNGC1,2.783
2000-03-02,RNGC2,2.804
2000-03-02,RNGC3,2.82
2000-03-02,RNGC4,2.832
2000-03-03,RNGC1,2.825
2000-03-03,RNGC2,2.847
2000-03-03,RNGC3,2.857
2000-03-03,RNGC4,2.867
2000-03-06,RNGC1,2.85
2000-03-06,RNGC2,2.882
2000-03-06,RNGC3,2.892
2000-03-06,RNGC4,2.902
2000-03-07,RNGC1,2.799
2000-03-07,RNGC2,2.837
2000-03-07,RNGC3,2.852
2000-03-07,RNGC4,2.867
2000-03-08,RNGC1,2.71
2000-03-08,RNGC2,2.747
2000-03-08,RNGC3,2.77
2000-03-08,RNGC4,2.789
2000-03-09,RNGC1,2.786
2000-03-09,RNGC2,2.816
2000-03-09,RNGC3,2.833
2000-03-09,RNGC4,2.846
2000-03-10,RNGC1,2.774
2000-03-10,RNGC2,2.804
2000-03-10,RNGC3,2.82
2000-03-10,RNGC4,2.836
2000-03-13,RNGC1,2.86
2000-03-13,RNGC2,2.882
2000-03-13,RNGC3,2.892
2000-03-13,RNGC4,2.902
2000-03-14,RNGC1,2.809
2000-03-14,RNGC2,2.834
2000-03-14,RNGC3,2.852
2000-03-14,RNGC4,2.87
2000-03-15,RNGC1,2.866
2000-03-15,RNGC2,2.881
2000-03-15,RNGC3,2.896
2000-03-15,RNGC4,2.91
2000-03-16,RNGC1,2.851
2000-03-16,RNGC2,2.876
2000-03-16,RNGC3,2.889
2000-03-16,RNGC4,2.902
2000-03-17,RNGC1,2.785
2000-03-17,RNGC2,2.82
2000-03-17,RNGC3,2.84
2000-03-17,RNGC4,2.855
2000-03-20,RNGC1,2.714
2000-03-20,RNGC2,2.744
2000-03-20,RNGC3,2.771
2000-03-20,RNGC4,2.793
2000-03-21,RNGC1,2.751
2000-03-21,RNGC2,2.781
2000-03-21,RNGC3,2.803
2000-03-21,RNGC4,2.823
2000-03-22,RNGC1,2.794
2000-03-22,RNGC2,2.825
2000-03-22,RNGC3,2.843
2000-03-22,RNGC4,2.862
2000-03-23,RNGC1,2.847
2000-03-23,RNGC2,2.876
2000-03-23,RNGC3,2.892
2000-03-23,RNGC4,2.908
2000-03-24,RNGC1,2.836
2000-03-24,RNGC2,2.862
2000-03-24,RNGC3,2.88
2000-03-24,RNGC4,2.895
2000-03-27,RNGC1,2.914
2000-03-27,RNGC2,2.938
2000-03-27,RNGC3,2.953
2000-03-27,RNGC4,2.965
2000-03-28,RNGC1,2.963
2000-03-28,RNGC2,2.971
2000-03-28,RNGC3,2.986
2000-03-28,RNGC4,2.998
2000-03-29,RNGC1,2.9
2000-03-29,RNGC2,2.908
2000-03-29,RNGC3,2.928
2000-03-29,RNGC4,2.943
2000-03-30,RNGC1,2.873
2000-03-30,RNGC2,2.89
2000-03-30,RNGC3,2.906
2000-03-30,RNGC4,2.921
2000-03-31,RNGC1,2.945
2000-03-31,RNGC2,2.955
2000-03-31,RNGC3,2.966
2000-03-31,RNGC4,2.978
2000-04-03,RNGC1,2.889
2000-04-03,RNGC2,2.911
2000-04-03,RNGC3,2.925
2000-04-03,RNGC4,2.938
2000-04-04,RNGC1,2.822
2000-04-04,RNGC2,2.844
2000-04-04,RNGC3,2.862
2000-04-04,RNGC4,2.877
2000-04-05,RNGC1,2.888
2000-04-05,RNGC2,2.905
2000-04-05,RNGC3,2.921
2000-04-05,RNGC4,2.931
2000-04-06,RNGC1,2.956
2000-04-06,RNGC2,2.97
2000-04-06,RNGC3,2.983
2000-04-06,RNGC4,2.988
2000-04-07,RNGC1,2.971
2000-04-07,RNGC2,2.992
2000-04-07,RNGC3,3.007
2000-04-07,RNGC4,3.013
2000-04-10,RNGC1,2.971
2000-04-10,RNGC2,2.993
2000-04-10,RNGC3,3.008
2000-04-10,RNGC4,3.016
2000-04-11,RNGC1,2.949
2000-04-11,RNGC2,2.971
2000-04-11,RNGC3,2.986
2000-04-11,RNGC4,2.995
2000-04-12,RNGC1,3.021
2000-04-12,RNGC2,3.038
2000-04-12,RNGC3,3.049
2000-04-12,RNGC4,3.051
2000-04-13,RNGC1,3.087
2000-04-13,RNGC2,3.102
2000-04-13,RNGC3,3.114
2000-04-13,RNGC4,3.114
2000-04-14,RNGC1,3.078
2000-04-14,RNGC2,3.089
2000-04-14,RNGC3,3.102
2000-04-14,RNGC4,3.105
2000-04-17,RNGC1,3.158
2000-04-17,RNGC2,3.172
2000-04-17,RNGC3,3.181
2000-04-17,RNGC4,3.183
2000-04-18,RNGC1,3.098
2000-04-18,RNGC2,3.118
2000-04-18,RNGC3,3.13
2000-04-18,RNGC4,3.137
2000-04-19,RNGC1,3.055
2000-04-19,RNGC2,3.075
2000-04-19,RNGC3,3.09
2000-04-19,RNGC4,3.102
2000-04-20,RNGC1,3.073
2000-04-20,RNGC2,3.088
2000-04-20,RNGC3,3.102
2000-04-20,RNGC4,3.115
2000-04-24,RNGC1,3.137
2000-04-24,RNGC2,3.151
2000-04-24,RNGC3,3.161
2000-04-24,RNGC4,3.168
2000-04-25,RNGC1,3.11
2000-04-25,RNGC2,3.124
2000-04-25,RNGC3,3.138
2000-04-25,RNGC4,3.145
2000-04-26,RNGC1,3.089
2000-04-26,RNGC2,3.09
2000-04-26,RNGC3,3.105
2000-04-26,RNGC4,3.117
2000-04-27,RNGC1,3.055
2000-04-27,RNGC2,3.074
2000-04-27,RNGC3,3.088
2000-04-27,RNGC4,3.085
2000-04-28,RNGC1,3.141
2000-04-28,RNGC2,3.158
2000-04-28,RNGC3,3.166
2000-04-28,RNGC4,3.16
2000-05-01,RNGC1,3.216
2000-05-01,RNGC2,3.236
2000-05-01,RNGC3,3.243
2000-05-01,RNGC4,3.236
2000-05-02,RNGC1,3.217
2000-05-02,RNGC2,3.235
2000-05-02,RNGC3,3.244
2000-05-02,RNGC4,3.239
2000-05-03,RNGC1,3.126
2000-05-03,RNGC2,3.149
2000-05-03,RNGC3,3.164
2000-05-03,RNGC4,3.164
2000-05-04,RNGC1,3.107
2000-05-04,RNGC2,3.13
2000-05-04,RNGC3,3.145
2000-05-04,RNGC4,3.145
2000-05-05,RNGC1,3.025
2000-05-05,RNGC2,3.056
2000-05-05,RNGC3,3.074
2000-05-05,RNGC4,3.076
2000-05-08,RNGC1,3.17
2000-05-08,RNGC2,3.193
2000-05-08,RNGC3,3.203
2000-05-08,RNGC4,3.196
2000-05-09,RNGC1,3.183
2000-05-09,RNGC2,3.206
2000-05-09,RNGC3,3.217
2000-05-09,RNGC4,3.21
2000-05-10,RNGC1,3.317
2000-05-10,RNGC2,3.338
2000-05-10,RNGC3,3.343
2000-05-10,RNGC4,3.333
2000-05-11,RNGC1,3.352
2000-05-11,RNGC2,3.374
2000-05-11,RNGC3,3.387
2000-05-11,RNGC4,3.38
2000-05-12,RNGC1,3.354
2000-05-12,RNGC2,3.378
2000-05-12,RNGC3,3.394
2000-05-12,RNGC4,3.388
2000-05-15,RNGC1,3.396
2000-05-15,RNGC2,3.424
2000-05-15,RNGC3,3.443
2000-05-15,RNGC4,3.438
2000-05-16,RNGC1,3.448
2000-05-16,RNGC2,3.475
2000-05-16,RNGC3,3.497
2000-05-16,RNGC4,3.495
2000-05-17,RNGC1,3.689
2000-05-17,RNGC2,3.711
2000-05-17,RNGC3,3.725
2000-05-17,RNGC4,3.718
2000-05-18,RNGC1,3.71
2000-05-18,RNGC2,3.718
2000-05-18,RNGC3,3.728
2000-05-18,RNGC4,3.72
2000-05-19,RNGC1,3.825
2000-05-19,RNGC2,3.841
2000-05-19,RNGC3,3.846
2000-05-19,RNGC4,3.836
2000-05-22,RNGC1,3.747
2000-05-22,RNGC2,3.759
2000-05-22,RNGC3,3.773
2000-05-22,RNGC4,3.765
2000-05-23,RNGC1,3.814
2000-05-23,RNGC2,3.82
2000-05-23,RNGC3,3.828
2000-05-23,RNGC4,3.818
2000-05-24,RNGC1,4.073
2000-05-24,RNGC2,4.072
2000-05-24,RNGC3,4.077
2000-05-24,RNGC4,4.06
2000-05-25,RNGC1,4.236
2000-05-25,RNGC2,4.228
2000-05-25,RNGC3,4.228
2000-05-25,RNGC4,4.208
2000-05-26,RNGC1,4.406
2000-05-26,RNGC2,4.268
2000-05-26,RNGC3,4.268
2000-05-26,RNGC4,4.25
2000-05-30,RNGC1,4.354
2000-05-30,RNGC2,4.34
2000-05-30,RNGC3,4.32
2000-05-30,RNGC4,4.335
2000-05-31,RNGC1,4.356
2000-05-31,RNGC2,4.343
2000-05-31,RNGC3,4.328
2000-05-31,RNGC4,4.343
2000-06-01,RNGC1,4.064
2000-06-01,RNGC2,4.043
2000-06-01,RNGC3,4.033
2000-06-01,RNGC4,4.05
2000-06-02,RNGC1,4.043
2000-06-02,RNGC2,4.022
2000-06-02,RNGC3,4.0
2000-06-02,RNGC4,4.0
2000-06-05,RNGC1,4.398
2000-06-05,RNGC2,4.365
2000-06-05,RNGC3,4.3
2000-06-05,RNGC4,4.3
2000-06-06,RNGC1,4.294
2000-06-06,RNGC2,4.266
2000-06-06,RNGC3,4.231
2000-06-06,RNGC4,4.22
2000-06-07,RNGC1,3.945
2000-06-07,RNGC2,3.929
2000-06-07,RNGC3,3.911
2000-06-07,RNGC4,3.906
2000-06-08,RNGC1,4.133
2000-06-08,RNGC2,4.105
2000-06-08,RNGC3,4.085
2000-06-08,RNGC4,4.075
2000-06-09,RNGC1,4.16
2000-06-09,RNGC2,4.14
2000-06-09,RNGC3,4.115
2000-06-09,RNGC4,4.103
2000-06-12,RNGC1,4.212
2000-06-12,RNGC2,4.198
2000-06-12,RNGC3,4.173
2000-06-12,RNGC4,4.16
2000-06-13,RNGC1,4.158
2000-06-13,RNGC2,4.142
2000-06-13,RNGC3,4.12
2000-06-13,RNGC4,4.108
2000-06-14,RNGC1,4.256
2000-06-14,RNGC2,4.239
2000-06-14,RNGC3,4.213
2000-06-14,RNGC4,4.196
2000-06-15,RNGC1,4.463
2000-06-15,RNGC2,4.422
2000-06-15,RNGC3,4.382
2000-06-15,RNGC4,4.354
2000-06-16,RNGC1,4.488
2000-06-16,RNGC2,4.458
2000-06-16,RNGC3,4.423
2000-06-16,RNGC4,4.401
2000-06-19,RNGC1,4.063
2000-06-19,RNGC2,4.053
2000-06-19,RNGC3,4.123
2000-06-19,RNGC4,4.101
2000-06-20,RNGC1,4.107
2000-06-20,RNGC2,4.103
2000-06-20,RNGC3,4.103
2000-06-20,RNGC4,4.097
2000-06-21,RNGC1,4.378
2000-06-21,RNGC2,4.369
2000-06-21,RNGC3,4.354
2000-06-21,RNGC4,4.337
2000-06-22,RNGC1,4.551
2000-06-22,RNGC2,4.513
2000-06-22,RNGC3,4.493
2000-06-22,RNGC4,4.473
2000-06-23,RNGC1,4.448
2000-06-23,RNGC2,4.416
2000-06-23,RNGC3,4.398
2000-06-23,RNGC4,4.385
2000-06-26,RNGC1,4.56
2000-06-26,RNGC2,4.52
2000-06-26,RNGC3,4.49
2000-06-26,RNGC4,4.47
2000-06-27,RNGC1,4.686
2000-06-27,RNGC2,4.615
2000-06-27,RNGC3,4.58
2000-06-27,RNGC4,4.555
2000-06-28,RNGC1,4.369
2000-06-28,RNGC2,4.397
2000-06-28,RNGC3,4.37
2000-06-28,RNGC4,4.355
2000-06-29,RNGC1,4.423
2000-06-29,RNGC2,4.39
2000-06-29,RNGC3,4.368
2000-06-29,RNGC4,4.423
2000-06-30,RNGC1,4.476
2000-06-30,RNGC2,4.442
2000-06-30,RNGC3,4.411
2000-06-30,RNGC4,4.466
2000-07-05,RNGC1,4.109
2000-07-05,RNGC2,4.091
2000-07-05,RNGC3,4.111
2000-07-05,RNGC4,4.166
2000-07-06,RNGC1,4.066
2000-07-06,RNGC2,4.045
2000-07-06,RNGC3,4.03
2000-07-06,RNGC4,4.1
2000-07-07,RNGC1,4.262
2000-07-07,RNGC2,4.248
2000-07-07,RNGC3,4.23
2000-07-07,RNGC4,4.302
2000-07-10,RNGC1,4.228
2000-07-10,RNGC2,4.222
2000-07-10,RNGC3,4.21
2000-07-10,RNGC4,4.29
2000-07-11,RNGC1,4.257
2000-07-11,RNGC2,4.251
2000-07-11,RNGC3,4.236
2000-07-11,RNGC4,4.306
2000-07-12,RNGC1,4.031
2000-07-12,RNGC2,4.031
2000-07-12,RNGC3,4.021
2000-07-12,RNGC4,4.101
2000-07-13,RNGC1,4.166
2000-07-13,RNGC2,4.162
2000-07-13,RNGC3,4.147
2000-07-13,RNGC4,4.218
2000-07-14,RNGC1,4.15
2000-07-14,RNGC2,4.145
2000-07-14,RNGC3,4.13
2000-07-14,RNGC4,4.205
2000-07-17,RNGC1,4.002
2000-07-17,RNGC2,4.007
2000-07-17,RNGC3,3.994
2000-07-17,RNGC4,4.064
2000-07-18,RNGC1,4.044
2000-07-18,RNGC2,4.041
2000-07-18,RNGC3,4.023
2000-07-18,RNGC4,4.085
2000-07-19,RNGC1,3.884
2000-07-19,RNGC2,3.889
2000-07-19,RNGC3,3.883
2000-07-19,RNGC4,3.955
2000-07-20,RNGC1,3.86
2000-07-20,RNGC2,3.863
2000-07-20,RNGC3,3.86
2000-07-20,RNGC4,3.932
2000-07-21,RNGC1,3.834
2000-07-21,RNGC2,3.837
2000-07-21,RNGC3,3.834
2000-07-21,RNGC4,3.907
2000-07-24,RNGC1,3.715
2000-07-24,RNGC2,3.725
2000-07-24,RNGC3,3.732
2000-07-24,RNGC4,3.81
2000-07-25,RNGC1,3.66
2000-07-25,RNGC2,3.666
2000-07-25,RNGC3,3.68
2000-07-25,RNGC4,3.76
2000-07-26,RNGC1,3.763
2000-07-26,RNGC2,3.793
2000-07-26,RNGC3,3.808
2000-07-26,RNGC4,3.89
2000-07-27,RNGC1,3.82
2000-07-27,RNGC2,3.843
2000-07-27,RNGC3,3.861
2000-07-27,RNGC4,3.951
2000-07-28,RNGC1,3.845
2000-07-28,RNGC2,3.856
2000-07-28,RNGC3,3.956
2000-07-28,RNGC4,4.061
2000-07-31,RNGC1,3.774
2000-07-31,RNGC2,3.798
2000-07-31,RNGC3,3.906
2000-07-31,RNGC4,4.02
2000-08-01,RNGC1,3.987
2000-08-01,RNGC2,3.986
2000-08-01,RNGC3,4.08
2000-08-01,RNGC4,4.18
2000-08-02,RNGC1,4.214
2000-08-02,RNGC2,4.209
2000-08-02,RNGC3,4.297
2000-08-02,RNGC4,4.395
2000-08-03,RNGC1,4.25
2000-08-03,RNGC2,4.252
2000-08-03,RNGC3,4.342
2000-08-03,RNGC4,4.442
2000-08-04,RNGC1,4.296
2000-08-04,RNGC2,4.29
2000-08-04,RNGC3,4.36
2000-08-04,RNGC4,4.44
2000-08-07,RNGC1,4.348
2000-08-07,RNGC2,4.344
2000-08-07,RNGC3,4.39
2000-08-07,RNGC4,4.45
2000-08-08,RNGC1,4.409
2000-08-08,RNGC2,4.402
2000-08-08,RNGC3,4.437
2000-08-08,RNGC4,4.483
2000-08-09,RNGC1,4.419
2000-08-09,RNGC2,4.412
2000-08-09,RNGC3,4.455
2000-08-09,RNGC4,4.505
2000-08-10,RNGC1,4.468
2000-08-10,RNGC2,4.453
2000-08-10,RNGC3,4.488
2000-08-10,RNGC4,4.538
2000-08-11,RNGC1,4.475
2000-08-11,RNGC2,4.461
2000-08-11,RNGC3,4.495
2000-08-11,RNGC4,4.55
2000-08-14,RNGC1,4.318
2000-08-14,RNGC2,4.311
2000-08-14,RNGC3,4.371
2000-08-14,RNGC4,4.445
2000-08-15,RNGC1,4.234
2000-08-15,RNGC2,4.239
2000-08-15,RNGC3,4.299
2000-08-15,RNGC4,4.373
2000-08-16,RNGC1,4.413
2000-08-16,RNGC2,4.42
2000-08-16,RNGC3,4.474
2000-08-16,RNGC4,4.535
2000-08-17,RNGC1,4.406
2000-08-17,RNGC2,4.421
2000-08-17,RNGC3,4.491
2000-08-17,RNGC4,4.575
2000-08-18,RNGC1,4.436
2000-08-18,RNGC2,4.455
2000-08-18,RNGC3,4.53
2000-08-18,RNGC4,4.618
2000-08-21,RNGC1,4.747
2000-08-21,RNGC2,4.752
2000-08-21,RNGC3,4.8
2000-08-21,RNGC4,4.862
2000-08-22,RNGC1,4.52
2000-08-22,RNGC2,4.53
2000-08-22,RNGC3,4.59
2000-08-22,RNGC4,4.665
2000-08-23,RNGC1,4.605
2000-08-23,RNGC2,4.605
2000-08-23,RNGC3,4.652
2000-08-23,RNGC4,4.72
2000-08-24,RNGC1,4.54
2000-08-24,RNGC2,4.553
2000-08-24,RNGC3,4.602
2000-08-24,RNGC4,4.67
2000-08-25,RNGC1,4.628
2000-08-25,RNGC2,4.636
2000-08-25,RNGC3,4.683
2000-08-25,RNGC4,4.75
2000-08-28,RNGC1,4.685
2000-08-28,RNGC2,4.692
2000-08-28,RNGC3,4.736
2000-08-28,RNGC4,4.8
2000-08-29,RNGC1,4.618
2000-08-29,RNGC2,4.643
2000-08-29,RNGC3,4.697
2000-08-29,RNGC4,4.77
2000-08-30,RNGC1,4.801
2000-08-30,RNGC2,4.85
2000-08-30,RNGC3,4.92
2000-08-30,RNGC4,4.861
2000-08-31,RNGC1,4.782
2000-08-31,RNGC2,4.84
2000-08-31,RNGC3,4.91
2000-08-31,RNGC4,4.85
2000-09-01,RNGC1,4.618
2000-09-01,RNGC2,4.835
2000-09-01,RNGC3,4.905
2000-09-01,RNGC4,4.975
2000-09-05,RNGC1,4.95
2000-09-05,RNGC2,5.03
2000-09-05,RNGC3,5.104
2000-09-05,RNGC4,5.043
2000-09-06,RNGC1,5.071
2000-09-06,RNGC2,5.157
2000-09-06,RNGC3,5.233
2000-09-06,RNGC4,5.172
2000-09-07,RNGC1,4.998
2000-09-07,RNGC2,5.1
2000-09-07,RNGC3,5.187
2000-09-07,RNGC4,5.14
2000-09-08,RNGC1,4.88
2000-09-08,RNGC2,4.999
2000-09-08,RNGC3,5.1
2000-09-08,RNGC4,5.07
2000-09-11,RNGC1,5.011
2000-09-11,RNGC2,5.135
2000-09-11,RNGC3,5.235
2000-09-11,RNGC4,5.203
2000-09-12,RNGC1,5.008
2000-09-12,RNGC2,5.105
2000-09-12,RNGC3,5.209
2000-09-12,RNGC4,5.178
2000-09-13,RNGC1,5.055
2000-09-13,RNGC2,5.157
2000-09-13,RNGC3,5.26
2000-09-13,RNGC4,5.225
2000-09-14,RNGC1,5.195
2000-09-14,RNGC2,5.312
2000-09-14,RNGC3,5.412
2000-09-14,RNGC4,5.367
2000-09-15,RNGC1,5.206
2000-09-15,RNGC2,5.3
2000-09-15,RNGC3,5.4
2000-09-15,RNGC4,5.355
2000-09-18,RNGC1,5.295
2000-09-18,RNGC2,5.394
2000-09-18,RNGC3,5.495
2000-09-18,RNGC4,5.445
2000-09-19,RNGC1,5.363
2000-09-19,RNGC2,5.477
2000-09-19,RNGC3,5.585
2000-09-19,RNGC4,5.525
2000-09-20,RNGC1,5.318
2000-09-20,RNGC2,5.433
2000-09-20,RNGC3,5.548
2000-09-20,RNGC4,5.495
2000-09-21,RNGC1,5.287
2000-09-21,RNGC2,5.402
2000-09-21,RNGC3,5.517
2000-09-21,RNGC4,5.47
2000-09-22,RNGC1,5.131
2000-09-22,RNGC2,5.266
2000-09-22,RNGC3,5.383
2000-09-22,RNGC4,5.35
2000-09-25,RNGC1,5.276
2000-09-25,RNGC2,5.412
2000-09-25,RNGC3,5.525
2000-09-25,RNGC4,5.485
2000-09-26,RNGC1,5.324
2000-09-26,RNGC2,5.45
2000-09-26,RNGC3,5.565
2000-09-26,RNGC4,5.525
2000-09-27,RNGC1,5.312
2000-09-27,RNGC2,5.447
2000-09-27,RNGC3,5.562
2000-09-27,RNGC4,5.522
2000-09-28,RNGC1,5.124
2000-09-28,RNGC2,5.231
2000-09-28,RNGC3,5.222
2000-09-28,RNGC4,4.971
2000-09-29,RNGC1,5.186
2000-09-29,RNGC2,5.281
2000-09-29,RNGC3,5.256
2000-09-29,RNGC4,5.026
2000-10-02,RNGC1,5.352
2000-10-02,RNGC2,5.435
2000-10-02,RNGC3,5.4
2000-10-02,RNGC4,5.16
2000-10-03,RNGC1,5.348
2000-10-03,RNGC2,5.438
2000-10-03,RNGC3,5.398
2000-10-03,RNGC4,5.158
2000-10-04,RNGC1,5.29
2000-10-04,RNGC2,5.383
2000-10-04,RNGC3,5.348
2000-10-04,RNGC4,5.118
2000-10-05,RNGC1,5.152
2000-10-05,RNGC2,5.248
2000-10-05,RNGC3,5.215
2000-10-05,RNGC4,5.0
2000-10-06,RNGC1,5.008
2000-10-06,RNGC2,5.113
2000-10-06,RNGC3,5.085
2000-10-06,RNGC4,4.881
2000-10-09,RNGC1,5.15
2000-10-09,RNGC2,5.25
2000-10-09,RNGC3,5.217
2000-10-09,RNGC4,5.007
2000-10-10,RNGC1,5.134
2000-10-10,RNGC2,5.236
2000-10-10,RNGC3,5.211
2000-10-10,RNGC4,5.001
2000-10-11,RNGC1,5.508
2000-10-11,RNGC2,5.599
2000-10-11,RNGC3,5.511
2000-10-11,RNGC4,5.301
2000-10-12,RNGC1,5.63
2000-10-12,RNGC2,5.728
2000-10-12,RNGC3,5.693
2000-10-12,RNGC4,5.442
2000-10-13,RNGC1,5.537
2000-10-13,RNGC2,5.649
2000-10-13,RNGC3,5.624
2000-10-13,RNGC4,5.377
2000-10-16,RNGC1,5.364
2000-10-16,RNGC2,5.492
2000-10-16,RNGC3,5.475
2000-10-16,RNGC4,5.242
2000-10-17,RNGC1,5.439
2000-10-17,RNGC2,5.553
2000-10-17,RNGC3,5.535
2000-10-17,RNGC4,5.295
2000-10-18,RNGC1,5.228
2000-10-18,RNGC2,5.349
2000-10-18,RNGC3,5.344
2000-10-18,RNGC4,5.121
2000-10-19,RNGC1,4.951
2000-10-19,RNGC2,5.071
2000-10-19,RNGC3,5.081
2000-10-19,RNGC4,4.891
2000-10-20,RNGC1,4.937
2000-10-20,RNGC2,5.055
2000-10-20,RNGC3,5.062
2000-10-20,RNGC4,4.875
2000-10-23,RNGC1,5.072
2000-10-23,RNGC2,5.193
2000-10-23,RNGC3,5.2
2000-10-23,RNGC4,5.0
2000-10-24,RNGC1,4.82
2000-10-24,RNGC2,4.94
2000-10-24,RNGC3,4.96
2000-10-24,RNGC4,4.78
2000-10-25,RNGC1,4.659
2000-10-25,RNGC2,4.771
2000-10-25,RNGC3,4.795
2000-10-25,RNGC4,4.612
2000-10-26,RNGC1,4.664
2000-10-26,RNGC2,4.753
2000-10-26,RNGC3,4.777
2000-10-26,RNGC4,4.597
2000-10-27,RNGC1,4.541
2000-10-27,RNGC2,4.652
2000-10-27,RNGC3,4.677
2000-10-27,RNGC4,4.497
2000-10-30,RNGC1,4.485
2000-10-30,RNGC2,4.52
2000-10-30,RNGC3,4.352
2000-10-30,RNGC4,4.157
2000-10-31,RNGC1,4.49
2000-10-31,RNGC2,4.531
2000-10-31,RNGC3,4.381
2000-10-31,RNGC4,4.191
2000-11-01,RNGC1,4.686
2000-11-01,RNGC2,4.726
2000-11-01,RNGC3,4.573
2000-11-01,RNGC4,4.378
2000-11-02,RNGC1,4.76
2000-11-02,RNGC2,4.806
2000-11-02,RNGC3,4.656
2000-11-02,RNGC4,4.471
2000-11-03,RNGC1,4.931
2000-11-03,RNGC2,4.972
2000-11-03,RNGC3,4.802
2000-11-03,RNGC4,4.607
2000-11-06,RNGC1,4.849
2000-11-06,RNGC2,4.904
2000-11-06,RNGC3,4.744
2000-11-06,RNGC4,4.554
2000-11-07,RNGC1,5.081
2000-11-07,RNGC2,5.14
2000-11-07,RNGC3,4.965
2000-11-07,RNGC4,4.762
2000-11-08,RNGC1,5.338
2000-11-08,RNGC2,5.385
2000-11-08,RNGC3,5.18
2000-11-08,RNGC4,4.95
2000-11-09,RNGC1,5.445
2000-11-09,RNGC2,5.486
2000-11-09,RNGC3,5.241
2000-11-09,RNGC4,4.978
2000-11-10,RNGC1,5.456
2000-11-10,RNGC2,5.492
2000-11-10,RNGC3,5.212
2000-11-10,RNGC4,4.912
2000-11-13,RNGC1,5.698
2000-11-13,RNGC2,5.706
2000-11-13,RNGC3,5.386
2000-11-13,RNGC4,5.021
2000-11-14,RNGC1,6.016
2000-11-14,RNGC2,6.002
2000-11-14,RNGC3,5.62
2000-11-14,RNGC4,5.208
2000-11-15,RNGC1,6.265
2000-11-15,RNGC2,6.231
2000-11-15,RNGC3,5.811
2000-11-15,RNGC4,5.351
2000-11-16,RNGC1,5.798
2000-11-16,RNGC2,5.788
2000-11-16,RNGC3,5.511
2000-11-16,RNGC4,5.051
2000-11-17,RNGC1,6.1
2000-11-17,RNGC2,6.083
2000-11-17,RNGC3,5.7
2000-11-17,RNGC4,5.235
2000-11-20,RNGC1,6.249
2000-11-20,RNGC2,6.236
2000-11-20,RNGC3,5.845
2000-11-20,RNGC4,5.318
2000-11-21,RNGC1,6.408
2000-11-21,RNGC2,6.432
2000-11-21,RNGC3,6.037
2000-11-21,RNGC4,5.447
2000-11-22,RNGC1,6.577
2000-11-22,RNGC2,6.584
2000-11-22,RNGC3,6.244
2000-11-22,RNGC4,5.6
2000-11-27,RNGC1,6.368
2000-11-27,RNGC2,6.473
2000-11-27,RNGC3,6.21
2000-11-27,RNGC4,5.63
2000-11-28,RNGC1,6.016
2000-11-28,RNGC2,6.207
2000-11-28,RNGC3,6.005
2000-11-28,RNGC4,5.505
2000-11-29,RNGC1,6.181
2000-11-29,RNGC2,6.026
2000-11-29,RNGC3,5.536
2000-11-29,RNGC4,4.916
2000-11-30,RNGC1,6.589
2000-11-30,RNGC2,6.418
2000-11-30,RNGC3,5.836
2000-11-30,RNGC4,5.17
2000-12-01,RNGC1,6.016
2000-12-01,RNGC2,6.673
2000-12-01,RNGC3,6.533
2000-12-01,RNGC4,6.043
2000-12-04,RNGC1,7.433
2000-12-04,RNGC2,7.19
2000-12-04,RNGC3,6.62
2000-12-04,RNGC4,5.705
2000-12-05,RNGC1,7.384
2000-12-05,RNGC2,7.097
2000-12-05,RNGC3,6.535
2000-12-05,RNGC4,5.545
2000-12-06,RNGC1,8.485
2000-12-06,RNGC2,8.002
2000-12-06,RNGC3,7.2
2000-12-06,RNGC4,5.85
2000-12-07,RNGC1,8.373
2000-12-07,RNGC2,8.003
2000-12-07,RNGC3,7.07
2000-12-07,RNGC4,5.64
2000-12-08,RNGC1,8.584
2000-12-08,RNGC2,8.266
2000-12-08,RNGC3,7.286
2000-12-08,RNGC4,5.666
2000-12-11,RNGC1,9.413
2000-12-11,RNGC2,9.114
2000-12-11,RNGC3,8.184
2000-12-11,RNGC4,5.94
2000-12-12,RNGC1,8.145
2000-12-12,RNGC2,8.003
2000-12-12,RNGC3,7.433
2000-12-12,RNGC4,5.433
2000-12-13,RNGC1,7.537
2000-12-13,RNGC2,7.527
2000-12-13,RNGC3,7.227
2000-12-13,RNGC4,5.227
2000-12-14,RNGC1,7.413
2000-12-14,RNGC2,7.335
2000-12-14,RNGC3,7.0
2000-12-14,RNGC4,5.34
2000-12-15,RNGC1,8.396
2000-12-15,RNGC2,8.29
2000-12-15,RNGC3,7.6
2000-12-15,RNGC4,5.585
2000-12-18,RNGC1,8.527
2000-12-18,RNGC2,8.365
2000-12-18,RNGC3,7.665
2000-12-18,RNGC4,5.575
2000-12-19,RNGC1,9.102
2000-12-19,RNGC2,8.812
2000-12-19,RNGC3,7.932
2000-12-19,RNGC4,5.76
2000-12-20,RNGC1,9.326
2000-12-20,RNGC2,8.946
2000-12-20,RNGC3,7.996
2000-12-20,RNGC4,5.835
2000-12-21,RNGC1,9.83
2000-12-21,RNGC2,9.23
2000-12-21,RNGC3,8.03
2000-12-21,RNGC4,6.01
2000-12-22,RNGC1,9.579
2000-12-22,RNGC2,8.932
2000-12-22,RNGC3,7.8
2000-12-22,RNGC4,5.9
2000-12-26,RNGC1,9.805
2000-12-26,RNGC2,9.126
2000-12-26,RNGC3,8.0
2000-12-26,RNGC4,6.06
2000-12-27,RNGC1,9.978
2000-12-27,RNGC2,9.286
2000-12-27,RNGC3,8.286
2000-12-27,RNGC4,6.17
2000-12-28,RNGC1,9.263
2000-12-28,RNGC2,8.353
2000-12-28,RNGC3,6.07
2000-12-28,RNGC4,5.355
2000-12-29,RNGC1,9.775
2000-12-29,RNGC2,8.791
2000-12-29,RNGC3,6.291
2000-12-29,RNGC4,5.491
2001-01-02,RNGC1,8.364
2001-01-02,RNGC2,7.769
2001-01-02,RNGC3,5.8
2001-01-02,RNGC4,5.27
2001-01-03,RNGC1,8.189
2001-01-03,RNGC2,7.615
2001-01-03,RNGC3,5.695
2001-01-03,RNGC4,5.24
2001-01-04,RNGC1,8.966
2001-01-04,RNGC2,8.267
2001-01-04,RNGC3,6.06
2001-01-04,RNGC4,5.445
2001-01-05,RNGC1,9.261
2001-01-05,RNGC2,8.563
2001-01-05,RNGC3,6.26
2001-01-05,RNGC4,5.645
2001-01-08,RNGC1,9.689
2001-01-08,RNGC2,9.018
2001-01-08,RNGC3,6.57
2001-01-08,RNGC4,5.86
2001-01-09,RNGC1,9.819
2001-01-09,RNGC2,9.17
2001-01-09,RNGC3,6.78
2001-01-09,RNGC4,6.05
2001-01-10,RNGC1,9.128
2001-01-10,RNGC2,8.605
2001-01-10,RNGC3,6.65
2001-01-10,RNGC4,6.065
2001-01-11,RNGC1,8.708
2001-01-11,RNGC2,8.224
2001-01-11,RNGC3,6.465
2001-01-11,RNGC4,5.98
2001-01-12,RNGC1,8.472
2001-01-12,RNGC2,8.057
2001-01-12,RNGC3,6.535
2001-01-12,RNGC4,6.035
2001-01-16,RNGC1,8.103
2001-01-16,RNGC2,7.768
2001-01-16,RNGC3,6.35
2001-01-16,RNGC4,5.935
2001-01-17,RNGC1,6.909
2001-01-17,RNGC2,6.654
2001-01-17,RNGC3,5.67
2001-01-17,RNGC4,5.47
2001-01-18,RNGC1,7.136
2001-01-18,RNGC2,6.899
2001-01-18,RNGC3,5.9
2001-01-18,RNGC4,5.64
2001-01-19,RNGC1,7.459
2001-01-19,RNGC2,7.072
2001-01-19,RNGC3,6.012
2001-01-19,RNGC4,5.65
2001-01-22,RNGC1,7.457
2001-01-22,RNGC2,7.102
2001-01-22,RNGC3,6.052
2001-01-22,RNGC4,5.675
2001-01-23,RNGC1,6.946
2001-01-23,RNGC2,6.649
2001-01-23,RNGC3,5.74
2001-01-23,RNGC4,5.445
2001-01-24,RNGC1,7.115
2001-01-24,RNGC2,6.692
2001-01-24,RNGC3,5.835
2001-01-24,RNGC4,5.515
2001-01-25,RNGC1,7.27
2001-01-25,RNGC2,6.879
2001-01-25,RNGC3,6.02
2001-01-25,RNGC4,5.66
2001-01-26,RNGC1,7.256
2001-01-26,RNGC2,6.83
2001-01-26,RNGC3,6.06
2001-01-26,RNGC4,5.7
2001-01-29,RNGC1,6.293
2001-01-29,RNGC2,6.136
2001-01-29,RNGC3,5.55
2001-01-29,RNGC4,5.355
2001-01-30,RNGC1,6.097
2001-01-30,RNGC2,5.597
2001-01-30,RNGC3,5.412
2001-01-30,RNGC4,5.4
2001-01-31,RNGC1,5.707
2001-01-31,RNGC2,5.3
2001-01-31,RNGC3,5.17
2001-01-31,RNGC4,5.18
2001-02-01,RNGC1,6.293
2001-02-01,RNGC2,6.38
2001-02-01,RNGC3,5.74
2001-02-01,RNGC4,5.47
2001-02-02,RNGC1,6.743
2001-02-02,RNGC2,5.913
2001-02-02,RNGC3,5.573
2001-02-02,RNGC4,5.543
2001-02-05,RNGC1,5.706
2001-02-05,RNGC2,5.4
2001-02-05,RNGC3,5.26
2001-02-05,RNGC4,5.26
2001-02-06,RNGC1,5.764
2001-02-06,RNGC2,5.506
2001-02-06,RNGC3,5.356
2001-02-06,RNGC4,5.356
2001-02-07,RNGC1,6.235
2001-02-07,RNGC2,5.957
2001-02-07,RNGC3,5.752
2001-02-07,RNGC4,5.732
2001-02-08,RNGC1,6.158
2001-02-08,RNGC2,5.86
2001-02-08,RNGC3,5.64
2001-02-08,RNGC4,5.62
2001-02-09,RNGC1,6.21
2001-02-09,RNGC2,5.938
2001-02-09,RNGC3,5.7
2001-02-09,RNGC4,5.685
2001-02-12,RNGC1,5.821
2001-02-12,RNGC2,5.722
2001-02-12,RNGC3,5.61
2001-02-12,RNGC4,5.615
2001-02-13,RNGC1,6.019
2001-02-13,RNGC2,5.891
2001-02-13,RNGC3,5.741
2001-02-13,RNGC4,5.726
2001-02-14,RNGC1,5.518
2001-02-14,RNGC2,5.483
2001-02-14,RNGC3,5.453
2001-02-14,RNGC4,5.463
2001-02-15,RNGC1,5.594
2001-02-15,RNGC2,5.555
2001-02-15,RNGC3,5.525
2001-02-15,RNGC4,5.54
2001-02-16,RNGC1,5.568
2001-02-16,RNGC2,5.528
2001-02-16,RNGC3,5.5
2001-02-16,RNGC4,5.505
2001-02-20,RNGC1,5.278
2001-02-20,RNGC2,5.264
2001-02-20,RNGC3,5.26
2001-02-20,RNGC4,5.279
2001-02-21,RNGC1,5.146
2001-02-21,RNGC2,5.15
2001-02-21,RNGC3,5.155
2001-02-21,RNGC4,5.183
2001-02-22,RNGC1,5.142
2001-02-22,RNGC2,5.162
2001-02-22,RNGC3,5.167
2001-02-22,RNGC4,5.202
2001-02-23,RNGC1,5.131
2001-02-23,RNGC2,5.173
2001-02-23,RNGC3,5.185
2001-02-23,RNGC4,5.225
2001-02-26,RNGC1,4.998
2001-02-26,RNGC2,5.097
2001-02-26,RNGC3,5.122
2001-02-26,RNGC4,5.166
2001-02-27,RNGC1,5.279
2001-02-27,RNGC2,5.304
2001-02-27,RNGC3,5.331
2001-02-27,RNGC4,5.366
2001-02-28,RNGC1,5.236
2001-02-28,RNGC2,5.284
2001-02-28,RNGC3,5.322
2001-02-28,RNGC4,5.362
2001-03-01,RNGC1,4.998
2001-03-01,RNGC2,5.186
2001-03-01,RNGC3,5.24
2001-03-01,RNGC4,5.274
2001-03-02,RNGC1,5.27
2001-03-02,RNGC2,5.318
2001-03-02,RNGC3,5.345
2001-03-02,RNGC4,5.382
2001-03-05,RNGC1,5.336
2001-03-05,RNGC2,5.393
2001-03-05,RNGC3,5.42
2001-03-05,RNGC4,5.46
2001-03-06,RNGC1,5.315
2001-03-06,RNGC2,5.375
2001-03-06,RNGC3,5.407
2001-03-06,RNGC4,5.447
2001-03-07,RNGC1,5.35
2001-03-07,RNGC2,5.408
2001-03-07,RNGC3,5.438
2001-03-07,RNGC4,5.478
2001-03-08,RNGC1,5.285
2001-03-08,RNGC2,5.345
2001-03-08,RNGC3,5.387
2001-03-08,RNGC4,5.43
2001-03-09,RNGC1,5.072
2001-03-09,RNGC2,5.135
2001-03-09,RNGC3,5.178
2001-03-09,RNGC4,5.221
2001-03-12,RNGC1,5.159
2001-03-12,RNGC2,5.199
2001-03-12,RNGC3,5.238
2001-03-12,RNGC4,5.278
2001-03-13,RNGC1,5.006
2001-03-13,RNGC2,5.069
2001-03-13,RNGC3,5.12
2001-03-13,RNGC4,5.17
2001-03-14,RNGC1,4.911
2001-03-14,RNGC2,4.959
2001-03-14,RNGC3,5.009
2001-03-14,RNGC4,5.059
2001-03-15,RNGC1,4.927
2001-03-15,RNGC2,4.96
2001-03-15,RNGC3,5.0
2001-03-15,RNGC4,5.043
2001-03-16,RNGC1,5.035
2001-03-16,RNGC2,5.062
2001-03-16,RNGC3,5.092
2001-03-16,RNGC4,5.132
2001-03-19,RNGC1,5.063
2001-03-19,RNGC2,5.085
2001-03-19,RNGC3,5.12
2001-03-19,RNGC4,5.16
2001-03-20,RNGC1,5.287
2001-03-20,RNGC2,5.341
2001-03-20,RNGC3,5.381
2001-03-20,RNGC4,5.421
2001-03-21,RNGC1,5.041
2001-03-21,RNGC2,5.088
2001-03-21,RNGC3,5.143
2001-03-21,RNGC4,5.195
2001-03-22,RNGC1,5.212
2001-03-22,RNGC2,5.262
2001-03-22,RNGC3,5.307
2001-03-22,RNGC4,5.347
2001-03-23,RNGC1,5.273
2001-03-23,RNGC2,5.33
2001-03-23,RNGC3,5.375
2001-03-23,RNGC4,5.417
2001-03-26,RNGC1,5.322
2001-03-26,RNGC2,5.375
2001-03-26,RNGC3,5.415
2001-03-26,RNGC4,5.455
2001-03-27,RNGC1,5.621
2001-03-27,RNGC2,5.661
2001-03-27,RNGC3,5.703
2001-03-27,RNGC4,5.738
2001-03-28,RNGC1,5.384
2001-03-28,RNGC2,5.453
2001-03-28,RNGC3,5.508
2001-03-28,RNGC4,5.555
2001-03-29,RNGC1,5.274
2001-03-29,RNGC2,5.327
2001-03-29,RNGC3,5.375
2001-03-29,RNGC4,5.4
2001-03-30,RNGC1,5.025
2001-03-30,RNGC2,5.072
2001-03-30,RNGC3,5.122
2001-03-30,RNGC4,5.15
2001-04-02,RNGC1,5.103
2001-04-02,RNGC2,5.143
2001-04-02,RNGC3,5.19
2001-04-02,RNGC4,5.215
2001-04-03,RNGC1,5.115
2001-04-03,RNGC2,5.16
2001-04-03,RNGC3,5.21
2001-04-03,RNGC4,5.237
2001-04-04,RNGC1,5.182
2001-04-04,RNGC2,5.227
2001-04-04,RNGC3,5.277
2001-04-04,RNGC4,5.304
2001-04-05,RNGC1,5.422
2001-04-05,RNGC2,5.47
2001-04-05,RNGC3,5.517
2001-04-05,RNGC4,5.547
2001-04-06,RNGC1,5.388
2001-04-06,RNGC2,5.441
2001-04-06,RNGC3,5.484
2001-04-06,RNGC4,5.515
2001-04-09,RNGC1,5.477
2001-04-09,RNGC2,5.536
2001-04-09,RNGC3,5.585
2001-04-09,RNGC4,5.62
2001-04-10,RNGC1,5.559
2001-04-10,RNGC2,5.611
2001-04-10,RNGC3,5.657
2001-04-10,RNGC4,5.692
2001-04-11,RNGC1,5.385
2001-04-11,RNGC2,5.44
2001-04-11,RNGC3,5.493
2001-04-11,RNGC4,5.528
2001-04-12,RNGC1,5.381
2001-04-12,RNGC2,5.438
2001-04-12,RNGC3,5.493
2001-04-12,RNGC4,5.53
2001-04-16,RNGC1,5.516
2001-04-16,RNGC2,5.568
2001-04-16,RNGC3,5.62
2001-04-16,RNGC4,5.655
2001-04-17,RNGC1,5.248
2001-04-17,RNGC2,5.303
2001-04-17,RNGC3,5.358
2001-04-17,RNGC4,5.398
2001-04-18,RNGC1,5.148
2001-04-18,RNGC2,5.193
2001-04-18,RNGC3,5.253
2001-04-18,RNGC4,5.295
2001-04-19,RNGC1,5.101
2001-04-19,RNGC2,5.15
2001-04-19,RNGC3,5.21
2001-04-19,RNGC4,5.255
2001-04-20,RNGC1,5.128
2001-04-20,RNGC2,5.182
2001-04-20,RNGC3,5.243
2001-04-20,RNGC4,5.292
2001-04-23,RNGC1,5.125
2001-04-23,RNGC2,5.175
2001-04-23,RNGC3,5.24
2001-04-23,RNGC4,5.298
2001-04-24,RNGC1,5.078
2001-04-24,RNGC2,5.114
2001-04-24,RNGC3,5.177
2001-04-24,RNGC4,5.232
2001-04-25,RNGC1,4.981
2001-04-25,RNGC2,4.994
2001-04-25,RNGC3,5.057
2001-04-25,RNGC4,5.11
2001-04-26,RNGC1,4.891
2001-04-26,RNGC2,4.94
2001-04-26,RNGC3,5.002
2001-04-26,RNGC4,5.055
2001-04-27,RNGC1,4.867
2001-04-27,RNGC2,4.935
2001-04-27,RNGC3,4.99
2001-04-27,RNGC4,5.01
2001-04-30,RNGC1,4.695
2001-04-30,RNGC2,4.765
2001-04-30,RNGC3,4.83
2001-04-30,RNGC4,4.86
2001-05-01,RNGC1,4.641
2001-05-01,RNGC2,4.708
2001-05-01,RNGC3,4.773
2001-05-01,RNGC4,4.807
2001-05-02,RNGC1,4.483
2001-05-02,RNGC2,4.553
2001-05-02,RNGC3,4.623
2001-05-02,RNGC4,4.658
2001-05-03,RNGC1,4.527
2001-05-03,RNGC2,4.595
2001-05-03,RNGC3,4.667
2001-05-03,RNGC4,4.694
2001-05-04,RNGC1,4.49
2001-05-04,RNGC2,4.565
2001-05-04,RNGC3,4.637
2001-05-04,RNGC4,4.667
2001-05-07,RNGC1,4.239
2001-05-07,RNGC2,4.314
2001-05-07,RNGC3,4.39
2001-05-07,RNGC4,4.425
2001-05-08,RNGC1,4.279
2001-05-08,RNGC2,4.353
2001-05-08,RNGC3,4.425
2001-05-08,RNGC4,4.455
2001-05-09,RNGC1,4.202
2001-05-09,RNGC2,4.273
2001-05-09,RNGC3,4.343
2001-05-09,RNGC4,4.369
2001-05-10,RNGC1,4.348
2001-05-10,RNGC2,4.414
2001-05-10,RNGC3,4.477
2001-05-10,RNGC4,4.497
2001-05-11,RNGC1,4.278
2001-05-11,RNGC2,4.35
2001-05-11,RNGC3,4.415
2001-05-11,RNGC4,4.437
2001-05-14,RNGC1,4.394
2001-05-14,RNGC2,4.465
2001-05-14,RNGC3,4.528
2001-05-14,RNGC4,4.543
2001-05-15,RNGC1,4.653
2001-05-15,RNGC2,4.722
2001-05-15,RNGC3,4.785
2001-05-15,RNGC4,4.798
2001-05-16,RNGC1,4.298
2001-05-16,RNGC2,4.377
2001-05-16,RNGC3,4.457
2001-05-16,RNGC4,4.482
2001-05-17,RNGC1,4.248
2001-05-17,RNGC2,4.327
2001-05-17,RNGC3,4.407
2001-05-17,RNGC4,4.435
2001-05-18,RNGC1,4.291
2001-05-18,RNGC2,4.368
2001-05-18,RNGC3,4.445
2001-05-18,RNGC4,4.473
2001-05-21,RNGC1,4.113
2001-05-21,RNGC2,4.193
2001-05-21,RNGC3,4.275
2001-05-21,RNGC4,4.305
2001-05-22,RNGC1,4.123
2001-05-22,RNGC2,4.182
2001-05-22,RNGC3,4.26
2001-05-22,RNGC4,4.29
2001-05-23,RNGC1,4.113
2001-05-23,RNGC2,4.172
2001-05-23,RNGC3,4.249
2001-05-23,RNGC4,4.281
2001-05-24,RNGC1,4.054
2001-05-24,RNGC2,4.118
2001-05-24,RNGC3,4.195
2001-05-24,RNGC4,4.23
2001-05-25,RNGC1,3.973
2001-05-25,RNGC2,4.033
2001-05-25,RNGC3,4.113
2001-05-25,RNGC4,4.148
2001-05-29,RNGC1,3.738
2001-05-29,RNGC2,3.81
2001-05-29,RNGC3,3.893
2001-05-29,RNGC4,3.93
2001-05-30,RNGC1,3.981
2001-05-30,RNGC2,4.055
2001-05-30,RNGC3,4.087
2001-05-30,RNGC4,4.117
2001-05-31,RNGC1,3.914
2001-05-31,RNGC2,3.99
2001-05-31,RNGC3,4.022
2001-05-31,RNGC4,4.048
2001-06-01,RNGC1,3.738
2001-06-01,RNGC2,3.93
2001-06-01,RNGC3,4.009
2001-06-01,RNGC4,4.046
2001-06-04,RNGC1,4.132
2001-06-04,RNGC2,4.151
2001-06-04,RNGC3,4.188
2001-06-04,RNGC4,4.222
2001-06-05,RNGC1,3.892
2001-06-05,RNGC2,3.975
2001-06-05,RNGC3,4.014
2001-06-05,RNGC4,4.054
2001-06-06,RNGC1,3.801
2001-06-06,RNGC2,3.888
2001-06-06,RNGC3,3.928
2001-06-06,RNGC4,3.97
2001-06-07,RNGC1,3.79
2001-06-07,RNGC2,3.877
2001-06-07,RNGC3,3.921
2001-06-07,RNGC4,3.967
2001-06-08,RNGC1,3.922
2001-06-08,RNGC2,4.018
2001-06-08,RNGC3,4.065
2001-06-08,RNGC4,4.112
2001-06-11,RNGC1,4.179
2001-06-11,RNGC2,4.271
2001-06-11,RNGC3,4.32
2001-06-11,RNGC4,4.367
2001-06-12,RNGC1,4.301
2001-06-12,RNGC2,4.397
2001-06-12,RNGC3,4.447
2001-06-12,RNGC4,4.497
2001-06-13,RNGC1,4.112
2001-06-13,RNGC2,4.211
2001-06-13,RNGC3,4.262
2001-06-13,RNGC4,4.312
2001-06-14,RNGC1,4.038
2001-06-14,RNGC2,4.123
2001-06-14,RNGC3,4.171
2001-06-14,RNGC4,4.218
2001-06-15,RNGC1,3.979
2001-06-15,RNGC2,4.065
2001-06-15,RNGC3,4.11
2001-06-15,RNGC4,4.155
2001-06-18,RNGC1,3.939
2001-06-18,RNGC2,4.024
2001-06-18,RNGC3,4.069
2001-06-18,RNGC4,4.114
2001-06-19,RNGC1,3.981
2001-06-19,RNGC2,4.06
2001-06-19,RNGC3,4.098
2001-06-19,RNGC4,4.14
2001-06-20,RNGC1,3.734
2001-06-20,RNGC2,3.809
2001-06-20,RNGC3,3.854
2001-06-20,RNGC4,3.903
2001-06-21,RNGC1,3.747
2001-06-21,RNGC2,3.81
2001-06-21,RNGC3,3.853
2001-06-21,RNGC4,3.905
2001-06-22,RNGC1,3.742
2001-06-22,RNGC2,3.802
2001-06-22,RNGC3,3.845
2001-06-22,RNGC4,3.898
2001-06-25,RNGC1,3.446
2001-06-25,RNGC2,3.521
2001-06-25,RNGC3,3.573
2001-06-25,RNGC4,3.635
2001-06-26,RNGC1,3.397
2001-06-26,RNGC2,3.479
2001-06-26,RNGC3,3.535
2001-06-26,RNGC4,3.6
2001-06-27,RNGC1,3.182
2001-06-27,RNGC2,3.286
2001-06-27,RNGC3,3.353
2001-06-27,RNGC4,3.428
2001-06-28,RNGC1,3.28
2001-06-28,RNGC2,3.351
2001-06-28,RNGC3,3.426
2001-06-28,RNGC4,3.701
2001-06-29,RNGC1,3.096
2001-06-29,RNGC2,3.172
2001-06-29,RNGC3,3.255
2001-06-29,RNGC4,3.538
2001-07-02,RNGC1,3.117
2001-07-02,RNGC2,3.193
2001-07-02,RNGC3,3.277
2001-07-02,RNGC4,3.567
2001-07-03,RNGC1,3.201
2001-07-03,RNGC2,3.284
2001-07-03,RNGC3,3.372
2001-07-03,RNGC4,3.672
2001-07-05,RNGC1,3.136
2001-07-05,RNGC2,3.224
2001-07-05,RNGC3,3.317
2001-07-05,RNGC4,3.637
2001-07-06,RNGC1,3.218
2001-07-06,RNGC2,3.292
2001-07-06,RNGC3,3.382
2001-07-06,RNGC4,3.707
2001-07-09,RNGC1,3.153
2001-07-09,RNGC2,3.229
2001-07-09,RNGC3,3.319
2001-07-09,RNGC4,3.63
2001-07-10,RNGC1,3.282
2001-07-10,RNGC2,3.35
2001-07-10,RNGC3,3.437
2001-07-10,RNGC4,3.734
2001-07-11,RNGC1,3.342
2001-07-11,RNGC2,3.41
2001-07-11,RNGC3,3.49
2001-07-11,RNGC4,3.738
2001-07-12,RNGC1,3.428
2001-07-12,RNGC2,3.502
2001-07-12,RNGC3,3.578
2001-07-12,RNGC4,3.812
2001-07-13,RNGC1,3.25
2001-07-13,RNGC2,3.33
2001-07-13,RNGC3,3.411
2001-07-13,RNGC4,3.653
2001-07-16,RNGC1,3.068
2001-07-16,RNGC2,3.14
2001-07-16,RNGC3,3.22
2001-07-16,RNGC4,3.472
2001-07-17,RNGC1,3.165
2001-07-17,RNGC2,3.232
2001-07-17,RNGC3,3.31
2001-07-17,RNGC4,3.564
2001-07-18,RNGC1,3.087
2001-07-18,RNGC2,3.146
2001-07-18,RNGC3,3.211
2001-07-18,RNGC4,3.461
2001-07-19,RNGC1,2.939
2001-07-19,RNGC2,2.985
2001-07-19,RNGC3,3.047
2001-07-19,RNGC4,3.307
2001-07-20,RNGC1,2.955
2001-07-20,RNGC2,2.997
2001-07-20,RNGC3,3.05
2001-07-20,RNGC4,3.323
2001-07-23,RNGC1,2.978
2001-07-23,RNGC2,3.015
2001-07-23,RNGC3,3.066
2001-07-23,RNGC4,3.346
2001-07-24,RNGC1,2.97
2001-07-24,RNGC2,2.997
2001-07-24,RNGC3,3.04
2001-07-24,RNGC4,3.32
2001-07-25,RNGC1,3.276
2001-07-25,RNGC2,3.295
2001-07-25,RNGC3,3.325
2001-07-25,RNGC4,3.583
2001-07-26,RNGC1,3.128
2001-07-26,RNGC2,3.155
2001-07-26,RNGC3,3.195
2001-07-26,RNGC4,3.458
2001-07-27,RNGC1,3.167
2001-07-27,RNGC2,3.194
2001-07-27,RNGC3,3.239
2001-07-27,RNGC4,3.499
2001-07-30,RNGC1,3.353
2001-07-30,RNGC2,3.388
2001-07-30,RNGC3,3.632
2001-07-30,RNGC4,3.873
2001-07-31,RNGC1,3.296
2001-07-31,RNGC2,3.341
2001-07-31,RNGC3,3.591
2001-07-31,RNGC4,3.839
2001-08-01,RNGC1,3.167
2001-08-01,RNGC2,3.081
2001-08-01,RNGC3,3.125
2001-08-01,RNGC4,3.38
2001-08-02,RNGC1,3.167
2001-08-02,RNGC2,3.192
2001-08-02,RNGC3,3.232
2001-08-02,RNGC4,3.477
2001-08-03,RNGC1,3.167
2001-08-03,RNGC2,2.971
2001-08-03,RNGC3,3.014
2001-08-03,RNGC4,3.277
2001-08-06,RNGC1,3.027
2001-08-06,RNGC2,3.065
2001-08-06,RNGC3,3.33
2001-08-06,RNGC4,3.6
2001-08-07,RNGC1,2.971
2001-08-07,RNGC2,3.012
2001-08-07,RNGC3,3.275
2001-08-07,RNGC4,3.552
2001-08-08,RNGC1,3.036
2001-08-08,RNGC2,3.074
2001-08-08,RNGC3,3.324
2001-08-08,RNGC4,3.607
2001-08-09,RNGC1,2.956
2001-08-09,RNGC2,2.993
2001-08-09,RNGC3,3.248
2001-08-09,RNGC4,3.54
2001-08-10,RNGC1,3.04
2001-08-10,RNGC2,3.076
2001-08-10,RNGC3,3.326
2001-08-10,RNGC4,3.616
2001-08-13,RNGC1,2.999
2001-08-13,RNGC2,3.043
2001-08-13,RNGC3,3.305
2001-08-13,RNGC4,3.599
2001-08-14,RNGC1,3.094
2001-08-14,RNGC2,3.142
2001-08-14,RNGC3,3.404
2001-08-14,RNGC4,3.684
2001-08-15,RNGC1,3.468
2001-08-15,RNGC2,3.508
2001-08-15,RNGC3,3.753
2001-08-15,RNGC4,3.993
2001-08-16,RNGC1,3.367
2001-08-16,RNGC2,3.415
2001-08-16,RNGC3,3.665
2001-08-16,RNGC4,3.918
2001-08-17,RNGC1,3.303
2001-08-17,RNGC2,3.334
2001-08-17,RNGC3,3.587
2001-08-17,RNGC4,3.849
2001-08-20,RNGC1,3.187
2001-08-20,RNGC2,3.216
2001-08-20,RNGC3,3.469
2001-08-20,RNGC4,3.734
2001-08-21,RNGC1,3.166
2001-08-21,RNGC2,3.191
2001-08-21,RNGC3,3.441
2001-08-21,RNGC4,3.715
2001-08-22,RNGC1,2.848
2001-08-22,RNGC2,2.876
2001-08-22,RNGC3,3.151
2001-08-22,RNGC4,3.454
2001-08-23,RNGC1,2.811
2001-08-23,RNGC2,2.828
2001-08-23,RNGC3,3.092
2001-08-23,RNGC4,3.396
2001-08-24,RNGC1,2.706
2001-08-24,RNGC2,2.736
2001-08-24,RNGC3,2.996
2001-08-24,RNGC4,3.3
2001-08-27,RNGC1,2.544
2001-08-27,RNGC2,2.582
2001-08-27,RNGC3,2.84
2001-08-27,RNGC4,3.14
2001-08-28,RNGC1,2.415
2001-08-28,RNGC2,2.443
2001-08-28,RNGC3,2.713
2001-08-28,RNGC4,3.018
2001-08-29,RNGC1,2.295
2001-08-29,RNGC2,2.393
2001-08-29,RNGC3,2.683
2001-08-29,RNGC4,2.986
2001-08-30,RNGC1,2.395
2001-08-30,RNGC2,2.72
2001-08-30,RNGC3,3.045
2001-08-30,RNGC4,3.195
2001-08-31,RNGC1,2.38
2001-08-31,RNGC2,2.71
2001-08-31,RNGC3,3.04
2001-08-31,RNGC4,3.19
2001-09-04,RNGC1,2.359
2001-09-04,RNGC2,2.67
2001-09-04,RNGC3,2.995
2001-09-04,RNGC4,3.14
2001-09-05,RNGC1,2.42
2001-09-05,RNGC2,2.724
2001-09-05,RNGC3,3.047
2001-09-05,RNGC4,3.192
2001-09-06,RNGC1,2.44
2001-09-06,RNGC2,2.74
2001-09-06,RNGC3,3.06
2001-09-06,RNGC4,3.205
2001-09-07,RNGC1,2.5
2001-09-07,RNGC2,2.78
2001-09-07,RNGC3,3.095
2001-09-07,RNGC4,3.24
2001-09-10,RNGC1,2.392
2001-09-10,RNGC2,2.674
2001-09-10,RNGC3,2.994
2001-09-10,RNGC4,3.149
2001-09-17,RNGC1,2.369
2001-09-17,RNGC2,2.753
2001-09-17,RNGC3,3.125
2001-09-17,RNGC4,3.303
2001-09-18,RNGC1,2.225
2001-09-18,RNGC2,2.603
2001-09-18,RNGC3,2.977
2001-09-18,RNGC4,3.155
2001-09-19,RNGC1,2.102
2001-09-19,RNGC2,2.427
2001-09-19,RNGC3,2.787
2001-09-19,RNGC4,2.962
2001-09-20,RNGC1,2.137
2001-09-20,RNGC2,2.464
2001-09-20,RNGC3,2.82
2001-09-20,RNGC4,2.995
2001-09-21,RNGC1,2.103
2001-09-21,RNGC2,2.467
2001-09-21,RNGC3,2.832
2001-09-21,RNGC4,3.012
2001-09-24,RNGC1,1.91
2001-09-24,RNGC2,2.275
2001-09-24,RNGC3,2.66
2001-09-24,RNGC4,2.853
2001-09-25,RNGC1,1.925
2001-09-25,RNGC2,2.3
2001-09-25,RNGC3,2.69
2001-09-25,RNGC4,2.895
2001-09-26,RNGC1,1.83
2001-09-26,RNGC2,2.253
2001-09-26,RNGC3,2.633
2001-09-26,RNGC4,2.835
2001-09-27,RNGC1,2.253
2001-09-27,RNGC2,2.624
2001-09-27,RNGC3,2.826
2001-09-27,RNGC4,2.826
2001-09-28,RNGC1,2.244
2001-09-28,RNGC2,2.622
2001-09-28,RNGC3,2.832
2001-09-28,RNGC4,2.832
2001-10-01,RNGC1,2.208
2001-10-01,RNGC2,2.602
2001-10-01,RNGC3,2.824
2001-10-01,RNGC4,2.827
2001-10-02,RNGC1,2.268
2001-10-02,RNGC2,2.66
2001-10-02,RNGC3,2.878
2001-10-02,RNGC4,2.876
2001-10-03,RNGC1,2.32
2001-10-03,RNGC2,2.688
2001-10-03,RNGC3,2.893
2001-10-03,RNGC4,2.888
2001-10-04,RNGC1,2.414
2001-10-04,RNGC2,2.77
2001-10-04,RNGC3,2.967
2001-10-04,RNGC4,2.957
2001-10-05,RNGC1,2.227
2001-10-05,RNGC2,2.617
2001-10-05,RNGC3,2.83
2001-10-05,RNGC4,2.828
2001-10-08,RNGC1,2.27
2001-10-08,RNGC2,2.647
2001-10-08,RNGC3,2.855
2001-10-08,RNGC4,2.853
2001-10-09,RNGC1,2.388
2001-10-09,RNGC2,2.741
2001-10-09,RNGC3,2.94
2001-10-09,RNGC4,2.936
2001-10-10,RNGC1,2.48
2001-10-10,RNGC2,2.802
2001-10-10,RNGC3,2.992
2001-10-10,RNGC4,2.982
2001-10-11,RNGC1,2.531
2001-10-11,RNGC2,2.833
2001-10-11,RNGC3,3.01
2001-10-11,RNGC4,2.997
2001-10-12,RNGC1,2.43
2001-10-12,RNGC2,2.725
2001-10-12,RNGC3,2.913
2001-10-12,RNGC4,2.907
2001-10-15,RNGC1,2.378
2001-10-15,RNGC2,2.66
2001-10-15,RNGC3,2.852
2001-10-15,RNGC4,2.85
2001-10-16,RNGC1,2.592
2001-10-16,RNGC2,2.852
2001-10-16,RNGC3,3.037
2001-10-16,RNGC4,3.032
2001-10-17,RNGC1,2.418
2001-10-17,RNGC2,2.703
2001-10-17,RNGC3,2.898
2001-10-17,RNGC4,2.901
2001-10-18,RNGC1,2.486
2001-10-18,RNGC2,2.8
2001-10-18,RNGC3,2.99
2001-10-18,RNGC4,2.997
2001-10-19,RNGC1,2.681
2001-10-19,RNGC2,2.99
2001-10-19,RNGC3,3.171
2001-10-19,RNGC4,3.173
2001-10-22,RNGC1,2.807
2001-10-22,RNGC2,3.087
2001-10-22,RNGC3,3.257
2001-10-22,RNGC4,3.257
2001-10-23,RNGC1,2.681
2001-10-23,RNGC2,2.935
2001-10-23,RNGC3,3.11
2001-10-23,RNGC4,3.117
2001-10-24,RNGC1,2.981
2001-10-24,RNGC2,3.171
2001-10-24,RNGC3,3.326
2001-10-24,RNGC4,3.321
2001-10-25,RNGC1,2.938
2001-10-25,RNGC2,3.103
2001-10-25,RNGC3,3.25
2001-10-25,RNGC4,3.248
2001-10-26,RNGC1,3.041
2001-10-26,RNGC2,3.183
2001-10-26,RNGC3,3.313
2001-10-26,RNGC4,3.303
2001-10-29,RNGC1,3.202
2001-10-29,RNGC2,3.339
2001-10-29,RNGC3,3.464
2001-10-29,RNGC4,3.452
2001-10-30,RNGC1,3.183
2001-10-30,RNGC2,3.33
2001-10-30,RNGC3,3.327
2001-10-30,RNGC4,3.27
2001-10-31,RNGC1,3.291
2001-10-31,RNGC2,3.428
2001-10-31,RNGC3,3.418
2001-10-31,RNGC4,3.358
2001-11-01,RNGC1,3.202
2001-11-01,RNGC2,3.29
2001-11-01,RNGC3,3.434
2001-11-01,RNGC4,3.424
2001-11-02,RNGC1,3.248
2001-11-02,RNGC2,3.392
2001-11-02,RNGC3,3.384
2001-11-02,RNGC4,3.323
2001-11-05,RNGC1,2.922
2001-11-05,RNGC2,3.092
2001-11-05,RNGC3,3.11
2001-11-05,RNGC4,3.065
2001-11-06,RNGC1,2.88
2001-11-06,RNGC2,3.054
2001-11-06,RNGC3,3.072
2001-11-06,RNGC4,3.032
2001-11-07,RNGC1,2.87
2001-11-07,RNGC2,3.05
2001-11-07,RNGC3,3.07
2001-11-07,RNGC4,3.028
2001-11-08,RNGC1,2.96
2001-11-08,RNGC2,3.132
2001-11-08,RNGC3,3.147
2001-11-08,RNGC4,3.112
2001-11-09,RNGC1,2.925
2001-11-09,RNGC2,3.105
2001-11-09,RNGC3,3.13
2001-11-09,RNGC4,3.102
2001-11-12,RNGC1,2.73
2001-11-12,RNGC2,2.925
2001-11-12,RNGC3,2.955
2001-11-12,RNGC4,2.945
2001-11-13,RNGC1,2.798
2001-11-13,RNGC2,2.992
2001-11-13,RNGC3,3.032
2001-11-13,RNGC4,3.02
2001-11-14,RNGC1,2.676
2001-11-14,RNGC2,2.884
2001-11-14,RNGC3,2.932
2001-11-14,RNGC4,2.924
2001-11-15,RNGC1,2.551
2001-11-15,RNGC2,2.767
2001-11-15,RNGC3,2.825
2001-11-15,RNGC4,2.822
2001-11-16,RNGC1,2.637
2001-11-16,RNGC2,2.85
2001-11-16,RNGC3,2.903
2001-11-16,RNGC4,2.898
2001-11-19,RNGC1,2.791
2001-11-19,RNGC2,2.996
2001-11-19,RNGC3,3.036
2001-11-19,RNGC4,3.028
2001-11-20,RNGC1,2.852
2001-11-20,RNGC2,3.041
2001-11-20,RNGC3,3.081
2001-11-20,RNGC4,3.066
2001-11-21,RNGC1,2.813
2001-11-21,RNGC2,2.991
2001-11-21,RNGC3,3.036
2001-11-21,RNGC4,3.005
2001-11-26,RNGC1,2.696
2001-11-26,RNGC2,2.935
2001-11-26,RNGC3,2.982
2001-11-26,RNGC4,2.942
2001-11-27,RNGC1,2.606
2001-11-27,RNGC2,2.951
2001-11-27,RNGC3,3.006
2001-11-27,RNGC4,2.972
2001-11-28,RNGC1,2.316
2001-11-28,RNGC2,2.732
2001-11-28,RNGC3,2.827
2001-11-28,RNGC4,2.815
2001-11-29,RNGC1,2.561
2001-11-29,RNGC2,2.672
2001-11-29,RNGC3,2.682
2001-11-29,RNGC4,2.667
2001-11-30,RNGC1,2.701
2001-11-30,RNGC2,2.786
2001-11-30,RNGC3,2.799
2001-11-30,RNGC4,2.759
2001-12-03,RNGC1,2.634
2001-12-03,RNGC2,2.746
2001-12-03,RNGC3,2.763
2001-12-03,RNGC4,2.73
2001-12-04,RNGC1,2.563
2001-12-04,RNGC2,2.703
2001-12-04,RNGC3,2.726
2001-12-04,RNGC4,2.696
2001-12-05,RNGC1,2.491
2001-12-05,RNGC2,2.624
2001-12-05,RNGC3,2.631
2001-12-05,RNGC4,2.612
2001-12-06,RNGC1,2.565
2001-12-06,RNGC2,2.675
2001-12-06,RNGC3,2.683
2001-12-06,RNGC4,2.665
2001-12-07,RNGC1,2.568
2001-12-07,RNGC2,2.681
2001-12-07,RNGC3,2.693
2001-12-07,RNGC4,2.686
2001-12-10,RNGC1,2.747
2001-12-10,RNGC2,2.827
2001-12-10,RNGC3,2.825
2001-12-10,RNGC4,2.797
2001-12-11,RNGC1,2.803
2001-12-11,RNGC2,2.868
2001-12-11,RNGC3,2.861
2001-12-11,RNGC4,2.828
2001-12-12,RNGC1,2.719
2001-12-12,RNGC2,2.793
2001-12-12,RNGC3,2.795
2001-12-12,RNGC4,2.765
2001-12-13,RNGC1,2.756
2001-12-13,RNGC2,2.822
2001-12-13,RNGC3,2.822
2001-12-13,RNGC4,2.787
2001-12-14,RNGC1,2.846
2001-12-14,RNGC2,2.908
2001-12-14,RNGC3,2.902
2001-12-14,RNGC4,2.848
2001-12-17,RNGC1,2.686
2001-12-17,RNGC2,2.761
2001-12-17,RNGC3,2.769
2001-12-17,RNGC4,2.727
2001-12-18,RNGC1,2.657
2001-12-18,RNGC2,2.712
2001-12-18,RNGC3,2.719
2001-12-18,RNGC4,2.699
2001-12-19,RNGC1,2.616
2001-12-19,RNGC2,2.65
2001-12-19,RNGC3,2.658
2001-12-19,RNGC4,2.643
2001-12-20,RNGC1,2.686
2001-12-20,RNGC2,2.708
2001-12-20,RNGC3,2.711
2001-12-20,RNGC4,2.691
2001-12-21,RNGC1,2.895
2001-12-21,RNGC2,2.889
2001-12-21,RNGC3,2.869
2001-12-21,RNGC4,2.824
2001-12-26,RNGC1,2.911
2001-12-26,RNGC2,2.937
2001-12-26,RNGC3,2.917
2001-12-26,RNGC4,2.872
2001-12-27,RNGC1,2.555
2001-12-27,RNGC2,2.619
2001-12-27,RNGC3,2.63
2001-12-27,RNGC4,2.63
2001-12-28,RNGC1,2.774
2001-12-28,RNGC2,2.746
2001-12-28,RNGC3,2.724
2001-12-28,RNGC4,2.769
2001-12-31,RNGC1,2.57
2001-12-31,RNGC2,2.56
2001-12-31,RNGC3,2.565
2001-12-31,RNGC4,2.618
2002-01-02,RNGC1,2.465
2002-01-02,RNGC2,2.441
2002-01-02,RNGC3,2.456
2002-01-02,RNGC4,2.511
2002-01-03,RNGC1,2.268
2002-01-03,RNGC2,2.263
2002-01-03,RNGC3,2.278
2002-01-03,RNGC4,2.338
2002-01-04,RNGC1,2.275
2002-01-04,RNGC2,2.265
2002-01-04,RNGC3,2.288
2002-01-04,RNGC4,2.352
2002-01-07,RNGC1,2.272
2002-01-07,RNGC2,2.261
2002-01-07,RNGC3,2.281
2002-01-07,RNGC4,2.345
2002-01-08,RNGC1,2.281
2002-01-08,RNGC2,2.285
2002-01-08,RNGC3,2.31
2002-01-08,RNGC4,2.374
2002-01-09,RNGC1,2.228
2002-01-09,RNGC2,2.232
2002-01-09,RNGC3,2.266
2002-01-09,RNGC4,2.332
2002-01-10,RNGC1,2.185
2002-01-10,RNGC2,2.195
2002-01-10,RNGC3,2.245
2002-01-10,RNGC4,2.315
2002-01-11,RNGC1,2.204
2002-01-11,RNGC2,2.203
2002-01-11,RNGC3,2.25
2002-01-11,RNGC4,2.322
2002-01-14,RNGC1,2.25
2002-01-14,RNGC2,2.24
2002-01-14,RNGC3,2.277
2002-01-14,RNGC4,2.348
2002-01-15,RNGC1,2.291
2002-01-15,RNGC2,2.273
2002-01-15,RNGC3,2.303
2002-01-15,RNGC4,2.368
2002-01-16,RNGC1,2.394
2002-01-16,RNGC2,2.363
2002-01-16,RNGC3,2.383
2002-01-16,RNGC4,2.446
2002-01-17,RNGC1,2.254
2002-01-17,RNGC2,2.254
2002-01-17,RNGC3,2.291
2002-01-17,RNGC4,2.359
2002-01-18,RNGC1,2.236
2002-01-18,RNGC2,2.236
2002-01-18,RNGC3,2.279
2002-01-18,RNGC4,2.352
2002-01-22,RNGC1,2.106
2002-01-22,RNGC2,2.118
2002-01-22,RNGC3,2.178
2002-01-22,RNGC4,2.27
2002-01-23,RNGC1,2.076
2002-01-23,RNGC2,2.089
2002-01-23,RNGC3,2.162
2002-01-23,RNGC4,2.26
2002-01-24,RNGC1,2.048
2002-01-24,RNGC2,2.09
2002-01-24,RNGC3,2.166
2002-01-24,RNGC4,2.259
2002-01-25,RNGC1,2.037
2002-01-25,RNGC2,2.104
2002-01-25,RNGC3,2.18
2002-01-25,RNGC4,2.269
2002-01-28,RNGC1,1.908
2002-01-28,RNGC2,1.984
2002-01-28,RNGC3,2.079
2002-01-28,RNGC4,2.175
2002-01-29,RNGC1,2.006
2002-01-29,RNGC2,2.067
2002-01-29,RNGC3,2.15
2002-01-29,RNGC4,2.24
2002-01-30,RNGC1,2.08
2002-01-30,RNGC2,2.147
2002-01-30,RNGC3,2.23
2002-01-30,RNGC4,2.31
2002-01-31,RNGC1,2.138
2002-01-31,RNGC2,2.19
2002-01-31,RNGC3,2.258
2002-01-31,RNGC4,2.326
2002-02-01,RNGC1,2.006
2002-02-01,RNGC2,2.138
2002-02-01,RNGC3,2.198
2002-02-01,RNGC4,2.266
2002-02-04,RNGC1,2.117
2002-02-04,RNGC2,2.184
2002-02-04,RNGC3,2.252
2002-02-04,RNGC4,2.317
2002-02-05,RNGC1,2.074
2002-02-05,RNGC2,2.152
2002-02-05,RNGC3,2.227
2002-02-05,RNGC4,2.297
2002-02-06,RNGC1,2.101
2002-02-06,RNGC2,2.168
2002-02-06,RNGC3,2.238
2002-02-06,RNGC4,2.308
2002-02-07,RNGC1,2.15
2002-02-07,RNGC2,2.222
2002-02-07,RNGC3,2.292
2002-02-07,RNGC4,2.36
2002-02-08,RNGC1,2.191
2002-02-08,RNGC2,2.265
2002-02-08,RNGC3,2.338
2002-02-08,RNGC4,2.403
2002-02-11,RNGC1,2.286
2002-02-11,RNGC2,2.345
2002-02-11,RNGC3,2.412
2002-02-11,RNGC4,2.475
2002-02-12,RNGC1,2.305
2002-02-12,RNGC2,2.369
2002-02-12,RNGC3,2.444
2002-02-12,RNGC4,2.507
2002-02-13,RNGC1,2.245
2002-02-13,RNGC2,2.31
2002-02-13,RNGC3,2.388
2002-02-13,RNGC4,2.458
2002-02-14,RNGC1,2.186
2002-02-14,RNGC2,2.246
2002-02-14,RNGC3,2.328
2002-02-14,RNGC4,2.405
2002-02-15,RNGC1,2.206
2002-02-15,RNGC2,2.257
2002-02-15,RNGC3,2.337
2002-02-15,RNGC4,2.414
2002-02-19,RNGC1,2.397
2002-02-19,RNGC2,2.427
2002-02-19,RNGC3,2.492
2002-02-19,RNGC4,2.557
2002-02-20,RNGC1,2.385
2002-02-20,RNGC2,2.413
2002-02-20,RNGC3,2.48
2002-02-20,RNGC4,2.548
2002-02-21,RNGC1,2.425
2002-02-21,RNGC2,2.455
2002-02-21,RNGC3,2.513
2002-02-21,RNGC4,2.577
2002-02-22,RNGC1,2.449
2002-02-22,RNGC2,2.491
2002-02-22,RNGC3,2.543
2002-02-22,RNGC4,2.601
2002-02-25,RNGC1,2.307
2002-02-25,RNGC2,2.348
2002-02-25,RNGC3,2.414
2002-02-25,RNGC4,2.478
2002-02-26,RNGC1,2.388
2002-02-26,RNGC2,2.389
2002-02-26,RNGC3,2.449
2002-02-26,RNGC4,2.509
2002-02-27,RNGC1,2.427
2002-02-27,RNGC2,2.479
2002-02-27,RNGC3,2.536
2002-02-27,RNGC4,2.591
2002-02-28,RNGC1,2.357
2002-02-28,RNGC2,2.415
2002-02-28,RNGC3,2.478
2002-02-28,RNGC4,2.536
2002-03-01,RNGC1,2.388
2002-03-01,RNGC2,2.359
2002-03-01,RNGC3,2.416
2002-03-01,RNGC4,2.479
2002-03-04,RNGC1,2.488
2002-03-04,RNGC2,2.533
2002-03-04,RNGC3,2.59
2002-03-04,RNGC4,2.644
2002-03-05,RNGC1,2.467
2002-03-05,RNGC2,2.514
2002-03-05,RNGC3,2.569
2002-03-05,RNGC4,2.622
2002-03-06,RNGC1,2.566
2002-03-06,RNGC2,2.61
2002-03-06,RNGC3,2.66
2002-03-06,RNGC4,2.71
2002-03-07,RNGC1,2.756
2002-03-07,RNGC2,2.801
2002-03-07,RNGC3,2.851
2002-03-07,RNGC4,2.901
2002-03-08,RNGC1,2.8
2002-03-08,RNGC2,2.853
2002-03-08,RNGC3,2.908
2002-03-08,RNGC4,2.961
2002-03-11,RNGC1,3.021
2002-03-11,RNGC2,3.068
2002-03-11,RNGC3,3.118
2002-03-11,RNGC4,3.161
2002-03-12,RNGC1,3.018
2002-03-12,RNGC2,3.063
2002-03-12,RNGC3,3.106
2002-03-12,RNGC4,3.149
2002-03-13,RNGC1,2.87
2002-03-13,RNGC2,2.92
2002-03-13,RNGC3,2.965
2002-03-13,RNGC4,3.008
2002-03-14,RNGC1,2.924
2002-03-14,RNGC2,2.964
2002-03-14,RNGC3,3.004
2002-03-14,RNGC4,3.041
2002-03-15,RNGC1,3.076
2002-03-15,RNGC2,3.114
2002-03-15,RNGC3,3.144
2002-03-15,RNGC4,3.175
2002-03-18,RNGC1,3.305
2002-03-18,RNGC2,3.343
2002-03-18,RNGC3,3.368
2002-03-18,RNGC4,3.398
2002-03-19,RNGC1,3.256
2002-03-19,RNGC2,3.294
2002-03-19,RNGC3,3.324
2002-03-19,RNGC4,3.356
2002-03-20,RNGC1,3.111
2002-03-20,RNGC2,3.149
2002-03-20,RNGC3,3.186
2002-03-20,RNGC4,3.221
2002-03-21,RNGC1,3.431
2002-03-21,RNGC2,3.466
2002-03-21,RNGC3,3.496
2002-03-21,RNGC4,3.526
2002-03-22,RNGC1,3.326
2002-03-22,RNGC2,3.356
2002-03-22,RNGC3,3.386
2002-03-22,RNGC4,3.418
2002-03-25,RNGC1,3.457
2002-03-25,RNGC2,3.462
2002-03-25,RNGC3,3.484
2002-03-25,RNGC4,3.509
2002-03-26,RNGC1,3.472
2002-03-26,RNGC2,3.374
2002-03-26,RNGC3,3.394
2002-03-26,RNGC4,3.424
2002-03-27,RNGC1,3.29
2002-03-27,RNGC2,3.315
2002-03-27,RNGC3,3.353
2002-03-27,RNGC4,3.386
2002-03-28,RNGC1,3.283
2002-03-28,RNGC2,3.309
2002-03-28,RNGC3,3.347
2002-03-28,RNGC4,3.382
2002-04-01,RNGC1,3.531
2002-04-01,RNGC2,3.549
2002-04-01,RNGC3,3.574
2002-04-01,RNGC4,3.6
2002-04-02,RNGC1,3.654
2002-04-02,RNGC2,3.674
2002-04-02,RNGC3,3.699
2002-04-02,RNGC4,3.726
2002-04-03,RNGC1,3.506
2002-04-03,RNGC2,3.528
2002-04-03,RNGC3,3.558
2002-04-03,RNGC4,3.59
2002-04-04,RNGC1,3.333
2002-04-04,RNGC2,3.371
2002-04-04,RNGC3,3.409
2002-04-04,RNGC4,3.447
2002-04-05,RNGC1,3.275
2002-04-05,RNGC2,3.313
2002-04-05,RNGC3,3.357
2002-04-05,RNGC4,3.397
2002-04-08,RNGC1,3.327
2002-04-08,RNGC2,3.365
2002-04-08,RNGC3,3.41
2002-04-08,RNGC4,3.45
2002-04-09,RNGC1,3.201
2002-04-09,RNGC2,3.24
2002-04-09,RNGC3,3.283
2002-04-09,RNGC4,3.321
2002-04-10,RNGC1,3.184
2002-04-10,RNGC2,3.223
2002-04-10,RNGC3,3.264
2002-04-10,RNGC4,3.302
2002-04-11,RNGC1,3.103
2002-04-11,RNGC2,3.141
2002-04-11,RNGC3,3.181
2002-04-11,RNGC4,3.215
2002-04-12,RNGC1,3.125
2002-04-12,RNGC2,3.163
2002-04-12,RNGC3,3.205
2002-04-12,RNGC4,3.241
2002-04-15,RNGC1,3.43
2002-04-15,RNGC2,3.465
2002-04-15,RNGC3,3.5
2002-04-15,RNGC4,3.532
2002-04-16,RNGC1,3.294
2002-04-16,RNGC2,3.329
2002-04-16,RNGC3,3.367
2002-04-16,RNGC4,3.402
2002-04-17,RNGC1,3.477
2002-04-17,RNGC2,3.511
2002-04-17,RNGC3,3.546
2002-04-17,RNGC4,3.578
2002-04-18,RNGC1,3.485
2002-04-18,RNGC2,3.523
2002-04-18,RNGC3,3.558
2002-04-18,RNGC4,3.586
2002-04-19,RNGC1,3.527
2002-04-19,RNGC2,3.562
2002-04-19,RNGC3,3.595
2002-04-19,RNGC4,3.623
2002-04-22,RNGC1,3.596
2002-04-22,RNGC2,3.616
2002-04-22,RNGC3,3.646
2002-04-22,RNGC4,3.673
2002-04-23,RNGC1,3.591
2002-04-23,RNGC2,3.615
2002-04-23,RNGC3,3.645
2002-04-23,RNGC4,3.675
2002-04-24,RNGC1,3.419
2002-04-24,RNGC2,3.431
2002-04-24,RNGC3,3.465
2002-04-24,RNGC4,3.499
2002-04-25,RNGC1,3.295
2002-04-25,RNGC2,3.306
2002-04-25,RNGC3,3.341
2002-04-25,RNGC4,3.376
2002-04-26,RNGC1,3.319
2002-04-26,RNGC2,3.372
2002-04-26,RNGC3,3.407
2002-04-26,RNGC4,3.447
2002-04-29,RNGC1,3.561
2002-04-29,RNGC2,3.589
2002-04-29,RNGC3,3.619
2002-04-29,RNGC4,3.616
2002-04-30,RNGC1,3.795
2002-04-30,RNGC2,3.823
2002-04-30,RNGC3,3.853
2002-04-30,RNGC4,3.848
2002-05-01,RNGC1,3.735
2002-05-01,RNGC2,3.767
2002-05-01,RNGC3,3.797
2002-05-01,RNGC4,3.792
2002-05-02,RNGC1,3.684
2002-05-02,RNGC2,3.721
2002-05-02,RNGC3,3.755
2002-05-02,RNGC4,3.755
2002-05-03,RNGC1,3.745
2002-05-03,RNGC2,3.787
2002-05-03,RNGC3,3.825
2002-05-03,RNGC4,3.825
2002-05-06,RNGC1,3.595
2002-05-06,RNGC2,3.639
2002-05-06,RNGC3,3.68
2002-05-06,RNGC4,3.685
2002-05-07,RNGC1,3.673
2002-05-07,RNGC2,3.719
2002-05-07,RNGC3,3.756
2002-05-07,RNGC4,3.765
2002-05-08,RNGC1,3.746
2002-05-08,RNGC2,3.794
2002-05-08,RNGC3,3.83
2002-05-08,RNGC4,3.839
2002-05-09,RNGC1,3.719
2002-05-09,RNGC2,3.768
2002-05-09,RNGC3,3.803
2002-05-09,RNGC4,3.812
2002-05-10,RNGC1,3.749
2002-05-10,RNGC2,3.8
2002-05-10,RNGC3,3.835
2002-05-10,RNGC4,3.844
2002-05-13,RNGC1,3.783
2002-05-13,RNGC2,3.831
2002-05-13,RNGC3,3.866
2002-05-13,RNGC4,3.871
2002-05-14,RNGC1,3.855
2002-05-14,RNGC2,3.912
2002-05-14,RNGC3,3.948
2002-05-14,RNGC4,3.955
2002-05-15,RNGC1,3.64
2002-05-15,RNGC2,3.715
2002-05-15,RNGC3,3.761
2002-05-15,RNGC4,3.772
2002-05-16,RNGC1,3.609
2002-05-16,RNGC2,3.689
2002-05-16,RNGC3,3.735
2002-05-16,RNGC4,3.756
2002-05-17,RNGC1,3.598
2002-05-17,RNGC2,3.681
2002-05-17,RNGC3,3.727
2002-05-17,RNGC4,3.755
2002-05-20,RNGC1,3.49
2002-05-20,RNGC2,3.57
2002-05-20,RNGC3,3.623
2002-05-20,RNGC4,3.653
2002-05-21,RNGC1,3.395
2002-05-21,RNGC2,3.473
2002-05-21,RNGC3,3.53
2002-05-21,RNGC4,3.558
2002-05-22,RNGC1,3.459
2002-05-22,RNGC2,3.537
2002-05-22,RNGC3,3.594
2002-05-22,RNGC4,3.62
2002-05-23,RNGC1,3.438
2002-05-23,RNGC2,3.521
2002-05-23,RNGC3,3.574
2002-05-23,RNGC4,3.602
2002-05-24,RNGC1,3.347
2002-05-24,RNGC2,3.446
2002-05-24,RNGC3,3.506
2002-05-24,RNGC4,3.534
2002-05-28,RNGC1,3.28
2002-05-28,RNGC2,3.373
2002-05-28,RNGC3,3.436
2002-05-28,RNGC4,3.471
2002-05-29,RNGC1,3.42
2002-05-29,RNGC2,3.505
2002-05-29,RNGC3,3.557
2002-05-29,RNGC4,3.582
2002-05-30,RNGC1,3.222
2002-05-30,RNGC2,3.29
2002-05-30,RNGC3,3.325
2002-05-30,RNGC4,3.362
2002-05-31,RNGC1,3.217
2002-05-31,RNGC2,3.28
2002-05-31,RNGC3,3.309
2002-05-31,RNGC4,3.345
2002-06-03,RNGC1,3.242
2002-06-03,RNGC2,3.295
2002-06-03,RNGC3,3.316
2002-06-03,RNGC4,3.344
2002-06-04,RNGC1,3.328
2002-06-04,RNGC2,3.37
2002-06-04,RNGC3,3.388
2002-06-04,RNGC4,3.411
2002-06-05,RNGC1,3.26
2002-06-05,RNGC2,3.31
2002-06-05,RNGC3,3.328
2002-06-05,RNGC4,3.352
2002-06-06,RNGC1,3.182
2002-06-06,RNGC2,3.242
2002-06-06,RNGC3,3.266
2002-06-06,RNGC4,3.295
2002-06-07,RNGC1,3.204
2002-06-07,RNGC2,3.269
2002-06-07,RNGC3,3.294
2002-06-07,RNGC4,3.324
2002-06-10,RNGC1,3.135
2002-06-10,RNGC2,3.203
2002-06-10,RNGC3,3.235
2002-06-10,RNGC4,3.268
2002-06-11,RNGC1,3.132
2002-06-11,RNGC2,3.197
2002-06-11,RNGC3,3.228
2002-06-11,RNGC4,3.264
2002-06-12,RNGC1,3.057
2002-06-12,RNGC2,3.124
2002-06-12,RNGC3,3.153
2002-06-12,RNGC4,3.189
2002-06-13,RNGC1,3.211
2002-06-13,RNGC2,3.28
2002-06-13,RNGC3,3.303
2002-06-13,RNGC4,3.335
2002-06-14,RNGC1,3.342
2002-06-14,RNGC2,3.408
2002-06-14,RNGC3,3.435
2002-06-14,RNGC4,3.465
2002-06-17,RNGC1,3.377
2002-06-17,RNGC2,3.447
2002-06-17,RNGC3,3.472
2002-06-17,RNGC4,3.502
2002-06-18,RNGC1,3.312
2002-06-18,RNGC2,3.385
2002-06-18,RNGC3,3.412
2002-06-18,RNGC4,3.445
2002-06-19,RNGC1,3.314
2002-06-19,RNGC2,3.387
2002-06-19,RNGC3,3.417
2002-06-19,RNGC4,3.457
2002-06-20,RNGC1,3.216
2002-06-20,RNGC2,3.276
2002-06-20,RNGC3,3.307
2002-06-20,RNGC4,3.349
2002-06-21,RNGC1,3.237
2002-06-21,RNGC2,3.294
2002-06-21,RNGC3,3.324
2002-06-21,RNGC4,3.361
2002-06-24,RNGC1,3.43
2002-06-24,RNGC2,3.48
2002-06-24,RNGC3,3.501
2002-06-24,RNGC4,3.532
2002-06-25,RNGC1,3.449
2002-06-25,RNGC2,3.495
2002-06-25,RNGC3,3.515
2002-06-25,RNGC4,3.545
2002-06-26,RNGC1,3.278
2002-06-26,RNGC2,3.353
2002-06-26,RNGC3,3.373
2002-06-26,RNGC4,3.401
2002-06-27,RNGC1,3.236
2002-06-27,RNGC2,3.266
2002-06-27,RNGC3,3.3
2002-06-27,RNGC4,3.602
2002-06-28,RNGC1,3.245
2002-06-28,RNGC2,3.273
2002-06-28,RNGC3,3.303
2002-06-28,RNGC4,3.608
2002-07-01,RNGC1,3.192
2002-07-01,RNGC2,3.22
2002-07-01,RNGC3,3.25
2002-07-01,RNGC4,3.57
2002-07-02,RNGC1,3.145
2002-07-02,RNGC2,3.177
2002-07-02,RNGC3,3.205
2002-07-02,RNGC4,3.538
2002-07-03,RNGC1,3.142
2002-07-03,RNGC2,3.174
2002-07-03,RNGC3,3.202
2002-07-03,RNGC4,3.545
2002-07-08,RNGC1,2.939
2002-07-08,RNGC2,2.982
2002-07-08,RNGC3,3.014
2002-07-08,RNGC4,3.381
2002-07-09,RNGC1,2.991
2002-07-09,RNGC2,3.029
2002-07-09,RNGC3,3.06
2002-07-09,RNGC4,3.432
2002-07-10,RNGC1,2.864
2002-07-10,RNGC2,2.902
2002-07-10,RNGC3,2.94
2002-07-10,RNGC4,3.318
2002-07-11,RNGC1,2.83
2002-07-11,RNGC2,2.869
2002-07-11,RNGC3,2.911
2002-07-11,RNGC4,3.298
2002-07-12,RNGC1,2.787
2002-07-12,RNGC2,2.83
2002-07-12,RNGC3,2.877
2002-07-12,RNGC4,3.265
2002-07-15,RNGC1,2.784
2002-07-15,RNGC2,2.825
2002-07-15,RNGC3,2.873
2002-07-15,RNGC4,3.258
2002-07-16,RNGC1,2.863
2002-07-16,RNGC2,2.892
2002-07-16,RNGC3,2.93
2002-07-16,RNGC4,3.3
2002-07-17,RNGC1,2.841
2002-07-17,RNGC2,2.862
2002-07-17,RNGC3,2.901
2002-07-17,RNGC4,3.261
2002-07-18,RNGC1,2.943
2002-07-18,RNGC2,2.95
2002-07-18,RNGC3,2.985
2002-07-18,RNGC4,3.309
2002-07-19,RNGC1,2.933
2002-07-19,RNGC2,2.944
2002-07-19,RNGC3,2.982
2002-07-19,RNGC4,3.302
2002-07-22,RNGC1,2.947
2002-07-22,RNGC2,2.956
2002-07-22,RNGC3,2.996
2002-07-22,RNGC4,3.313
2002-07-23,RNGC1,2.889
2002-07-23,RNGC2,2.895
2002-07-23,RNGC3,2.937
2002-07-23,RNGC4,3.247
2002-07-24,RNGC1,3.042
2002-07-24,RNGC2,3.04
2002-07-24,RNGC3,3.075
2002-07-24,RNGC4,3.367
2002-07-25,RNGC1,2.902
2002-07-25,RNGC2,2.888
2002-07-25,RNGC3,2.933
2002-07-25,RNGC4,3.243
2002-07-26,RNGC1,2.936
2002-07-26,RNGC2,2.891
2002-07-26,RNGC3,2.933
2002-07-26,RNGC4,3.248
2002-07-29,RNGC1,2.976
2002-07-29,RNGC2,2.905
2002-07-29,RNGC3,2.93
2002-07-29,RNGC4,3.23
2002-07-30,RNGC1,2.891
2002-07-30,RNGC2,2.916
2002-07-30,RNGC3,3.211
2002-07-30,RNGC4,3.476
2002-07-31,RNGC1,2.954
2002-07-31,RNGC2,2.971
2002-07-31,RNGC3,3.261
2002-07-31,RNGC4,3.521
2002-08-01,RNGC1,2.842
2002-08-01,RNGC2,2.874
2002-08-01,RNGC3,3.179
2002-08-01,RNGC4,3.449
2002-08-02,RNGC1,2.858
2002-08-02,RNGC2,2.885
2002-08-02,RNGC3,3.195
2002-08-02,RNGC4,3.465
2002-08-05,RNGC1,2.678
2002-08-05,RNGC2,2.72
2002-08-05,RNGC3,3.065
2002-08-05,RNGC4,3.36
2002-08-06,RNGC1,2.716
2002-08-06,RNGC2,2.755
2002-08-06,RNGC3,3.104
2002-08-06,RNGC4,3.404
2002-08-07,RNGC1,2.66
2002-08-07,RNGC2,2.704
2002-08-07,RNGC3,3.066
2002-08-07,RNGC4,3.379
2002-08-08,RNGC1,2.745
2002-08-08,RNGC2,2.784
2002-08-08,RNGC3,3.134
2002-08-08,RNGC4,3.442
2002-08-09,RNGC1,2.761
2002-08-09,RNGC2,2.804
2002-08-09,RNGC3,3.146
2002-08-09,RNGC4,3.446
2002-08-12,RNGC1,2.965
2002-08-12,RNGC2,3.001
2002-08-12,RNGC3,3.316
2002-08-12,RNGC4,3.606
2002-08-13,RNGC1,2.975
2002-08-13,RNGC2,3.018
2002-08-13,RNGC3,3.328
2002-08-13,RNGC4,3.618
2002-08-14,RNGC1,2.91
2002-08-14,RNGC2,2.955
2002-08-14,RNGC3,3.267
2002-08-14,RNGC4,3.567
2002-08-15,RNGC1,3.127
2002-08-15,RNGC2,3.172
2002-08-15,RNGC3,3.457
2002-08-15,RNGC4,3.73
2002-08-16,RNGC1,3.149
2002-08-16,RNGC2,3.208
2002-08-16,RNGC3,3.488
2002-08-16,RNGC4,3.757
2002-08-19,RNGC1,3.267
2002-08-19,RNGC2,3.327
2002-08-19,RNGC3,3.602
2002-08-19,RNGC4,3.861
2002-08-20,RNGC1,3.166
2002-08-20,RNGC2,3.226
2002-08-20,RNGC3,3.498
2002-08-20,RNGC4,3.755
2002-08-21,RNGC1,3.274
2002-08-21,RNGC2,3.339
2002-08-21,RNGC3,3.601
2002-08-21,RNGC4,3.844
2002-08-22,RNGC1,3.515
2002-08-22,RNGC2,3.591
2002-08-22,RNGC3,3.828
2002-08-22,RNGC4,4.051
2002-08-23,RNGC1,3.487
2002-08-23,RNGC2,3.543
2002-08-23,RNGC3,3.785
2002-08-23,RNGC4,4.015
2002-08-26,RNGC1,3.617
2002-08-26,RNGC2,3.676
2002-08-26,RNGC3,3.919
2002-08-26,RNGC4,4.151
2002-08-27,RNGC1,3.483
2002-08-27,RNGC2,3.531
2002-08-27,RNGC3,3.784
2002-08-27,RNGC4,4.026
2002-08-28,RNGC1,3.288
2002-08-28,RNGC2,3.403
2002-08-28,RNGC3,3.673
2002-08-28,RNGC4,3.923
2002-08-29,RNGC1,3.25
2002-08-29,RNGC2,3.555
2002-08-29,RNGC3,3.818
2002-08-29,RNGC4,3.943
2002-08-30,RNGC1,3.296
2002-08-30,RNGC2,3.626
2002-08-30,RNGC3,3.901
2002-08-30,RNGC4,4.029
2002-09-03,RNGC1,3.132
2002-09-03,RNGC2,3.487
2002-09-03,RNGC3,3.777
2002-09-03,RNGC4,3.917
2002-09-04,RNGC1,3.193
2002-09-04,RNGC2,3.543
2002-09-04,RNGC3,3.833
2002-09-04,RNGC4,3.971
2002-09-05,RNGC1,3.342
2002-09-05,RNGC2,3.654
2002-09-05,RNGC3,3.934
2002-09-05,RNGC4,4.065
2002-09-06,RNGC1,3.265
2002-09-06,RNGC2,3.605
2002-09-06,RNGC3,3.887
2002-09-06,RNGC4,4.017
2002-09-09,RNGC1,3.399
2002-09-09,RNGC2,3.744
2002-09-09,RNGC3,4.019
2002-09-09,RNGC4,4.139
2002-09-10,RNGC1,3.356
2002-09-10,RNGC2,3.734
2002-09-10,RNGC3,4.009
2002-09-10,RNGC4,4.126
2002-09-11,RNGC1,3.25
2002-09-11,RNGC2,3.645
2002-09-11,RNGC3,3.93
2002-09-11,RNGC4,4.05
2002-09-12,RNGC1,3.329
2002-09-12,RNGC2,3.72
2002-09-12,RNGC3,3.995
2002-09-12,RNGC4,4.115
2002-09-13,RNGC1,3.467
2002-09-13,RNGC2,3.842
2002-09-13,RNGC3,4.11
2002-09-13,RNGC4,4.221
2002-09-16,RNGC1,3.507
2002-09-16,RNGC2,3.866
2002-09-16,RNGC3,4.121
2002-09-16,RNGC4,4.228
2002-09-17,RNGC1,3.679
2002-09-17,RNGC2,3.977
2002-09-17,RNGC3,4.205
2002-09-17,RNGC4,4.303
2002-09-18,RNGC1,3.787
2002-09-18,RNGC2,4.07
2002-09-18,RNGC3,4.275
2002-09-18,RNGC4,4.37
2002-09-19,RNGC1,3.856
2002-09-19,RNGC2,4.106
2002-09-19,RNGC3,4.284
2002-09-19,RNGC4,4.357
2002-09-20,RNGC1,3.758
2002-09-20,RNGC2,3.992
2002-09-20,RNGC3,4.177
2002-09-20,RNGC4,4.257
2002-09-23,RNGC1,3.978
2002-09-23,RNGC2,4.175
2002-09-23,RNGC3,4.342
2002-09-23,RNGC4,4.408
2002-09-24,RNGC1,3.742
2002-09-24,RNGC2,3.929
2002-09-24,RNGC3,4.124
2002-09-24,RNGC4,4.211
2002-09-25,RNGC1,3.494
2002-09-25,RNGC2,3.793
2002-09-25,RNGC3,4.028
2002-09-25,RNGC4,4.133
2002-09-26,RNGC1,3.686
2002-09-26,RNGC2,3.889
2002-09-26,RNGC3,4.114
2002-09-26,RNGC4,4.216
2002-09-27,RNGC1,4.041
2002-09-27,RNGC2,4.245
2002-09-27,RNGC3,4.33
2002-09-27,RNGC4,4.225
2002-09-30,RNGC1,4.138
2002-09-30,RNGC2,4.323
2002-09-30,RNGC3,4.403
2002-09-30,RNGC4,4.293
2002-10-01,RNGC1,4.067
2002-10-01,RNGC2,4.24
2002-10-01,RNGC3,4.33
2002-10-01,RNGC4,4.222
2002-10-02,RNGC1,4.16
2002-10-02,RNGC2,4.315
2002-10-02,RNGC3,4.398
2002-10-02,RNGC4,4.283
2002-10-03,RNGC1,3.724
2002-10-03,RNGC2,3.959
2002-10-03,RNGC3,4.076
2002-10-03,RNGC4,3.994
2002-10-04,RNGC1,3.739
2002-10-04,RNGC2,3.969
2002-10-04,RNGC3,4.086
2002-10-04,RNGC4,4.009
2002-10-07,RNGC1,3.74
2002-10-07,RNGC2,3.99
2002-10-07,RNGC3,4.115
2002-10-07,RNGC4,4.035
2002-10-08,RNGC1,3.862
2002-10-08,RNGC2,4.12
2002-10-08,RNGC3,4.243
2002-10-08,RNGC4,4.153
2002-10-09,RNGC1,3.918
2002-10-09,RNGC2,4.158
2002-10-09,RNGC3,4.265
2002-10-09,RNGC4,4.165
2002-10-10,RNGC1,3.828
2002-10-10,RNGC2,4.055
2002-10-10,RNGC3,4.153
2002-10-10,RNGC4,4.058
2002-10-11,RNGC1,4.146
2002-10-11,RNGC2,4.336
2002-10-11,RNGC3,4.396
2002-10-11,RNGC4,4.266
2002-10-14,RNGC1,4.303
2002-10-14,RNGC2,4.471
2002-10-14,RNGC3,4.521
2002-10-14,RNGC4,4.371
2002-10-15,RNGC1,4.247
2002-10-15,RNGC2,4.44
2002-10-15,RNGC3,4.505
2002-10-15,RNGC4,4.355
2002-10-16,RNGC1,4.227
2002-10-16,RNGC2,4.422
2002-10-16,RNGC3,4.492
2002-10-16,RNGC4,4.344
2002-10-17,RNGC1,4.299
2002-10-17,RNGC2,4.507
2002-10-17,RNGC3,4.572
2002-10-17,RNGC4,4.42
2002-10-18,RNGC1,4.239
2002-10-18,RNGC2,4.462
2002-10-18,RNGC3,4.542
2002-10-18,RNGC4,4.402
2002-10-21,RNGC1,4.157
2002-10-21,RNGC2,4.378
2002-10-21,RNGC3,4.46
2002-10-21,RNGC4,4.325
2002-10-22,RNGC1,4.11
2002-10-22,RNGC2,4.315
2002-10-22,RNGC3,4.403
2002-10-22,RNGC4,4.286
2002-10-23,RNGC1,4.26
2002-10-23,RNGC2,4.44
2002-10-23,RNGC3,4.51
2002-10-23,RNGC4,4.385
2002-10-24,RNGC1,4.133
2002-10-24,RNGC2,4.3
2002-10-24,RNGC3,4.385
2002-10-24,RNGC4,4.28
2002-10-25,RNGC1,4.028
2002-10-25,RNGC2,4.188
2002-10-25,RNGC3,4.278
2002-10-25,RNGC4,4.198
2002-10-28,RNGC1,4.176
2002-10-28,RNGC2,4.329
2002-10-28,RNGC3,4.409
2002-10-28,RNGC4,4.319
2002-10-29,RNGC1,4.126
2002-10-29,RNGC2,4.261
2002-10-29,RNGC3,4.348
2002-10-29,RNGC4,4.256
2002-10-30,RNGC1,4.389
2002-10-30,RNGC2,4.457
2002-10-30,RNGC3,4.349
2002-10-30,RNGC4,4.199
2002-10-31,RNGC1,4.156
2002-10-31,RNGC2,4.256
2002-10-31,RNGC3,4.171
2002-10-31,RNGC4,4.056
2002-11-01,RNGC1,4.06
2002-11-01,RNGC2,4.165
2002-11-01,RNGC3,4.097
2002-11-01,RNGC4,3.992
2002-11-04,RNGC1,3.863
2002-11-04,RNGC2,3.983
2002-11-04,RNGC3,3.933
2002-11-04,RNGC4,3.85
2002-11-05,RNGC1,3.883
2002-11-05,RNGC2,3.993
2002-11-05,RNGC3,3.953
2002-11-05,RNGC4,3.89
2002-11-06,RNGC1,3.854
2002-11-06,RNGC2,3.971
2002-11-06,RNGC3,3.936
2002-11-06,RNGC4,3.881
2002-11-07,RNGC1,3.831
2002-11-07,RNGC2,3.971
2002-11-07,RNGC3,3.936
2002-11-07,RNGC4,3.876
2002-11-08,RNGC1,3.903
2002-11-08,RNGC2,4.032
2002-11-08,RNGC3,3.975
2002-11-08,RNGC4,3.9
2002-11-11,RNGC1,3.778
2002-11-11,RNGC2,3.91
2002-11-11,RNGC3,3.875
2002-11-11,RNGC4,3.818
2002-11-12,RNGC1,3.872
2002-11-12,RNGC2,3.991
2002-11-12,RNGC3,3.948
2002-11-12,RNGC4,3.882
2002-11-13,RNGC1,3.877
2002-11-13,RNGC2,3.982
2002-11-13,RNGC3,3.936
2002-11-13,RNGC4,3.87
2002-11-14,RNGC1,3.869
2002-11-14,RNGC2,3.984
2002-11-14,RNGC3,3.939
2002-11-14,RNGC4,3.889
2002-11-15,RNGC1,3.981
2002-11-15,RNGC2,4.093
2002-11-15,RNGC3,4.043
2002-11-15,RNGC4,3.976
2002-11-18,RNGC1,4.263
2002-11-18,RNGC2,4.356
2002-11-18,RNGC3,4.271
2002-11-18,RNGC4,4.166
2002-11-19,RNGC1,4.261
2002-11-19,RNGC2,4.352
2002-11-19,RNGC3,4.262
2002-11-19,RNGC4,4.152
2002-11-20,RNGC1,4.254
2002-11-20,RNGC2,4.352
2002-11-20,RNGC3,4.262
2002-11-20,RNGC4,4.147
2002-11-21,RNGC1,4.351
2002-11-21,RNGC2,4.439
2002-11-21,RNGC3,4.342
2002-11-21,RNGC4,4.207
2002-11-22,RNGC1,4.26
2002-11-22,RNGC2,4.357
2002-11-22,RNGC3,4.285
2002-11-22,RNGC4,4.175
2002-11-25,RNGC1,4.261
2002-11-25,RNGC2,4.323
2002-11-25,RNGC3,4.258
2002-11-25,RNGC4,4.148
2002-11-26,RNGC1,4.14
2002-11-26,RNGC2,4.236
2002-11-26,RNGC3,4.186
2002-11-26,RNGC4,4.086
2002-11-27,RNGC1,4.2
2002-11-27,RNGC2,4.145
2002-11-27,RNGC3,4.048
2002-11-27,RNGC4,3.908
2002-12-02,RNGC1,4.32
2002-12-02,RNGC2,4.259
2002-12-02,RNGC3,4.155
2002-12-02,RNGC4,4.005
2002-12-03,RNGC1,4.226
2002-12-03,RNGC2,4.175
2002-12-03,RNGC3,4.081
2002-12-03,RNGC4,3.951
2002-12-04,RNGC1,4.298
2002-12-04,RNGC2,4.243
2002-12-04,RNGC3,4.144
2002-12-04,RNGC4,3.999
2002-12-05,RNGC1,4.406
2002-12-05,RNGC2,4.359
2002-12-05,RNGC3,4.263
2002-12-05,RNGC4,4.115
2002-12-06,RNGC1,4.383
2002-12-06,RNGC2,4.351
2002-12-06,RNGC3,4.276
2002-12-06,RNGC4,4.131
2002-12-09,RNGC1,4.359
2002-12-09,RNGC2,4.332
2002-12-09,RNGC3,4.259
2002-12-09,RNGC4,4.114
2002-12-10,RNGC1,4.636
2002-12-10,RNGC2,4.594
2002-12-10,RNGC3,4.484
2002-12-10,RNGC4,4.294
2002-12-11,RNGC1,4.709
2002-12-11,RNGC2,4.675
2002-12-11,RNGC3,4.539
2002-12-11,RNGC4,4.324
2002-12-12,RNGC1,5.089
2002-12-12,RNGC2,5.02
2002-12-12,RNGC3,4.79
2002-12-12,RNGC4,4.46
2002-12-13,RNGC1,5.284
2002-12-13,RNGC2,5.235
2002-12-13,RNGC3,4.935
2002-12-13,RNGC4,4.535
2002-12-16,RNGC1,5.341
2002-12-16,RNGC2,5.297
2002-12-16,RNGC3,4.967
2002-12-16,RNGC4,4.502
2002-12-17,RNGC1,5.24
2002-12-17,RNGC2,5.179
2002-12-17,RNGC3,4.879
2002-12-17,RNGC4,4.429
2002-12-18,RNGC1,5.278
2002-12-18,RNGC2,5.249
2002-12-18,RNGC3,4.949
2002-12-18,RNGC4,4.469
2002-12-19,RNGC1,5.047
2002-12-19,RNGC2,5.073
2002-12-19,RNGC3,4.868
2002-12-19,RNGC4,4.448
2002-12-20,RNGC1,5.183
2002-12-20,RNGC2,5.203
2002-12-20,RNGC3,5.0
2002-12-20,RNGC4,4.545
2002-12-23,RNGC1,5.116
2002-12-23,RNGC2,5.176
2002-12-23,RNGC3,5.011
2002-12-23,RNGC4,4.566
2002-12-24,RNGC1,5.146
2002-12-24,RNGC2,5.209
2002-12-24,RNGC3,5.039
2002-12-24,RNGC4,4.589
2002-12-26,RNGC1,4.962
2002-12-26,RNGC2,4.99
2002-12-26,RNGC3,4.88
2002-12-26,RNGC4,4.53
2002-12-27,RNGC1,4.988
2002-12-27,RNGC2,5.022
2002-12-27,RNGC3,4.892
2002-12-27,RNGC4,4.612
2002-12-30,RNGC1,4.8
2002-12-30,RNGC2,4.71
2002-12-30,RNGC3,4.515
2002-12-30,RNGC4,4.426
2002-12-31,RNGC1,4.789
2002-12-31,RNGC2,4.692
2002-12-31,RNGC3,4.514
2002-12-31,RNGC4,4.429
2003-01-02,RNGC1,5.251
2003-01-02,RNGC2,5.131
2003-01-02,RNGC3,4.821
2003-01-02,RNGC4,4.691
2003-01-03,RNGC1,5.344
2003-01-03,RNGC2,5.22
2003-01-03,RNGC3,4.945
2003-01-03,RNGC4,4.795
2003-01-06,RNGC1,4.935
2003-01-06,RNGC2,4.87
2003-01-06,RNGC3,4.731
2003-01-06,RNGC4,4.633
2003-01-07,RNGC1,5.127
2003-01-07,RNGC2,5.047
2003-01-07,RNGC3,4.875
2003-01-07,RNGC4,4.755
2003-01-08,RNGC1,5.161
2003-01-08,RNGC2,5.111
2003-01-08,RNGC3,4.933
2003-01-08,RNGC4,4.813
2003-01-09,RNGC1,5.304
2003-01-09,RNGC2,5.229
2003-01-09,RNGC3,5.029
2003-01-09,RNGC4,4.904
2003-01-10,RNGC1,5.143
2003-01-10,RNGC2,5.068
2003-01-10,RNGC3,4.873
2003-01-10,RNGC4,4.753
2003-01-13,RNGC1,5.251
2003-01-13,RNGC2,5.172
2003-01-13,RNGC3,4.93
2003-01-13,RNGC4,4.802
2003-01-14,RNGC1,5.107
2003-01-14,RNGC2,5.055
2003-01-14,RNGC3,4.858
2003-01-14,RNGC4,4.756
2003-01-15,RNGC1,5.43
2003-01-15,RNGC2,5.355
2003-01-15,RNGC3,5.067
2003-01-15,RNGC4,4.912
2003-01-16,RNGC1,5.645
2003-01-16,RNGC2,5.603
2003-01-16,RNGC3,5.223
2003-01-16,RNGC4,5.018
2003-01-17,RNGC1,5.536
2003-01-17,RNGC2,5.503
2003-01-17,RNGC3,5.148
2003-01-17,RNGC4,4.958
2003-01-21,RNGC1,5.433
2003-01-21,RNGC2,5.432
2003-01-21,RNGC3,5.127
2003-01-21,RNGC4,4.945
2003-01-22,RNGC1,5.673
2003-01-22,RNGC2,5.608
2003-01-22,RNGC3,5.233
2003-01-22,RNGC4,5.018
2003-01-23,RNGC1,5.458
2003-01-23,RNGC2,5.425
2003-01-23,RNGC3,5.125
2003-01-23,RNGC4,4.929
2003-01-24,RNGC1,5.524
2003-01-24,RNGC2,5.465
2003-01-24,RNGC3,5.103
2003-01-24,RNGC4,4.89
2003-01-27,RNGC1,5.396
2003-01-27,RNGC2,5.291
2003-01-27,RNGC3,4.965
2003-01-27,RNGC4,4.79
2003-01-28,RNGC1,5.444
2003-01-28,RNGC2,5.359
2003-01-28,RNGC3,5.0
2003-01-28,RNGC4,4.81
2003-01-29,RNGC1,5.66
2003-01-29,RNGC2,5.629
2003-01-29,RNGC3,5.234
2003-01-29,RNGC4,4.969
2003-01-30,RNGC1,5.583
2003-01-30,RNGC2,5.27
2003-01-30,RNGC3,4.98
2003-01-30,RNGC4,4.88
2003-01-31,RNGC1,5.605
2003-01-31,RNGC2,5.345
2003-01-31,RNGC3,5.027
2003-01-31,RNGC4,4.899
2003-02-03,RNGC1,5.766
2003-02-03,RNGC2,5.485
2003-02-03,RNGC3,5.163
2003-02-03,RNGC4,4.993
2003-02-04,RNGC1,5.762
2003-02-04,RNGC2,5.512
2003-02-04,RNGC3,5.212
2003-02-04,RNGC4,5.049
2003-02-05,RNGC1,5.644
2003-02-05,RNGC2,5.414
2003-02-05,RNGC3,5.171
2003-02-05,RNGC4,5.061
2003-02-06,RNGC1,5.828
2003-02-06,RNGC2,5.578
2003-02-06,RNGC3,5.298
2003-02-06,RNGC4,5.158
2003-02-07,RNGC1,6.043
2003-02-07,RNGC2,5.78
2003-02-07,RNGC3,5.448
2003-02-07,RNGC4,5.283
2003-02-10,RNGC1,5.852
2003-02-10,RNGC2,5.617
2003-02-10,RNGC3,5.327
2003-02-10,RNGC4,5.197
2003-02-11,RNGC1,5.977
2003-02-11,RNGC2,5.617
2003-02-11,RNGC3,5.327
2003-02-11,RNGC4,5.197
2003-02-12,RNGC1,5.785
2003-02-12,RNGC2,5.56
2003-02-12,RNGC3,5.315
2003-02-12,RNGC4,5.205
2003-02-13,RNGC1,5.74
2003-02-13,RNGC2,5.55
2003-02-13,RNGC3,5.35
2003-02-13,RNGC4,5.26
2003-02-14,RNGC1,5.851
2003-02-14,RNGC2,5.644
2003-02-14,RNGC3,5.439
2003-02-14,RNGC4,5.344
2003-02-18,RNGC1,5.911
2003-02-18,RNGC2,5.71
2003-02-18,RNGC3,5.5
2003-02-18,RNGC4,5.41
2003-02-19,RNGC1,6.134
2003-02-19,RNGC2,5.909
2003-02-19,RNGC3,5.619
2003-02-19,RNGC4,5.504
2003-02-20,RNGC1,6.162
2003-02-20,RNGC2,5.98
2003-02-20,RNGC3,5.684
2003-02-20,RNGC4,5.544
2003-02-21,RNGC1,6.606
2003-02-21,RNGC2,6.318
2003-02-21,RNGC3,5.953
2003-02-21,RNGC4,5.751
2003-02-24,RNGC1,9.137
2003-02-24,RNGC2,7.622
2003-02-24,RNGC3,6.842
2003-02-24,RNGC4,6.367
2003-02-25,RNGC1,9.577
2003-02-25,RNGC2,6.584
2003-02-25,RNGC3,5.859
2003-02-25,RNGC4,5.539
2003-02-26,RNGC1,9.133
2003-02-26,RNGC2,7.39
2003-02-26,RNGC3,6.23
2003-02-26,RNGC4,5.81
2003-02-27,RNGC1,7.485
2003-02-27,RNGC2,5.965
2003-02-27,RNGC3,5.665
2003-02-27,RNGC4,5.585
2003-02-28,RNGC1,8.101
2003-02-28,RNGC2,6.071
2003-02-28,RNGC3,5.761
2003-02-28,RNGC4,5.651
2003-03-03,RNGC1,7.162
2003-03-03,RNGC2,5.952
2003-03-03,RNGC3,5.652
2003-03-03,RNGC4,5.552
2003-03-04,RNGC1,7.041
2003-03-04,RNGC2,5.991
2003-03-04,RNGC3,5.691
2003-03-04,RNGC4,5.591
2003-03-05,RNGC1,7.021
2003-03-05,RNGC2,5.971
2003-03-05,RNGC3,5.696
2003-03-05,RNGC4,5.596
2003-03-06,RNGC1,6.844
2003-03-06,RNGC2,6.064
2003-03-06,RNGC3,5.804
2003-03-06,RNGC4,5.689
2003-03-07,RNGC1,6.993
2003-03-07,RNGC2,6.303
2003-03-07,RNGC3,6.053
2003-03-07,RNGC4,5.93
2003-03-10,RNGC1,6.515
2003-03-10,RNGC2,6.165
2003-03-10,RNGC3,5.945
2003-03-10,RNGC4,5.835
2003-03-11,RNGC1,5.944
2003-03-11,RNGC2,5.81
2003-03-11,RNGC3,5.72
2003-03-11,RNGC4,5.655
2003-03-12,RNGC1,5.865
2003-03-12,RNGC2,5.8
2003-03-12,RNGC3,5.7
2003-03-12,RNGC4,5.635
2003-03-13,RNGC1,5.361
2003-03-13,RNGC2,5.381
2003-03-13,RNGC3,5.345
2003-03-13,RNGC4,5.335
2003-03-14,RNGC1,5.429
2003-03-14,RNGC2,5.424
2003-03-14,RNGC3,5.354
2003-03-14,RNGC4,5.334
2003-03-17,RNGC1,5.507
2003-03-17,RNGC2,5.44
2003-03-17,RNGC3,5.37
2003-03-17,RNGC4,5.32
2003-03-18,RNGC1,5.339
2003-03-18,RNGC2,5.32
2003-03-18,RNGC3,5.26
2003-03-18,RNGC4,5.22
2003-03-19,RNGC1,5.278
2003-03-19,RNGC2,5.263
2003-03-19,RNGC3,5.218
2003-03-19,RNGC4,5.203
2003-03-20,RNGC1,5.306
2003-03-20,RNGC2,5.271
2003-03-20,RNGC3,5.231
2003-03-20,RNGC4,5.216
2003-03-21,RNGC1,5.128
2003-03-21,RNGC2,5.148
2003-03-21,RNGC3,5.128
2003-03-21,RNGC4,5.128
2003-03-24,RNGC1,5.253
2003-03-24,RNGC2,5.278
2003-03-24,RNGC3,5.243
2003-03-24,RNGC4,5.234
2003-03-25,RNGC1,5.077
2003-03-25,RNGC2,5.117
2003-03-25,RNGC3,5.137
2003-03-25,RNGC4,5.137
2003-03-26,RNGC1,5.097
2003-03-26,RNGC2,5.147
2003-03-26,RNGC3,5.149
2003-03-26,RNGC4,5.144
2003-03-27,RNGC1,5.146
2003-03-27,RNGC2,5.24
2003-03-27,RNGC3,5.28
2003-03-27,RNGC4,5.276
2003-03-28,RNGC1,5.146
2003-03-28,RNGC2,5.186
2003-03-28,RNGC3,5.189
2003-03-28,RNGC4,5.204
2003-03-31,RNGC1,5.06
2003-03-31,RNGC2,5.1
2003-03-31,RNGC3,5.115
2003-03-31,RNGC4,5.135
2003-04-01,RNGC1,5.125
2003-04-01,RNGC2,5.168
2003-04-01,RNGC3,5.175
2003-04-01,RNGC4,5.185
2003-04-02,RNGC1,5.065
2003-04-02,RNGC2,5.119
2003-04-02,RNGC3,5.129
2003-04-02,RNGC4,5.144
2003-04-03,RNGC1,4.919
2003-04-03,RNGC2,4.984
2003-04-03,RNGC3,5.005
2003-04-03,RNGC4,5.026
2003-04-04,RNGC1,4.943
2003-04-04,RNGC2,4.993
2003-04-04,RNGC3,5.003
2003-04-04,RNGC4,5.013
2003-04-07,RNGC1,5.134
2003-04-07,RNGC2,5.179
2003-04-07,RNGC3,5.176
2003-04-07,RNGC4,5.171
2003-04-08,RNGC1,5.108
2003-04-08,RNGC2,5.168
2003-04-08,RNGC3,5.174
2003-04-08,RNGC4,5.174
2003-04-09,RNGC1,5.195
2003-04-09,RNGC2,5.255
2003-04-09,RNGC3,5.263
2003-04-09,RNGC4,5.263
2003-04-10,RNGC1,5.419
2003-04-10,RNGC2,5.491
2003-04-10,RNGC3,5.517
2003-04-10,RNGC4,5.497
2003-04-11,RNGC1,5.411
2003-04-11,RNGC2,5.5
2003-04-11,RNGC3,5.532
2003-04-11,RNGC4,5.512
2003-04-14,RNGC1,5.552
2003-04-14,RNGC2,5.627
2003-04-14,RNGC3,5.662
2003-04-14,RNGC4,5.637
2003-04-15,RNGC1,5.653
2003-04-15,RNGC2,5.739
2003-04-15,RNGC3,5.779
2003-04-15,RNGC4,5.759
2003-04-16,RNGC1,5.677
2003-04-16,RNGC2,5.76
2003-04-16,RNGC3,5.792
2003-04-16,RNGC4,5.776
2003-04-17,RNGC1,5.709
2003-04-17,RNGC2,5.788
2003-04-17,RNGC3,5.818
2003-04-17,RNGC4,5.8
2003-04-21,RNGC1,5.713
2003-04-21,RNGC2,5.803
2003-04-21,RNGC3,5.846
2003-04-21,RNGC4,5.836
2003-04-22,RNGC1,5.645
2003-04-22,RNGC2,5.739
2003-04-22,RNGC3,5.804
2003-04-22,RNGC4,5.819
2003-04-23,RNGC1,5.569
2003-04-23,RNGC2,5.671
2003-04-23,RNGC3,5.739
2003-04-23,RNGC4,5.761
2003-04-24,RNGC1,5.474
2003-04-24,RNGC2,5.553
2003-04-24,RNGC3,5.63
2003-04-24,RNGC4,5.665
2003-04-25,RNGC1,5.477
2003-04-25,RNGC2,5.541
2003-04-25,RNGC3,5.606
2003-04-25,RNGC4,5.634
2003-04-28,RNGC1,5.123
2003-04-28,RNGC2,5.19
2003-04-28,RNGC3,5.265
2003-04-28,RNGC4,5.305
2003-04-29,RNGC1,5.236
2003-04-29,RNGC2,5.306
2003-04-29,RNGC3,5.351
2003-04-29,RNGC4,5.333
2003-04-30,RNGC1,5.385
2003-04-30,RNGC2,5.465
2003-04-30,RNGC3,5.51
2003-04-30,RNGC4,5.49
2003-05-01,RNGC1,5.267
2003-05-01,RNGC2,5.347
2003-05-01,RNGC3,5.397
2003-05-01,RNGC4,5.38
2003-05-02,RNGC1,5.255
2003-05-02,RNGC2,5.325
2003-05-02,RNGC3,5.375
2003-05-02,RNGC4,5.363
2003-05-05,RNGC1,5.689
2003-05-05,RNGC2,5.734
2003-05-05,RNGC3,5.754
2003-05-05,RNGC4,5.729
2003-05-06,RNGC1,5.568
2003-05-06,RNGC2,5.633
2003-05-06,RNGC3,5.658
2003-05-06,RNGC4,5.643
2003-05-07,RNGC1,5.66
2003-05-07,RNGC2,5.735
2003-05-07,RNGC3,5.75
2003-05-07,RNGC4,5.73
2003-05-08,RNGC1,5.772
2003-05-08,RNGC2,5.845
2003-05-08,RNGC3,5.868
2003-05-08,RNGC4,5.846
2003-05-09,RNGC1,5.806
2003-05-09,RNGC2,5.879
2003-05-09,RNGC3,5.909
2003-05-09,RNGC4,5.884
2003-05-12,RNGC1,5.983
2003-05-12,RNGC2,6.055
2003-05-12,RNGC3,6.082
2003-05-12,RNGC4,6.05
2003-05-13,RNGC1,6.308
2003-05-13,RNGC2,6.398
2003-05-13,RNGC3,6.425
2003-05-13,RNGC4,6.385
2003-05-14,RNGC1,6.314
2003-05-14,RNGC2,6.394
2003-05-14,RNGC3,6.424
2003-05-14,RNGC4,6.379
2003-05-15,RNGC1,6.131
2003-05-15,RNGC2,6.221
2003-05-15,RNGC3,6.266
2003-05-15,RNGC4,6.23
2003-05-16,RNGC1,6.122
2003-05-16,RNGC2,6.212
2003-05-16,RNGC3,6.257
2003-05-16,RNGC4,6.222
2003-05-19,RNGC1,6.015
2003-05-19,RNGC2,6.118
2003-05-19,RNGC3,6.168
2003-05-19,RNGC4,6.133
2003-05-20,RNGC1,6.056
2003-05-20,RNGC2,6.152
2003-05-20,RNGC3,6.195
2003-05-20,RNGC4,6.155
2003-05-21,RNGC1,6.198
2003-05-21,RNGC2,6.297
2003-05-21,RNGC3,6.337
2003-05-21,RNGC4,6.29
2003-05-22,RNGC1,6.035
2003-05-22,RNGC2,6.143
2003-05-22,RNGC3,6.191
2003-05-22,RNGC4,6.158
2003-05-23,RNGC1,6.119
2003-05-23,RNGC2,6.226
2003-05-23,RNGC3,6.271
2003-05-23,RNGC4,6.24
2003-05-27,RNGC1,5.9
2003-05-27,RNGC2,6.011
2003-05-27,RNGC3,6.066
2003-05-27,RNGC4,6.05
2003-05-28,RNGC1,5.945
2003-05-28,RNGC2,6.016
2003-05-28,RNGC3,6.067
2003-05-28,RNGC4,6.057
2003-05-29,RNGC1,6.066
2003-05-29,RNGC2,6.129
2003-05-29,RNGC3,6.127
2003-05-29,RNGC4,6.13
2003-05-30,RNGC1,6.251
2003-05-30,RNGC2,6.31
2003-05-30,RNGC3,6.296
2003-05-30,RNGC4,6.296
2003-06-02,RNGC1,6.412
2003-06-02,RNGC2,6.472
2003-06-02,RNGC3,6.452
2003-06-02,RNGC4,6.452
2003-06-03,RNGC1,6.36
2003-06-03,RNGC2,6.424
2003-06-03,RNGC3,6.41
2003-06-03,RNGC4,6.415
2003-06-04,RNGC1,6.375
2003-06-04,RNGC2,6.435
2003-06-04,RNGC3,6.418
2003-06-04,RNGC4,6.428
2003-06-05,RNGC1,6.521
2003-06-05,RNGC2,6.584
2003-06-05,RNGC3,6.556
2003-06-05,RNGC4,6.566
2003-06-06,RNGC1,6.51
2003-06-06,RNGC2,6.58
2003-06-06,RNGC3,6.552
2003-06-06,RNGC4,6.557
2003-06-09,RNGC1,6.314
2003-06-09,RNGC2,6.404
2003-06-09,RNGC3,6.404
2003-06-09,RNGC4,6.427
2003-06-10,RNGC1,6.33
2003-06-10,RNGC2,6.42
2003-06-10,RNGC3,6.424
2003-06-10,RNGC4,6.445
2003-06-11,RNGC1,6.213
2003-06-11,RNGC2,6.303
2003-06-11,RNGC3,6.319
2003-06-11,RNGC4,6.338
2003-06-12,RNGC1,5.606
2003-06-12,RNGC2,5.716
2003-06-12,RNGC3,5.761
2003-06-12,RNGC4,5.806
2003-06-13,RNGC1,5.675
2003-06-13,RNGC2,5.766
2003-06-13,RNGC3,5.802
2003-06-13,RNGC4,5.837
2003-06-16,RNGC1,5.706
2003-06-16,RNGC2,5.803
2003-06-16,RNGC3,5.838
2003-06-16,RNGC4,5.868
2003-06-17,RNGC1,5.712
2003-06-17,RNGC2,5.794
2003-06-17,RNGC3,5.833
2003-06-17,RNGC4,5.862
2003-06-18,RNGC1,5.581
2003-06-18,RNGC2,5.665
2003-06-18,RNGC3,5.701
2003-06-18,RNGC4,5.731
2003-06-19,RNGC1,5.941
2003-06-19,RNGC2,6.027
2003-06-19,RNGC3,6.042
2003-06-19,RNGC4,6.054
2003-06-20,RNGC1,5.805
2003-06-20,RNGC2,5.902
2003-06-20,RNGC3,5.931
2003-06-20,RNGC4,5.956
2003-06-23,RNGC1,5.863
2003-06-23,RNGC2,5.939
2003-06-23,RNGC3,5.97
2003-06-23,RNGC4,6.0
2003-06-24,RNGC1,5.697
2003-06-24,RNGC2,5.778
2003-06-24,RNGC3,5.805
2003-06-24,RNGC4,5.833
2003-06-25,RNGC1,5.757
2003-06-25,RNGC2,5.835
2003-06-25,RNGC3,5.86
2003-06-25,RNGC4,5.885
2003-06-26,RNGC1,5.291
2003-06-26,RNGC2,5.41
2003-06-26,RNGC3,5.45
2003-06-26,RNGC4,5.49
2003-06-27,RNGC1,5.362
2003-06-27,RNGC2,5.404
2003-06-27,RNGC3,5.442
2003-06-27,RNGC4,5.615
2003-06-30,RNGC1,5.411
2003-06-30,RNGC2,5.453
2003-06-30,RNGC3,5.483
2003-06-30,RNGC4,5.651
2003-07-01,RNGC1,5.317
2003-07-01,RNGC2,5.362
2003-07-01,RNGC3,5.392
2003-07-01,RNGC4,5.572
2003-07-02,RNGC1,5.199
2003-07-02,RNGC2,5.249
2003-07-02,RNGC3,5.282
2003-07-02,RNGC4,5.477
2003-07-03,RNGC1,5.226
2003-07-03,RNGC2,5.27
2003-07-03,RNGC3,5.3
2003-07-03,RNGC4,5.5
2003-07-07,RNGC1,5.381
2003-07-07,RNGC2,5.421
2003-07-07,RNGC3,5.446
2003-07-07,RNGC4,5.639
2003-07-08,RNGC1,5.503
2003-07-08,RNGC2,5.545
2003-07-08,RNGC3,5.563
2003-07-08,RNGC4,5.748
2003-07-09,RNGC1,5.52
2003-07-09,RNGC2,5.562
2003-07-09,RNGC3,5.582
2003-07-09,RNGC4,5.767
2003-07-10,RNGC1,5.258
2003-07-10,RNGC2,5.3
2003-07-10,RNGC3,5.333
2003-07-10,RNGC4,5.546
2003-07-11,RNGC1,5.154
2003-07-11,RNGC2,5.193
2003-07-11,RNGC3,5.226
2003-07-11,RNGC4,5.439
2003-07-14,RNGC1,5.102
2003-07-14,RNGC2,5.141
2003-07-14,RNGC3,5.174
2003-07-14,RNGC4,5.384
2003-07-15,RNGC1,5.02
2003-07-15,RNGC2,5.047
2003-07-15,RNGC3,5.08
2003-07-15,RNGC4,5.293
2003-07-16,RNGC1,4.934
2003-07-16,RNGC2,4.95
2003-07-16,RNGC3,4.985
2003-07-16,RNGC4,5.2
2003-07-17,RNGC1,5.05
2003-07-17,RNGC2,5.058
2003-07-17,RNGC3,5.088
2003-07-17,RNGC4,5.296
2003-07-18,RNGC1,5.022
2003-07-18,RNGC2,5.015
2003-07-18,RNGC3,5.055
2003-07-18,RNGC4,5.272
2003-07-21,RNGC1,5.107
2003-07-21,RNGC2,5.099
2003-07-21,RNGC3,5.124
2003-07-21,RNGC4,5.339
2003-07-22,RNGC1,4.868
2003-07-22,RNGC2,4.848
2003-07-22,RNGC3,4.878
2003-07-22,RNGC4,5.108
2003-07-23,RNGC1,4.876
2003-07-23,RNGC2,4.841
2003-07-23,RNGC3,4.871
2003-07-23,RNGC4,5.086
2003-07-24,RNGC1,4.731
2003-07-24,RNGC2,4.704
2003-07-24,RNGC3,4.744
2003-07-24,RNGC4,4.981
2003-07-25,RNGC1,4.706
2003-07-25,RNGC2,4.691
2003-07-25,RNGC3,4.729
2003-07-25,RNGC4,4.964
2003-07-28,RNGC1,4.7
2003-07-28,RNGC2,4.665
2003-07-28,RNGC3,4.695
2003-07-28,RNGC4,4.928
2003-07-29,RNGC1,4.693
2003-07-29,RNGC2,4.638
2003-07-29,RNGC3,4.671
2003-07-29,RNGC4,4.911
2003-07-30,RNGC1,4.668
2003-07-30,RNGC2,4.693
2003-07-30,RNGC3,4.933
2003-07-30,RNGC4,5.173
2003-07-31,RNGC1,4.718
2003-07-31,RNGC2,4.748
2003-07-31,RNGC3,4.983
2003-07-31,RNGC4,5.228
2003-08-01,RNGC1,4.874
2003-08-01,RNGC2,4.909
2003-08-01,RNGC3,5.122
2003-08-01,RNGC4,5.365
2003-08-04,RNGC1,4.63
2003-08-04,RNGC2,4.67
2003-08-04,RNGC3,4.9
2003-08-04,RNGC4,5.155
2003-08-05,RNGC1,4.677
2003-08-05,RNGC2,4.717
2003-08-05,RNGC3,4.947
2003-08-05,RNGC4,5.202
2003-08-06,RNGC1,4.745
2003-08-06,RNGC2,4.788
2003-08-06,RNGC3,5.013
2003-08-06,RNGC4,5.263
2003-08-07,RNGC1,5.082
2003-08-07,RNGC2,5.134
2003-08-07,RNGC3,5.332
2003-08-07,RNGC4,5.56
2003-08-08,RNGC1,5.037
2003-08-08,RNGC2,5.092
2003-08-08,RNGC3,5.292
2003-08-08,RNGC4,5.519
2003-08-11,RNGC1,5.129
2003-08-11,RNGC2,5.183
2003-08-11,RNGC3,5.378
2003-08-11,RNGC4,5.583
2003-08-12,RNGC1,5.217
2003-08-12,RNGC2,5.276
2003-08-12,RNGC3,5.461
2003-08-12,RNGC4,5.661
2003-08-13,RNGC1,5.179
2003-08-13,RNGC2,5.234
2003-08-13,RNGC3,5.429
2003-08-13,RNGC4,5.629
2003-08-14,RNGC1,4.891
2003-08-14,RNGC2,4.926
2003-08-14,RNGC3,5.174
2003-08-14,RNGC4,5.419
2003-08-15,RNGC1,4.848
2003-08-15,RNGC2,4.891
2003-08-15,RNGC3,5.149
2003-08-15,RNGC4,5.399
2003-08-18,RNGC1,4.883
2003-08-18,RNGC2,4.918
2003-08-18,RNGC3,5.173
2003-08-18,RNGC4,5.418
2003-08-19,RNGC1,4.964
2003-08-19,RNGC2,4.992
2003-08-19,RNGC3,5.234
2003-08-19,RNGC4,5.474
2003-08-20,RNGC1,5.119
2003-08-20,RNGC2,5.15
2003-08-20,RNGC3,5.375
2003-08-20,RNGC4,5.603
2003-08-21,RNGC1,5.275
2003-08-21,RNGC2,5.305
2003-08-21,RNGC3,5.49
2003-08-21,RNGC4,5.695
2003-08-22,RNGC1,5.28
2003-08-22,RNGC2,5.335
2003-08-22,RNGC3,5.52
2003-08-22,RNGC4,5.716
2003-08-25,RNGC1,5.083
2003-08-25,RNGC2,5.131
2003-08-25,RNGC3,5.356
2003-08-25,RNGC4,5.576
2003-08-26,RNGC1,5.038
2003-08-26,RNGC2,5.076
2003-08-26,RNGC3,5.288
2003-08-26,RNGC4,5.526
2003-08-27,RNGC1,4.927
2003-08-27,RNGC2,4.883
2003-08-27,RNGC3,5.108
2003-08-27,RNGC4,5.358
2003-08-28,RNGC1,4.944
2003-08-28,RNGC2,5.159
2003-08-28,RNGC3,5.404
2003-08-28,RNGC4,5.544
2003-08-29,RNGC1,4.731
2003-08-29,RNGC2,4.981
2003-08-29,RNGC3,5.251
2003-08-29,RNGC4,5.401
2003-09-02,RNGC1,4.639
2003-09-02,RNGC2,4.911
2003-09-02,RNGC3,5.186
2003-09-02,RNGC4,5.355
2003-09-03,RNGC1,4.694
2003-09-03,RNGC2,4.961
2003-09-03,RNGC3,5.229
2003-09-03,RNGC4,5.406
2003-09-04,RNGC1,4.81
2003-09-04,RNGC2,5.046
2003-09-04,RNGC3,5.294
2003-09-04,RNGC4,5.462
2003-09-05,RNGC1,4.771
2003-09-05,RNGC2,5.023
2003-09-05,RNGC3,5.275
2003-09-05,RNGC4,5.447
2003-09-08,RNGC1,4.661
2003-09-08,RNGC2,4.919
2003-09-08,RNGC3,5.179
2003-09-08,RNGC4,5.354
2003-09-09,RNGC1,4.73
2003-09-09,RNGC2,4.967
2003-09-09,RNGC3,5.222
2003-09-09,RNGC4,5.392
2003-09-10,RNGC1,4.968
2003-09-10,RNGC2,5.178
2003-09-10,RNGC3,5.418
2003-09-10,RNGC4,5.576
2003-09-11,RNGC1,4.738
2003-09-11,RNGC2,4.988
2003-09-11,RNGC3,5.248
2003-09-11,RNGC4,5.432
2003-09-12,RNGC1,4.766
2003-09-12,RNGC2,5.035
2003-09-12,RNGC3,5.295
2003-09-12,RNGC4,5.475
2003-09-15,RNGC1,4.685
2003-09-15,RNGC2,4.947
2003-09-15,RNGC3,5.222
2003-09-15,RNGC4,5.41
2003-09-16,RNGC1,4.661
2003-09-16,RNGC2,4.905
2003-09-16,RNGC3,5.18
2003-09-16,RNGC4,5.367
2003-09-17,RNGC1,4.642
2003-09-17,RNGC2,4.852
2003-09-17,RNGC3,5.137
2003-09-17,RNGC4,5.328
2003-09-18,RNGC1,4.471
2003-09-18,RNGC2,4.724
2003-09-18,RNGC3,5.011
2003-09-18,RNGC4,5.214
2003-09-19,RNGC1,4.483
2003-09-19,RNGC2,4.705
2003-09-19,RNGC3,5.0
2003-09-19,RNGC4,5.217
2003-09-22,RNGC1,4.494
2003-09-22,RNGC2,4.723
2003-09-22,RNGC3,5.003
2003-09-22,RNGC4,5.221
2003-09-23,RNGC1,4.511
2003-09-23,RNGC2,4.697
2003-09-23,RNGC3,4.972
2003-09-23,RNGC4,5.188
2003-09-24,RNGC1,4.588
2003-09-24,RNGC2,4.752
2003-09-24,RNGC3,5.007
2003-09-24,RNGC4,5.212
2003-09-25,RNGC1,4.542
2003-09-25,RNGC2,4.703
2003-09-25,RNGC3,4.949
2003-09-25,RNGC4,5.134
2003-09-26,RNGC1,4.43
2003-09-26,RNGC2,4.621
2003-09-26,RNGC3,4.881
2003-09-26,RNGC4,5.071
2003-09-29,RNGC1,4.895
2003-09-29,RNGC2,5.13
2003-09-29,RNGC3,5.3
2003-09-29,RNGC4,5.246
2003-09-30,RNGC1,4.83
2003-09-30,RNGC2,5.082
2003-09-30,RNGC3,5.262
2003-09-30,RNGC4,5.212
2003-10-01,RNGC1,4.677
2003-10-01,RNGC2,4.942
2003-10-01,RNGC3,5.142
2003-10-01,RNGC4,5.104
2003-10-02,RNGC1,4.686
2003-10-02,RNGC2,4.964
2003-10-02,RNGC3,5.164
2003-10-02,RNGC4,5.126
2003-10-03,RNGC1,4.767
2003-10-03,RNGC2,5.034
2003-10-03,RNGC3,5.226
2003-10-03,RNGC4,5.185
2003-10-06,RNGC1,4.904
2003-10-06,RNGC2,5.183
2003-10-06,RNGC3,5.357
2003-10-06,RNGC4,5.312
2003-10-07,RNGC1,5.14
2003-10-07,RNGC2,5.405
2003-10-07,RNGC3,5.57
2003-10-07,RNGC4,5.51
2003-10-08,RNGC1,5.148
2003-10-08,RNGC2,5.411
2003-10-08,RNGC3,5.572
2003-10-08,RNGC4,5.504
2003-10-09,RNGC1,5.494
2003-10-09,RNGC2,5.791
2003-10-09,RNGC3,5.926
2003-10-09,RNGC4,5.844
2003-10-10,RNGC1,5.652
2003-10-10,RNGC2,6.052
2003-10-10,RNGC3,6.189
2003-10-10,RNGC4,6.097
2003-10-13,RNGC1,5.547
2003-10-13,RNGC2,5.962
2003-10-13,RNGC3,6.147
2003-10-13,RNGC4,6.07
2003-10-14,RNGC1,5.475
2003-10-14,RNGC2,5.87
2003-10-14,RNGC3,6.039
2003-10-14,RNGC4,5.968
2003-10-15,RNGC1,5.431
2003-10-15,RNGC2,5.78
2003-10-15,RNGC3,5.926
2003-10-15,RNGC4,5.868
2003-10-16,RNGC1,5.411
2003-10-16,RNGC2,5.752
2003-10-16,RNGC3,5.907
2003-10-16,RNGC4,5.847
2003-10-17,RNGC1,5.036
2003-10-17,RNGC2,5.468
2003-10-17,RNGC3,5.663
2003-10-17,RNGC4,5.618
2003-10-20,RNGC1,4.772
2003-10-20,RNGC2,5.148
2003-10-20,RNGC3,5.38
2003-10-20,RNGC4,5.34
2003-10-21,RNGC1,4.875
2003-10-21,RNGC2,5.225
2003-10-21,RNGC3,5.432
2003-10-21,RNGC4,5.387
2003-10-22,RNGC1,4.924
2003-10-22,RNGC2,5.248
2003-10-22,RNGC3,5.443
2003-10-22,RNGC4,5.398
2003-10-23,RNGC1,4.913
2003-10-23,RNGC2,5.197
2003-10-23,RNGC3,5.389
2003-10-23,RNGC4,5.344
2003-10-24,RNGC1,4.786
2003-10-24,RNGC2,5.053
2003-10-24,RNGC3,5.278
2003-10-24,RNGC4,5.238
2003-10-27,RNGC1,4.512
2003-10-27,RNGC2,4.806
2003-10-27,RNGC3,5.051
2003-10-27,RNGC4,5.031
2003-10-28,RNGC1,4.486
2003-10-28,RNGC2,4.836
2003-10-28,RNGC3,5.073
2003-10-28,RNGC4,5.063
2003-10-29,RNGC1,4.459
2003-10-29,RNGC2,4.858
2003-10-29,RNGC3,5.103
2003-10-29,RNGC4,5.104
2003-10-30,RNGC1,4.71
2003-10-30,RNGC2,4.948
2003-10-30,RNGC3,4.968
2003-10-30,RNGC4,4.881
2003-10-31,RNGC1,4.893
2003-10-31,RNGC2,5.129
2003-10-31,RNGC3,5.119
2003-10-31,RNGC4,5.014
2003-11-03,RNGC1,4.705
2003-11-03,RNGC2,4.983
2003-11-03,RNGC3,4.978
2003-11-03,RNGC4,4.888
2003-11-04,RNGC1,4.727
2003-11-04,RNGC2,4.977
2003-11-04,RNGC3,4.982
2003-11-04,RNGC4,4.887
2003-11-05,RNGC1,4.897
2003-11-05,RNGC2,5.117
2003-11-05,RNGC3,5.112
2003-11-05,RNGC4,5.007
2003-11-06,RNGC1,4.658
2003-11-06,RNGC2,4.908
2003-11-06,RNGC3,4.93
2003-11-06,RNGC4,4.848
2003-11-07,RNGC1,4.706
2003-11-07,RNGC2,4.965
2003-11-07,RNGC3,4.985
2003-11-07,RNGC4,4.893
2003-11-10,RNGC1,4.711
2003-11-10,RNGC2,4.957
2003-11-10,RNGC3,4.983
2003-11-10,RNGC4,4.888
2003-11-11,RNGC1,4.869
2003-11-11,RNGC2,5.093
2003-11-11,RNGC3,5.111
2003-11-11,RNGC4,5.001
2003-11-12,RNGC1,4.739
2003-11-12,RNGC2,4.966
2003-11-12,RNGC3,4.986
2003-11-12,RNGC4,4.889
2003-11-13,RNGC1,4.797
2003-11-13,RNGC2,5.012
2003-11-13,RNGC3,5.037
2003-11-13,RNGC4,4.929
2003-11-14,RNGC1,5.112
2003-11-14,RNGC2,5.33
2003-11-14,RNGC3,5.32
2003-11-14,RNGC4,5.175
2003-11-17,RNGC1,4.764
2003-11-17,RNGC2,5.014
2003-11-17,RNGC3,5.044
2003-11-17,RNGC4,4.944
2003-11-18,RNGC1,4.865
2003-11-18,RNGC2,5.092
2003-11-18,RNGC3,5.117
2003-11-18,RNGC4,5.003
2003-11-19,RNGC1,4.738
2003-11-19,RNGC2,4.978
2003-11-19,RNGC3,5.003
2003-11-19,RNGC4,4.898
2003-11-20,RNGC1,4.904
2003-11-20,RNGC2,4.944
2003-11-20,RNGC3,4.844
2003-11-20,RNGC4,4.579
2003-11-21,RNGC1,4.921
2003-11-21,RNGC2,4.966
2003-11-21,RNGC3,4.871
2003-11-21,RNGC4,4.601
2003-11-24,RNGC1,4.93
2003-11-24,RNGC2,4.97
2003-11-24,RNGC3,4.875
2003-11-24,RNGC4,4.605
2003-11-25,RNGC1,5.05
2003-11-25,RNGC2,5.08
2003-11-25,RNGC3,4.975
2003-11-25,RNGC4,4.655
2003-11-26,RNGC1,4.925
2003-11-26,RNGC2,4.962
2003-11-26,RNGC3,4.882
2003-11-26,RNGC4,4.602
2003-12-01,RNGC1,5.283
2003-12-01,RNGC2,5.278
2003-12-01,RNGC3,5.143
2003-12-01,RNGC4,4.743
2003-12-02,RNGC1,5.579
2003-12-02,RNGC2,5.565
2003-12-02,RNGC3,5.392
2003-12-02,RNGC4,4.861
2003-12-03,RNGC1,5.756
2003-12-03,RNGC2,5.716
2003-12-03,RNGC3,5.486
2003-12-03,RNGC4,4.863
2003-12-04,RNGC1,6.337
2003-12-04,RNGC2,6.303
2003-12-04,RNGC3,5.923
2003-12-04,RNGC4,5.073
2003-12-05,RNGC1,6.135
2003-12-05,RNGC2,6.132
2003-12-05,RNGC3,5.807
2003-12-05,RNGC4,4.982
2003-12-08,RNGC1,6.902
2003-12-08,RNGC2,6.881
2003-12-08,RNGC3,6.331
2003-12-08,RNGC4,5.196
2003-12-09,RNGC1,6.722
2003-12-09,RNGC2,6.723
2003-12-09,RNGC3,6.258
2003-12-09,RNGC4,5.143
2003-12-10,RNGC1,6.711
2003-12-10,RNGC2,6.731
2003-12-10,RNGC3,6.391
2003-12-10,RNGC4,5.241
2003-12-11,RNGC1,6.615
2003-12-11,RNGC2,6.655
2003-12-11,RNGC3,6.33
2003-12-11,RNGC4,5.175
2003-12-12,RNGC1,7.221
2003-12-12,RNGC2,7.149
2003-12-12,RNGC3,6.759
2003-12-12,RNGC4,5.364
2003-12-15,RNGC1,6.954
2003-12-15,RNGC2,6.991
2003-12-15,RNGC3,6.636
2003-12-15,RNGC4,5.336
2003-12-16,RNGC1,6.747
2003-12-16,RNGC2,6.786
2003-12-16,RNGC3,6.481
2003-12-16,RNGC4,5.266
2003-12-17,RNGC1,6.993
2003-12-17,RNGC2,6.993
2003-12-17,RNGC3,6.588
2003-12-17,RNGC4,5.288
2003-12-18,RNGC1,7.122
2003-12-18,RNGC2,7.182
2003-12-18,RNGC3,6.732
2003-12-18,RNGC4,5.432
2003-12-19,RNGC1,6.982
2003-12-19,RNGC2,7.023
2003-12-19,RNGC3,6.523
2003-12-19,RNGC4,5.353
2003-12-22,RNGC1,6.324
2003-12-22,RNGC2,6.388
2003-12-22,RNGC3,6.033
2003-12-22,RNGC4,5.158
2003-12-23,RNGC1,6.143
2003-12-23,RNGC2,6.235
2003-12-23,RNGC3,5.935
2003-12-23,RNGC4,5.145
2003-12-24,RNGC1,6.392
2003-12-24,RNGC2,6.102
2003-12-24,RNGC3,5.252
2003-12-24,RNGC4,5.067
2003-12-29,RNGC1,6.15
2003-12-29,RNGC2,5.993
2003-12-29,RNGC3,5.258
2003-12-29,RNGC4,5.088
2003-12-30,RNGC1,6.6
2003-12-30,RNGC2,6.3
2003-12-30,RNGC3,5.43
2003-12-30,RNGC4,5.23
2003-12-31,RNGC1,6.189
2003-12-31,RNGC2,5.996
2003-12-31,RNGC3,5.277
2003-12-31,RNGC4,5.112
2004-01-05,RNGC1,6.827
2004-01-05,RNGC2,6.63
2004-01-05,RNGC3,5.58
2004-01-05,RNGC4,5.38
2004-01-06,RNGC1,7.082
2004-01-06,RNGC2,6.63
2004-01-06,RNGC3,5.58
2004-01-06,RNGC4,5.38
2004-01-07,RNGC1,6.878
2004-01-07,RNGC2,6.693
2004-01-07,RNGC3,5.673
2004-01-07,RNGC4,5.383
2004-01-08,RNGC1,7.094
2004-01-08,RNGC2,6.958
2004-01-08,RNGC3,5.808
2004-01-08,RNGC4,5.493
2004-01-09,RNGC1,7.287
2004-01-09,RNGC2,7.193
2004-01-09,RNGC3,5.903
2004-01-09,RNGC3,5.903
2004-01-12,RNGC1,6.906
2004-01-12,RNGC2,6.917
2004-01-12,RNGC3,5.867
2004-01-12,RNGC4,5.537
2004-01-13,RNGC1,6.329
2004-01-13,RNGC2,6.397
2004-01-13,RNGC3,5.607
2004-01-13,RNGC4,5.377
2004-01-14,RNGC1,6.387
2004-01-14,RNGC2,6.492
2004-01-14,RNGC3,5.692
2004-01-14,RNGC4,5.452
2004-01-15,RNGC1,5.845
2004-01-15,RNGC2,5.955
2004-01-15,RNGC3,5.435
2004-01-15,RNGC4,5.295
2004-01-16,RNGC1,5.94
2004-01-16,RNGC2,6.023
2004-01-16,RNGC3,5.473
2004-01-16,RNGC4,5.323
2004-01-20,RNGC1,6.291
2004-01-20,RNGC2,6.333
2004-01-20,RNGC3,5.603
2004-01-20,RNGC4,5.403
2004-01-21,RNGC1,6.15
2004-01-21,RNGC2,6.217
2004-01-21,RNGC3,5.544
2004-01-21,RNGC4,5.379
2004-01-22,RNGC1,5.834
2004-01-22,RNGC2,5.87
2004-01-22,RNGC3,5.385
2004-01-22,RNGC4,5.265
2004-01-23,RNGC1,6.059
2004-01-23,RNGC2,6.056
2004-01-23,RNGC3,5.436
2004-01-23,RNGC4,5.296
2004-01-26,RNGC1,5.727
2004-01-26,RNGC2,5.711
2004-01-26,RNGC3,5.321
2004-01-26,RNGC4,5.231
2004-01-27,RNGC1,5.716
2004-01-27,RNGC2,5.656
2004-01-27,RNGC3,5.266
2004-01-27,RNGC4,5.191
2004-01-28,RNGC1,5.775
2004-01-28,RNGC2,5.74
2004-01-28,RNGC3,5.325
2004-01-28,RNGC4,5.233
2004-01-29,RNGC1,5.659
2004-01-29,RNGC2,5.257
2004-01-29,RNGC3,5.172
2004-01-29,RNGC4,5.172
2004-01-30,RNGC1,5.397
2004-01-30,RNGC2,5.113
2004-01-30,RNGC3,5.033
2004-01-30,RNGC4,5.038
2004-02-02,RNGC1,5.574
2004-02-02,RNGC2,5.259
2004-02-02,RNGC3,5.134
2004-02-02,RNGC4,5.134
2004-02-03,RNGC1,5.651
2004-02-03,RNGC2,5.325
2004-02-03,RNGC3,5.19
2004-02-03,RNGC4,5.19
2004-02-04,RNGC1,5.654
2004-02-04,RNGC2,5.34
2004-02-04,RNGC3,5.21
2004-02-04,RNGC4,5.21
2004-02-05,RNGC1,5.4
2004-02-05,RNGC2,5.23
2004-02-05,RNGC3,5.14
2004-02-05,RNGC4,5.145
2004-02-06,RNGC1,5.354
2004-02-06,RNGC2,5.256
2004-02-06,RNGC3,5.183
2004-02-06,RNGC4,5.19
2004-02-09,RNGC1,5.349
2004-02-09,RNGC2,5.289
2004-02-09,RNGC3,5.241
2004-02-09,RNGC4,5.251
2004-02-10,RNGC1,5.404
2004-02-10,RNGC2,5.329
2004-02-10,RNGC3,5.279
2004-02-10,RNGC4,5.284
2004-02-11,RNGC1,5.26
2004-02-11,RNGC2,5.207
2004-02-11,RNGC3,5.202
2004-02-11,RNGC4,5.214
2004-02-12,RNGC1,5.451
2004-02-12,RNGC2,5.377
2004-02-12,RNGC3,5.344
2004-02-12,RNGC4,5.347
2004-02-13,RNGC1,5.536
2004-02-13,RNGC2,5.437
2004-02-13,RNGC3,5.382
2004-02-13,RNGC4,5.375
2004-02-17,RNGC1,5.319
2004-02-17,RNGC2,5.254
2004-02-17,RNGC3,5.23
2004-02-17,RNGC4,5.23
2004-02-18,RNGC1,5.356
2004-02-18,RNGC2,5.309
2004-02-18,RNGC3,5.274
2004-02-18,RNGC4,5.274
2004-02-19,RNGC1,5.235
2004-02-19,RNGC2,5.225
2004-02-19,RNGC3,5.208
2004-02-19,RNGC4,5.215
2004-02-20,RNGC1,5.193
2004-02-20,RNGC2,5.176
2004-02-20,RNGC3,5.172
2004-02-20,RNGC4,5.182
2004-02-23,RNGC1,5.127
2004-02-23,RNGC2,5.106
2004-02-23,RNGC3,5.123
2004-02-23,RNGC4,5.136
2004-02-24,RNGC1,5.077
2004-02-24,RNGC2,5.084
2004-02-24,RNGC3,5.109
2004-02-24,RNGC4,5.141
2004-02-25,RNGC1,5.15
2004-02-25,RNGC2,5.221
2004-02-25,RNGC3,5.241
2004-02-25,RNGC4,5.271
2004-02-26,RNGC1,5.391
2004-02-26,RNGC2,5.411
2004-02-26,RNGC3,5.433
2004-02-26,RNGC4,5.458
2004-02-27,RNGC1,5.416
2004-02-27,RNGC2,5.461
2004-02-27,RNGC3,5.486
2004-02-27,RNGC4,5.511
2004-03-01,RNGC1,5.55
2004-03-01,RNGC2,5.618
2004-03-01,RNGC3,5.643
2004-03-01,RNGC4,5.665
2004-03-02,RNGC1,5.565
2004-03-02,RNGC2,5.637
2004-03-02,RNGC3,5.662
2004-03-02,RNGC4,5.687
2004-03-03,RNGC1,5.375
2004-03-03,RNGC2,5.452
2004-03-03,RNGC3,5.495
2004-03-03,RNGC4,5.53
2004-03-04,RNGC1,5.457
2004-03-04,RNGC2,5.544
2004-03-04,RNGC3,5.582
2004-03-04,RNGC4,5.614
2004-03-05,RNGC1,5.443
2004-03-05,RNGC2,5.526
2004-03-05,RNGC3,5.566
2004-03-05,RNGC4,5.598
2004-03-08,RNGC1,5.393
2004-03-09,RNGC1,5.438
2004-03-09,RNGC2,5.513
2004-03-09,RNGC3,5.553
2004-03-09,RNGC4,5.593
2004-03-10,RNGC1,5.397
2004-03-10,RNGC2,5.475
2004-03-10,RNGC3,5.515
2004-03-10,RNGC4,5.555
2004-03-11,RNGC1,5.643
2004-03-11,RNGC2,5.735
2004-03-11,RNGC3,5.77
2004-03-11,RNGC4,5.808
2004-03-12,RNGC1,5.596
2004-03-12,RNGC2,5.684
2004-03-12,RNGC3,5.717
2004-03-12,RNGC4,5.752
2004-03-15,RNGC1,5.718
2004-03-15,RNGC2,5.797
2004-03-15,RNGC3,5.827
2004-03-15,RNGC4,5.85
2004-03-16,RNGC1,5.688
2004-03-16,RNGC2,5.771
2004-03-16,RNGC3,5.808
2004-03-16,RNGC4,5.835
2004-03-17,RNGC1,5.722
2004-03-17,RNGC2,5.797
2004-03-17,RNGC3,5.834
2004-03-17,RNGC4,5.861
2004-03-18,RNGC1,5.631
2004-03-18,RNGC2,5.713
2004-03-18,RNGC3,5.76
2004-03-18,RNGC4,5.791
2004-03-19,RNGC1,5.582
2004-03-19,RNGC2,5.66
2004-03-19,RNGC3,5.711
2004-03-19,RNGC4,5.742
2004-03-22,RNGC1,5.546
2004-03-22,RNGC2,5.617
2004-03-22,RNGC3,5.675
2004-03-22,RNGC4,5.713
2004-03-23,RNGC1,5.53
2004-03-23,RNGC2,5.626
2004-03-23,RNGC3,5.684
2004-03-23,RNGC4,5.727
2004-03-24,RNGC1,5.429
2004-03-24,RNGC2,5.501
2004-03-24,RNGC3,5.567
2004-03-24,RNGC4,5.615
2004-03-25,RNGC1,5.336
2004-03-25,RNGC2,5.416
2004-03-25,RNGC3,5.484
2004-03-25,RNGC4,5.536
2004-03-26,RNGC1,5.395
2004-03-26,RNGC2,5.496
2004-03-26,RNGC3,5.566
2004-03-26,RNGC4,5.623
2004-03-29,RNGC1,5.365
2004-03-29,RNGC2,5.482
2004-03-29,RNGC3,5.55
2004-03-29,RNGC4,5.61
2004-03-30,RNGC1,5.746
2004-03-30,RNGC2,5.808
2004-03-30,RNGC3,5.856
2004-03-30,RNGC4,5.878
2004-03-31,RNGC1,5.933
2004-03-31,RNGC2,5.983
2004-03-31,RNGC3,6.019
2004-03-31,RNGC4,6.038
2004-04-01,RNGC1,5.765
2004-04-01,RNGC2,5.828
2004-04-01,RNGC3,5.873
2004-04-01,RNGC4,5.898
2004-04-02,RNGC1,5.812
2004-04-02,RNGC2,5.812
2004-04-02,RNGC3,5.923
2004-04-02,RNGC4,5.945
2004-04-05,RNGC1,5.804
2004-04-05,RNGC2,5.883
2004-04-05,RNGC3,5.937
2004-04-05,RNGC4,5.959
2004-04-06,RNGC1,5.809
2004-04-06,RNGC2,5.889
2004-04-06,RNGC3,5.943
2004-04-06,RNGC4,5.963
2004-04-07,RNGC1,5.872
2004-04-07,RNGC2,5.95
2004-04-07,RNGC3,6.004
2004-04-07,RNGC4,6.022
2004-04-08,RNGC1,5.941
2004-04-08,RNGC2,6.023
2004-04-08,RNGC3,6.078
2004-04-08,RNGC4,6.096
2004-04-12,RNGC1,6.009
2004-04-12,RNGC2,6.094
2004-04-12,RNGC3,6.149
2004-04-12,RNGC4,6.171
2004-04-13,RNGC1,5.788
2004-04-13,RNGC2,5.882
2004-04-13,RNGC3,5.947
2004-04-13,RNGC4,5.979
2004-04-14,RNGC1,5.744
2004-04-14,RNGC2,5.834
2004-04-14,RNGC3,5.9
2004-04-14,RNGC4,5.935
2004-04-15,RNGC1,5.734
2004-04-15,RNGC2,5.814
2004-04-15,RNGC3,5.88
2004-04-15,RNGC4,5.918
2004-04-16,RNGC1,5.61
2004-04-16,RNGC2,5.703
2004-04-16,RNGC3,5.771
2004-04-16,RNGC4,5.811
2004-04-19,RNGC1,5.509
2004-04-19,RNGC2,5.597
2004-04-19,RNGC3,5.672
2004-04-19,RNGC4,5.715
2004-04-20,RNGC1,5.553
2004-04-20,RNGC2,5.642
2004-04-20,RNGC3,5.714
2004-04-20,RNGC4,5.754
2004-04-21,RNGC1,5.582
2004-04-21,RNGC2,5.662
2004-04-21,RNGC3,5.732
2004-04-21,RNGC4,5.772
2004-04-22,RNGC1,5.623
2004-04-22,RNGC2,5.7
2004-04-22,RNGC3,5.773
2004-04-22,RNGC4,5.813
2004-04-23,RNGC1,5.571
2004-04-23,RNGC2,5.653
2004-04-23,RNGC3,5.73
2004-04-23,RNGC4,5.773
2004-04-26,RNGC1,5.764
2004-04-26,RNGC2,5.871
2004-04-26,RNGC3,5.933
2004-04-26,RNGC4,5.97
2004-04-27,RNGC1,5.874
2004-04-27,RNGC2,5.97
2004-04-27,RNGC3,6.037
2004-04-27,RNGC4,6.074
2004-04-28,RNGC1,5.935
2004-04-28,RNGC2,5.966
2004-04-28,RNGC3,6.033
2004-04-28,RNGC4,6.072
2004-04-29,RNGC1,5.924
2004-04-29,RNGC2,6.001
2004-04-29,RNGC3,6.04
2004-04-29,RNGC4,6.02
2004-04-30,RNGC1,5.862
2004-04-30,RNGC2,5.95
2004-04-30,RNGC3,5.994
2004-04-30,RNGC4,5.979
2004-05-03,RNGC1,6.231
2004-05-03,RNGC2,6.317
2004-05-03,RNGC3,6.357
2004-05-03,RNGC4,6.332
2004-05-04,RNGC1,6.269
2004-05-04,RNGC2,6.354
2004-05-04,RNGC3,6.394
2004-05-04,RNGC4,6.366
2004-05-05,RNGC1,6.31
2004-05-05,RNGC2,6.391
2004-05-05,RNGC3,6.431
2004-05-05,RNGC4,6.398
2004-05-06,RNGC1,6.219
2004-05-06,RNGC2,6.316
2004-05-06,RNGC3,6.356
2004-05-06,RNGC4,6.327
2004-05-07,RNGC1,6.294
2004-05-07,RNGC2,6.38
2004-05-07,RNGC3,6.418
2004-05-07,RNGC4,6.388
2004-05-10,RNGC1,6.184
2004-05-10,RNGC2,6.266
2004-05-10,RNGC3,6.308
2004-05-10,RNGC4,6.281
2004-05-11,RNGC1,6.386
2004-05-11,RNGC2,6.456
2004-05-11,RNGC3,6.484
2004-05-11,RNGC4,6.449
2004-05-12,RNGC1,6.405
2004-05-12,RNGC2,6.482
2004-05-12,RNGC3,6.507
2004-05-12,RNGC4,6.472
2004-05-13,RNGC1,6.48
2004-05-13,RNGC2,6.553
2004-05-13,RNGC3,6.576
2004-05-13,RNGC4,6.54
2004-05-14,RNGC1,6.401
2004-05-14,RNGC2,6.475
2004-05-14,RNGC3,6.505
2004-05-14,RNGC4,6.472
2004-05-17,RNGC1,6.424
2004-05-17,RNGC2,6.51
2004-05-17,RNGC3,6.541
2004-05-17,RNGC4,6.508
2004-05-18,RNGC1,6.154
2004-05-18,RNGC2,6.243
2004-05-18,RNGC3,6.288
2004-05-18,RNGC4,6.26
2004-05-19,RNGC1,6.455
2004-05-19,RNGC2,6.546
2004-05-19,RNGC3,6.583
2004-05-19,RNGC4,6.553
2004-05-20,RNGC1,6.324
2004-05-20,RNGC2,6.4
2004-05-20,RNGC3,6.442
2004-05-20,RNGC4,6.414
2004-05-21,RNGC1,6.353
2004-05-21,RNGC2,6.409
2004-05-21,RNGC3,6.451
2004-05-21,RNGC4,6.423
2004-05-24,RNGC1,6.705
2004-05-24,RNGC2,6.767
2004-05-24,RNGC3,6.797
2004-05-24,RNGC4,6.762
2004-05-25,RNGC1,6.684
2004-05-25,RNGC2,6.74
2004-05-25,RNGC3,6.767
2004-05-25,RNGC4,6.731
2004-05-26,RNGC1,6.68
2004-05-26,RNGC2,6.732
2004-05-26,RNGC3,6.759
2004-05-26,RNGC4,6.724
2004-05-27,RNGC1,6.573
2004-05-27,RNGC2,6.615
2004-05-27,RNGC3,6.585
2004-05-27,RNGC4,6.598
2004-05-28,RNGC1,6.442
2004-05-28,RNGC2,6.489
2004-05-28,RNGC3,6.464
2004-05-28,RNGC4,6.482
2004-06-01,RNGC1,6.681
2004-06-01,RNGC2,6.726
2004-06-01,RNGC3,6.706
2004-06-01,RNGC4,6.724
2004-06-02,RNGC1,6.519
2004-06-02,RNGC2,6.567
2004-06-02,RNGC3,6.561
2004-06-02,RNGC4,6.581
2004-06-03,RNGC1,6.363
2004-06-03,RNGC2,6.411
2004-06-03,RNGC3,6.413
2004-06-03,RNGC4,6.435
2004-06-04,RNGC1,6.261
2004-06-04,RNGC2,6.316
2004-06-04,RNGC3,6.318
2004-06-04,RNGC4,6.341
2004-06-07,RNGC1,6.207
2004-06-07,RNGC2,6.265
2004-06-07,RNGC3,6.269
2004-06-07,RNGC4,6.292
2004-06-08,RNGC1,6.115
2004-06-08,RNGC2,6.175
2004-06-08,RNGC3,6.185
2004-06-08,RNGC4,6.21
2004-06-09,RNGC1,6.082
2004-06-09,RNGC2,6.144
2004-06-09,RNGC3,6.156
2004-06-09,RNGC4,6.181
2004-06-10,RNGC1,6.176
2004-06-10,RNGC2,6.246
2004-06-10,RNGC3,6.266
2004-06-10,RNGC4,6.291
2004-06-14,RNGC1,6.244
2004-06-14,RNGC2,6.312
2004-06-14,RNGC3,6.337
2004-06-14,RNGC4,6.362
2004-06-15,RNGC1,6.304
2004-06-15,RNGC2,6.364
2004-06-15,RNGC3,6.388
2004-06-15,RNGC4,6.412
2004-06-16,RNGC1,6.489
2004-06-16,RNGC2,6.542
2004-06-16,RNGC3,6.553
2004-06-16,RNGC4,6.568
2004-06-17,RNGC1,6.582
2004-06-17,RNGC2,6.654
2004-06-17,RNGC3,6.641
2004-06-17,RNGC4,6.653
2004-06-18,RNGC1,6.52
2004-06-18,RNGC2,6.592
2004-06-18,RNGC3,6.592
2004-06-18,RNGC4,6.607
2004-06-21,RNGC1,6.339
2004-06-21,RNGC2,6.41
2004-06-21,RNGC3,6.42
2004-06-21,RNGC4,6.438
2004-06-22,RNGC1,6.412
2004-06-22,RNGC2,6.487
2004-06-22,RNGC3,6.497
2004-06-22,RNGC4,6.515
2004-06-23,RNGC1,6.415
2004-06-23,RNGC2,6.48
2004-06-23,RNGC3,6.495
2004-06-23,RNGC4,6.513
2004-06-24,RNGC1,6.538
2004-06-24,RNGC2,6.553
2004-06-24,RNGC3,6.571
2004-06-24,RNGC4,6.788
2004-06-25,RNGC1,6.353
2004-06-25,RNGC2,6.392
2004-06-25,RNGC3,6.417
2004-06-25,RNGC4,6.444
2004-06-28,RNGC1,6.141
2004-06-28,RNGC2,6.201
2004-06-28,RNGC3,6.228
2004-06-28,RNGC4,6.26
2004-06-29,RNGC1,6.118
2004-06-29,RNGC2,6.148
2004-06-29,RNGC3,6.188
2004-06-29,RNGC4,6.425
2004-06-30,RNGC1,6.155
2004-06-30,RNGC2,6.174
2004-06-30,RNGC3,6.214
2004-06-30,RNGC4,6.453
2004-07-01,RNGC1,6.217
2004-07-01,RNGC2,6.25
2004-07-01,RNGC3,6.282
2004-07-01,RNGC4,6.516
2004-07-02,RNGC1,6.148
2004-07-02,RNGC2,6.181
2004-07-02,RNGC3,6.218
2004-07-02,RNGC4,6.458
2004-07-06,RNGC1,6.424
2004-07-06,RNGC2,6.462
2004-07-06,RNGC3,6.49
2004-07-06,RNGC4,6.721
2004-07-07,RNGC1,6.37
2004-07-07,RNGC2,6.413
2004-07-07,RNGC3,6.447
2004-07-07,RNGC4,6.678
2004-07-08,RNGC1,6.185
2004-07-08,RNGC2,6.229
2004-07-08,RNGC3,6.274
2004-07-08,RNGC4,6.529
2004-07-09,RNGC1,6.141
2004-07-09,RNGC2,6.193
2004-07-09,RNGC3,6.243
2004-07-09,RNGC4,6.516
2004-07-12,RNGC1,5.857
2004-07-12,RNGC2,5.912
2004-07-12,RNGC3,5.967
2004-07-12,RNGC4,6.277
2004-07-13,RNGC1,5.905
2004-07-13,RNGC2,5.912
2004-07-13,RNGC3,5.967
2004-07-13,RNGC4,6.277
2004-07-14,RNGC1,5.977
2004-07-14,RNGC2,6.034
2004-07-14,RNGC3,6.081
2004-07-14,RNGC4,6.375
2004-07-15,RNGC1,5.846
2004-07-15,RNGC2,5.898
2004-07-15,RNGC3,5.953
2004-07-15,RNGC4,6.275
2004-07-16,RNGC1,5.887
2004-07-16,RNGC2,5.932
2004-07-16,RNGC3,5.985
2004-07-16,RNGC4,6.31
2004-07-19,RNGC1,5.818
2004-07-19,RNGC2,5.864
2004-07-19,RNGC3,5.919
2004-07-19,RNGC4,6.258
2004-07-20,RNGC1,5.937
2004-07-20,RNGC2,5.877
2004-07-20,RNGC3,5.952
2004-07-20,RNGC4,6.124
2004-07-21,RNGC1,5.931
2004-07-21,RNGC2,5.969
2004-07-21,RNGC3,6.024
2004-07-21,RNGC4,6.351
2004-07-22,RNGC1,6.152
2004-07-22,RNGC2,6.2
2004-07-22,RNGC3,6.244
2004-07-22,RNGC4,6.529
2004-07-23,RNGC1,6.134
2004-07-23,RNGC2,6.191
2004-07-23,RNGC3,6.236
2004-07-23,RNGC4,6.534
2004-07-26,RNGC1,5.96
2004-07-26,RNGC2,6.0
2004-07-26,RNGC3,6.05
2004-07-26,RNGC4,6.37
2004-07-27,RNGC1,6.022
2004-07-27,RNGC2,6.072
2004-07-27,RNGC3,6.387
2004-07-27,RNGC4,6.673
2004-07-28,RNGC1,6.142
2004-07-28,RNGC2,6.197
2004-07-28,RNGC3,6.501
2004-07-28,RNGC4,6.774
2004-07-29,RNGC1,6.18
2004-07-29,RNGC2,6.241
2004-07-29,RNGC3,6.556
2004-07-29,RNGC4,6.826
2004-07-30,RNGC1,6.112
2004-07-30,RNGC2,6.182
2004-07-30,RNGC3,6.546
2004-07-30,RNGC4,6.841
2004-08-02,RNGC1,5.813
2004-08-02,RNGC2,5.915
2004-08-02,RNGC3,6.36
2004-08-02,RNGC4,6.697
2004-08-03,RNGC1,5.816
2004-08-03,RNGC2,5.918
2004-08-03,RNGC3,6.383
2004-08-03,RNGC4,6.748
2004-08-04,RNGC1,5.661
2004-08-04,RNGC2,5.763
2004-08-04,RNGC3,6.253
2004-08-04,RNGC4,6.678
2004-08-05,RNGC1,5.712
2004-08-05,RNGC2,5.837
2004-08-05,RNGC3,6.307
2004-08-05,RNGC4,6.734
2004-08-06,RNGC1,5.588
2004-08-06,RNGC2,5.728
2004-08-06,RNGC3,6.218
2004-08-06,RNGC4,6.665
2004-08-09,RNGC1,5.693
2004-08-09,RNGC2,5.828
2004-08-09,RNGC3,6.298
2004-08-09,RNGC4,6.715
2004-08-10,RNGC1,5.791
2004-08-10,RNGC2,5.919
2004-08-10,RNGC3,6.356
2004-08-10,RNGC4,6.733
2004-08-11,RNGC1,5.614
2004-08-11,RNGC2,5.752
2004-08-11,RNGC3,6.255
2004-08-11,RNGC4,6.658
2004-08-12,RNGC1,5.442
2004-08-12,RNGC2,5.592
2004-08-12,RNGC3,6.162
2004-08-12,RNGC4,6.592
2004-08-13,RNGC1,5.533
2004-08-13,RNGC2,5.658
2004-08-13,RNGC3,6.223
2004-08-13,RNGC4,6.628
2004-08-16,RNGC1,5.378
2004-08-16,RNGC2,5.499
2004-08-16,RNGC3,6.119
2004-08-16,RNGC4,6.551
2004-08-17,RNGC1,5.373
2004-08-17,RNGC2,5.477
2004-08-17,RNGC3,6.104
2004-08-17,RNGC4,6.547
2004-08-18,RNGC1,5.382
2004-08-18,RNGC2,5.497
2004-08-18,RNGC3,6.124
2004-08-18,RNGC4,6.561
2004-08-19,RNGC1,5.507
2004-08-19,RNGC2,5.615
2004-08-19,RNGC3,6.299
2004-08-19,RNGC4,6.724
2004-08-20,RNGC1,5.552
2004-08-20,RNGC2,5.693
2004-08-20,RNGC3,6.418
2004-08-20,RNGC4,6.858
2004-08-23,RNGC1,5.31
2004-08-23,RNGC2,5.466
2004-08-23,RNGC3,6.251
2004-08-23,RNGC4,6.736
2004-08-24,RNGC1,5.338
2004-08-24,RNGC2,5.475
2004-08-24,RNGC3,6.209
2004-08-24,RNGC4,6.694
2004-08-25,RNGC1,5.298
2004-08-25,RNGC2,5.432
2004-08-25,RNGC3,6.082
2004-08-25,RNGC4,6.573
2004-08-26,RNGC1,5.189
2004-08-26,RNGC2,5.334
2004-08-26,RNGC3,5.994
2004-08-26,RNGC4,6.524
2004-08-27,RNGC1,5.082
2004-08-27,RNGC2,5.189
2004-08-27,RNGC3,5.916
2004-08-27,RNGC4,6.498
2004-08-30,RNGC1,5.234
2004-08-30,RNGC2,5.859
2004-08-30,RNGC3,6.409
2004-08-30,RNGC4,6.759
2004-08-31,RNGC1,5.074
2004-08-31,RNGC2,5.717
2004-08-31,RNGC3,6.302
2004-08-31,RNGC4,6.637
2004-09-01,RNGC1,4.965
2004-09-01,RNGC2,5.566
2004-09-01,RNGC3,6.201
2004-09-01,RNGC4,6.581
2004-09-02,RNGC1,4.767
2004-09-02,RNGC2,5.495
2004-09-02,RNGC3,6.13
2004-09-02,RNGC4,6.515
2004-09-03,RNGC1,4.675
2004-09-03,RNGC2,5.5
2004-09-03,RNGC3,6.155
2004-09-03,RNGC4,6.515
2004-09-07,RNGC1,4.79
2004-09-07,RNGC2,5.64
2004-09-07,RNGC3,6.292
2004-09-07,RNGC4,6.627
2004-09-08,RNGC1,4.631
2004-09-08,RNGC2,5.521
2004-09-08,RNGC3,6.241
2004-09-08,RNGC4,6.571
2004-09-09,RNGC1,4.658
2004-09-09,RNGC2,5.617
2004-09-09,RNGC3,6.377
2004-09-09,RNGC4,6.772
2004-09-10,RNGC1,4.57
2004-09-10,RNGC2,5.549
2004-09-10,RNGC3,6.364
2004-09-10,RNGC4,6.764
2004-09-13,RNGC1,4.85
2004-09-13,RNGC2,5.707
2004-09-13,RNGC3,6.472
2004-09-13,RNGC4,6.857
2004-09-14,RNGC1,4.928
2004-09-14,RNGC2,5.725
2004-09-14,RNGC3,6.385
2004-09-14,RNGC4,6.72
2004-09-15,RNGC1,4.824
2004-09-15,RNGC2,5.533
2004-09-15,RNGC3,6.208
2004-09-15,RNGC4,6.533
2004-09-16,RNGC1,4.719
2004-09-16,RNGC2,5.443
2004-09-16,RNGC3,6.193
2004-09-16,RNGC4,6.553
2004-09-17,RNGC1,5.108
2004-09-17,RNGC2,5.714
2004-09-17,RNGC3,6.359
2004-09-17,RNGC4,6.701
2004-09-20,RNGC1,5.249
2004-09-20,RNGC2,5.75
2004-09-20,RNGC3,6.315
2004-09-20,RNGC4,6.632
2004-09-21,RNGC1,5.608
2004-09-21,RNGC2,6.182
2004-09-21,RNGC3,6.722
2004-09-21,RNGC4,6.992
2004-09-22,RNGC1,5.629
2004-09-22,RNGC2,6.242
2004-09-22,RNGC3,6.782
2004-09-22,RNGC4,7.032
2004-09-23,RNGC1,5.564
2004-09-23,RNGC2,6.219
2004-09-23,RNGC3,6.859
2004-09-23,RNGC4,7.119
2004-09-24,RNGC1,5.392
2004-09-24,RNGC2,6.067
2004-09-24,RNGC3,6.802
2004-09-24,RNGC4,7.117
2004-09-27,RNGC1,5.262
2004-09-27,RNGC2,5.931
2004-09-27,RNGC3,6.706
2004-09-27,RNGC4,7.101
2004-09-28,RNGC1,5.723
2004-09-28,RNGC2,6.351
2004-09-28,RNGC3,7.021
2004-09-28,RNGC4,7.401
2004-09-29,RNGC1,6.911
2004-09-29,RNGC2,7.561
2004-09-29,RNGC3,7.861
2004-09-29,RNGC4,7.841
2004-09-30,RNGC1,6.795
2004-09-30,RNGC2,7.635
2004-09-30,RNGC3,8.03
2004-09-30,RNGC4,7.99
2004-10-01,RNGC1,6.772
2004-10-01,RNGC2,7.572
2004-10-01,RNGC3,7.942
2004-10-01,RNGC4,7.892
2004-10-04,RNGC1,6.725
2004-10-04,RNGC2,7.625
2004-10-04,RNGC3,7.995
2004-10-04,RNGC4,7.94
2004-10-05,RNGC1,7.164
2004-10-05,RNGC2,8.104
2004-10-05,RNGC3,8.444
2004-10-05,RNGC4,8.369
2004-10-06,RNGC1,7.045
2004-10-06,RNGC2,8.036
2004-10-06,RNGC3,8.439
2004-10-06,RNGC4,8.364
2004-10-07,RNGC1,7.255
2004-10-07,RNGC2,8.297
2004-10-07,RNGC3,8.712
2004-10-07,RNGC4,8.627
2004-10-08,RNGC1,7.163
2004-10-08,RNGC2,8.275
2004-10-08,RNGC3,8.715
2004-10-08,RNGC4,8.635
2004-10-11,RNGC1,6.993
2004-10-11,RNGC2,8.164
2004-10-11,RNGC3,8.669
2004-10-11,RNGC4,8.609
2004-10-12,RNGC1,6.636
2004-10-12,RNGC2,7.901
2004-10-12,RNGC3,8.439
2004-10-12,RNGC4,8.439
2004-10-13,RNGC1,6.851
2004-10-13,RNGC2,8.032
2004-10-13,RNGC3,8.464
2004-10-13,RNGC4,8.469
2004-10-14,RNGC1,6.803
2004-10-14,RNGC2,7.994
2004-10-14,RNGC3,8.449
2004-10-14,RNGC4,8.469
2004-10-15,RNGC1,6.709
2004-10-15,RNGC2,7.956
2004-10-15,RNGC3,8.44
2004-10-15,RNGC4,8.46
2004-10-18,RNGC1,6.806
2004-10-18,RNGC2,8.065
2004-10-18,RNGC3,8.575
2004-10-18,RNGC4,8.597
2004-10-19,RNGC1,7.123
2004-10-19,RNGC2,8.315
2004-10-19,RNGC3,8.758
2004-10-19,RNGC4,8.763
2004-10-20,RNGC1,7.623
2004-10-20,RNGC2,8.54
2004-10-20,RNGC3,8.993
2004-10-20,RNGC4,8.983
2004-10-21,RNGC1,7.697
2004-10-21,RNGC2,8.728
2004-10-21,RNGC3,9.224
2004-10-21,RNGC4,9.201
2004-10-22,RNGC1,8.105
2004-10-22,RNGC2,8.994
2004-10-22,RNGC3,9.504
2004-10-22,RNGC4,9.464
2004-10-25,RNGC1,7.89
2004-10-25,RNGC2,8.822
2004-10-25,RNGC3,9.352
2004-10-25,RNGC4,9.317
2004-10-26,RNGC1,8.402
2004-10-26,RNGC2,9.363
2004-10-26,RNGC3,9.9
2004-10-26,RNGC4,9.865
2004-10-27,RNGC1,7.626
2004-10-27,RNGC2,8.775
2004-10-27,RNGC3,9.435
2004-10-27,RNGC4,9.47
2004-10-28,RNGC1,8.684
2004-10-28,RNGC2,9.317
2004-10-28,RNGC3,9.352
2004-10-28,RNGC4,8.872
2004-10-29,RNGC1,8.725
2004-10-29,RNGC2,9.383
2004-10-29,RNGC3,9.418
2004-10-29,RNGC4,8.918
2004-11-01,RNGC1,8.72
2004-11-01,RNGC2,9.394
2004-11-01,RNGC3,9.434
2004-11-01,RNGC4,8.949
2004-11-02,RNGC1,8.567
2004-11-02,RNGC2,9.244
2004-11-02,RNGC3,9.299
2004-11-02,RNGC4,8.819
2004-11-03,RNGC1,8.752
2004-11-03,RNGC2,9.399
2004-11-03,RNGC3,9.459
2004-11-03,RNGC4,8.969
2004-11-04,RNGC1,8.199
2004-11-04,RNGC2,8.899
2004-11-04,RNGC3,8.979
2004-11-04,RNGC4,8.609
2004-11-05,RNGC1,7.954
2004-11-05,RNGC2,8.529
2004-11-05,RNGC3,8.579
2004-11-05,RNGC4,8.239
2004-11-08,RNGC1,7.6
2004-11-08,RNGC2,8.099
2004-11-08,RNGC3,8.129
2004-11-08,RNGC4,7.9
2004-11-09,RNGC1,7.471
2004-11-09,RNGC2,7.946
2004-11-09,RNGC3,7.976
2004-11-09,RNGC4,7.76
2004-11-10,RNGC1,7.678
2004-11-10,RNGC2,8.291
2004-11-10,RNGC3,8.311
2004-11-10,RNGC4,8.051
2004-11-11,RNGC1,7.236
2004-11-11,RNGC2,7.944
2004-11-11,RNGC3,7.989
2004-11-11,RNGC4,7.754
2004-11-12,RNGC1,7.176
2004-11-12,RNGC2,7.866
2004-11-12,RNGC3,7.916
2004-11-12,RNGC4,7.676
2004-11-15,RNGC1,7.436
2004-11-15,RNGC2,8.047
2004-11-15,RNGC3,8.092
2004-11-15,RNGC4,7.827
2004-11-16,RNGC1,7.124
2004-11-16,RNGC2,7.757
2004-11-16,RNGC3,7.797
2004-11-16,RNGC4,7.572
2004-11-17,RNGC1,7.283
2004-11-17,RNGC2,7.954
2004-11-17,RNGC3,7.984
2004-11-17,RNGC4,7.704
2004-11-18,RNGC1,6.873
2004-11-18,RNGC2,7.652
2004-11-18,RNGC3,7.722
2004-11-18,RNGC4,7.492
2004-11-19,RNGC1,7.115
2004-11-19,RNGC2,7.791
2004-11-19,RNGC3,7.891
2004-11-19,RNGC4,7.676
2004-11-22,RNGC1,6.762
2004-11-22,RNGC2,7.54
2004-11-22,RNGC3,7.655
2004-11-22,RNGC4,7.475
2004-11-23,RNGC1,6.793
2004-11-23,RNGC2,7.621
2004-11-23,RNGC3,7.731
2004-11-23,RNGC4,7.536
2004-11-24,RNGC1,7.976
2004-11-24,RNGC2,8.639
2004-11-24,RNGC3,8.709
2004-11-24,RNGC4,8.359
2004-11-29,RNGC1,7.837
2004-11-29,RNGC2,7.942
2004-11-29,RNGC3,7.727
2004-11-29,RNGC4,6.887
2004-11-30,RNGC1,7.62
2004-11-30,RNGC2,7.715
2004-11-30,RNGC3,7.56
2004-11-30,RNGC4,6.815
2004-12-01,RNGC1,7.413
2004-12-01,RNGC2,7.493
2004-12-01,RNGC3,7.393
2004-12-01,RNGC4,6.678
2004-12-02,RNGC1,6.811
2004-12-02,RNGC2,6.876
2004-12-02,RNGC3,6.821
2004-12-02,RNGC4,6.343
2004-12-03,RNGC1,6.796
2004-12-03,RNGC2,6.871
2004-12-03,RNGC3,6.771
2004-12-03,RNGC4,6.281
2004-12-06,RNGC1,6.923
2004-12-06,RNGC2,7.043
2004-12-06,RNGC3,6.908
2004-12-06,RNGC4,6.36
2004-12-07,RNGC1,6.621
2004-12-07,RNGC2,6.761
2004-12-07,RNGC3,6.691
2004-12-07,RNGC4,6.281
2004-12-08,RNGC1,6.683
2004-12-08,RNGC2,6.828
2004-12-08,RNGC3,6.753
2004-12-08,RNGC4,6.328
2004-12-09,RNGC1,6.886
2004-12-09,RNGC2,7.021
2004-12-09,RNGC3,6.961
2004-12-09,RNGC4,6.461
2004-12-10,RNGC1,6.843
2004-12-10,RNGC2,7.021
2004-12-10,RNGC3,6.961
2004-12-10,RNGC4,6.461
2004-12-13,RNGC1,7.166
2004-12-13,RNGC2,7.298
2004-12-13,RNGC3,7.255
2004-12-13,RNGC4,6.605
2004-12-14,RNGC1,7.333
2004-12-14,RNGC2,7.458
2004-12-14,RNGC3,7.38
2004-12-14,RNGC4,6.665
2004-12-15,RNGC1,7.236
2004-12-15,RNGC2,7.37
2004-12-15,RNGC3,7.297
2004-12-15,RNGC4,6.667
2004-12-16,RNGC1,7.0
2004-12-16,RNGC2,7.105
2004-12-16,RNGC3,7.05
2004-12-16,RNGC4,6.57
2004-12-17,RNGC1,7.457
2004-12-17,RNGC2,7.528
2004-12-17,RNGC3,7.44
2004-12-17,RNGC4,6.8
2004-12-20,RNGC1,6.952
2004-12-20,RNGC2,7.023
2004-12-20,RNGC3,6.981
2004-12-20,RNGC4,6.541
2004-12-21,RNGC1,6.856
2004-12-21,RNGC2,6.904
2004-12-21,RNGC3,6.865
2004-12-21,RNGC4,6.475
2004-12-22,RNGC1,6.82
2004-12-22,RNGC2,6.849
2004-12-22,RNGC3,6.814
2004-12-22,RNGC4,6.414
2004-12-23,RNGC1,6.668
2004-12-23,RNGC2,6.745
2004-12-23,RNGC3,6.733
2004-12-23,RNGC4,6.353
2004-12-27,RNGC1,6.16
2004-12-27,RNGC2,6.225
2004-12-27,RNGC3,6.25
2004-12-27,RNGC4,6.085
2004-12-28,RNGC1,6.213
2004-12-28,RNGC2,6.341
2004-12-28,RNGC3,6.359
2004-12-28,RNGC4,6.149
2004-12-29,RNGC1,6.402
2004-12-29,RNGC2,6.445
2004-12-29,RNGC3,6.215
2004-12-29,RNGC4,6.225
2004-12-30,RNGC1,6.149
2004-12-30,RNGC2,6.195
2004-12-30,RNGC3,6.065
2004-12-30,RNGC4,6.09
2005-01-03,RNGC1,5.79
2005-01-03,RNGC2,5.849
2005-01-03,RNGC3,5.784
2005-01-03,RNGC4,5.819
2005-01-04,RNGC1,5.902
2005-01-04,RNGC2,5.953
2005-01-04,RNGC3,5.863
2005-01-04,RNGC4,5.893
2005-01-05,RNGC1,5.833
2005-01-05,RNGC2,5.899
2005-01-05,RNGC3,5.835
2005-01-05,RNGC4,5.867
2005-01-06,RNGC1,6.049
2005-01-06,RNGC2,6.115
2005-01-06,RNGC3,6.05
2005-01-06,RNGC4,6.075
2005-01-07,RNGC1,6.001
2005-01-07,RNGC2,6.068
2005-01-07,RNGC3,6.008
2005-01-07,RNGC4,6.033
2005-01-10,RNGC1,6.159
2005-01-10,RNGC2,6.231
2005-01-10,RNGC3,6.146
2005-01-10,RNGC4,6.164
2005-01-11,RNGC1,6.095
2005-01-11,RNGC2,6.142
2005-01-11,RNGC3,6.085
2005-01-11,RNGC4,6.105
2005-01-12,RNGC1,5.943
2005-01-12,RNGC2,6.002
2005-01-12,RNGC3,5.952
2005-01-12,RNGC4,5.982
2005-01-13,RNGC1,6.445
2005-01-13,RNGC2,6.497
2005-01-13,RNGC3,6.362
2005-01-13,RNGC4,6.372
2005-01-14,RNGC1,6.395
2005-01-14,RNGC2,6.432
2005-01-14,RNGC3,6.292
2005-01-14,RNGC4,6.284
2005-01-18,RNGC1,6.137
2005-01-18,RNGC2,6.158
2005-01-18,RNGC3,6.088
2005-01-18,RNGC4,6.098
2005-01-19,RNGC1,6.293
2005-01-19,RNGC2,6.327
2005-01-19,RNGC3,6.222
2005-01-19,RNGC4,6.224
2005-01-20,RNGC1,6.308
2005-01-20,RNGC2,6.354
2005-01-20,RNGC3,6.238
2005-01-20,RNGC4,6.24
2005-01-21,RNGC1,6.24
2005-01-21,RNGC2,6.263
2005-01-21,RNGC3,6.178
2005-01-21,RNGC4,6.188
2005-01-24,RNGC1,6.476
2005-01-24,RNGC2,6.516
2005-01-24,RNGC3,6.386
2005-01-24,RNGC4,6.386
2005-01-25,RNGC1,6.403
2005-01-25,RNGC2,6.444
2005-01-25,RNGC3,6.354
2005-01-25,RNGC4,6.362
2005-01-26,RNGC1,6.388
2005-01-26,RNGC2,6.421
2005-01-26,RNGC3,6.366
2005-01-26,RNGC4,6.386
2005-01-27,RNGC1,6.288
2005-01-27,RNGC2,6.352
2005-01-27,RNGC3,6.322
2005-01-27,RNGC4,6.345
2005-01-28,RNGC1,6.259
2005-01-28,RNGC2,6.259
2005-01-28,RNGC3,6.286
2005-01-28,RNGC4,6.332
2005-01-31,RNGC1,6.321
2005-01-31,RNGC2,6.346
2005-01-31,RNGC3,6.376
2005-01-31,RNGC4,6.424
2005-02-01,RNGC1,6.316
2005-02-01,RNGC2,6.346
2005-02-01,RNGC3,6.376
2005-02-01,RNGC4,6.424
2005-02-02,RNGC1,6.376
2005-02-02,RNGC2,6.394
2005-02-02,RNGC3,6.424
2005-02-02,RNGC4,6.474
2005-02-03,RNGC1,6.149
2005-02-03,RNGC2,6.184
2005-02-03,RNGC3,6.229
2005-02-03,RNGC4,6.284
2005-02-04,RNGC1,6.096
2005-02-04,RNGC2,6.13
2005-02-04,RNGC3,6.18
2005-02-04,RNGC4,6.238
2005-02-07,RNGC1,5.969
2005-02-07,RNGC2,6.024
2005-02-07,RNGC3,6.087
2005-02-07,RNGC4,6.149
2005-02-08,RNGC1,6.164
2005-02-08,RNGC2,6.221
2005-02-08,RNGC3,6.278
2005-02-08,RNGC4,6.334
2005-02-09,RNGC1,6.165
2005-02-09,RNGC2,6.218
2005-02-09,RNGC3,6.276
2005-02-09,RNGC4,6.331
2005-02-10,RNGC1,6.16
2005-02-10,RNGC2,6.223
2005-02-10,RNGC3,6.288
2005-02-10,RNGC4,6.346
2005-02-11,RNGC1,6.093
2005-02-11,RNGC2,6.171
2005-02-11,RNGC3,6.244
2005-02-11,RNGC4,6.305
2005-02-14,RNGC1,6.093
2005-02-14,RNGC2,6.162
2005-02-14,RNGC3,6.244
2005-02-14,RNGC4,6.305
2005-02-15,RNGC1,6.175
2005-02-15,RNGC2,6.245
2005-02-15,RNGC3,6.322
2005-02-15,RNGC4,6.381
2005-02-16,RNGC1,6.109
2005-02-16,RNGC2,6.184
2005-02-16,RNGC3,6.266
2005-02-16,RNGC4,6.326
2005-02-17,RNGC1,5.923
2005-02-17,RNGC2,6.01
2005-02-17,RNGC3,6.1
2005-02-17,RNGC4,6.166
2005-02-18,RNGC1,5.908
2005-02-18,RNGC2,5.987
2005-02-18,RNGC3,6.087
2005-02-18,RNGC4,6.154
2005-02-22,RNGC1,6.103
2005-02-22,RNGC2,6.221
2005-02-22,RNGC3,6.316
2005-02-22,RNGC4,6.379
2005-02-23,RNGC1,6.311
2005-02-23,RNGC2,6.42
2005-02-23,RNGC3,6.508
2005-02-23,RNGC4,6.568
2005-02-24,RNGC1,6.304
2005-02-24,RNGC2,6.454
2005-02-24,RNGC3,6.554
2005-02-24,RNGC4,6.612
2005-02-25,RNGC1,6.715
2005-02-25,RNGC2,6.81
2005-02-25,RNGC3,6.865
2005-02-25,RNGC4,6.92
2005-02-28,RNGC1,6.73
2005-02-28,RNGC2,6.81
2005-02-28,RNGC3,6.87
2005-02-28,RNGC4,6.93
2005-03-01,RNGC1,6.68
2005-03-01,RNGC2,6.772
2005-03-01,RNGC3,6.842
2005-03-01,RNGC4,6.905
2005-03-02,RNGC1,6.717
2005-03-02,RNGC2,6.812
2005-03-02,RNGC3,6.894
2005-03-02,RNGC4,6.959
2005-03-03,RNGC1,6.657
2005-03-03,RNGC2,6.772
2005-03-03,RNGC3,6.859
2005-03-03,RNGC4,6.934
2005-03-04,RNGC1,6.744
2005-03-04,RNGC2,6.856
2005-03-04,RNGC3,6.941
2005-03-04,RNGC4,7.013
2005-03-07,RNGC1,6.714
2005-03-07,RNGC2,6.846
2005-03-07,RNGC3,6.934
2005-03-07,RNGC4,7.012
2005-03-08,RNGC1,6.847
2005-03-08,RNGC2,6.978
2005-03-08,RNGC3,7.063
2005-03-08,RNGC4,7.138
2005-03-09,RNGC1,6.88
2005-03-09,RNGC2,6.993
2005-03-09,RNGC3,7.078
2005-03-09,RNGC4,7.153
2005-03-10,RNGC1,6.768
2005-03-10,RNGC2,6.87
2005-03-10,RNGC3,6.945
2005-03-10,RNGC4,7.015
2005-03-11,RNGC1,6.772
2005-03-11,RNGC2,6.885
2005-03-11,RNGC3,6.955
2005-03-11,RNGC4,7.02
2005-03-14,RNGC1,7.138
2005-03-14,RNGC2,7.237
2005-03-14,RNGC3,7.292
2005-03-14,RNGC4,7.342
2005-03-15,RNGC1,7.179
2005-03-15,RNGC2,7.278
2005-03-15,RNGC3,7.348
2005-03-15,RNGC4,7.403
2005-03-16,RNGC1,7.192
2005-03-16,RNGC2,7.318
2005-03-16,RNGC3,7.403
2005-03-16,RNGC4,7.473
2005-03-17,RNGC1,7.238
2005-03-17,RNGC2,7.374
2005-03-17,RNGC3,7.459
2005-03-17,RNGC4,7.529
2005-03-18,RNGC1,7.273
2005-03-18,RNGC2,7.393
2005-03-18,RNGC3,7.478
2005-03-18,RNGC4,7.548
2005-03-21,RNGC1,7.318
2005-03-21,RNGC2,7.45
2005-03-21,RNGC3,7.55
2005-03-21,RNGC4,7.62
2005-03-22,RNGC1,7.248
2005-03-22,RNGC2,7.365
2005-03-22,RNGC3,7.47
2005-03-22,RNGC4,7.55
2005-03-23,RNGC1,7.138
2005-03-23,RNGC2,7.255
2005-03-23,RNGC3,7.36
2005-03-23,RNGC4,7.44
2005-03-24,RNGC1,7.062
2005-03-24,RNGC2,7.184
2005-03-24,RNGC3,7.292
2005-03-24,RNGC4,7.379
2005-03-28,RNGC1,6.999
2005-03-28,RNGC2,7.122
2005-03-28,RNGC3,7.232
2005-03-28,RNGC4,7.322
2005-03-29,RNGC1,7.323
2005-03-29,RNGC2,7.402
2005-03-29,RNGC3,7.51
2005-03-29,RNGC4,7.598
2005-03-30,RNGC1,7.46
2005-03-30,RNGC2,7.565
2005-03-30,RNGC3,7.655
2005-03-30,RNGC4,7.71
2005-03-31,RNGC1,7.653
2005-03-31,RNGC2,7.758
2005-03-31,RNGC3,7.843
2005-03-31,RNGC4,7.893
2005-04-01,RNGC1,7.749
2005-04-01,RNGC2,7.86
2005-04-01,RNGC3,7.948
2005-04-01,RNGC4,7.995
2005-04-04,RNGC1,7.594
2005-04-04,RNGC2,7.706
2005-04-04,RNGC3,7.806
2005-04-04,RNGC4,7.864
2005-04-05,RNGC1,7.572
2005-04-05,RNGC2,7.679
2005-04-05,RNGC3,7.777
2005-04-05,RNGC4,7.835
2005-04-06,RNGC1,7.558
2005-04-06,RNGC2,7.668
2005-04-06,RNGC3,7.768
2005-04-06,RNGC4,7.826
2005-04-07,RNGC1,7.366
2005-04-07,RNGC2,7.485
2005-04-07,RNGC3,7.594
2005-04-07,RNGC4,7.657
2005-04-08,RNGC1,7.242
2005-04-08,RNGC2,7.359
2005-04-08,RNGC3,7.466
2005-04-08,RNGC4,7.529
2005-04-11,RNGC1,7.309
2005-04-11,RNGC2,7.424
2005-04-11,RNGC3,7.526
2005-04-11,RNGC4,7.589
2005-04-12,RNGC1,7.094
2005-04-12,RNGC2,7.207
2005-04-12,RNGC3,7.307
2005-04-12,RNGC4,7.369
2005-04-13,RNGC1,6.978
2005-04-13,RNGC2,7.085
2005-04-13,RNGC3,7.182
2005-04-13,RNGC4,7.247
2005-04-14,RNGC1,7.069
2005-04-14,RNGC2,7.179
2005-04-14,RNGC3,7.27
2005-04-14,RNGC4,7.33
2005-04-15,RNGC1,6.997
2005-04-15,RNGC2,7.103
2005-04-15,RNGC3,7.214
2005-04-15,RNGC4,7.279
2005-04-18,RNGC1,6.95
2005-04-18,RNGC2,7.049
2005-04-18,RNGC3,7.146
2005-04-18,RNGC4,7.211
2005-04-19,RNGC1,7.045
2005-04-19,RNGC2,7.14
2005-04-19,RNGC3,7.237
2005-04-19,RNGC4,7.302
2005-04-20,RNGC1,7.057
2005-04-20,RNGC2,7.154
2005-04-20,RNGC3,7.249
2005-04-20,RNGC4,7.314
2005-04-21,RNGC1,7.032
2005-04-21,RNGC2,7.11
2005-04-21,RNGC3,7.217
2005-04-21,RNGC4,7.277
2005-04-22,RNGC1,7.195
2005-04-22,RNGC2,7.269
2005-04-22,RNGC3,7.359
2005-04-22,RNGC4,7.417
2005-04-25,RNGC1,7.153
2005-04-25,RNGC2,7.216
2005-04-25,RNGC3,7.306
2005-04-25,RNGC4,7.366
2005-04-26,RNGC1,7.12
2005-04-26,RNGC2,7.181
2005-04-26,RNGC3,7.261
2005-04-26,RNGC4,7.316
2005-04-27,RNGC1,6.748
2005-04-27,RNGC2,6.8
2005-04-27,RNGC3,6.888
2005-04-27,RNGC4,6.948
2005-04-28,RNGC1,6.748
2005-04-28,RNGC2,6.842
2005-04-28,RNGC3,6.91
2005-04-28,RNGC4,6.947
2005-04-29,RNGC1,6.585
2005-04-29,RNGC2,6.694
2005-04-29,RNGC3,6.764
2005-04-29,RNGC4,6.808
2005-05-02,RNGC1,6.697
2005-05-02,RNGC2,6.796
2005-05-02,RNGC3,6.869
2005-05-02,RNGC4,6.911
2005-05-03,RNGC1,6.515
2005-05-03,RNGC2,6.62
2005-05-03,RNGC3,6.698
2005-05-03,RNGC4,6.745
2005-05-04,RNGC1,6.63
2005-05-04,RNGC2,6.728
2005-05-04,RNGC3,6.806
2005-05-04,RNGC4,6.854
2005-05-05,RNGC1,6.691
2005-05-05,RNGC2,6.792
2005-05-05,RNGC3,6.862
2005-05-05,RNGC4,6.912
2005-05-06,RNGC1,6.621
2005-05-06,RNGC2,6.719
2005-05-06,RNGC3,6.789
2005-05-06,RNGC4,6.839
2005-05-09,RNGC1,6.674
2005-05-09,RNGC2,6.774
2005-05-09,RNGC3,6.844
2005-05-09,RNGC4,6.892
2005-05-10,RNGC1,6.694
2005-05-10,RNGC2,6.788
2005-05-10,RNGC3,6.863
2005-05-10,RNGC4,6.913
2005-05-11,RNGC1,6.683
2005-05-11,RNGC2,6.772
2005-05-11,RNGC3,6.84
2005-05-11,RNGC4,6.885
2005-05-12,RNGC1,6.511
2005-05-12,RNGC2,6.592
2005-05-12,RNGC3,6.66
2005-05-12,RNGC4,6.702
2005-05-13,RNGC1,6.536
2005-05-13,RNGC2,6.618
2005-05-13,RNGC3,6.684
2005-05-13,RNGC4,6.723
2005-05-16,RNGC1,6.446
2005-05-16,RNGC2,6.515
2005-05-16,RNGC3,6.583
2005-05-16,RNGC4,6.623
2005-05-17,RNGC1,6.476
2005-05-17,RNGC2,6.542
2005-05-17,RNGC3,6.61
2005-05-17,RNGC4,6.65
2005-05-18,RNGC1,6.392
2005-05-18,RNGC2,6.452
2005-05-18,RNGC3,6.517
2005-05-18,RNGC4,6.555
2005-05-19,RNGC1,6.357
2005-05-19,RNGC2,6.415
2005-05-19,RNGC3,6.477
2005-05-19,RNGC4,6.513
2005-05-20,RNGC1,6.343
2005-05-20,RNGC2,6.408
2005-05-20,RNGC3,6.478
2005-05-20,RNGC4,6.518
2005-05-23,RNGC1,6.407
2005-05-23,RNGC2,6.463
2005-05-23,RNGC3,6.53
2005-05-23,RNGC4,6.569
2005-05-24,RNGC1,6.349
2005-05-24,RNGC2,6.386
2005-05-24,RNGC3,6.452
2005-05-24,RNGC4,6.491
2005-05-25,RNGC1,6.315
2005-05-25,RNGC2,6.372
2005-05-25,RNGC3,6.437
2005-05-25,RNGC4,6.472
2005-05-26,RNGC1,6.123
2005-05-26,RNGC2,6.212
2005-05-26,RNGC3,6.287
2005-05-26,RNGC4,6.329
2005-05-27,RNGC1,6.37
2005-05-27,RNGC2,6.445
2005-05-27,RNGC3,6.482
2005-05-27,RNGC4,6.547
2005-05-31,RNGC1,6.379
2005-05-31,RNGC2,6.452
2005-05-31,RNGC3,6.49
2005-05-31,RNGC4,6.558
2005-06-01,RNGC1,6.789
2005-06-01,RNGC2,6.859
2005-06-01,RNGC3,6.893
2005-06-01,RNGC4,6.958
2005-06-02,RNGC1,6.819
2005-06-02,RNGC2,6.889
2005-06-02,RNGC3,6.922
2005-06-02,RNGC4,6.985
2005-06-03,RNGC1,6.88
2005-06-03,RNGC2,6.953
2005-06-03,RNGC3,6.986
2005-06-03,RNGC4,7.051
2005-06-06,RNGC1,7.122
2005-06-06,RNGC2,7.195
2005-06-06,RNGC3,7.217
2005-06-06,RNGC4,7.275
2005-06-07,RNGC1,7.127
2005-06-07,RNGC2,7.183
2005-06-07,RNGC3,7.195
2005-06-07,RNGC4,7.237
2005-06-08,RNGC1,7.0
2005-06-08,RNGC2,7.055
2005-06-08,RNGC3,7.083
2005-06-08,RNGC4,7.136
2005-06-09,RNGC1,7.045
2005-06-09,RNGC2,7.101
2005-06-09,RNGC3,7.135
2005-06-09,RNGC4,7.188
2005-06-10,RNGC1,6.932
2005-06-10,RNGC2,7.011
2005-06-10,RNGC3,7.041
2005-06-10,RNGC4,7.093
2005-06-13,RNGC1,7.26
2005-06-13,RNGC2,7.309
2005-06-13,RNGC3,7.329
2005-06-13,RNGC4,7.374
2005-06-14,RNGC1,7.228
2005-06-14,RNGC2,7.287
2005-06-14,RNGC3,7.317
2005-06-14,RNGC4,7.365
2005-06-15,RNGC1,7.441
2005-06-15,RNGC2,7.504
2005-06-15,RNGC3,7.534
2005-06-15,RNGC4,7.582
2005-06-16,RNGC1,7.613
2005-06-16,RNGC2,7.692
2005-06-16,RNGC3,7.722
2005-06-16,RNGC4,7.767
2005-06-17,RNGC1,7.69
2005-06-17,RNGC2,7.778
2005-06-17,RNGC3,7.811
2005-06-17,RNGC4,7.851
2005-06-20,RNGC1,7.67
2005-06-20,RNGC2,7.753
2005-06-20,RNGC3,7.793
2005-06-20,RNGC4,7.833
2005-06-21,RNGC1,7.474
2005-06-21,RNGC2,7.545
2005-06-21,RNGC3,7.587
2005-06-21,RNGC4,7.634
2005-06-22,RNGC1,7.442
2005-06-22,RNGC2,7.516
2005-06-22,RNGC3,7.556
2005-06-22,RNGC4,7.604
2005-06-23,RNGC1,7.473
2005-06-23,RNGC2,7.525
2005-06-23,RNGC3,7.563
2005-06-23,RNGC4,7.613
2005-06-24,RNGC1,7.36
2005-06-24,RNGC2,7.412
2005-06-24,RNGC3,7.45
2005-06-24,RNGC4,7.505
2005-06-27,RNGC1,7.138
2005-06-27,RNGC2,7.203
2005-06-27,RNGC3,7.241
2005-06-27,RNGC4,7.301
2005-06-28,RNGC1,6.976
2005-06-28,RNGC2,7.073
2005-06-28,RNGC3,7.113
2005-06-28,RNGC4,7.175
2005-06-29,RNGC1,7.087
2005-06-29,RNGC2,7.13
2005-06-29,RNGC3,7.195
2005-06-29,RNGC4,7.777
2005-06-30,RNGC1,6.981
2005-06-30,RNGC2,7.031
2005-06-30,RNGC3,7.103
2005-06-30,RNGC4,7.723
2005-07-01,RNGC1,7.171
2005-07-01,RNGC2,7.215
2005-07-01,RNGC3,7.283
2005-07-01,RNGC4,7.893
2005-07-05,RNGC1,7.475
2005-07-05,RNGC2,7.523
2005-07-05,RNGC3,7.582
2005-07-05,RNGC4,8.157
2005-07-06,RNGC1,7.688
2005-07-06,RNGC2,7.732
2005-07-06,RNGC3,7.782
2005-07-06,RNGC4,8.332
2005-07-07,RNGC1,7.398
2005-07-07,RNGC2,7.448
2005-07-07,RNGC3,7.503
2005-07-07,RNGC4,8.093
2005-07-08,RNGC1,7.472
2005-07-08,RNGC2,7.53
2005-07-08,RNGC3,7.578
2005-07-08,RNGC4,8.133
2005-07-11,RNGC1,7.495
2005-07-11,RNGC2,7.537
2005-07-11,RNGC3,7.585
2005-07-11,RNGC4,8.13
2005-07-12,RNGC1,7.885
2005-07-12,RNGC2,7.925
2005-07-12,RNGC3,7.968
2005-07-12,RNGC4,8.438
2005-07-13,RNGC1,7.9
2005-07-13,RNGC2,7.959
2005-07-13,RNGC3,8.009
2005-07-13,RNGC4,8.479
2005-07-14,RNGC1,7.844
2005-07-14,RNGC2,7.895
2005-07-14,RNGC3,7.949
2005-07-14,RNGC4,8.429
2005-07-15,RNGC1,7.849
2005-07-15,RNGC2,7.898
2005-07-15,RNGC3,7.953
2005-07-15,RNGC4,8.433
2005-07-18,RNGC1,7.652
2005-07-18,RNGC2,7.712
2005-07-18,RNGC3,7.766
2005-07-18,RNGC4,8.288
2005-07-19,RNGC1,7.586
2005-07-19,RNGC2,7.642
2005-07-19,RNGC3,7.698
2005-07-19,RNGC4,8.246
2005-07-20,RNGC1,7.55
2005-07-20,RNGC2,7.599
2005-07-20,RNGC3,7.657
2005-07-20,RNGC4,8.217
2005-07-21,RNGC1,7.3
2005-07-21,RNGC2,7.347
2005-07-21,RNGC3,7.412
2005-07-21,RNGC4,8.016
2005-07-22,RNGC1,7.384
2005-07-22,RNGC2,7.421
2005-07-22,RNGC3,7.486
2005-07-22,RNGC4,8.09
2005-07-25,RNGC1,7.284
2005-07-25,RNGC2,7.325
2005-07-25,RNGC3,7.393
2005-07-25,RNGC4,8.008
2005-07-26,RNGC1,7.425
2005-07-26,RNGC2,7.458
2005-07-26,RNGC3,7.521
2005-07-26,RNGC4,8.101
2005-07-27,RNGC1,7.647
2005-07-27,RNGC2,7.592
2005-07-27,RNGC3,7.644
2005-07-27,RNGC4,8.194
2005-07-28,RNGC1,7.694
2005-07-28,RNGC2,7.748
2005-07-28,RNGC3,8.298
2005-07-28,RNGC4,8.783
2005-07-29,RNGC1,7.885
2005-07-29,RNGC2,7.943
2005-07-29,RNGC3,8.488
2005-07-29,RNGC4,8.958
2005-08-01,RNGC1,8.154
2005-08-01,RNGC2,8.209
2005-08-01,RNGC3,8.739
2005-08-01,RNGC4,9.199
2005-08-02,RNGC1,8.378
2005-08-02,RNGC2,8.405
2005-08-02,RNGC3,8.88
2005-08-02,RNGC4,9.315
2005-08-03,RNGC1,8.351
2005-08-03,RNGC2,8.377
2005-08-03,RNGC3,8.842
2005-08-03,RNGC4,9.277
2005-08-04,RNGC1,8.471
2005-08-04,RNGC2,8.505
2005-08-04,RNGC3,8.945
2005-08-04,RNGC4,9.375
2005-08-05,RNGC1,8.7
2005-08-05,RNGC2,8.752
2005-08-05,RNGC3,9.192
2005-08-05,RNGC4,9.612
2005-08-08,RNGC1,8.684
2005-08-08,RNGC2,8.732
2005-08-08,RNGC3,9.192
2005-08-08,RNGC4,9.612
2005-08-09,RNGC1,8.649
2005-08-09,RNGC2,8.684
2005-08-09,RNGC3,9.169
2005-08-09,RNGC4,9.599
2005-08-10,RNGC1,9.071
2005-08-10,RNGC2,9.096
2005-08-10,RNGC3,9.546
2005-08-10,RNGC4,9.956
2005-08-11,RNGC1,9.301
2005-08-11,RNGC2,9.321
2005-08-11,RNGC3,9.746
2005-08-11,RNGC4,10.136
2005-08-12,RNGC1,9.588
2005-08-12,RNGC2,9.608
2005-08-12,RNGC3,9.966
2005-08-12,RNGC4,10.319
2005-08-15,RNGC1,9.54
2005-08-15,RNGC2,9.561
2005-08-15,RNGC3,9.933
2005-08-15,RNGC4,10.302
2005-08-16,RNGC1,9.752
2005-08-16,RNGC2,9.779
2005-08-16,RNGC3,10.124
2005-08-16,RNGC4,10.479
2005-08-17,RNGC1,9.391
2005-08-17,RNGC2,9.413
2005-08-17,RNGC3,9.762
2005-08-17,RNGC4,10.125
2005-08-18,RNGC1,8.928
2005-08-18,RNGC2,8.942
2005-08-18,RNGC3,9.329
2005-08-18,RNGC4,9.711
2005-08-19,RNGC1,9.111
2005-08-19,RNGC2,9.156
2005-08-19,RNGC3,9.591
2005-08-19,RNGC4,10.006
2005-08-22,RNGC1,9.564
2005-08-22,RNGC2,9.609
2005-08-22,RNGC3,10.014
2005-08-22,RNGC4,10.414
2005-08-23,RNGC1,9.683
2005-08-23,RNGC2,9.716
2005-08-23,RNGC3,10.086
2005-08-23,RNGC4,10.456
2005-08-24,RNGC1,9.984
2005-08-24,RNGC2,10.019
2005-08-24,RNGC3,10.379
2005-08-24,RNGC4,10.739
2005-08-25,RNGC1,9.77
2005-08-25,RNGC2,9.827
2005-08-25,RNGC3,10.242
2005-08-25,RNGC4,10.642
2005-08-26,RNGC1,9.792
2005-08-26,RNGC2,9.806
2005-08-26,RNGC3,10.236
2005-08-26,RNGC4,10.641
2005-08-29,RNGC1,10.847
2005-08-29,RNGC2,11.139
2005-08-29,RNGC3,11.409
2005-08-29,RNGC4,11.699
2005-08-30,RNGC1,11.659
2005-08-30,RNGC2,11.874
2005-08-30,RNGC3,12.124
2005-08-30,RNGC4,12.369
2005-08-31,RNGC1,11.472
2005-08-31,RNGC2,11.657
2005-08-31,RNGC3,11.907
2005-08-31,RNGC4,12.147
2005-09-01,RNGC1,11.757
2005-09-01,RNGC2,11.967
2005-09-01,RNGC3,12.227
2005-09-01,RNGC4,12.467
2005-09-02,RNGC1,11.691
2005-09-02,RNGC2,11.941
2005-09-02,RNGC3,12.221
2005-09-02,RNGC4,12.471
2005-09-06,RNGC1,11.657
2005-09-06,RNGC2,11.957
2005-09-06,RNGC3,12.242
2005-09-06,RNGC4,12.502
2005-09-07,RNGC1,11.201
2005-09-07,RNGC2,11.646
2005-09-07,RNGC3,11.996
2005-09-07,RNGC4,12.286
2005-09-08,RNGC1,11.347
2005-09-08,RNGC2,11.867
2005-09-08,RNGC3,12.257
2005-09-08,RNGC4,12.542
2005-09-09,RNGC1,11.263
2005-09-09,RNGC2,11.853
2005-09-09,RNGC3,12.318
2005-09-09,RNGC4,12.618
2005-09-12,RNGC1,11.031
2005-09-12,RNGC2,11.643
2005-09-12,RNGC3,12.143
2005-09-12,RNGC4,12.433
2005-09-13,RNGC1,10.763
2005-09-13,RNGC2,11.371
2005-09-13,RNGC3,11.866
2005-09-13,RNGC4,12.156
2005-09-14,RNGC1,11.166
2005-09-14,RNGC2,11.767
2005-09-14,RNGC3,12.222
2005-09-14,RNGC4,12.472
2005-09-15,RNGC1,11.336
2005-09-15,RNGC2,11.969
2005-09-15,RNGC3,12.447
2005-09-15,RNGC4,12.692
2005-09-16,RNGC1,11.144
2005-09-16,RNGC2,11.878
2005-09-16,RNGC3,12.463
2005-09-16,RNGC4,12.758
2005-09-19,RNGC1,12.663
2005-09-19,RNGC2,13.265
2005-09-19,RNGC3,13.755
2005-09-19,RNGC4,14.015
2005-09-20,RNGC1,12.492
2005-09-20,RNGC2,13.032
2005-09-20,RNGC3,13.532
2005-09-20,RNGC4,13.812
2005-09-21,RNGC1,12.594
2005-09-21,RNGC2,12.998
2005-09-21,RNGC3,13.463
2005-09-21,RNGC4,13.768
2005-09-22,RNGC1,12.79
2005-09-22,RNGC2,13.075
2005-09-22,RNGC3,13.515
2005-09-22,RNGC4,13.805
2005-09-23,RNGC1,12.324
2005-09-23,RNGC2,12.687
2005-09-23,RNGC3,13.167
2005-09-23,RNGC4,13.472
2005-09-26,RNGC1,12.44
2005-09-26,RNGC2,13.137
2005-09-26,RNGC3,13.637
2005-09-26,RNGC4,13.932
2005-09-27,RNGC1,12.656
2005-09-27,RNGC2,13.12
2005-09-27,RNGC3,13.71
2005-09-27,RNGC4,14.04
2005-09-28,RNGC1,13.907
2005-09-28,RNGC2,14.1
2005-09-28,RNGC3,14.57
2005-09-28,RNGC4,14.875
2005-09-29,RNGC1,14.196
2005-09-29,RNGC2,14.686
2005-09-29,RNGC3,14.991
2005-09-29,RNGC4,14.761
2005-09-30,RNGC1,13.921
2005-09-30,RNGC2,14.431
2005-09-30,RNGC3,14.771
2005-09-30,RNGC4,14.511
2005-10-03,RNGC1,14.017
2005-10-03,RNGC2,14.557
2005-10-03,RNGC3,14.892
2005-10-03,RNGC4,14.617
2005-10-04,RNGC1,14.224
2005-10-04,RNGC2,14.764
2005-10-04,RNGC3,15.119
2005-10-04,RNGC4,14.834
2005-10-05,RNGC1,14.183
2005-10-05,RNGC2,14.731
2005-10-05,RNGC3,15.131
2005-10-05,RNGC4,14.906
2005-10-06,RNGC1,13.375
2005-10-06,RNGC2,13.895
2005-10-06,RNGC3,14.26
2005-10-06,RNGC4,14.12
2005-10-07,RNGC1,13.226
2005-10-07,RNGC2,13.762
2005-10-07,RNGC3,14.141
2005-10-07,RNGC4,14.011
2005-10-10,RNGC1,12.975
2005-10-10,RNGC2,13.495
2005-10-10,RNGC3,13.907
2005-10-10,RNGC4,13.777
2005-10-11,RNGC1,13.519
2005-10-11,RNGC2,13.984
2005-10-11,RNGC3,14.404
2005-10-11,RNGC4,14.244
2005-10-12,RNGC1,13.524
2005-10-12,RNGC2,14.009
2005-10-12,RNGC3,14.43
2005-10-12,RNGC4,14.27
2005-10-13,RNGC1,13.103
2005-10-13,RNGC2,13.663
2005-10-13,RNGC3,14.129
2005-10-13,RNGC4,13.989
2005-10-14,RNGC1,13.219
2005-10-14,RNGC2,13.749
2005-10-14,RNGC3,14.204
2005-10-14,RNGC4,14.059
2005-10-17,RNGC1,13.887
2005-10-17,RNGC2,14.297
2005-10-17,RNGC3,14.755
2005-10-17,RNGC4,14.585
2005-10-18,RNGC1,13.421
2005-10-18,RNGC2,13.801
2005-10-18,RNGC3,14.31
2005-10-18,RNGC4,14.16
2005-10-19,RNGC1,13.549
2005-10-19,RNGC2,13.86
2005-10-19,RNGC3,14.243
2005-10-19,RNGC4,14.113
2005-10-20,RNGC1,12.977
2005-10-20,RNGC2,13.243
2005-10-20,RNGC3,13.674
2005-10-20,RNGC4,13.584
2005-10-21,RNGC1,12.872
2005-10-21,RNGC2,13.167
2005-10-21,RNGC3,13.554
2005-10-21,RNGC4,13.484
2005-10-24,RNGC1,13.004
2005-10-24,RNGC2,13.177
2005-10-24,RNGC3,13.535
2005-10-24,RNGC4,13.46
2005-10-25,RNGC1,14.338
2005-10-25,RNGC2,14.462
2005-10-25,RNGC3,14.779
2005-10-25,RNGC4,14.614
2005-10-26,RNGC1,14.04
2005-10-26,RNGC2,14.06
2005-10-26,RNGC3,14.37
2005-10-26,RNGC4,14.22
2005-10-27,RNGC1,13.832
2005-10-27,RNGC2,13.684
2005-10-27,RNGC3,14.004
2005-10-27,RNGC4,13.884
2005-10-28,RNGC1,13.055
2005-10-28,RNGC2,13.377
2005-10-28,RNGC3,13.287
2005-10-28,RNGC4,12.947
2005-10-31,RNGC1,12.205
2005-10-31,RNGC2,12.641
2005-10-31,RNGC3,12.611
2005-10-31,RNGC4,12.336
2005-11-01,RNGC1,11.86
2005-11-01,RNGC2,12.382
2005-11-01,RNGC3,12.332
2005-11-01,RNGC4,12.052
2005-11-02,RNGC1,11.604
2005-11-02,RNGC2,12.161
2005-11-02,RNGC3,12.111
2005-11-02,RNGC4,11.826
2005-11-03,RNGC1,11.689
2005-11-03,RNGC2,12.161
2005-11-03,RNGC3,12.111
2005-11-03,RNGC4,11.826
2005-11-04,RNGC1,11.415
2005-11-04,RNGC2,12.059
2005-11-04,RNGC3,12.029
2005-11-04,RNGC4,11.749
2005-11-07,RNGC1,11.873
2005-11-07,RNGC2,12.608
2005-11-07,RNGC3,12.568
2005-11-07,RNGC4,12.268
2005-11-08,RNGC1,11.793
2005-11-08,RNGC2,12.556
2005-11-08,RNGC3,12.591
2005-11-08,RNGC4,12.341
2005-11-09,RNGC1,11.669
2005-11-09,RNGC2,12.32
2005-11-09,RNGC3,12.36
2005-11-09,RNGC4,12.15
2005-11-10,RNGC1,11.38
2005-11-10,RNGC2,11.954
2005-11-10,RNGC3,12.004
2005-11-10,RNGC4,11.799
2005-11-11,RNGC1,11.712
2005-11-11,RNGC2,12.236
2005-11-11,RNGC3,12.261
2005-11-11,RNGC4,12.031
2005-11-14,RNGC1,11.607
2005-11-14,RNGC2,12.28
2005-11-14,RNGC3,12.33
2005-11-14,RNGC4,12.127
2005-11-15,RNGC1,11.563
2005-11-15,RNGC2,12.329
2005-11-15,RNGC3,12.399
2005-11-15,RNGC4,12.219
2005-11-16,RNGC1,12.329
2005-11-16,RNGC2,13.083
2005-11-16,RNGC3,13.143
2005-11-16,RNGC4,12.903
2005-11-17,RNGC1,11.942
2005-11-17,RNGC2,12.705
2005-11-17,RNGC3,12.785
2005-11-17,RNGC4,12.55
2005-11-18,RNGC1,11.414
2005-11-18,RNGC2,12.071
2005-11-18,RNGC3,12.181
2005-11-18,RNGC4,12.011
2005-11-21,RNGC1,11.331
2005-11-21,RNGC2,11.87
2005-11-21,RNGC3,11.985
2005-11-21,RNGC4,11.83
2005-11-22,RNGC1,11.614
2005-11-22,RNGC2,12.059
2005-11-22,RNGC3,12.159
2005-11-22,RNGC4,11.999
2005-11-23,RNGC1,11.62
2005-11-23,RNGC2,12.05
2005-11-23,RNGC3,12.13
2005-11-23,RNGC4,11.95
2005-11-28,RNGC1,11.18
2005-11-28,RNGC2,11.634
2005-11-28,RNGC3,11.739
2005-11-28,RNGC4,11.554
2005-11-29,RNGC1,11.736
2005-11-29,RNGC2,11.841
2005-11-29,RNGC3,11.657
2005-11-29,RNGC4,10.017
2005-11-30,RNGC1,12.587
2005-11-30,RNGC2,12.687
2005-11-30,RNGC3,12.481
2005-11-30,RNGC4,10.431
2005-12-01,RNGC1,13.027
2005-12-01,RNGC2,13.117
2005-12-01,RNGC3,12.947
2005-12-01,RNGC4,10.677
2005-12-02,RNGC1,13.931
2005-12-02,RNGC2,13.951
2005-12-02,RNGC3,13.765
2005-12-02,RNGC4,11.005
2005-12-05,RNGC1,13.66
2005-12-05,RNGC2,13.743
2005-12-05,RNGC3,13.583
2005-12-05,RNGC4,10.983
2005-12-06,RNGC1,13.489
2005-12-06,RNGC2,13.584
2005-12-06,RNGC3,13.491
2005-12-06,RNGC4,10.971
2005-12-07,RNGC1,13.7
2005-12-07,RNGC2,13.81
2005-12-07,RNGC3,13.736
2005-12-07,RNGC4,11.036
2005-12-08,RNGC1,14.994
2005-12-08,RNGC2,15.081
2005-12-08,RNGC3,14.988
2005-12-08,RNGC4,11.508
2005-12-09,RNGC1,14.312
2005-12-09,RNGC2,14.391
2005-12-09,RNGC3,14.311
2005-12-09,RNGC4,11.061
2005-12-12,RNGC1,14.841
2005-12-12,RNGC2,14.913
2005-12-12,RNGC3,14.804
2005-12-12,RNGC4,11.254
2005-12-13,RNGC1,15.378
2005-12-13,RNGC2,15.427
2005-12-13,RNGC3,15.287
2005-12-13,RNGC4,11.487
2005-12-14,RNGC1,14.679
2005-12-14,RNGC2,14.728
2005-12-14,RNGC3,14.602
2005-12-14,RNGC4,11.322
2005-12-15,RNGC1,13.781
2005-12-15,RNGC2,13.88
2005-12-15,RNGC3,13.81
2005-12-15,RNGC4,10.985
2005-12-16,RNGC1,13.633
2005-12-16,RNGC2,13.722
2005-12-16,RNGC3,13.652
2005-12-16,RNGC4,10.867
2005-12-19,RNGC1,14.043
2005-12-19,RNGC2,14.104
2005-12-19,RNGC3,14.014
2005-12-19,RNGC4,11.064
2005-12-20,RNGC1,14.08
2005-12-20,RNGC2,14.15
2005-12-20,RNGC3,14.093
2005-12-20,RNGC4,11.143
2005-12-21,RNGC1,14.271
2005-12-21,RNGC2,14.345
2005-12-21,RNGC3,14.278
2005-12-21,RNGC4,11.278
2005-12-22,RNGC1,12.923
2005-12-22,RNGC2,13.02
2005-12-22,RNGC3,13.016
2005-12-22,RNGC4,10.866
2005-12-23,RNGC1,12.283
2005-12-23,RNGC2,12.402
2005-12-23,RNGC3,12.417
2005-12-23,RNGC4,10.567
2005-12-27,RNGC1,11.022
2005-12-27,RNGC2,11.216
2005-12-27,RNGC3,11.26
2005-12-27,RNGC4,10.06
2005-12-28,RNGC1,11.431
2005-12-28,RNGC2,11.637
2005-12-28,RNGC3,11.697
2005-12-28,RNGC4,10.397
2005-12-29,RNGC1,11.223
2005-12-29,RNGC2,11.346
2005-12-29,RNGC3,10.306
2005-12-29,RNGC4,10.211
2005-12-30,RNGC1,11.225
2005-12-30,RNGC2,11.359
2005-12-30,RNGC3,10.359
2005-12-30,RNGC4,10.289
2006-01-03,RNGC1,10.626
2006-01-03,RNGC2,10.755
2006-01-03,RNGC3,10.16
2006-01-03,RNGC4,10.12
2006-01-04,RNGC1,10.197
2006-01-04,RNGC2,10.282
2006-01-04,RNGC3,9.812
2006-01-04,RNGC4,9.777
2006-01-05,RNGC1,9.499
2006-01-05,RNGC2,9.598
2006-01-05,RNGC3,9.298
2006-01-05,RNGC4,9.283
2006-01-06,RNGC1,9.632
2006-01-06,RNGC2,9.742
2006-01-06,RNGC3,9.402
2006-01-06,RNGC4,9.392
2006-01-09,RNGC1,9.36
2006-01-09,RNGC2,9.49
2006-01-09,RNGC3,9.29
2006-01-09,RNGC4,9.305
2006-01-10,RNGC1,9.336
2006-01-10,RNGC2,9.476
2006-01-10,RNGC3,9.336
2006-01-10,RNGC4,9.371
2006-01-11,RNGC1,9.24
2006-01-11,RNGC2,9.37
2006-01-11,RNGC3,9.32
2006-01-11,RNGC4,9.37
2006-01-12,RNGC1,8.943
2006-01-12,RNGC2,9.088
2006-01-12,RNGC3,9.068
2006-01-12,RNGC4,9.138
2006-01-13,RNGC1,8.791
2006-01-13,RNGC2,8.932
2006-01-13,RNGC3,8.892
2006-01-13,RNGC4,8.962
2006-01-17,RNGC1,9.168
2006-01-17,RNGC2,9.327
2006-01-17,RNGC3,9.287
2006-01-17,RNGC4,9.352
2006-01-18,RNGC1,8.694
2006-01-18,RNGC2,8.878
2006-01-18,RNGC3,8.918
2006-01-18,RNGC4,9.003
2006-01-19,RNGC1,8.905
2006-01-19,RNGC2,9.082
2006-01-19,RNGC3,9.097
2006-01-19,RNGC4,9.172
2006-01-20,RNGC1,9.28
2006-01-20,RNGC2,9.441
2006-01-20,RNGC3,9.451
2006-01-20,RNGC4,9.516
2006-01-23,RNGC1,8.574
2006-01-23,RNGC2,8.757
2006-01-23,RNGC3,8.847
2006-01-23,RNGC4,8.947
2006-01-24,RNGC1,8.682
2006-01-24,RNGC2,8.844
2006-01-24,RNGC3,8.914
2006-01-24,RNGC4,9.004
2006-01-25,RNGC1,8.46
2006-01-25,RNGC2,8.637
2006-01-25,RNGC3,8.722
2006-01-25,RNGC4,8.812
2006-01-26,RNGC1,8.229
2006-01-26,RNGC2,8.421
2006-01-26,RNGC3,8.551
2006-01-26,RNGC4,8.651
2006-01-27,RNGC1,8.4
2006-01-27,RNGC2,8.507
2006-01-27,RNGC3,8.652
2006-01-27,RNGC4,8.752
2006-01-30,RNGC1,9.389
2006-01-30,RNGC2,9.474
2006-01-30,RNGC3,9.539
2006-01-30,RNGC4,9.619
2006-01-31,RNGC1,9.316
2006-01-31,RNGC2,9.436
2006-01-31,RNGC3,9.506
2006-01-31,RNGC4,9.581
2006-02-01,RNGC1,8.723
2006-02-01,RNGC2,8.873
2006-02-01,RNGC3,8.968
2006-02-01,RNGC4,9.058
2006-02-02,RNGC1,8.347
2006-02-02,RNGC2,8.487
2006-02-02,RNGC3,8.602
2006-02-02,RNGC4,8.702
2006-02-03,RNGC1,8.613
2006-02-03,RNGC2,8.723
2006-02-03,RNGC3,8.818
2006-02-03,RNGC4,8.911
2006-02-06,RNGC1,7.995
2006-02-06,RNGC2,8.175
2006-02-06,RNGC3,8.32
2006-02-06,RNGC4,8.44
2006-02-07,RNGC1,7.858
2006-02-07,RNGC2,8.058
2006-02-07,RNGC3,8.208
2006-02-07,RNGC4,8.338
2006-02-08,RNGC1,7.735
2006-02-08,RNGC2,7.935
2006-02-08,RNGC3,8.095
2006-02-08,RNGC4,8.235
2006-02-09,RNGC1,7.479
2006-02-09,RNGC2,7.682
2006-02-09,RNGC3,7.847
2006-02-09,RNGC4,7.997
2006-02-10,RNGC1,7.316
2006-02-10,RNGC2,7.511
2006-02-10,RNGC3,7.666
2006-02-10,RNGC4,7.811
2006-02-13,RNGC1,7.243
2006-02-13,RNGC2,7.427
2006-02-13,RNGC3,7.577
2006-02-13,RNGC4,7.712
2006-02-14,RNGC1,7.114
2006-02-14,RNGC2,7.299
2006-02-14,RNGC3,7.452
2006-02-14,RNGC4,7.579
2006-02-15,RNGC1,7.066
2006-02-15,RNGC2,7.249
2006-02-15,RNGC3,7.399
2006-02-15,RNGC4,7.524
2006-02-16,RNGC1,7.134
2006-02-16,RNGC2,7.308
2006-02-16,RNGC3,7.458
2006-02-16,RNGC4,7.585
2006-02-17,RNGC1,7.182
2006-02-17,RNGC2,7.375
2006-02-17,RNGC3,7.525
2006-02-17,RNGC4,7.655
2006-02-21,RNGC1,7.731
2006-02-21,RNGC2,7.907
2006-02-21,RNGC3,8.059
2006-02-21,RNGC4,8.189
2006-02-22,RNGC1,7.283
2006-02-22,RNGC2,7.428
2006-02-22,RNGC3,7.6
2006-02-22,RNGC4,7.745
2006-02-23,RNGC1,7.458
2006-02-23,RNGC2,7.543
2006-02-23,RNGC3,7.703
2006-02-23,RNGC4,7.843
2006-02-24,RNGC1,7.112
2006-02-24,RNGC2,7.313
2006-02-24,RNGC3,7.475
2006-02-24,RNGC4,7.625
2006-02-27,RNGC1,6.789
2006-02-27,RNGC2,6.959
2006-02-27,RNGC3,7.121
2006-02-27,RNGC4,7.278
2006-02-28,RNGC1,6.714
2006-02-28,RNGC2,6.909
2006-02-28,RNGC3,7.075
2006-02-28,RNGC4,7.235
2006-03-01,RNGC1,6.733
2006-03-01,RNGC2,6.94
2006-03-01,RNGC3,7.115
2006-03-01,RNGC4,7.29
2006-03-02,RNGC1,6.76
2006-03-02,RNGC2,6.96
2006-03-02,RNGC3,7.15
2006-03-02,RNGC4,7.335
2006-03-03,RNGC1,6.79
2006-03-03,RNGC2,6.995
2006-03-03,RNGC3,7.19
2006-03-03,RNGC4,7.375
2006-03-06,RNGC1,6.547
2006-03-06,RNGC2,6.767
2006-03-06,RNGC3,6.972
2006-03-06,RNGC4,7.172
2006-03-07,RNGC1,6.678
2006-03-07,RNGC2,6.888
2006-03-07,RNGC3,7.085
2006-03-07,RNGC4,7.278
2006-03-08,RNGC1,6.648
2006-03-08,RNGC2,6.858
2006-03-08,RNGC3,7.053
2006-03-08,RNGC4,7.243
2006-03-09,RNGC1,6.601
2006-03-09,RNGC2,6.801
2006-03-09,RNGC3,6.991
2006-03-09,RNGC4,7.176
2006-03-10,RNGC1,6.646
2006-03-10,RNGC2,6.849
2006-03-10,RNGC3,7.032
2006-03-10,RNGC4,7.215
2006-03-13,RNGC1,7.007
2006-03-13,RNGC2,7.194
2006-03-13,RNGC3,7.359
2006-03-13,RNGC4,7.524
2006-03-14,RNGC1,7.167
2006-03-14,RNGC2,7.333
2006-03-14,RNGC3,7.48
2006-03-14,RNGC4,7.627
2006-03-15,RNGC1,7.143
2006-03-15,RNGC2,7.304
2006-03-15,RNGC3,7.444
2006-03-15,RNGC4,7.589
2006-03-16,RNGC1,7.267
2006-03-16,RNGC2,7.412
2006-03-16,RNGC3,7.549
2006-03-16,RNGC4,7.689
2006-03-17,RNGC1,7.053
2006-03-17,RNGC2,7.208
2006-03-17,RNGC3,7.354
2006-03-17,RNGC4,7.5
2006-03-20,RNGC1,6.835
2006-03-20,RNGC2,6.978
2006-03-20,RNGC3,7.141
2006-03-20,RNGC4,7.304
2006-03-21,RNGC1,6.868
2006-03-21,RNGC2,7.011
2006-03-21,RNGC3,7.176
2006-03-21,RNGC4,7.341
2006-03-22,RNGC1,6.953
2006-03-22,RNGC2,7.103
2006-03-22,RNGC3,7.273
2006-03-22,RNGC4,7.443
2006-03-23,RNGC1,7.328
2006-03-23,RNGC2,7.467
2006-03-23,RNGC3,7.63
2006-03-23,RNGC4,7.793
2006-03-24,RNGC1,7.29
2006-03-24,RNGC2,7.457
2006-03-24,RNGC3,7.624
2006-03-24,RNGC4,7.791
2006-03-27,RNGC1,7.067
2006-03-27,RNGC2,7.242
2006-03-27,RNGC3,7.42
2006-03-27,RNGC4,7.592
2006-03-28,RNGC1,7.214
2006-03-28,RNGC2,7.384
2006-03-28,RNGC3,7.562
2006-03-28,RNGC4,7.732
2006-03-29,RNGC1,7.233
2006-03-29,RNGC2,7.456
2006-03-29,RNGC3,7.641
2006-03-29,RNGC4,7.816
2006-03-30,RNGC1,7.487
2006-03-30,RNGC2,7.674
2006-03-30,RNGC3,7.859
2006-03-30,RNGC4,7.994
2006-03-31,RNGC1,7.21
2006-03-31,RNGC2,7.42
2006-03-31,RNGC3,7.625
2006-03-31,RNGC4,7.77
2006-04-03,RNGC1,7.244
2006-04-03,RNGC2,7.462
2006-04-03,RNGC3,7.677
2006-04-03,RNGC4,7.834
2006-04-04,RNGC1,7.065
2006-04-04,RNGC2,7.275
2006-04-04,RNGC3,7.49
2006-04-04,RNGC4,7.65
2006-04-05,RNGC1,7.069
2006-04-05,RNGC2,7.277
2006-04-05,RNGC3,7.49
2006-04-05,RNGC4,7.656
2006-04-06,RNGC1,6.972
2006-04-06,RNGC2,7.177
2006-04-06,RNGC3,7.387
2006-04-06,RNGC4,7.562
2006-04-07,RNGC1,6.743
2006-04-07,RNGC2,6.945
2006-04-07,RNGC3,7.158
2006-04-07,RNGC4,7.34
2006-04-10,RNGC1,6.882
2006-04-10,RNGC2,7.08
2006-04-10,RNGC3,7.287
2006-04-10,RNGC4,7.472
2006-04-11,RNGC1,6.908
2006-04-11,RNGC2,7.101
2006-04-11,RNGC3,7.311
2006-04-11,RNGC4,7.496
2006-04-12,RNGC1,6.808
2006-04-12,RNGC2,7.018
2006-04-12,RNGC3,7.243
2006-04-12,RNGC4,7.438
2006-04-13,RNGC1,7.135
2006-04-13,RNGC2,7.345
2006-04-13,RNGC3,7.575
2006-04-13,RNGC4,7.773
2006-04-17,RNGC1,7.577
2006-04-17,RNGC2,7.787
2006-04-17,RNGC3,8.007
2006-04-17,RNGC4,8.207
2006-04-18,RNGC1,8.008
2006-04-18,RNGC2,8.225
2006-04-18,RNGC3,8.445
2006-04-18,RNGC4,8.65
2006-04-19,RNGC1,8.192
2006-04-19,RNGC2,8.41
2006-04-19,RNGC3,8.64
2006-04-19,RNGC4,8.85
2006-04-20,RNGC1,8.064
2006-04-20,RNGC2,8.284
2006-04-20,RNGC3,8.524
2006-04-20,RNGC4,8.739
2006-04-21,RNGC1,7.981
2006-04-21,RNGC2,8.216
2006-04-21,RNGC3,8.456
2006-04-21,RNGC4,8.671
2006-04-24,RNGC1,7.558
2006-04-24,RNGC2,8.216
2006-04-24,RNGC3,8.456
2006-04-24,RNGC4,8.671
2006-04-25,RNGC1,7.254
2006-04-25,RNGC2,7.455
2006-04-25,RNGC3,7.705
2006-04-25,RNGC4,7.94
2006-04-26,RNGC1,7.198
2006-04-26,RNGC2,7.271
2006-04-26,RNGC3,7.521
2006-04-26,RNGC4,7.771
2006-04-27,RNGC1,6.805
2006-04-27,RNGC2,7.05
2006-04-27,RNGC3,7.295
2006-04-27,RNGC4,7.525
2006-04-28,RNGC1,6.555
2006-04-28,RNGC2,6.81
2006-04-28,RNGC3,7.055
2006-04-28,RNGC4,7.298
2006-05-01,RNGC1,6.695
2006-05-01,RNGC2,6.97
2006-05-01,RNGC3,7.23
2006-05-01,RNGC4,7.515
2006-05-02,RNGC1,6.746
2006-05-02,RNGC2,7.016
2006-05-02,RNGC3,7.281
2006-05-02,RNGC4,7.566
2006-05-03,RNGC1,6.606
2006-05-03,RNGC2,6.866
2006-05-03,RNGC3,7.126
2006-05-03,RNGC4,7.406
2006-05-04,RNGC1,6.906
2006-05-04,RNGC2,7.146
2006-05-04,RNGC3,7.386
2006-05-04,RNGC4,7.666
2006-05-05,RNGC1,6.775
2006-05-05,RNGC2,7.032
2006-05-05,RNGC3,7.282
2006-05-05,RNGC4,7.567
2006-05-08,RNGC1,6.696
2006-05-08,RNGC2,6.954
2006-05-08,RNGC3,7.229
2006-05-08,RNGC4,7.529
2006-05-09,RNGC1,6.581
2006-05-09,RNGC2,6.831
2006-05-09,RNGC3,7.131
2006-05-09,RNGC4,7.481
2006-05-10,RNGC1,6.9
2006-05-10,RNGC2,7.144
2006-05-10,RNGC3,7.454
2006-05-10,RNGC4,7.834
2006-05-11,RNGC1,6.649
2006-05-11,RNGC2,6.887
2006-05-11,RNGC3,7.217
2006-05-11,RNGC4,7.607
2006-05-12,RNGC1,6.28
2006-05-12,RNGC2,6.535
2006-05-12,RNGC3,6.885
2006-05-12,RNGC4,7.235
2006-05-15,RNGC1,6.123
2006-05-15,RNGC2,6.415
2006-05-15,RNGC3,6.77
2006-05-15,RNGC4,7.135
2006-05-16,RNGC1,6.252
2006-05-16,RNGC2,6.516
2006-05-16,RNGC3,6.881
2006-05-16,RNGC4,7.266
2006-05-17,RNGC1,6.129
2006-05-17,RNGC2,6.384
2006-05-17,RNGC3,6.749
2006-05-17,RNGC4,7.134
2006-05-18,RNGC1,5.997
2006-05-18,RNGC2,6.24
2006-05-18,RNGC3,6.575
2006-05-18,RNGC4,6.975
2006-05-19,RNGC1,5.962
2006-05-19,RNGC2,6.227
2006-05-19,RNGC3,6.507
2006-05-19,RNGC4,6.857
2006-05-22,RNGC1,6.276
2006-05-22,RNGC2,6.546
2006-05-22,RNGC3,6.507
2006-05-22,RNGC4,7.101
2006-05-23,RNGC1,6.258
2006-05-23,RNGC2,6.502
2006-05-23,RNGC3,6.767
2006-05-23,RNGC4,7.047
2006-05-24,RNGC1,5.964
2006-05-24,RNGC2,6.502
2006-05-24,RNGC3,6.405
2006-05-24,RNGC4,7.047
2006-05-25,RNGC1,5.975
2006-05-25,RNGC2,6.114
2006-05-25,RNGC3,6.365
2006-05-25,RNGC4,6.625
2006-05-26,RNGC1,5.925
2006-05-26,RNGC2,6.154
2006-05-26,RNGC3,6.419
2006-05-26,RNGC4,6.699
2006-05-30,RNGC1,6.123
2006-05-30,RNGC2,6.373
2006-05-30,RNGC3,6.653
2006-05-30,RNGC4,6.988
2006-05-31,RNGC1,6.384
2006-05-31,RNGC2,6.621
2006-05-31,RNGC3,6.866
2006-05-31,RNGC4,7.186
2006-06-01,RNGC1,6.448
2006-06-01,RNGC2,6.698
2006-06-01,RNGC3,6.963
2006-06-01,RNGC4,7.318
2006-06-02,RNGC1,6.623
2006-06-02,RNGC2,6.883
2006-06-02,RNGC3,7.163
2006-06-02,RNGC4,7.528
2006-06-05,RNGC1,6.463
2006-06-05,RNGC2,6.718
2006-06-05,RNGC3,7.038
2006-06-05,RNGC4,7.433
2006-06-06,RNGC1,6.385
2006-06-06,RNGC2,6.643
2006-06-06,RNGC3,6.968
2006-06-06,RNGC4,7.378
2006-06-07,RNGC1,5.974
2006-06-07,RNGC2,6.249
2006-06-07,RNGC3,6.619
2006-06-07,RNGC4,7.059
2006-06-08,RNGC1,6.191
2006-06-08,RNGC2,6.249
2006-06-08,RNGC3,6.619
2006-06-08,RNGC4,7.059
2006-06-09,RNGC1,6.172
2006-06-09,RNGC2,6.454
2006-06-09,RNGC3,6.796
2006-06-09,RNGC4,7.236
2006-06-12,RNGC1,6.224
2006-06-12,RNGC2,6.501
2006-06-12,RNGC3,6.821
2006-06-12,RNGC4,7.216
2006-06-13,RNGC1,6.163
2006-06-13,RNGC2,6.438
2006-06-13,RNGC3,6.75
2006-06-13,RNGC4,7.13
2006-06-14,RNGC1,6.59
2006-06-14,RNGC2,6.852
2006-06-14,RNGC3,7.112
2006-06-14,RNGC4,7.467
2006-06-15,RNGC1,7.207
2006-06-15,RNGC2,7.475
2006-06-15,RNGC3,7.735
2006-06-15,RNGC4,8.075
2006-06-16,RNGC1,7.185
2006-06-16,RNGC2,7.455
2006-06-16,RNGC3,7.75
2006-06-16,RNGC4,8.13
2006-06-19,RNGC1,6.893
2006-06-19,RNGC2,7.153
2006-06-19,RNGC3,7.458
2006-06-19,RNGC4,7.838
2006-06-20,RNGC1,6.502
2006-06-20,RNGC2,6.737
2006-06-20,RNGC3,6.997
2006-06-20,RNGC4,7.367
2006-06-21,RNGC1,6.588
2006-06-21,RNGC2,6.798
2006-06-21,RNGC3,7.018
2006-06-21,RNGC4,7.383
2006-06-22,RNGC1,6.439
2006-06-22,RNGC2,6.614
2006-06-22,RNGC3,6.809
2006-06-22,RNGC4,7.149
2006-06-23,RNGC1,6.226
2006-06-23,RNGC2,6.416
2006-06-23,RNGC3,6.656
2006-06-23,RNGC4,7.041
2006-06-26,RNGC1,5.969
2006-06-26,RNGC2,6.169
2006-06-26,RNGC3,6.419
2006-06-26,RNGC4,6.814
2006-06-27,RNGC1,6.107
2006-06-27,RNGC2,6.312
2006-06-27,RNGC3,6.562
2006-06-27,RNGC4,6.962
2006-06-28,RNGC1,5.887
2006-06-28,RNGC2,6.16
2006-06-28,RNGC3,6.425
2006-06-28,RNGC4,6.83
2006-06-29,RNGC1,6.135
2006-06-29,RNGC2,6.395
2006-06-29,RNGC3,6.805
2006-06-29,RNGC4,8.165
2006-06-30,RNGC1,6.104
2006-06-30,RNGC2,6.369
2006-06-30,RNGC3,6.734
2006-06-30,RNGC4,8.139
2006-07-05,RNGC1,5.765
2006-07-05,RNGC2,6.038
2006-07-05,RNGC3,6.408
2006-07-05,RNGC4,7.838
2006-07-06,RNGC1,5.664
2006-07-06,RNGC2,5.947
2006-07-06,RNGC3,6.327
2006-07-06,RNGC4,7.737
2006-07-07,RNGC1,5.523
2006-07-07,RNGC2,5.81
2006-07-07,RNGC3,6.183
2006-07-07,RNGC4,7.598
2006-07-10,RNGC1,5.608
2006-07-10,RNGC2,5.897
2006-07-10,RNGC3,6.272
2006-07-10,RNGC4,7.672
2006-07-11,RNGC1,5.633
2006-07-11,RNGC2,5.908
2006-07-11,RNGC3,6.273
2006-07-11,RNGC4,7.668
2006-07-12,RNGC1,5.782
2006-07-12,RNGC2,5.992
2006-07-12,RNGC3,6.382
2006-07-12,RNGC4,7.737
2006-07-13,RNGC1,6.129
2006-07-13,RNGC2,6.334
2006-07-13,RNGC3,6.709
2006-07-13,RNGC4,8.079
2006-07-14,RNGC1,6.347
2006-07-14,RNGC2,6.532
2006-07-14,RNGC3,6.867
2006-07-14,RNGC4,8.202
2006-07-17,RNGC1,5.783
2006-07-17,RNGC2,5.96
2006-07-17,RNGC3,6.305
2006-07-17,RNGC4,7.705
2006-07-18,RNGC1,5.555
2006-07-18,RNGC2,5.669
2006-07-18,RNGC3,5.974
2006-07-18,RNGC4,7.459
2006-07-19,RNGC1,5.862
2006-07-19,RNGC2,5.984
2006-07-19,RNGC3,6.269
2006-07-19,RNGC4,7.739
2006-07-20,RNGC1,6.091
2006-07-20,RNGC2,6.208
2006-07-20,RNGC3,6.443
2006-07-20,RNGC4,7.923
2006-07-21,RNGC1,6.139
2006-07-21,RNGC2,6.248
2006-07-21,RNGC3,6.478
2006-07-21,RNGC4,7.998
2006-07-24,RNGC1,6.605
2006-07-24,RNGC2,6.723
2006-07-24,RNGC3,6.988
2006-07-24,RNGC4,8.468
2006-07-25,RNGC1,6.409
2006-07-25,RNGC2,6.513
2006-07-25,RNGC3,6.783
2006-07-25,RNGC4,8.283
2006-07-26,RNGC1,6.887
2006-07-26,RNGC2,6.974
2006-07-26,RNGC3,7.224
2006-07-26,RNGC4,8.679
2006-07-27,RNGC1,7.042
2006-07-27,RNGC2,7.123
2006-07-27,RNGC3,7.363
2006-07-27,RNGC4,8.858
2006-07-28,RNGC1,7.184
2006-07-28,RNGC2,7.424
2006-07-28,RNGC3,8.804
2006-07-28,RNGC4,10.159
2006-07-31,RNGC1,8.211
2006-07-31,RNGC2,8.451
2006-07-31,RNGC3,9.811
2006-07-31,RNGC4,11.111
2006-08-01,RNGC1,7.574
2006-08-01,RNGC2,7.779
2006-08-01,RNGC3,9.339
2006-08-01,RNGC4,10.789
2006-08-02,RNGC1,7.799
2006-08-02,RNGC2,8.036
2006-08-02,RNGC3,9.526
2006-08-02,RNGC4,10.856
2006-08-03,RNGC1,7.292
2006-08-03,RNGC2,7.542
2006-08-03,RNGC3,9.102
2006-08-03,RNGC4,10.552
2006-08-04,RNGC1,7.246
2006-08-04,RNGC2,7.471
2006-08-04,RNGC3,8.991
2006-08-04,RNGC4,10.401
2006-08-07,RNGC1,6.907
2006-08-07,RNGC2,7.123
2006-08-07,RNGC3,8.723
2006-08-07,RNGC4,10.208
2006-08-08,RNGC1,7.158
2006-08-08,RNGC2,7.349
2006-08-08,RNGC3,8.879
2006-08-08,RNGC4,10.289
2006-08-09,RNGC1,7.651
2006-08-09,RNGC2,7.857
2006-08-09,RNGC3,9.437
2006-08-09,RNGC4,10.827
2006-08-10,RNGC1,7.529
2006-08-10,RNGC2,7.727
2006-08-10,RNGC3,9.277
2006-08-10,RNGC4,10.657
2006-08-11,RNGC1,7.269
2006-08-11,RNGC2,7.47
2006-08-11,RNGC3,9.05
2006-08-11,RNGC4,10.48
2006-08-14,RNGC1,6.913
2006-08-14,RNGC2,7.088
2006-08-14,RNGC3,8.803
2006-08-14,RNGC4,10.318
2006-08-15,RNGC1,6.861
2006-08-15,RNGC2,7.034
2006-08-15,RNGC3,8.849
2006-08-15,RNGC4,10.444
2006-08-16,RNGC1,6.766
2006-08-16,RNGC2,6.939
2006-08-16,RNGC3,8.819
2006-08-16,RNGC4,10.409
2006-08-17,RNGC1,6.689
2006-08-17,RNGC2,6.83
2006-08-17,RNGC3,8.85
2006-08-17,RNGC4,10.38
2006-08-18,RNGC1,6.731
2006-08-18,RNGC2,6.851
2006-08-18,RNGC3,8.921
2006-08-18,RNGC4,10.421
2006-08-21,RNGC1,6.624
2006-08-21,RNGC2,6.701
2006-08-21,RNGC3,8.721
2006-08-21,RNGC4,10.251
2006-08-22,RNGC1,7.008
2006-08-22,RNGC2,7.135
2006-08-22,RNGC3,9.06
2006-08-22,RNGC4,10.605
2006-08-23,RNGC1,6.875
2006-08-23,RNGC2,7.006
2006-08-23,RNGC3,9.006
2006-08-23,RNGC4,10.516
2006-08-24,RNGC1,7.079
2006-08-24,RNGC2,7.203
2006-08-24,RNGC3,9.235
2006-08-24,RNGC4,10.555
2006-08-25,RNGC1,7.157
2006-08-25,RNGC2,7.344
2006-08-25,RNGC3,9.354
2006-08-25,RNGC4,10.634
2006-08-28,RNGC1,6.472
2006-08-28,RNGC2,6.812
2006-08-28,RNGC3,8.992
2006-08-28,RNGC4,10.467
2006-08-29,RNGC1,6.816
2006-08-29,RNGC2,6.876
2006-08-29,RNGC3,8.8
2006-08-29,RNGC4,10.47
2006-08-30,RNGC1,6.29
2006-08-30,RNGC2,8.26
2006-08-30,RNGC3,9.925
2006-08-30,RNGC4,10.59
2006-08-31,RNGC1,6.048
2006-08-31,RNGC2,8.228
2006-08-31,RNGC3,9.978
2006-08-31,RNGC4,10.628
2006-09-01,RNGC1,5.877
2006-09-01,RNGC2,8.057
2006-09-01,RNGC3,9.897
2006-09-01,RNGC4,10.562
2006-09-05,RNGC1,6.039
2006-09-05,RNGC2,8.079
2006-09-05,RNGC3,10.049
2006-09-05,RNGC4,10.684
2006-09-06,RNGC1,5.994
2006-09-06,RNGC2,8.019
2006-09-06,RNGC3,9.939
2006-09-06,RNGC4,10.574
2006-09-07,RNGC1,5.718
2006-09-07,RNGC2,7.608
2006-09-07,RNGC3,9.578
2006-09-07,RNGC4,10.213
2006-09-08,RNGC1,5.675
2006-09-08,RNGC2,7.605
2006-09-08,RNGC3,9.52
2006-09-08,RNGC4,10.185
2006-09-11,RNGC1,5.67
2006-09-11,RNGC2,7.255
2006-09-11,RNGC3,9.11
2006-09-11,RNGC4,9.825
2006-09-12,RNGC1,5.574
2006-09-12,RNGC2,7.274
2006-09-12,RNGC3,8.884
2006-09-12,RNGC4,9.639
2006-09-13,RNGC1,5.449
2006-09-13,RNGC2,7.084
2006-09-13,RNGC3,8.679
2006-09-13,RNGC4,9.404
2006-09-14,RNGC1,4.892
2006-09-14,RNGC2,6.467
2006-09-14,RNGC3,8.047
2006-09-14,RNGC4,8.772
2006-09-15,RNGC1,4.982
2006-09-15,RNGC2,6.364
2006-09-15,RNGC3,7.774
2006-09-15,RNGC4,8.504
2006-09-18,RNGC1,4.942
2006-09-18,RNGC2,6.256
2006-09-18,RNGC3,7.806
2006-09-18,RNGC4,8.336
2006-09-19,RNGC1,5.006
2006-09-19,RNGC2,6.203
2006-09-19,RNGC3,7.883
2006-09-19,RNGC4,8.443
2006-09-20,RNGC1,4.931
2006-09-20,RNGC2,6.022
2006-09-20,RNGC3,7.662
2006-09-20,RNGC4,8.207
2006-09-21,RNGC1,4.781
2006-09-21,RNGC2,6.011
2006-09-21,RNGC3,7.391
2006-09-21,RNGC4,7.881
2006-09-22,RNGC1,4.627
2006-09-22,RNGC2,5.881
2006-09-22,RNGC3,7.401
2006-09-22,RNGC4,7.891
2006-09-25,RNGC1,4.475
2006-09-25,RNGC2,5.733
2006-09-25,RNGC3,7.223
2006-09-25,RNGC4,7.713
2006-09-26,RNGC1,4.526
2006-09-26,RNGC2,5.805
2006-09-26,RNGC3,7.32
2006-09-26,RNGC4,7.81
2006-09-27,RNGC1,4.201
2006-09-27,RNGC2,5.669
2006-09-27,RNGC3,7.209
2006-09-27,RNGC4,7.644
2006-09-28,RNGC1,5.392
2006-09-28,RNGC2,7.037
2006-09-28,RNGC3,7.504
2006-09-28,RNGC4,7.586
2006-09-29,RNGC1,5.62
2006-09-29,RNGC2,7.345
2006-09-29,RNGC3,7.8
2006-09-29,RNGC4,7.878
2006-10-02,RNGC1,5.643
2006-10-02,RNGC2,7.423
2006-10-02,RNGC3,7.893
2006-10-02,RNGC4,7.973
2006-10-03,RNGC1,5.759
2006-10-03,RNGC2,7.359
2006-10-03,RNGC3,7.899
2006-10-03,RNGC4,7.974
2006-10-04,RNGC1,5.995
2006-10-04,RNGC2,7.55
2006-10-04,RNGC3,8.08
2006-10-04,RNGC4,8.153
2006-10-05,RNGC1,6.298
2006-10-05,RNGC2,7.833
2006-10-05,RNGC3,8.363
2006-10-05,RNGC4,8.428
2006-10-06,RNGC1,6.427
2006-10-06,RNGC2,7.827
2006-10-06,RNGC3,8.327
2006-10-06,RNGC4,8.382
2006-10-09,RNGC1,6.429
2006-10-09,RNGC2,7.95
2006-10-09,RNGC3,8.505
2006-10-09,RNGC4,8.55
2006-10-10,RNGC1,6.466
2006-10-10,RNGC2,7.986
2006-10-10,RNGC3,8.566
2006-10-10,RNGC4,8.606
2006-10-11,RNGC1,6.15
2006-10-11,RNGC2,7.675
2006-10-11,RNGC3,8.255
2006-10-11,RNGC4,8.302
2006-10-12,RNGC1,5.782
2006-10-12,RNGC2,7.362
2006-10-12,RNGC3,7.927
2006-10-12,RNGC4,7.972
2006-10-13,RNGC1,5.659
2006-10-13,RNGC2,7.35
2006-10-13,RNGC3,7.93
2006-10-13,RNGC4,7.98
2006-10-16,RNGC1,6.444
2006-10-16,RNGC2,7.839
2006-10-16,RNGC3,8.394
2006-10-16,RNGC4,8.444
2006-10-17,RNGC1,6.442
2006-10-17,RNGC2,7.702
2006-10-17,RNGC3,8.252
2006-10-17,RNGC4,8.297
2006-10-18,RNGC1,6.807
2006-10-18,RNGC2,7.852
2006-10-18,RNGC3,8.267
2006-10-18,RNGC4,8.305
2006-10-19,RNGC1,7.132
2006-10-19,RNGC2,8.032
2006-10-19,RNGC3,8.402
2006-10-19,RNGC4,8.427
2006-10-20,RNGC1,7.241
2006-10-20,RNGC2,8.151
2006-10-20,RNGC3,8.471
2006-10-20,RNGC4,8.481
2006-10-23,RNGC1,6.881
2006-10-23,RNGC2,7.816
2006-10-23,RNGC3,8.231
2006-10-23,RNGC4,8.261
2006-10-24,RNGC1,7.091
2006-10-24,RNGC2,7.936
2006-10-24,RNGC3,8.326
2006-10-24,RNGC4,8.361
2006-10-25,RNGC1,7.693
2006-10-25,RNGC2,8.328
2006-10-25,RNGC3,8.701
2006-10-25,RNGC4,8.731
2006-10-26,RNGC1,7.497
2006-10-26,RNGC2,8.067
2006-10-26,RNGC3,8.497
2006-10-26,RNGC4,8.532
2006-10-27,RNGC1,7.153
2006-10-27,RNGC2,7.827
2006-10-27,RNGC3,8.277
2006-10-27,RNGC4,8.327
2006-10-30,RNGC1,7.416
2006-10-30,RNGC2,7.847
2006-10-30,RNGC3,7.915
2006-10-30,RNGC4,7.785
2006-10-31,RNGC1,7.534
2006-10-31,RNGC2,7.998
2006-10-31,RNGC3,8.058
2006-10-31,RNGC4,7.938
2006-11-01,RNGC1,7.712
2006-11-01,RNGC2,8.207
2006-11-01,RNGC3,8.262
2006-11-01,RNGC4,8.132
2006-11-02,RNGC1,7.814
2006-11-02,RNGC2,8.309
2006-11-02,RNGC3,8.364
2006-11-02,RNGC4,8.234
2006-11-03,RNGC1,7.884
2006-11-03,RNGC2,8.394
2006-11-03,RNGC3,8.434
2006-11-03,RNGC4,8.329
2006-11-06,RNGC1,7.49
2006-11-06,RNGC2,8.01
2006-11-06,RNGC3,8.055
2006-11-06,RNGC4,7.95
2006-11-07,RNGC1,7.755
2006-11-07,RNGC2,8.21
2006-11-07,RNGC3,8.25
2006-11-07,RNGC4,8.13
2006-11-08,RNGC1,7.823
2006-11-08,RNGC2,8.267
2006-11-08,RNGC3,8.332
2006-11-08,RNGC4,8.222
2006-11-09,RNGC1,7.955
2006-11-09,RNGC2,8.435
2006-11-09,RNGC3,8.488
2006-11-09,RNGC4,8.338
2006-11-10,RNGC1,7.794
2006-11-10,RNGC2,8.314
2006-11-10,RNGC3,8.374
2006-11-10,RNGC4,8.229
2006-11-13,RNGC1,7.894
2006-11-13,RNGC2,8.334
2006-11-13,RNGC3,8.394
2006-11-13,RNGC4,8.249
2006-11-14,RNGC1,7.977
2006-11-14,RNGC2,8.415
2006-11-14,RNGC3,8.472
2006-11-14,RNGC4,8.322
2006-11-15,RNGC1,8.12
2006-11-15,RNGC2,8.57
2006-11-15,RNGC3,8.615
2006-11-15,RNGC4,8.46
2006-11-16,RNGC1,7.755
2006-11-16,RNGC2,8.235
2006-11-16,RNGC3,8.3
2006-11-16,RNGC4,8.165
2006-11-17,RNGC1,8.179
2006-11-17,RNGC2,8.634
2006-11-17,RNGC3,8.674
2006-11-17,RNGC4,8.519
2006-11-20,RNGC1,8.019
2006-11-20,RNGC2,8.509
2006-11-20,RNGC3,8.559
2006-11-20,RNGC4,8.416
2006-11-21,RNGC1,7.988
2006-11-21,RNGC2,8.437
2006-11-21,RNGC3,8.492
2006-11-21,RNGC4,8.357
2006-11-22,RNGC1,7.718
2006-11-22,RNGC2,8.099
2006-11-22,RNGC3,8.154
2006-11-22,RNGC4,8.049
2006-11-27,RNGC1,7.998
2006-11-27,RNGC2,8.357
2006-11-27,RNGC3,8.404
2006-11-27,RNGC4,8.289
2006-11-28,RNGC1,8.318
2006-11-28,RNGC2,8.559
2006-11-28,RNGC3,8.606
2006-11-28,RNGC4,8.476
2006-11-29,RNGC1,8.871
2006-11-29,RNGC2,8.9
2006-11-29,RNGC3,8.73
2006-11-29,RNGC4,8.276
2006-11-30,RNGC1,8.844
2006-11-30,RNGC2,8.894
2006-11-30,RNGC3,8.744
2006-11-30,RNGC4,8.309
2006-12-01,RNGC1,8.422
2006-12-01,RNGC2,8.48
2006-12-01,RNGC3,8.38
2006-12-01,RNGC4,8.08
2006-12-04,RNGC1,7.806
2006-12-04,RNGC2,7.876
2006-12-04,RNGC3,7.819
2006-12-04,RNGC4,7.644
2006-12-05,RNGC1,7.685
2006-12-05,RNGC2,7.758
2006-12-05,RNGC3,7.72
2006-12-05,RNGC4,7.565
2006-12-06,RNGC1,7.727
2006-12-06,RNGC2,7.803
2006-12-06,RNGC3,7.775
2006-12-06,RNGC4,7.63
2006-12-07,RNGC1,7.671
2006-12-07,RNGC2,7.766
2006-12-07,RNGC3,7.746
2006-12-07,RNGC4,7.611
2006-12-08,RNGC1,7.561
2006-12-08,RNGC2,7.684
2006-12-08,RNGC3,7.684
2006-12-08,RNGC4,7.559
2006-12-11,RNGC1,7.427
2006-12-11,RNGC2,7.567
2006-12-11,RNGC3,7.584
2006-12-11,RNGC4,7.494
2006-12-12,RNGC1,7.43
2006-12-12,RNGC2,7.57
2006-12-12,RNGC3,7.607
2006-12-12,RNGC4,7.52
2006-12-13,RNGC1,7.673
2006-12-13,RNGC2,7.788
2006-12-13,RNGC3,7.828
2006-12-13,RNGC4,7.703
2006-12-14,RNGC1,7.555
2006-12-14,RNGC2,7.663
2006-12-14,RNGC3,7.693
2006-12-14,RNGC4,7.593
2006-12-15,RNGC1,7.409
2006-12-15,RNGC2,7.486
2006-12-15,RNGC3,7.506
2006-12-15,RNGC4,7.456
2006-12-18,RNGC1,7.075
2006-12-18,RNGC2,7.165
2006-12-18,RNGC3,7.195
2006-12-18,RNGC4,7.185
2006-12-19,RNGC1,7.083
2006-12-19,RNGC2,7.198
2006-12-19,RNGC3,7.228
2006-12-19,RNGC4,7.228
2006-12-20,RNGC1,6.769
2006-12-20,RNGC2,6.949
2006-12-20,RNGC3,7.014
2006-12-20,RNGC4,7.034
2006-12-21,RNGC1,6.8
2006-12-21,RNGC2,6.98
2006-12-21,RNGC3,7.063
2006-12-21,RNGC4,7.096
2006-12-22,RNGC1,6.635
2006-12-22,RNGC2,6.81
2006-12-22,RNGC3,6.88
2006-12-22,RNGC4,6.925
2006-12-26,RNGC1,6.113
2006-12-26,RNGC2,6.333
2006-12-26,RNGC3,6.418
2006-12-26,RNGC4,6.508
2006-12-27,RNGC1,5.838
2006-12-27,RNGC2,6.142
2006-12-27,RNGC3,6.257
2006-12-27,RNGC4,6.357
2006-12-28,RNGC1,6.248
2006-12-28,RNGC2,6.392
2006-12-28,RNGC3,6.482
2006-12-28,RNGC4,6.582
2006-12-29,RNGC1,6.299
2006-12-29,RNGC2,6.503
2006-12-29,RNGC3,6.603
2006-12-29,RNGC4,6.703
2007-01-02,RNGC1,6.299
2007-01-02,RNGC2,6.503
2007-01-02,RNGC3,6.603
2007-01-02,RNGC4,6.703
2007-01-03,RNGC1,6.163
2007-01-03,RNGC2,6.325
2007-01-03,RNGC3,6.435
2007-01-03,RNGC4,6.545
2007-01-04,RNGC1,6.162
2007-01-04,RNGC2,6.33
2007-01-04,RNGC3,6.43
2007-01-04,RNGC4,6.54
2007-01-05,RNGC1,6.184
2007-01-05,RNGC2,6.347
2007-01-05,RNGC3,6.447
2007-01-05,RNGC4,6.557
2007-01-08,RNGC1,6.378
2007-01-08,RNGC2,6.548
2007-01-08,RNGC3,6.637
2007-01-08,RNGC4,6.732
2007-01-09,RNGC1,6.631
2007-01-09,RNGC2,6.744
2007-01-09,RNGC3,6.819
2007-01-09,RNGC4,6.914
2007-01-10,RNGC1,6.755
2007-01-10,RNGC2,6.831
2007-01-10,RNGC3,6.886
2007-01-10,RNGC4,6.966
2007-01-11,RNGC1,6.292
2007-01-11,RNGC2,6.397
2007-01-11,RNGC3,6.492
2007-01-11,RNGC4,6.587
2007-01-12,RNGC1,6.601
2007-01-12,RNGC2,6.698
2007-01-12,RNGC3,6.768
2007-01-12,RNGC4,6.846
2007-01-16,RNGC1,6.638
2007-01-16,RNGC2,6.686
2007-01-16,RNGC3,6.761
2007-01-16,RNGC4,6.846
2007-01-17,RNGC1,6.234
2007-01-17,RNGC2,6.31
2007-01-17,RNGC3,6.44
2007-01-17,RNGC4,6.535
2007-01-18,RNGC1,6.324
2007-01-18,RNGC2,6.361
2007-01-18,RNGC3,6.486
2007-01-18,RNGC4,6.581
2007-01-19,RNGC1,6.886
2007-01-19,RNGC2,6.92
2007-01-19,RNGC3,6.985
2007-01-19,RNGC4,7.055
2007-01-22,RNGC1,7.319
2007-01-22,RNGC2,7.311
2007-01-22,RNGC3,7.336
2007-01-22,RNGC4,7.381
2007-01-23,RNGC1,7.597
2007-01-23,RNGC2,7.562
2007-01-23,RNGC3,7.492
2007-01-23,RNGC4,7.512
2007-01-24,RNGC1,7.421
2007-01-24,RNGC2,7.379
2007-01-24,RNGC3,7.319
2007-01-24,RNGC4,7.354
2007-01-25,RNGC1,6.905
2007-01-25,RNGC2,6.91
2007-01-25,RNGC3,6.95
2007-01-25,RNGC4,7.01
2007-01-26,RNGC1,7.175
2007-01-26,RNGC2,7.158
2007-01-26,RNGC3,7.198
2007-01-26,RNGC4,7.256
2007-01-29,RNGC1,6.917
2007-01-29,RNGC2,6.937
2007-01-29,RNGC3,7.012
2007-01-29,RNGC4,7.084
2007-01-30,RNGC1,7.74
2007-01-30,RNGC2,7.695
2007-01-30,RNGC3,7.727
2007-01-30,RNGC4,7.782
2007-01-31,RNGC1,7.667
2007-01-31,RNGC2,7.655
2007-01-31,RNGC3,7.69
2007-01-31,RNGC4,7.766
2007-02-01,RNGC1,7.53
2007-02-01,RNGC2,7.58
2007-02-01,RNGC3,7.628
2007-02-01,RNGC4,7.704
2007-02-02,RNGC1,7.476
2007-02-02,RNGC2,7.521
2007-02-02,RNGC3,7.574
2007-02-02,RNGC4,7.654
2007-02-05,RNGC1,7.634
2007-02-05,RNGC2,7.638
2007-02-05,RNGC3,7.683
2007-02-05,RNGC4,7.753
2007-02-06,RNGC1,7.616
2007-02-06,RNGC2,7.609
2007-02-06,RNGC3,7.669
2007-02-06,RNGC4,7.746
2007-02-07,RNGC1,7.709
2007-02-07,RNGC2,7.702
2007-02-07,RNGC3,7.768
2007-02-07,RNGC4,7.843
2007-02-08,RNGC1,7.871
2007-02-08,RNGC2,7.855
2007-02-08,RNGC3,7.918
2007-02-08,RNGC4,7.993
2007-02-09,RNGC1,7.827
2007-02-09,RNGC2,7.837
2007-02-09,RNGC3,7.915
2007-02-09,RNGC4,7.995
2007-02-12,RNGC1,7.226
2007-02-12,RNGC2,7.329
2007-02-12,RNGC3,7.422
2007-02-12,RNGC4,7.517
2007-02-13,RNGC1,7.367
2007-02-13,RNGC2,7.44
2007-02-13,RNGC3,7.529
2007-02-13,RNGC4,7.623
2007-02-14,RNGC1,7.241
2007-02-14,RNGC2,7.308
2007-02-14,RNGC3,7.397
2007-02-14,RNGC4,7.494
2007-02-15,RNGC1,7.292
2007-02-15,RNGC2,7.34
2007-02-15,RNGC3,7.428
2007-02-15,RNGC4,7.52
2007-02-16,RNGC1,7.503
2007-02-16,RNGC2,7.533
2007-02-16,RNGC3,7.598
2007-02-16,RNGC4,7.67
2007-02-20,RNGC1,7.585
2007-02-20,RNGC2,7.617
2007-02-20,RNGC3,7.692
2007-02-20,RNGC4,7.765
2007-02-21,RNGC1,7.646
2007-02-21,RNGC2,7.715
2007-02-21,RNGC3,7.79
2007-02-21,RNGC4,7.865
2007-02-22,RNGC1,7.727
2007-02-22,RNGC2,7.803
2007-02-22,RNGC3,7.88
2007-02-22,RNGC4,7.955
2007-02-23,RNGC1,7.755
2007-02-23,RNGC2,7.806
2007-02-23,RNGC3,7.886
2007-02-23,RNGC4,7.966
2007-02-26,RNGC1,7.547
2007-02-26,RNGC2,7.703
2007-02-26,RNGC3,7.784
2007-02-26,RNGC4,7.868
2007-02-27,RNGC1,7.533
2007-02-27,RNGC2,7.618
2007-02-27,RNGC3,7.708
2007-02-27,RNGC4,7.806
2007-02-28,RNGC1,7.3
2007-02-28,RNGC2,7.405
2007-02-28,RNGC3,7.507
2007-02-28,RNGC4,7.614
2007-03-01,RNGC1,7.288
2007-03-01,RNGC2,7.405
2007-03-01,RNGC3,7.52
2007-03-01,RNGC4,7.635
2007-03-02,RNGC1,7.243
2007-03-02,RNGC2,7.369
2007-03-02,RNGC3,7.488
2007-03-02,RNGC4,7.606
2007-03-05,RNGC1,7.254
2007-03-05,RNGC2,7.37
2007-03-05,RNGC3,7.485
2007-03-05,RNGC4,7.6
2007-03-06,RNGC1,7.472
2007-03-06,RNGC2,7.588
2007-03-06,RNGC3,7.701
2007-03-06,RNGC4,7.815
2007-03-07,RNGC1,7.366
2007-03-07,RNGC2,7.491
2007-03-07,RNGC3,7.608
2007-03-07,RNGC4,7.727
2007-03-08,RNGC1,7.239
2007-03-08,RNGC2,7.372
2007-03-08,RNGC3,7.503
2007-03-08,RNGC4,7.634
2007-03-09,RNGC1,7.083
2007-03-09,RNGC2,7.232
2007-03-09,RNGC3,7.364
2007-03-09,RNGC4,7.496
2007-03-12,RNGC1,6.912
2007-03-12,RNGC2,7.055
2007-03-12,RNGC3,7.19
2007-03-12,RNGC4,7.328
2007-03-13,RNGC1,6.892
2007-03-13,RNGC2,7.032
2007-03-13,RNGC3,7.164
2007-03-13,RNGC4,7.299
2007-03-14,RNGC1,7.083
2007-03-14,RNGC2,7.189
2007-03-14,RNGC3,7.311
2007-03-14,RNGC4,7.437
2007-03-15,RNGC1,6.959
2007-03-15,RNGC2,7.093
2007-03-15,RNGC3,7.225
2007-03-15,RNGC4,7.361
2007-03-16,RNGC1,6.924
2007-03-16,RNGC2,7.046
2007-03-16,RNGC3,7.192
2007-03-16,RNGC4,7.336
2007-03-19,RNGC1,6.847
2007-03-19,RNGC2,6.975
2007-03-19,RNGC3,7.122
2007-03-19,RNGC4,7.27
2007-03-20,RNGC1,6.91
2007-03-20,RNGC2,7.02
2007-03-20,RNGC3,7.157
2007-03-20,RNGC4,7.304
2007-03-21,RNGC1,7.16
2007-03-21,RNGC2,7.265
2007-03-21,RNGC3,7.4
2007-03-21,RNGC4,7.545
2007-03-22,RNGC1,7.32
2007-03-22,RNGC2,7.435
2007-03-22,RNGC3,7.577
2007-03-22,RNGC4,7.729
2007-03-23,RNGC1,7.269
2007-03-23,RNGC2,7.406
2007-03-23,RNGC3,7.557
2007-03-23,RNGC4,7.712
2007-03-26,RNGC1,7.254
2007-03-26,RNGC2,7.383
2007-03-26,RNGC3,7.53
2007-03-26,RNGC4,7.688
2007-03-27,RNGC1,7.503
2007-03-27,RNGC2,7.615
2007-03-27,RNGC3,7.753
2007-03-27,RNGC4,7.901
2007-03-28,RNGC1,7.558
2007-03-28,RNGC2,7.672
2007-03-28,RNGC3,7.813
2007-03-28,RNGC4,7.957
2007-03-29,RNGC1,7.609
2007-03-29,RNGC2,7.751
2007-03-29,RNGC3,7.9
2007-03-29,RNGC4,8.0
2007-03-30,RNGC1,7.73
2007-03-30,RNGC2,7.87
2007-03-30,RNGC3,8.011
2007-03-30,RNGC4,8.109
2007-04-02,RNGC1,7.671
2007-04-02,RNGC2,7.809
2007-04-02,RNGC3,7.951
2007-04-02,RNGC4,8.051
2007-04-03,RNGC1,7.426
2007-04-03,RNGC2,7.564
2007-04-03,RNGC3,7.711
2007-04-03,RNGC4,7.811
2007-04-04,RNGC1,7.515
2007-04-04,RNGC2,7.649
2007-04-04,RNGC3,7.791
2007-04-04,RNGC4,7.887
2007-04-05,RNGC1,7.607
2007-04-05,RNGC2,7.747
2007-04-05,RNGC3,7.885
2007-04-05,RNGC4,7.984
2007-04-09,RNGC1,7.546
2007-04-09,RNGC2,7.701
2007-04-09,RNGC3,7.861
2007-04-09,RNGC4,7.962
2007-04-10,RNGC1,7.869
2007-04-10,RNGC2,8.014
2007-04-10,RNGC3,8.169
2007-04-10,RNGC4,8.264
2007-04-11,RNGC1,7.855
2007-04-11,RNGC2,7.999
2007-04-11,RNGC3,8.157
2007-04-11,RNGC4,8.25
2007-04-12,RNGC1,7.924
2007-04-12,RNGC2,8.062
2007-04-12,RNGC3,8.222
2007-04-12,RNGC4,8.314
2007-04-13,RNGC1,7.801
2007-04-13,RNGC2,7.948
2007-04-13,RNGC3,8.108
2007-04-13,RNGC4,8.214
2007-04-16,RNGC1,7.53
2007-04-16,RNGC2,7.669
2007-04-16,RNGC3,7.838
2007-04-16,RNGC4,7.956
2007-04-17,RNGC1,7.418
2007-04-17,RNGC2,7.544
2007-04-17,RNGC3,7.714
2007-04-17,RNGC4,7.834
2007-04-18,RNGC1,7.497
2007-04-18,RNGC2,7.631
2007-04-18,RNGC3,7.792
2007-04-18,RNGC4,7.912
2007-04-19,RNGC1,7.492
2007-04-19,RNGC2,7.627
2007-04-19,RNGC3,7.793
2007-04-19,RNGC4,7.913
2007-04-20,RNGC1,7.381
2007-04-20,RNGC2,7.514
2007-04-20,RNGC3,7.684
2007-04-20,RNGC4,7.809
2007-04-23,RNGC1,7.562
2007-04-23,RNGC2,7.687
2007-04-23,RNGC3,7.849
2007-04-23,RNGC4,7.969
2007-04-24,RNGC1,7.598
2007-04-24,RNGC2,7.708
2007-04-24,RNGC3,7.863
2007-04-24,RNGC4,7.983
2007-04-25,RNGC1,7.689
2007-04-25,RNGC2,7.781
2007-04-25,RNGC3,7.937
2007-04-25,RNGC4,8.056
2007-04-26,RNGC1,7.508
2007-04-26,RNGC2,7.602
2007-04-26,RNGC3,7.764
2007-04-26,RNGC4,7.892
2007-04-27,RNGC1,7.831
2007-04-27,RNGC2,7.979
2007-04-27,RNGC3,8.098
2007-04-27,RNGC4,8.148
2007-04-30,RNGC1,7.863
2007-04-30,RNGC2,8.016
2007-04-30,RNGC3,8.136
2007-04-30,RNGC4,8.191
2007-05-01,RNGC1,7.718
2007-05-01,RNGC2,7.87
2007-05-01,RNGC3,7.988
2007-05-01,RNGC4,8.045
2007-05-02,RNGC1,7.73
2007-05-02,RNGC2,7.87
2007-05-02,RNGC3,7.984
2007-05-02,RNGC4,8.038
2007-05-03,RNGC1,7.947
2007-05-03,RNGC2,8.08
2007-05-03,RNGC3,8.19
2007-05-03,RNGC4,8.246
2007-05-04,RNGC1,7.938
2007-05-04,RNGC2,8.079
2007-05-04,RNGC3,8.187
2007-05-04,RNGC4,8.237
2007-05-07,RNGC1,7.779
2007-05-07,RNGC2,7.944
2007-05-07,RNGC3,8.059
2007-05-07,RNGC4,8.114
2007-05-08,RNGC1,7.637
2007-05-08,RNGC2,7.799
2007-05-08,RNGC3,7.924
2007-05-08,RNGC4,7.98
2007-05-09,RNGC1,7.72
2007-05-09,RNGC2,7.881
2007-05-09,RNGC3,8.009
2007-05-09,RNGC4,8.067
2007-05-10,RNGC1,7.726
2007-05-10,RNGC2,7.877
2007-05-10,RNGC3,7.997
2007-05-10,RNGC4,8.054
2007-05-11,RNGC1,7.899
2007-05-11,RNGC2,8.051
2007-05-11,RNGC3,8.161
2007-05-11,RNGC4,8.22
2007-05-14,RNGC1,7.952
2007-05-14,RNGC2,8.1
2007-05-14,RNGC3,8.209
2007-05-14,RNGC4,8.266
2007-05-15,RNGC1,7.864
2007-05-15,RNGC2,8.022
2007-05-15,RNGC3,8.135
2007-05-15,RNGC4,8.196
2007-05-16,RNGC1,7.89
2007-05-16,RNGC2,8.051
2007-05-16,RNGC3,8.169
2007-05-16,RNGC4,8.233
2007-05-17,RNGC1,8.075
2007-05-17,RNGC2,8.241
2007-05-17,RNGC3,8.362
2007-05-17,RNGC4,8.426
2007-05-18,RNGC1,7.944
2007-05-18,RNGC2,8.134
2007-05-18,RNGC3,8.258
2007-05-18,RNGC4,8.325
2007-05-21,RNGC1,7.913
2007-05-21,RNGC2,8.091
2007-05-21,RNGC3,8.224
2007-05-21,RNGC4,8.296
2007-05-22,RNGC1,7.801
2007-05-22,RNGC2,7.984
2007-05-22,RNGC3,8.119
2007-05-22,RNGC4,8.194
2007-05-23,RNGC1,7.757
2007-05-23,RNGC2,7.941
2007-05-23,RNGC3,8.078
2007-05-23,RNGC4,8.153
2007-05-24,RNGC1,7.681
2007-05-24,RNGC2,7.85
2007-05-24,RNGC3,7.987
2007-05-24,RNGC4,8.06
2007-05-25,RNGC1,7.64
2007-05-25,RNGC2,7.795
2007-05-25,RNGC3,7.933
2007-05-25,RNGC4,8.007
2007-05-29,RNGC1,7.591
2007-05-29,RNGC2,7.731
2007-05-29,RNGC3,7.861
2007-05-29,RNGC4,7.924
2007-05-30,RNGC1,7.941
2007-05-30,RNGC2,8.063
2007-05-30,RNGC3,8.121
2007-05-30,RNGC4,8.243
2007-05-31,RNGC1,7.935
2007-05-31,RNGC2,8.057
2007-05-31,RNGC3,8.118
2007-05-31,RNGC4,8.24
2007-06-01,RNGC1,7.878
2007-06-01,RNGC2,8.011
2007-06-01,RNGC3,8.08
2007-06-01,RNGC4,8.208
2007-06-04,RNGC1,8.191
2007-06-04,RNGC2,8.323
2007-06-04,RNGC3,8.392
2007-06-04,RNGC4,8.512
2007-06-05,RNGC1,8.064
2007-06-05,RNGC2,8.203
2007-06-05,RNGC3,8.271
2007-06-05,RNGC4,8.399
2007-06-06,RNGC1,8.08
2007-06-06,RNGC2,8.219
2007-06-06,RNGC3,8.288
2007-06-06,RNGC4,8.416
2007-06-07,RNGC1,7.825
2007-06-07,RNGC2,7.965
2007-06-07,RNGC3,8.043
2007-06-07,RNGC4,8.177
2007-06-08,RNGC1,7.663
2007-06-08,RNGC2,7.802
2007-06-08,RNGC3,7.89
2007-06-08,RNGC4,8.027
2007-06-11,RNGC1,7.608
2007-06-11,RNGC2,7.746
2007-06-11,RNGC3,7.836
2007-06-11,RNGC4,7.977
2007-06-12,RNGC1,7.682
2007-06-12,RNGC2,7.823
2007-06-12,RNGC3,7.915
2007-06-12,RNGC4,8.059
2007-06-13,RNGC1,7.608
2007-06-13,RNGC2,7.748
2007-06-13,RNGC3,7.841
2007-06-13,RNGC4,7.987
2007-06-14,RNGC1,7.808
2007-06-14,RNGC2,7.942
2007-06-14,RNGC3,8.022
2007-06-14,RNGC4,8.161
2007-06-15,RNGC1,7.918
2007-06-15,RNGC2,8.06
2007-06-15,RNGC3,8.141
2007-06-15,RNGC4,8.279
2007-06-18,RNGC1,7.69
2007-06-18,RNGC2,7.828
2007-06-18,RNGC3,7.909
2007-06-18,RNGC4,8.049
2007-06-19,RNGC1,7.519
2007-06-19,RNGC2,7.652
2007-06-19,RNGC3,7.734
2007-06-19,RNGC4,7.876
2007-06-20,RNGC1,7.391
2007-06-20,RNGC2,7.519
2007-06-20,RNGC3,7.598
2007-06-20,RNGC4,7.736
2007-06-21,RNGC1,7.348
2007-06-21,RNGC2,7.482
2007-06-21,RNGC3,7.565
2007-06-21,RNGC4,7.7
2007-06-22,RNGC1,7.13
2007-06-22,RNGC2,7.26
2007-06-22,RNGC3,7.347
2007-06-22,RNGC4,7.483
2007-06-25,RNGC1,6.94
2007-06-25,RNGC2,7.079
2007-06-25,RNGC3,7.172
2007-06-25,RNGC4,7.32
2007-06-26,RNGC1,6.877
2007-06-26,RNGC2,7.002
2007-06-26,RNGC3,7.093
2007-06-26,RNGC4,7.247
2007-06-27,RNGC1,6.929
2007-06-27,RNGC2,7.083
2007-06-27,RNGC3,7.174
2007-06-27,RNGC4,7.326
2007-06-28,RNGC1,6.655
2007-06-28,RNGC2,6.752
2007-06-28,RNGC3,6.907
2007-06-28,RNGC4,7.707
2007-06-29,RNGC1,6.773
2007-06-29,RNGC2,6.868
2007-06-29,RNGC3,7.023
2007-06-29,RNGC4,7.803
2007-07-02,RNGC1,6.764
2007-07-02,RNGC2,6.869
2007-07-02,RNGC3,7.029
2007-07-02,RNGC4,7.799
2007-07-03,RNGC1,6.754
2007-07-03,RNGC2,6.859
2007-07-03,RNGC3,7.034
2007-07-03,RNGC4,7.814
2007-07-05,RNGC1,6.618
2007-07-05,RNGC2,6.726
2007-07-05,RNGC3,6.904
2007-07-05,RNGC4,7.702
2007-07-06,RNGC1,6.444
2007-07-06,RNGC2,6.558
2007-07-06,RNGC3,6.736
2007-07-06,RNGC4,7.529
2007-07-09,RNGC1,6.41
2007-07-09,RNGC2,6.534
2007-07-09,RNGC3,6.708
2007-07-09,RNGC4,7.503
2007-07-10,RNGC1,6.699
2007-07-10,RNGC2,6.814
2007-07-10,RNGC3,6.979
2007-07-10,RNGC4,7.744
2007-07-11,RNGC1,6.6
2007-07-11,RNGC2,6.711
2007-07-11,RNGC3,6.877
2007-07-11,RNGC4,7.637
2007-07-12,RNGC1,6.497
2007-07-12,RNGC2,6.609
2007-07-12,RNGC3,6.782
2007-07-12,RNGC4,7.567
2007-07-13,RNGC1,6.662
2007-07-13,RNGC2,6.77
2007-07-13,RNGC3,6.941
2007-07-13,RNGC4,7.721
2007-07-16,RNGC1,6.376
2007-07-16,RNGC2,6.477
2007-07-16,RNGC3,6.647
2007-07-16,RNGC4,7.457
2007-07-17,RNGC1,6.307
2007-07-17,RNGC2,6.402
2007-07-17,RNGC3,6.567
2007-07-17,RNGC4,7.392
2007-07-18,RNGC1,6.528
2007-07-18,RNGC2,6.611
2007-07-18,RNGC3,6.771
2007-07-18,RNGC4,7.621
2007-07-19,RNGC1,6.706
2007-07-19,RNGC2,6.785
2007-07-19,RNGC3,6.938
2007-07-19,RNGC4,7.813
2007-07-20,RNGC1,6.446
2007-07-20,RNGC2,6.523
2007-07-20,RNGC3,6.676
2007-07-20,RNGC4,7.576
2007-07-23,RNGC1,6.039
2007-07-23,RNGC2,6.118
2007-07-23,RNGC3,6.289
2007-07-23,RNGC4,7.229
2007-07-24,RNGC1,5.863
2007-07-24,RNGC2,5.949
2007-07-24,RNGC3,6.128
2007-07-24,RNGC4,7.078
2007-07-25,RNGC1,5.925
2007-07-25,RNGC2,6.062
2007-07-25,RNGC3,6.26
2007-07-25,RNGC4,7.228
2007-07-26,RNGC1,5.943
2007-07-26,RNGC2,6.074
2007-07-26,RNGC3,6.291
2007-07-26,RNGC4,7.281
2007-07-27,RNGC1,6.11
2007-07-27,RNGC2,6.208
2007-07-27,RNGC3,6.436
2007-07-27,RNGC4,7.411
2007-07-30,RNGC1,6.499
2007-07-30,RNGC2,6.714
2007-07-30,RNGC3,7.659
2007-07-30,RNGC4,8.544
2007-07-31,RNGC1,6.191
2007-07-31,RNGC2,6.421
2007-07-31,RNGC3,7.374
2007-07-31,RNGC4,8.294
2007-08-01,RNGC1,6.352
2007-08-01,RNGC2,6.564
2007-08-01,RNGC3,7.484
2007-08-01,RNGC4,8.369
2007-08-02,RNGC1,6.106
2007-08-02,RNGC2,6.316
2007-08-02,RNGC3,7.241
2007-08-02,RNGC4,8.133
2007-08-03,RNGC1,6.09
2007-08-03,RNGC2,6.292
2007-08-03,RNGC3,7.182
2007-08-03,RNGC4,8.042
2007-08-06,RNGC1,6.208
2007-08-06,RNGC2,6.378
2007-08-06,RNGC3,7.228
2007-08-06,RNGC4,8.058
2007-08-07,RNGC1,6.201
2007-08-07,RNGC2,6.395
2007-08-07,RNGC3,7.285
2007-08-07,RNGC4,8.11
2007-08-08,RNGC1,6.22
2007-08-08,RNGC2,6.452
2007-08-08,RNGC3,7.379
2007-08-08,RNGC4,8.206
2007-08-09,RNGC1,6.586
2007-08-09,RNGC2,6.801
2007-08-09,RNGC3,7.656
2007-08-09,RNGC4,8.424
2007-08-10,RNGC1,6.82
2007-08-10,RNGC2,7.054
2007-08-10,RNGC3,7.854
2007-08-10,RNGC4,8.554
2007-08-13,RNGC1,6.794
2007-08-13,RNGC2,7.018
2007-08-13,RNGC3,7.849
2007-08-13,RNGC4,8.588
2007-08-14,RNGC1,6.94
2007-08-14,RNGC2,7.13
2007-08-14,RNGC3,7.935
2007-08-14,RNGC4,8.65
2007-08-15,RNGC1,6.864
2007-08-15,RNGC2,7.042
2007-08-15,RNGC3,7.837
2007-08-15,RNGC4,8.537
2007-08-16,RNGC1,6.875
2007-08-16,RNGC2,7.015
2007-08-16,RNGC3,7.745
2007-08-16,RNGC4,8.405
2007-08-17,RNGC1,7.01
2007-08-17,RNGC2,7.123
2007-08-17,RNGC3,7.828
2007-08-17,RNGC4,8.463
2007-08-20,RNGC1,6.04
2007-08-20,RNGC2,6.205
2007-08-20,RNGC3,7.085
2007-08-20,RNGC4,7.885
2007-08-21,RNGC1,5.817
2007-08-21,RNGC2,6.03
2007-08-21,RNGC3,6.963
2007-08-21,RNGC4,7.823
2007-08-22,RNGC1,5.578
2007-08-22,RNGC2,5.79
2007-08-22,RNGC3,6.77
2007-08-22,RNGC4,7.68
2007-08-23,RNGC1,5.622
2007-08-23,RNGC2,5.845
2007-08-23,RNGC3,6.805
2007-08-23,RNGC4,7.735
2007-08-24,RNGC1,5.523
2007-08-24,RNGC2,5.739
2007-08-24,RNGC3,6.704
2007-08-24,RNGC4,7.629
2007-08-27,RNGC1,5.38
2007-08-27,RNGC2,5.59
2007-08-27,RNGC3,6.57
2007-08-27,RNGC4,7.52
2007-08-28,RNGC1,5.593
2007-08-28,RNGC2,5.761
2007-08-28,RNGC3,6.696
2007-08-28,RNGC4,7.581
2007-08-29,RNGC1,5.43
2007-08-29,RNGC2,5.581
2007-08-29,RNGC3,6.561
2007-08-29,RNGC4,7.486
2007-08-30,RNGC1,5.635
2007-08-30,RNGC2,6.607
2007-08-30,RNGC3,7.51
2007-08-30,RNGC4,7.92
2007-08-31,RNGC1,5.468
2007-08-31,RNGC2,6.461
2007-08-31,RNGC3,7.381
2007-08-31,RNGC4,7.798
2007-09-04,RNGC1,5.629
2007-09-04,RNGC2,6.576
2007-09-04,RNGC3,7.463
2007-09-04,RNGC4,7.858
2007-09-05,RNGC1,5.805
2007-09-05,RNGC2,6.69
2007-09-05,RNGC3,7.52
2007-09-05,RNGC4,7.905
2007-09-06,RNGC1,5.65
2007-09-06,RNGC2,6.577
2007-09-06,RNGC3,7.417
2007-09-06,RNGC4,7.799
2007-09-07,RNGC1,5.501
2007-09-07,RNGC2,6.446
2007-09-07,RNGC3,7.301
2007-09-07,RNGC4,7.706
2007-09-10,RNGC1,5.891
2007-09-10,RNGC2,6.716
2007-09-10,RNGC3,7.476
2007-09-10,RNGC4,7.856
2007-09-11,RNGC1,5.934
2007-09-11,RNGC2,6.757
2007-09-11,RNGC3,7.504
2007-09-11,RNGC4,7.871
2007-09-12,RNGC1,6.438
2007-09-12,RNGC2,7.229
2007-09-12,RNGC3,7.919
2007-09-12,RNGC4,8.269
2007-09-13,RNGC1,6.029
2007-09-13,RNGC2,6.881
2007-09-13,RNGC3,7.661
2007-09-13,RNGC4,8.021
2007-09-14,RNGC1,6.279
2007-09-14,RNGC2,7.054
2007-09-14,RNGC3,7.754
2007-09-14,RNGC4,8.114
2007-09-17,RNGC1,6.653
2007-09-17,RNGC2,7.317
2007-09-17,RNGC3,7.932
2007-09-17,RNGC4,8.272
2007-09-18,RNGC1,6.568
2007-09-18,RNGC2,7.228
2007-09-18,RNGC3,7.858
2007-09-18,RNGC4,8.188
2007-09-19,RNGC1,6.18
2007-09-19,RNGC2,6.91
2007-09-19,RNGC3,7.615
2007-09-19,RNGC4,7.955
2007-09-20,RNGC1,6.008
2007-09-20,RNGC2,6.978
2007-09-20,RNGC3,7.793
2007-09-20,RNGC4,8.143
2007-09-21,RNGC1,6.08
2007-09-21,RNGC2,6.99
2007-09-21,RNGC3,7.82
2007-09-21,RNGC4,8.18
2007-09-24,RNGC1,6.37
2007-09-24,RNGC2,7.168
2007-09-24,RNGC3,7.915
2007-09-24,RNGC4,8.263
2007-09-25,RNGC1,6.36
2007-09-25,RNGC2,7.087
2007-09-25,RNGC3,7.787
2007-09-25,RNGC4,8.139
2007-09-26,RNGC1,6.423
2007-09-26,RNGC2,7.046
2007-09-26,RNGC3,7.746
2007-09-26,RNGC4,8.096
2007-09-27,RNGC1,6.919
2007-09-27,RNGC2,7.694
2007-09-27,RNGC3,8.067
2007-09-27,RNGC4,8.104
2007-09-28,RNGC1,6.87
2007-09-28,RNGC2,7.705
2007-09-28,RNGC3,8.102
2007-09-28,RNGC4,8.137
2007-10-01,RNGC1,7.05
2007-10-01,RNGC2,7.797
2007-10-01,RNGC3,8.163
2007-10-01,RNGC4,8.193
2007-10-02,RNGC1,7.427
2007-10-02,RNGC2,8.067
2007-10-02,RNGC3,8.397
2007-10-02,RNGC4,8.422
2007-10-03,RNGC1,7.277
2007-10-03,RNGC2,7.915
2007-10-03,RNGC3,8.255
2007-10-03,RNGC4,8.285
2007-10-04,RNGC1,7.412
2007-10-04,RNGC2,8.027
2007-10-04,RNGC3,8.355
2007-10-04,RNGC4,8.375
2007-10-05,RNGC1,7.073
2007-10-05,RNGC2,7.844
2007-10-05,RNGC3,8.219
2007-10-05,RNGC4,8.247
2007-10-08,RNGC1,6.846
2007-10-08,RNGC2,7.661
2007-10-08,RNGC3,8.044
2007-10-08,RNGC4,8.072
2007-10-09,RNGC1,6.863
2007-10-09,RNGC2,7.633
2007-10-09,RNGC3,8.003
2007-10-09,RNGC4,8.033
2007-10-10,RNGC1,7.01
2007-10-10,RNGC2,7.725
2007-10-10,RNGC3,8.094
2007-10-10,RNGC4,8.12
2007-10-11,RNGC1,6.876
2007-10-11,RNGC2,7.641
2007-10-11,RNGC3,8.041
2007-10-11,RNGC4,8.071
2007-10-12,RNGC1,6.974
2007-10-12,RNGC2,7.681
2007-10-12,RNGC3,8.046
2007-10-12,RNGC4,8.079
2007-10-15,RNGC1,7.445
2007-10-15,RNGC2,8.012
2007-10-15,RNGC3,8.333
2007-10-15,RNGC4,8.363
2007-10-16,RNGC1,7.367
2007-10-16,RNGC2,7.942
2007-10-16,RNGC3,8.275
2007-10-16,RNGC4,8.302
2007-10-17,RNGC1,7.458
2007-10-17,RNGC2,8.103
2007-10-17,RNGC3,8.433
2007-10-17,RNGC4,8.456
2007-10-18,RNGC1,7.374
2007-10-18,RNGC2,8.081
2007-10-18,RNGC3,8.424
2007-10-18,RNGC4,8.451
2007-10-19,RNGC1,7.041
2007-10-19,RNGC2,7.728
2007-10-19,RNGC3,8.093
2007-10-19,RNGC4,8.128
2007-10-22,RNGC1,6.891
2007-10-22,RNGC2,7.529
2007-10-22,RNGC3,7.906
2007-10-22,RNGC4,7.946
2007-10-23,RNGC1,6.761
2007-10-23,RNGC2,7.471
2007-10-23,RNGC3,7.851
2007-10-23,RNGC4,7.896
2007-10-24,RNGC1,6.972
2007-10-24,RNGC2,7.657
2007-10-24,RNGC3,8.034
2007-10-24,RNGC4,8.074
2007-10-25,RNGC1,7.188
2007-10-25,RNGC2,7.816
2007-10-25,RNGC3,8.163
2007-10-25,RNGC4,8.198
2007-10-26,RNGC1,7.218
2007-10-26,RNGC2,7.808
2007-10-26,RNGC3,8.138
2007-10-26,RNGC4,8.17
2007-10-29,RNGC1,7.269
2007-10-29,RNGC2,7.974
2007-10-29,RNGC3,8.299
2007-10-29,RNGC4,8.328
2007-10-30,RNGC1,8.021
2007-10-30,RNGC2,8.354
2007-10-30,RNGC3,8.387
2007-10-30,RNGC4,8.197
2007-10-31,RNGC1,8.33
2007-10-31,RNGC2,8.66
2007-10-31,RNGC3,8.689
2007-10-31,RNGC4,8.479
2007-11-01,RNGC1,8.637
2007-11-01,RNGC2,8.997
2007-11-01,RNGC3,9.035
2007-11-01,RNGC4,8.804
2007-11-02,RNGC1,8.418
2007-11-02,RNGC2,8.801
2007-11-02,RNGC3,8.845
2007-11-02,RNGC4,8.614
2007-11-05,RNGC1,7.999
2007-11-05,RNGC2,8.401
2007-11-05,RNGC3,8.456
2007-11-05,RNGC4,8.276
2007-11-06,RNGC1,7.863
2007-11-06,RNGC2,8.238
2007-11-06,RNGC3,8.306
2007-11-06,RNGC4,8.148
2007-11-07,RNGC1,7.624
2007-11-07,RNGC2,7.996
2007-11-07,RNGC3,8.061
2007-11-07,RNGC4,7.926
2007-11-08,RNGC1,7.713
2007-11-08,RNGC2,8.111
2007-11-08,RNGC3,8.171
2007-11-08,RNGC4,8.031
2007-11-09,RNGC1,7.897
2007-11-09,RNGC2,8.29
2007-11-09,RNGC3,8.343
2007-11-09,RNGC4,8.185
2007-11-12,RNGC1,7.961
2007-11-12,RNGC2,8.329
2007-11-12,RNGC3,8.389
2007-11-12,RNGC4,8.219
2007-11-13,RNGC1,7.949
2007-11-13,RNGC2,8.318
2007-11-13,RNGC3,8.368
2007-11-13,RNGC4,8.206
2007-11-14,RNGC1,7.835
2007-11-14,RNGC2,8.23
2007-11-14,RNGC3,8.285
2007-11-14,RNGC4,8.135
2007-11-15,RNGC1,7.7
2007-11-15,RNGC2,8.082
2007-11-15,RNGC3,8.138
2007-11-15,RNGC4,7.988
2007-11-16,RNGC1,8.001
2007-11-16,RNGC2,8.348
2007-11-16,RNGC3,8.391
2007-11-16,RNGC4,8.213
2007-11-19,RNGC1,7.787
2007-11-19,RNGC2,8.147
2007-11-19,RNGC3,8.2
2007-11-19,RNGC4,8.032
2007-11-20,RNGC1,7.477
2007-11-20,RNGC2,7.818
2007-11-20,RNGC3,7.883
2007-11-20,RNGC4,7.741
2007-11-21,RNGC1,7.55
2007-11-21,RNGC2,7.87
2007-11-21,RNGC3,7.925
2007-11-21,RNGC4,7.783
2007-11-23,RNGC1,7.7
2007-11-23,RNGC2,8.011
2007-11-23,RNGC3,8.054
2007-11-23,RNGC4,7.901
2007-11-26,RNGC1,7.723
2007-11-26,RNGC2,8.021
2007-11-26,RNGC3,8.066
2007-11-26,RNGC4,7.909
2007-11-27,RNGC1,7.557
2007-11-27,RNGC2,7.817
2007-11-27,RNGC3,7.867
2007-11-27,RNGC4,7.742
2007-11-28,RNGC1,7.203
2007-11-28,RNGC2,7.486
2007-11-28,RNGC3,7.551
2007-11-28,RNGC4,7.466
2007-11-29,RNGC1,7.452
2007-11-29,RNGC2,7.519
2007-11-29,RNGC3,7.451
2007-11-29,RNGC4,7.328
2007-11-30,RNGC1,7.302
2007-11-30,RNGC2,7.371
2007-11-30,RNGC3,7.312
2007-11-30,RNGC4,7.202
2007-12-03,RNGC1,7.214
2007-12-03,RNGC2,7.294
2007-12-03,RNGC3,7.244
2007-12-03,RNGC4,7.161
2007-12-04,RNGC1,7.155
2007-12-04,RNGC2,7.24
2007-12-04,RNGC3,7.212
2007-12-04,RNGC4,7.145
2007-12-05,RNGC1,7.185
2007-12-05,RNGC2,7.275
2007-12-05,RNGC3,7.246
2007-12-05,RNGC4,7.201
2007-12-06,RNGC1,7.33
2007-12-06,RNGC2,7.415
2007-12-06,RNGC3,7.377
2007-12-06,RNGC4,7.333
2007-12-07,RNGC1,7.155
2007-12-07,RNGC2,7.254
2007-12-07,RNGC3,7.251
2007-12-07,RNGC4,7.216
2007-12-10,RNGC1,7.032
2007-12-10,RNGC2,7.142
2007-12-10,RNGC3,7.154
2007-12-10,RNGC4,7.144
2007-12-11,RNGC1,7.085
2007-12-11,RNGC2,7.183
2007-12-11,RNGC3,7.193
2007-12-11,RNGC4,7.183
2007-12-12,RNGC1,7.408
2007-12-12,RNGC2,7.506
2007-12-12,RNGC3,7.5
2007-12-12,RNGC4,7.44
2007-12-13,RNGC1,7.193
2007-12-13,RNGC2,7.321
2007-12-13,RNGC3,7.337
2007-12-13,RNGC4,7.307
2007-12-14,RNGC1,7.025
2007-12-14,RNGC2,7.153
2007-12-14,RNGC3,7.165
2007-12-14,RNGC4,7.155
2007-12-17,RNGC1,7.035
2007-12-17,RNGC2,7.176
2007-12-17,RNGC3,7.206
2007-12-17,RNGC4,7.206
2007-12-18,RNGC1,7.141
2007-12-18,RNGC2,7.278
2007-12-18,RNGC3,7.32
2007-12-18,RNGC4,7.328
2007-12-19,RNGC1,7.179
2007-12-19,RNGC2,7.299
2007-12-19,RNGC3,7.34
2007-12-19,RNGC4,7.35
2007-12-20,RNGC1,7.137
2007-12-20,RNGC2,7.237
2007-12-20,RNGC3,7.271
2007-12-20,RNGC4,7.296
2007-12-21,RNGC1,7.19
2007-12-21,RNGC2,7.292
2007-12-21,RNGC3,7.31
2007-12-21,RNGC4,7.33
2007-12-24,RNGC1,7.025
2007-12-24,RNGC2,7.145
2007-12-24,RNGC3,7.185
2007-12-24,RNGC4,7.223
2007-12-26,RNGC1,7.046
2007-12-26,RNGC2,7.164
2007-12-26,RNGC3,7.201
2007-12-26,RNGC4,7.233
2007-12-27,RNGC1,7.172
2007-12-27,RNGC2,7.2
2007-12-27,RNGC3,7.237
2007-12-27,RNGC4,7.272
2007-12-28,RNGC1,7.386
2007-12-28,RNGC2,7.411
2007-12-28,RNGC3,7.436
2007-12-28,RNGC4,7.504
2007-12-31,RNGC1,7.483
2007-12-31,RNGC2,7.521
2007-12-31,RNGC3,7.546
2007-12-31,RNGC4,7.613
2008-01-02,RNGC1,7.85
2008-01-02,RNGC2,7.865
2008-01-02,RNGC3,7.87
2008-01-02,RNGC4,7.927
2008-01-03,RNGC1,7.674
2008-01-03,RNGC2,7.698
2008-01-03,RNGC3,7.698
2008-01-03,RNGC4,7.747
2008-01-04,RNGC1,7.841
2008-01-04,RNGC2,7.811
2008-01-04,RNGC3,7.786
2008-01-04,RNGC4,7.824
2008-01-07,RNGC1,7.879
2008-01-07,RNGC2,7.885
2008-01-07,RNGC3,7.875
2008-01-07,RNGC4,7.902
2008-01-08,RNGC1,7.967
2008-01-08,RNGC2,7.984
2008-01-08,RNGC3,7.962
2008-01-08,RNGC4,7.992
2008-01-09,RNGC1,8.099
2008-01-09,RNGC2,8.089
2008-01-09,RNGC3,8.044
2008-01-09,RNGC4,8.079
2008-01-10,RNGC1,8.259
2008-01-10,RNGC2,8.193
2008-01-10,RNGC3,8.128
2008-01-10,RNGC4,8.158
2008-01-11,RNGC1,8.21
2008-01-11,RNGC2,8.182
2008-01-11,RNGC3,8.132
2008-01-11,RNGC4,8.162
2008-01-14,RNGC1,8.353
2008-01-14,RNGC2,8.271
2008-01-14,RNGC3,8.216
2008-01-14,RNGC4,8.246
2008-01-15,RNGC1,8.196
2008-01-15,RNGC2,8.131
2008-01-15,RNGC3,8.083
2008-01-15,RNGC4,8.114
2008-01-16,RNGC1,8.133
2008-01-16,RNGC2,8.06
2008-01-16,RNGC3,8.023
2008-01-16,RNGC4,8.051
2008-01-17,RNGC1,8.081
2008-01-17,RNGC2,8.018
2008-01-17,RNGC3,7.978
2008-01-17,RNGC4,8.003
2008-01-18,RNGC1,7.993
2008-01-18,RNGC2,7.947
2008-01-18,RNGC3,7.919
2008-01-18,RNGC4,7.956
2008-01-22,RNGC1,7.67
2008-01-22,RNGC2,7.647
2008-01-22,RNGC3,7.647
2008-01-22,RNGC4,7.701
2008-01-23,RNGC1,7.621
2008-01-23,RNGC2,7.581
2008-01-23,RNGC3,7.586
2008-01-23,RNGC4,7.641
2008-01-24,RNGC1,7.802
2008-01-24,RNGC2,7.783
2008-01-24,RNGC3,7.768
2008-01-24,RNGC4,7.82
2008-01-25,RNGC1,7.983
2008-01-25,RNGC2,7.954
2008-01-25,RNGC3,7.929
2008-01-25,RNGC4,7.975
2008-01-28,RNGC1,8.095
2008-01-28,RNGC2,8.042
2008-01-28,RNGC3,8.017
2008-01-28,RNGC4,8.06
2008-01-29,RNGC1,7.996
2008-01-29,RNGC2,7.943
2008-01-29,RNGC3,7.933
2008-01-29,RNGC4,7.985
2008-01-30,RNGC1,8.045
2008-01-30,RNGC2,8.044
2008-01-30,RNGC3,8.094
2008-01-30,RNGC4,8.174
2008-01-31,RNGC1,8.074
2008-01-31,RNGC2,8.074
2008-01-31,RNGC3,8.125
2008-01-31,RNGC4,8.203
2008-02-01,RNGC1,7.74
2008-02-01,RNGC2,7.775
2008-02-01,RNGC3,7.845
2008-02-01,RNGC4,7.938
2008-02-04,RNGC1,7.869
2008-02-04,RNGC2,7.889
2008-02-04,RNGC3,7.951
2008-02-04,RNGC4,8.037
2008-02-05,RNGC1,7.942
2008-02-05,RNGC2,7.969
2008-02-05,RNGC3,8.036
2008-02-05,RNGC4,8.12
2008-02-06,RNGC1,7.994
2008-02-06,RNGC2,8.022
2008-02-06,RNGC3,8.091
2008-02-06,RNGC4,8.174
2008-02-07,RNGC1,8.102
2008-02-07,RNGC2,8.135
2008-02-07,RNGC3,8.202
2008-02-07,RNGC4,8.281
2008-02-08,RNGC1,8.301
2008-02-08,RNGC2,8.328
2008-02-08,RNGC3,8.383
2008-02-08,RNGC4,8.46
2008-02-11,RNGC1,8.531
2008-02-11,RNGC2,8.569
2008-02-11,RNGC3,8.619
2008-02-11,RNGC4,8.684
2008-02-12,RNGC1,8.436
2008-02-12,RNGC2,8.479
2008-02-12,RNGC3,8.527
2008-02-12,RNGC4,8.594
2008-02-13,RNGC1,8.388
2008-02-13,RNGC2,8.43
2008-02-13,RNGC3,8.465
2008-02-13,RNGC4,8.526
2008-02-14,RNGC1,8.772
2008-02-14,RNGC2,8.78
2008-02-14,RNGC3,8.792
2008-02-14,RNGC4,8.842
2008-02-15,RNGC1,8.66
2008-02-15,RNGC2,8.668
2008-02-15,RNGC3,8.68
2008-02-15,RNGC4,8.73
2008-02-19,RNGC1,8.977
2008-02-19,RNGC2,8.987
2008-02-19,RNGC3,8.99
2008-02-19,RNGC4,9.03
2008-02-20,RNGC1,8.965
2008-02-20,RNGC2,8.968
2008-02-20,RNGC3,8.965
2008-02-20,RNGC4,9.005
2008-02-21,RNGC1,8.891
2008-02-21,RNGC2,8.892
2008-02-21,RNGC3,8.889
2008-02-21,RNGC4,8.929
2008-02-22,RNGC1,9.146
2008-02-22,RNGC2,9.193
2008-02-22,RNGC3,9.198
2008-02-22,RNGC4,9.246
2008-02-25,RNGC1,9.186
2008-02-25,RNGC2,9.218
2008-02-25,RNGC3,9.239
2008-02-25,RNGC4,9.289
2008-02-26,RNGC1,9.206
2008-02-26,RNGC2,9.252
2008-02-26,RNGC3,9.286
2008-02-26,RNGC4,9.345
2008-02-27,RNGC1,8.93
2008-02-27,RNGC2,9.06
2008-02-27,RNGC3,9.103
2008-02-27,RNGC4,9.165
2008-02-28,RNGC1,9.443
2008-02-28,RNGC2,9.482
2008-02-28,RNGC3,9.533
2008-02-28,RNGC4,9.594
2008-02-29,RNGC1,9.366
2008-02-29,RNGC2,9.417
2008-02-29,RNGC3,9.477
2008-02-29,RNGC4,9.545
2008-03-03,RNGC1,9.346
2008-03-03,RNGC2,9.408
2008-03-03,RNGC3,9.473
2008-03-03,RNGC4,9.55
2008-03-04,RNGC1,9.353
2008-03-04,RNGC2,9.393
2008-03-04,RNGC3,9.443
2008-03-04,RNGC4,9.516
2008-03-05,RNGC1,9.741
2008-03-05,RNGC2,9.776
2008-03-05,RNGC3,9.819
2008-03-05,RNGC4,9.884
2008-03-06,RNGC1,9.742
2008-03-06,RNGC2,9.792
2008-03-06,RNGC3,9.851
2008-03-06,RNGC4,9.915
2008-03-07,RNGC1,9.769
2008-03-07,RNGC2,9.819
2008-03-07,RNGC3,9.88
2008-03-07,RNGC4,9.948
2008-03-10,RNGC1,10.024
2008-03-10,RNGC2,10.075
2008-03-10,RNGC3,10.136
2008-03-10,RNGC4,10.214
2008-03-11,RNGC1,10.0
2008-03-11,RNGC2,10.064
2008-03-11,RNGC3,10.134
2008-03-11,RNGC4,10.222
2008-03-12,RNGC1,10.011
2008-03-12,RNGC2,10.078
2008-03-12,RNGC3,10.15
2008-03-12,RNGC4,10.24
2008-03-13,RNGC1,10.23
2008-03-13,RNGC2,10.306
2008-03-13,RNGC3,10.384
2008-03-13,RNGC4,10.475
2008-03-14,RNGC1,9.868
2008-03-14,RNGC2,9.961
2008-03-14,RNGC3,10.041
2008-03-14,RNGC4,10.14
2008-03-17,RNGC1,9.1
2008-03-17,RNGC2,9.197
2008-03-17,RNGC3,9.275
2008-03-17,RNGC4,9.373
2008-03-18,RNGC1,9.414
2008-03-18,RNGC2,9.504
2008-03-18,RNGC3,9.58
2008-03-18,RNGC4,9.679
2008-03-19,RNGC1,9.024
2008-03-19,RNGC2,9.112
2008-03-19,RNGC3,9.195
2008-03-19,RNGC4,9.296
2008-03-20,RNGC1,9.065
2008-03-20,RNGC2,9.14
2008-03-20,RNGC3,9.227
2008-03-20,RNGC4,9.331
2008-03-24,RNGC1,9.329
2008-03-24,RNGC2,9.423
2008-03-24,RNGC3,9.515
2008-03-24,RNGC4,9.617
2008-03-25,RNGC1,9.419
2008-03-25,RNGC2,9.511
2008-03-25,RNGC3,9.601
2008-03-25,RNGC4,9.705
2008-03-26,RNGC1,9.572
2008-03-26,RNGC2,9.685
2008-03-26,RNGC3,9.775
2008-03-26,RNGC4,9.877
2008-03-27,RNGC1,9.578
2008-03-27,RNGC2,9.687
2008-03-27,RNGC3,9.783
2008-03-27,RNGC4,9.885
2008-03-28,RNGC1,9.8
2008-03-28,RNGC2,9.893
2008-03-28,RNGC3,9.988
2008-03-28,RNGC4,10.045
2008-03-31,RNGC1,10.101
2008-03-31,RNGC2,10.177
2008-03-31,RNGC3,10.258
2008-03-31,RNGC4,10.303
2008-04-01,RNGC1,9.724
2008-04-01,RNGC2,9.81
2008-04-01,RNGC3,9.894
2008-04-01,RNGC4,9.937
2008-04-02,RNGC1,9.832
2008-04-02,RNGC2,9.916
2008-04-02,RNGC3,9.999
2008-04-02,RNGC4,10.037
2008-04-03,RNGC1,9.417
2008-04-03,RNGC2,9.511
2008-04-03,RNGC3,9.607
2008-04-03,RNGC4,9.657
2008-04-04,RNGC1,9.322
2008-04-04,RNGC2,9.416
2008-04-04,RNGC3,9.514
2008-04-04,RNGC4,9.572
2008-04-07,RNGC1,9.791
2008-04-07,RNGC2,9.881
2008-04-07,RNGC3,9.985
2008-04-07,RNGC4,10.042
2008-04-08,RNGC1,9.697
2008-04-08,RNGC2,9.78
2008-04-08,RNGC3,9.884
2008-04-08,RNGC4,9.944
2008-04-09,RNGC1,10.056
2008-04-09,RNGC2,10.137
2008-04-09,RNGC3,10.241
2008-04-09,RNGC4,10.296
2008-04-10,RNGC1,10.098
2008-04-10,RNGC2,10.181
2008-04-10,RNGC3,10.283
2008-04-10,RNGC4,10.334
2008-04-11,RNGC1,9.901
2008-04-11,RNGC2,9.978
2008-04-11,RNGC3,10.083
2008-04-11,RNGC4,10.135
2008-04-14,RNGC1,10.053
2008-04-14,RNGC2,10.126
2008-04-14,RNGC3,10.225
2008-04-14,RNGC4,10.283
2008-04-15,RNGC1,10.205
2008-04-15,RNGC2,10.295
2008-04-15,RNGC3,10.397
2008-04-15,RNGC4,10.455
2008-04-16,RNGC1,10.433
2008-04-16,RNGC2,10.532
2008-04-16,RNGC3,10.639
2008-04-16,RNGC4,10.698
2008-04-17,RNGC1,10.383
2008-04-17,RNGC2,10.487
2008-04-17,RNGC3,10.606
2008-04-17,RNGC4,10.669
2008-04-18,RNGC1,10.587
2008-04-18,RNGC2,10.705
2008-04-18,RNGC3,10.819
2008-04-18,RNGC4,10.881
2008-04-21,RNGC1,10.733
2008-04-21,RNGC2,10.874
2008-04-21,RNGC3,11.006
2008-04-21,RNGC4,11.087
2008-04-22,RNGC1,10.607
2008-04-22,RNGC2,10.763
2008-04-22,RNGC3,10.903
2008-04-22,RNGC4,10.99
2008-04-23,RNGC1,10.781
2008-04-23,RNGC2,10.946
2008-04-23,RNGC3,11.084
2008-04-23,RNGC4,11.164
2008-04-24,RNGC1,10.79
2008-04-24,RNGC2,10.943
2008-04-24,RNGC3,11.081
2008-04-24,RNGC4,11.157
2008-04-25,RNGC1,10.963
2008-04-25,RNGC2,11.101
2008-04-25,RNGC3,11.24
2008-04-25,RNGC4,11.308
2008-04-28,RNGC1,11.28
2008-04-28,RNGC2,11.329
2008-04-28,RNGC3,11.452
2008-04-28,RNGC4,11.502
2008-04-29,RNGC1,10.842
2008-04-29,RNGC2,10.98
2008-04-29,RNGC3,11.046
2008-04-29,RNGC4,11.068
2008-04-30,RNGC1,10.843
2008-04-30,RNGC2,10.979
2008-04-30,RNGC3,11.045
2008-04-30,RNGC4,11.065
2008-05-01,RNGC1,10.561
2008-05-01,RNGC2,10.702
2008-05-01,RNGC3,10.783
2008-05-01,RNGC4,10.811
2008-05-02,RNGC1,10.777
2008-05-02,RNGC2,10.92
2008-05-02,RNGC3,11.001
2008-05-02,RNGC4,11.029
2008-05-05,RNGC1,11.178
2008-05-05,RNGC2,11.32
2008-05-05,RNGC3,11.402
2008-05-05,RNGC4,11.423
2008-05-06,RNGC1,11.15
2008-05-06,RNGC2,11.286
2008-05-06,RNGC3,11.366
2008-05-06,RNGC4,11.388
2008-05-07,RNGC1,11.327
2008-05-07,RNGC2,11.452
2008-05-07,RNGC3,11.53
2008-05-07,RNGC4,11.555
2008-05-08,RNGC1,11.263
2008-05-08,RNGC2,11.37
2008-05-08,RNGC3,11.44
2008-05-08,RNGC4,11.465
2008-05-09,RNGC1,11.537
2008-05-09,RNGC2,11.657
2008-05-09,RNGC3,11.731
2008-05-09,RNGC4,11.747
2008-05-12,RNGC1,11.301
2008-05-12,RNGC2,11.431
2008-05-12,RNGC3,11.513
2008-05-12,RNGC4,11.535
2008-05-13,RNGC1,11.422
2008-05-13,RNGC2,11.556
2008-05-13,RNGC3,11.64
2008-05-13,RNGC4,11.663
2008-05-14,RNGC1,11.598
2008-05-14,RNGC2,11.738
2008-05-14,RNGC3,11.825
2008-05-14,RNGC4,11.85
2008-05-15,RNGC1,11.399
2008-05-15,RNGC2,11.556
2008-05-15,RNGC3,11.645
2008-05-15,RNGC4,11.672
2008-05-16,RNGC1,11.094
2008-05-16,RNGC2,11.259
2008-05-16,RNGC3,11.354
2008-05-16,RNGC4,11.384
2008-05-19,RNGC1,10.954
2008-05-19,RNGC2,11.112
2008-05-19,RNGC3,11.209
2008-05-19,RNGC4,11.239
2008-05-20,RNGC1,11.365
2008-05-20,RNGC2,11.512
2008-05-20,RNGC3,11.607
2008-05-20,RNGC4,11.635
2008-05-21,RNGC1,11.64
2008-05-21,RNGC2,11.78
2008-05-21,RNGC3,11.871
2008-05-21,RNGC4,11.901
2008-05-22,RNGC1,11.697
2008-05-22,RNGC2,11.831
2008-05-22,RNGC3,11.916
2008-05-22,RNGC4,11.938
2008-05-23,RNGC1,11.857
2008-05-23,RNGC2,11.981
2008-05-23,RNGC3,12.061
2008-05-23,RNGC4,12.079
2008-05-27,RNGC1,11.801
2008-05-27,RNGC2,11.919
2008-05-27,RNGC3,12.002
2008-05-27,RNGC4,12.022
2008-05-28,RNGC1,11.916
2008-05-28,RNGC2,11.995
2008-05-28,RNGC3,12.079
2008-05-28,RNGC4,12.094
2008-05-29,RNGC1,11.474
2008-05-29,RNGC2,11.565
2008-05-29,RNGC3,11.583
2008-05-29,RNGC4,11.658
2008-05-30,RNGC1,11.703
2008-05-30,RNGC2,11.795
2008-05-30,RNGC3,11.81
2008-05-30,RNGC4,11.877
2008-06-02,RNGC1,11.969
2008-06-02,RNGC2,12.063
2008-06-02,RNGC3,12.077
2008-06-02,RNGC4,12.144
2008-06-03,RNGC1,12.221
2008-06-03,RNGC2,12.302
2008-06-03,RNGC3,12.316
2008-06-03,RNGC4,12.381
2008-06-04,RNGC1,12.379
2008-06-04,RNGC2,12.442
2008-06-04,RNGC3,12.429
2008-06-04,RNGC4,12.477
2008-06-05,RNGC1,12.519
2008-06-05,RNGC2,12.586
2008-06-05,RNGC3,12.577
2008-06-05,RNGC4,12.62
2008-06-06,RNGC1,12.693
2008-06-06,RNGC2,12.763
2008-06-06,RNGC3,12.765
2008-06-06,RNGC4,12.812
2008-06-09,RNGC1,12.604
2008-06-09,RNGC2,12.684
2008-06-09,RNGC3,12.704
2008-06-09,RNGC4,12.764
2008-06-10,RNGC1,12.435
2008-06-10,RNGC2,12.516
2008-06-10,RNGC3,12.539
2008-06-10,RNGC4,12.597
2008-06-11,RNGC1,12.66
2008-06-11,RNGC2,12.749
2008-06-11,RNGC3,12.779
2008-06-11,RNGC4,12.844
2008-06-12,RNGC1,12.798
2008-06-12,RNGC2,12.895
2008-06-12,RNGC3,12.93
2008-06-12,RNGC4,13.0
2008-06-13,RNGC1,12.625
2008-06-13,RNGC2,12.728
2008-06-13,RNGC3,12.765
2008-06-13,RNGC4,12.838
2008-06-16,RNGC1,12.933
2008-06-16,RNGC2,13.037
2008-06-16,RNGC3,13.071
2008-06-16,RNGC4,13.141
2008-06-17,RNGC1,12.952
2008-06-17,RNGC2,13.055
2008-06-17,RNGC3,13.084
2008-06-17,RNGC4,13.152
2008-06-18,RNGC1,13.21
2008-06-18,RNGC2,13.316
2008-06-18,RNGC3,13.346
2008-06-18,RNGC4,13.416
2008-06-19,RNGC1,12.861
2008-06-19,RNGC2,12.991
2008-06-19,RNGC3,13.031
2008-06-19,RNGC4,13.101
2008-06-20,RNGC1,12.994
2008-06-20,RNGC2,13.113
2008-06-20,RNGC3,13.157
2008-06-20,RNGC4,13.235
2008-06-23,RNGC1,13.203
2008-06-23,RNGC2,13.322
2008-06-23,RNGC3,13.372
2008-06-23,RNGC4,13.452
2008-06-24,RNGC1,13.011
2008-06-24,RNGC2,13.126
2008-06-24,RNGC3,13.18
2008-06-24,RNGC4,13.268
2008-06-25,RNGC1,12.753
2008-06-25,RNGC2,12.866
2008-06-25,RNGC3,12.92
2008-06-25,RNGC4,13.01
2008-06-26,RNGC1,13.105
2008-06-26,RNGC2,13.248
2008-06-26,RNGC3,13.291
2008-06-26,RNGC4,13.366
2008-06-27,RNGC1,13.198
2008-06-27,RNGC2,13.262
2008-06-27,RNGC3,13.345
2008-06-27,RNGC4,13.598
2008-06-30,RNGC1,13.353
2008-06-30,RNGC2,13.418
2008-06-30,RNGC3,13.505
2008-06-30,RNGC4,13.765
2008-07-01,RNGC1,13.505
2008-07-01,RNGC2,13.57
2008-07-01,RNGC3,13.65
2008-07-01,RNGC4,13.907
2008-07-02,RNGC1,13.389
2008-07-02,RNGC2,13.452
2008-07-02,RNGC3,13.527
2008-07-02,RNGC4,13.784
2008-07-03,RNGC1,13.577
2008-07-03,RNGC2,13.646
2008-07-03,RNGC3,13.726
2008-07-03,RNGC4,13.983
2008-07-07,RNGC1,12.977
2008-07-07,RNGC2,13.061
2008-07-07,RNGC3,13.159
2008-07-07,RNGC4,13.439
2008-07-08,RNGC1,12.368
2008-07-08,RNGC2,12.457
2008-07-08,RNGC3,12.56
2008-07-08,RNGC4,12.87
2008-07-09,RNGC1,12.006
2008-07-09,RNGC2,12.09
2008-07-09,RNGC3,12.202
2008-07-09,RNGC4,12.54
2008-07-10,RNGC1,12.3
2008-07-10,RNGC2,12.383
2008-07-10,RNGC3,12.495
2008-07-10,RNGC4,12.81
2008-07-11,RNGC1,11.904
2008-07-11,RNGC2,11.993
2008-07-11,RNGC3,12.118
2008-07-11,RNGC4,12.46
2008-07-14,RNGC1,11.959
2008-07-14,RNGC2,12.05
2008-07-14,RNGC3,12.171
2008-07-14,RNGC4,12.506
2008-07-15,RNGC1,11.477
2008-07-15,RNGC2,11.568
2008-07-15,RNGC3,11.681
2008-07-15,RNGC4,12.011
2008-07-16,RNGC1,11.398
2008-07-16,RNGC2,11.478
2008-07-16,RNGC3,11.568
2008-07-16,RNGC4,11.853
2008-07-17,RNGC1,10.537
2008-07-17,RNGC2,10.605
2008-07-17,RNGC3,10.702
2008-07-17,RNGC4,11.032
2008-07-18,RNGC1,10.57
2008-07-18,RNGC2,10.639
2008-07-18,RNGC3,10.744
2008-07-18,RNGC4,11.064
2008-07-21,RNGC1,10.51
2008-07-21,RNGC2,10.585
2008-07-21,RNGC3,10.695
2008-07-21,RNGC4,11.045
2008-07-22,RNGC1,10.07
2008-07-22,RNGC2,10.14
2008-07-22,RNGC3,10.26
2008-07-22,RNGC4,10.62
2008-07-23,RNGC1,9.79
2008-07-23,RNGC2,9.85
2008-07-23,RNGC3,9.95
2008-07-23,RNGC4,10.28
2008-07-24,RNGC1,9.32
2008-07-24,RNGC2,9.38
2008-07-24,RNGC3,9.48
2008-07-24,RNGC4,9.83
2008-07-25,RNGC1,9.08
2008-07-25,RNGC2,9.13
2008-07-25,RNGC3,9.23
2008-07-25,RNGC4,9.59
2008-07-28,RNGC1,9.16
2008-07-28,RNGC2,9.2
2008-07-28,RNGC3,9.3
2008-07-28,RNGC4,9.65
2008-07-29,RNGC1,9.22
2008-07-29,RNGC2,9.13
2008-07-29,RNGC3,9.23
2008-07-29,RNGC4,9.58
2008-07-30,RNGC1,9.25
2008-07-30,RNGC2,9.34
2008-07-30,RNGC3,9.69
2008-07-30,RNGC4,10.06
2008-07-31,RNGC1,9.12
2008-07-31,RNGC2,9.22
2008-07-31,RNGC3,9.59
2008-07-31,RNGC4,9.98
2008-08-01,RNGC1,9.39
2008-08-01,RNGC2,9.49
2008-08-01,RNGC3,9.87
2008-08-01,RNGC4,10.26
2008-08-04,RNGC1,8.73
2008-08-04,RNGC2,8.84
2008-08-04,RNGC3,9.25
2008-08-04,RNGC4,9.68
2008-08-05,RNGC1,8.73
2008-08-05,RNGC2,8.82
2008-08-05,RNGC3,9.22
2008-08-05,RNGC4,9.63
2008-08-06,RNGC1,8.77
2008-08-06,RNGC2,8.86
2008-08-06,RNGC3,9.23
2008-08-06,RNGC4,9.64
2008-08-07,RNGC1,8.57
2008-08-07,RNGC2,8.66
2008-08-07,RNGC3,9.03
2008-08-07,RNGC4,9.45
2008-08-08,RNGC1,8.25
2008-08-08,RNGC2,8.33
2008-08-08,RNGC3,8.71
2008-08-08,RNGC4,9.13
2008-08-11,RNGC1,8.35
2008-08-11,RNGC2,8.42
2008-08-11,RNGC3,8.77
2008-08-11,RNGC4,9.19
2008-08-12,RNGC1,8.33
2008-08-12,RNGC2,8.41
2008-08-12,RNGC3,8.77
2008-08-12,RNGC4,9.18
2008-08-13,RNGC1,8.46
2008-08-13,RNGC2,8.55
2008-08-13,RNGC3,8.91
2008-08-13,RNGC4,9.31
2008-08-14,RNGC1,8.14
2008-08-14,RNGC2,8.24
2008-08-14,RNGC3,8.63
2008-08-14,RNGC4,9.04
2008-08-15,RNGC1,8.09
2008-08-15,RNGC2,8.2
2008-08-15,RNGC3,8.58
2008-08-15,RNGC4,8.98
2008-08-18,RNGC1,7.89
2008-08-18,RNGC2,8.0
2008-08-18,RNGC3,8.38
2008-08-18,RNGC4,8.78
2008-08-19,RNGC1,7.98
2008-08-19,RNGC2,8.08
2008-08-19,RNGC3,8.44
2008-08-19,RNGC4,8.81
2008-08-20,RNGC1,8.08
2008-08-20,RNGC2,8.18
2008-08-20,RNGC3,8.55
2008-08-20,RNGC4,8.93
2008-08-21,RNGC1,8.25
2008-08-21,RNGC2,8.36
2008-08-21,RNGC3,8.73
2008-08-21,RNGC4,9.09
2008-08-22,RNGC1,7.84
2008-08-22,RNGC2,7.96
2008-08-22,RNGC3,8.35
2008-08-22,RNGC4,8.74
2008-08-25,RNGC1,7.83
2008-08-25,RNGC2,7.94
2008-08-25,RNGC3,8.34
2008-08-25,RNGC4,8.73
2008-08-26,RNGC1,8.28
2008-08-26,RNGC2,8.39
2008-08-26,RNGC3,8.74
2008-08-26,RNGC4,9.1
2008-08-27,RNGC1,8.39
2008-08-27,RNGC2,8.61
2008-08-27,RNGC3,8.97
2008-08-27,RNGC4,9.33
2008-08-28,RNGC1,8.05
2008-08-28,RNGC2,8.47
2008-08-28,RNGC3,8.9
2008-08-28,RNGC4,9.13
2008-08-29,RNGC1,7.94
2008-08-29,RNGC2,8.36
2008-08-29,RNGC3,8.79
2008-08-29,RNGC4,9.02
2008-09-02,RNGC1,7.26
2008-09-02,RNGC2,7.72
2008-09-02,RNGC3,8.18
2008-09-02,RNGC4,8.42
2008-09-03,RNGC1,7.26
2008-09-03,RNGC2,7.72
2008-09-03,RNGC3,8.19
2008-09-03,RNGC4,8.43
2008-09-04,RNGC1,7.32
2008-09-04,RNGC2,7.76
2008-09-04,RNGC3,8.21
2008-09-04,RNGC4,8.46
2008-09-05,RNGC1,7.45
2008-09-05,RNGC2,7.88
2008-09-05,RNGC3,8.33
2008-09-05,RNGC4,8.58
2008-09-08,RNGC1,7.53
2008-09-08,RNGC2,7.89
2008-09-08,RNGC3,8.31
2008-09-08,RNGC4,8.56
2008-09-09,RNGC1,7.54
2008-09-09,RNGC2,7.85
2008-09-09,RNGC3,8.25
2008-09-09,RNGC4,8.51
2008-09-10,RNGC1,7.39
2008-09-10,RNGC2,7.68
2008-09-10,RNGC3,8.06
2008-09-10,RNGC4,8.29
2008-09-11,RNGC1,7.25
2008-09-11,RNGC2,7.54
2008-09-11,RNGC3,7.93
2008-09-11,RNGC4,8.17
2008-09-12,RNGC1,7.37
2008-09-12,RNGC2,7.64
2008-09-12,RNGC3,8.01
2008-09-12,RNGC4,8.25
2008-09-15,RNGC1,7.37
2008-09-15,RNGC2,7.66
2008-09-15,RNGC3,8.0
2008-09-15,RNGC4,8.24
2008-09-16,RNGC1,7.28
2008-09-16,RNGC2,7.56
2008-09-16,RNGC3,7.9
2008-09-16,RNGC4,8.12
2008-09-17,RNGC1,7.91
2008-09-17,RNGC2,8.2
2008-09-17,RNGC3,8.49
2008-09-17,RNGC4,8.67
2008-09-18,RNGC1,7.62
2008-09-18,RNGC2,7.93
2008-09-18,RNGC3,8.3
2008-09-18,RNGC4,8.52
2008-09-19,RNGC1,7.53
2008-09-19,RNGC2,7.85
2008-09-19,RNGC3,8.24
2008-09-19,RNGC4,8.47
2008-09-22,RNGC1,7.66
2008-09-22,RNGC2,7.94
2008-09-22,RNGC3,8.31
2008-09-22,RNGC4,8.53
2008-09-23,RNGC1,7.93
2008-09-23,RNGC2,8.14
2008-09-23,RNGC3,8.48
2008-09-23,RNGC4,8.67
2008-09-24,RNGC1,7.68
2008-09-24,RNGC2,7.91
2008-09-24,RNGC3,8.26
2008-09-24,RNGC4,8.47
2008-09-25,RNGC1,7.72
2008-09-25,RNGC2,7.93
2008-09-25,RNGC3,8.27
2008-09-25,RNGC4,8.48
2008-09-26,RNGC1,7.47
2008-09-26,RNGC2,7.63
2008-09-26,RNGC3,8.02
2008-09-26,RNGC4,8.24
2008-09-29,RNGC1,7.22
2008-09-29,RNGC2,7.6
2008-09-29,RNGC3,7.84
2008-09-29,RNGC4,7.88
2008-09-30,RNGC1,7.44
2008-09-30,RNGC2,7.79
2008-09-30,RNGC3,8.02
2008-09-30,RNGC4,8.06
2008-10-01,RNGC1,7.73
2008-10-01,RNGC2,8.02
2008-10-01,RNGC3,8.23
2008-10-01,RNGC4,8.27
2008-10-02,RNGC1,7.48
2008-10-02,RNGC2,7.76
2008-10-02,RNGC3,7.98
2008-10-02,RNGC4,8.03
2008-10-03,RNGC1,7.36
2008-10-03,RNGC2,7.65
2008-10-03,RNGC3,7.87
2008-10-03,RNGC4,7.92
2008-10-06,RNGC1,6.84
2008-10-06,RNGC2,7.15
2008-10-06,RNGC3,7.41
2008-10-06,RNGC4,7.47
2008-10-07,RNGC1,6.77
2008-10-07,RNGC2,7.11
2008-10-07,RNGC3,7.38
2008-10-07,RNGC4,7.45
2008-10-08,RNGC1,6.74
2008-10-08,RNGC2,7.07
2008-10-08,RNGC3,7.38
2008-10-08,RNGC4,7.45
2008-10-09,RNGC1,6.83
2008-10-09,RNGC2,7.16
2008-10-09,RNGC3,7.46
2008-10-09,RNGC4,7.53
2008-10-10,RNGC1,6.54
2008-10-10,RNGC2,6.88
2008-10-10,RNGC3,7.19
2008-10-10,RNGC4,7.25
2008-10-13,RNGC1,6.69
2008-10-13,RNGC2,7.03
2008-10-13,RNGC3,7.33
2008-10-13,RNGC4,7.39
2008-10-14,RNGC1,6.73
2008-10-14,RNGC2,7.05
2008-10-14,RNGC3,7.32
2008-10-14,RNGC4,7.37
2008-10-15,RNGC1,6.59
2008-10-15,RNGC2,6.88
2008-10-15,RNGC3,7.14
2008-10-15,RNGC4,7.19
2008-10-16,RNGC1,6.7
2008-10-16,RNGC2,6.97
2008-10-16,RNGC3,7.22
2008-10-16,RNGC4,7.27
2008-10-17,RNGC1,6.79
2008-10-17,RNGC2,7.08
2008-10-17,RNGC3,7.31
2008-10-17,RNGC4,7.36
2008-10-20,RNGC1,6.74
2008-10-20,RNGC2,6.99
2008-10-20,RNGC3,7.21
2008-10-20,RNGC4,7.27
2008-10-21,RNGC1,6.84
2008-10-21,RNGC2,7.09
2008-10-21,RNGC3,7.31
2008-10-21,RNGC4,7.37
2008-10-22,RNGC1,6.78
2008-10-22,RNGC2,6.98
2008-10-22,RNGC3,7.21
2008-10-22,RNGC4,7.27
2008-10-23,RNGC1,6.42
2008-10-23,RNGC2,6.62
2008-10-23,RNGC3,6.89
2008-10-23,RNGC4,6.95
2008-10-24,RNGC1,6.24
2008-10-24,RNGC2,6.46
2008-10-24,RNGC3,6.75
2008-10-24,RNGC4,6.81
2008-10-27,RNGC1,6.12
2008-10-27,RNGC2,6.34
2008-10-27,RNGC3,6.63
2008-10-27,RNGC4,6.69
2008-10-28,RNGC1,6.19
2008-10-28,RNGC2,6.42
2008-10-28,RNGC3,6.7
2008-10-28,RNGC4,6.76
2008-10-29,RNGC1,6.47
2008-10-29,RNGC2,6.78
2008-10-29,RNGC3,7.06
2008-10-29,RNGC4,7.11
2008-10-30,RNGC1,6.43
2008-10-30,RNGC2,6.73
2008-10-30,RNGC3,6.8
2008-10-30,RNGC4,6.75
2008-10-31,RNGC1,6.78
2008-10-31,RNGC2,7.05
2008-10-31,RNGC3,7.11
2008-10-31,RNGC4,7.05
2008-11-03,RNGC1,6.84
2008-11-03,RNGC2,7.09
2008-11-03,RNGC3,7.15
2008-11-03,RNGC4,7.09
2008-11-04,RNGC1,7.22
2008-11-04,RNGC2,7.45
2008-11-04,RNGC3,7.5
2008-11-04,RNGC4,7.44
2008-11-05,RNGC1,7.25
2008-11-05,RNGC2,7.49
2008-11-05,RNGC3,7.54
2008-11-05,RNGC4,7.48
2008-11-06,RNGC1,6.98
2008-11-06,RNGC2,7.2
2008-11-06,RNGC3,7.25
2008-11-06,RNGC4,7.21
2008-11-07,RNGC1,6.76
2008-11-07,RNGC2,6.97
2008-11-07,RNGC3,7.02
2008-11-07,RNGC4,6.99
2008-11-10,RNGC1,7.25
2008-11-10,RNGC2,7.42
2008-11-10,RNGC3,7.46
2008-11-10,RNGC4,7.4
2008-11-11,RNGC1,6.71
2008-11-11,RNGC2,6.85
2008-11-11,RNGC3,6.92
2008-11-11,RNGC4,6.89
2008-11-12,RNGC1,6.41
2008-11-12,RNGC2,6.56
2008-11-12,RNGC3,6.63
2008-11-12,RNGC4,6.6
2008-11-13,RNGC1,6.32
2008-11-13,RNGC2,6.48
2008-11-13,RNGC3,6.56
2008-11-13,RNGC4,6.55
2008-11-14,RNGC1,6.31
2008-11-14,RNGC2,6.47
2008-11-14,RNGC3,6.55
2008-11-14,RNGC4,6.55
2008-11-17,RNGC1,6.53
2008-11-17,RNGC2,6.64
2008-11-17,RNGC3,6.7
2008-11-17,RNGC4,6.69
2008-11-18,RNGC1,6.52
2008-11-18,RNGC2,6.6
2008-11-18,RNGC3,6.66
2008-11-18,RNGC4,6.66
2008-11-19,RNGC1,6.74
2008-11-19,RNGC2,6.81
2008-11-19,RNGC3,6.85
2008-11-19,RNGC4,6.82
2008-11-20,RNGC1,6.32
2008-11-20,RNGC2,6.39
2008-11-20,RNGC3,6.45
2008-11-20,RNGC4,6.44
2008-11-21,RNGC1,6.48
2008-11-21,RNGC2,6.5
2008-11-21,RNGC3,6.54
2008-11-21,RNGC4,6.52
2008-11-24,RNGC1,6.89
2008-11-24,RNGC2,6.83
2008-11-24,RNGC3,6.85
2008-11-24,RNGC4,6.81
2008-11-25,RNGC1,6.39
2008-11-25,RNGC2,6.44
2008-11-25,RNGC3,6.41
2008-11-25,RNGC4,6.4
2008-11-26,RNGC1,6.88
2008-11-26,RNGC2,6.9
2008-11-26,RNGC3,6.84
2008-11-26,RNGC4,6.8
2008-11-28,RNGC1,6.51
2008-11-28,RNGC2,6.57
2008-11-28,RNGC3,6.54
2008-11-28,RNGC4,6.53
2008-12-01,RNGC1,6.6
2008-12-01,RNGC2,6.64
2008-12-01,RNGC3,6.59
2008-12-01,RNGC4,6.59
2008-12-02,RNGC1,6.42
2008-12-02,RNGC2,6.45
2008-12-02,RNGC3,6.43
2008-12-02,RNGC4,6.43
2008-12-03,RNGC1,6.35
2008-12-03,RNGC2,6.37
2008-12-03,RNGC3,6.35
2008-12-03,RNGC4,6.37
2008-12-04,RNGC1,6.02
2008-12-04,RNGC2,6.05
2008-12-04,RNGC3,6.05
2008-12-04,RNGC4,6.09
2008-12-05,RNGC1,5.74
2008-12-05,RNGC2,5.77
2008-12-05,RNGC3,5.77
2008-12-05,RNGC4,5.81
2008-12-08,RNGC1,5.57
2008-12-08,RNGC2,5.61
2008-12-08,RNGC3,5.63
2008-12-08,RNGC4,5.7
2008-12-09,RNGC1,5.58
2008-12-09,RNGC2,5.63
2008-12-09,RNGC3,5.67
2008-12-09,RNGC4,5.73
2008-12-10,RNGC1,5.69
2008-12-10,RNGC2,5.75
2008-12-10,RNGC3,5.79
2008-12-10,RNGC4,5.84
2008-12-11,RNGC1,5.6
2008-12-11,RNGC2,5.66
2008-12-11,RNGC3,5.71
2008-12-11,RNGC4,5.77
2008-12-12,RNGC1,5.49
2008-12-12,RNGC2,5.52
2008-12-12,RNGC3,5.55
2008-12-12,RNGC4,5.61
2008-12-15,RNGC1,5.65
2008-12-15,RNGC2,5.68
2008-12-15,RNGC3,5.68
2008-12-15,RNGC4,5.72
2008-12-16,RNGC1,5.75
2008-12-16,RNGC2,5.78
2008-12-16,RNGC3,5.8
2008-12-16,RNGC4,5.83
2008-12-17,RNGC1,5.62
2008-12-17,RNGC2,5.67
2008-12-17,RNGC3,5.71
2008-12-17,RNGC4,5.78
2008-12-18,RNGC1,5.56
2008-12-18,RNGC2,5.62
2008-12-18,RNGC3,5.65
2008-12-18,RNGC4,5.71
2008-12-19,RNGC1,5.33
2008-12-19,RNGC2,5.38
2008-12-19,RNGC3,5.44
2008-12-19,RNGC4,5.52
2008-12-22,RNGC1,5.29
2008-12-22,RNGC2,5.33
2008-12-22,RNGC3,5.38
2008-12-22,RNGC4,5.46
2008-12-23,RNGC1,5.74
2008-12-23,RNGC2,5.78
2008-12-23,RNGC3,5.81
2008-12-23,RNGC4,5.85
2008-12-24,RNGC1,5.91
2008-12-24,RNGC2,5.92
2008-12-24,RNGC3,5.94
2008-12-24,RNGC4,5.98
2008-12-26,RNGC1,5.83
2008-12-26,RNGC2,5.81
2008-12-26,RNGC3,5.85
2008-12-26,RNGC4,5.89
2008-12-29,RNGC1,6.08
2008-12-29,RNGC2,6.1
2008-12-29,RNGC3,6.12
2008-12-29,RNGC4,6.17
2008-12-30,RNGC1,5.86
2008-12-30,RNGC2,5.89
2008-12-30,RNGC3,5.93
2008-12-30,RNGC4,5.99
2008-12-31,RNGC1,5.62
2008-12-31,RNGC2,5.66
2008-12-31,RNGC3,5.73
2008-12-31,RNGC4,5.8
2009-01-02,RNGC1,5.97
2009-01-02,RNGC2,5.99
2009-01-02,RNGC3,6.03
2009-01-02,RNGC4,6.09
2009-01-05,RNGC1,6.07
2009-01-05,RNGC2,6.09
2009-01-05,RNGC3,6.13
2009-01-05,RNGC4,6.19
2009-01-06,RNGC1,5.98
2009-01-06,RNGC2,6.0
2009-01-06,RNGC3,6.04
2009-01-06,RNGC4,6.11
2009-01-07,RNGC1,5.87
2009-01-07,RNGC2,5.87
2009-01-07,RNGC3,5.92
2009-01-07,RNGC4,5.99
2009-01-08,RNGC1,5.58
2009-01-08,RNGC2,5.56
2009-01-08,RNGC3,5.61
2009-01-08,RNGC4,5.69
2009-01-09,RNGC1,5.52
2009-01-09,RNGC2,5.49
2009-01-09,RNGC3,5.54
2009-01-09,RNGC4,5.62
2009-01-12,RNGC1,5.54
2009-01-12,RNGC2,5.52
2009-01-12,RNGC3,5.57
2009-01-12,RNGC4,5.65
2009-01-13,RNGC1,5.18
2009-01-13,RNGC2,5.16
2009-01-13,RNGC3,5.23
2009-01-13,RNGC4,5.32
2009-01-14,RNGC1,4.97
2009-01-14,RNGC2,4.97
2009-01-14,RNGC3,5.05
2009-01-14,RNGC4,5.14
2009-01-15,RNGC1,4.84
2009-01-15,RNGC2,4.84
2009-01-15,RNGC3,4.91
2009-01-15,RNGC4,5.0
2009-01-16,RNGC1,4.8
2009-01-16,RNGC2,4.81
2009-01-16,RNGC3,4.89
2009-01-16,RNGC4,4.96
2009-01-20,RNGC1,4.64
2009-01-20,RNGC2,4.63
2009-01-20,RNGC3,4.7
2009-01-20,RNGC4,4.77
2009-01-21,RNGC1,4.78
2009-01-21,RNGC2,4.75
2009-01-21,RNGC3,4.81
2009-01-21,RNGC4,4.88
2009-01-22,RNGC1,4.68
2009-01-22,RNGC2,4.66
2009-01-22,RNGC3,4.72
2009-01-22,RNGC4,4.79
2009-01-23,RNGC1,4.52
2009-01-23,RNGC2,4.49
2009-01-23,RNGC3,4.57
2009-01-23,RNGC4,4.64
2009-01-26,RNGC1,4.49
2009-01-26,RNGC2,4.46
2009-01-26,RNGC3,4.53
2009-01-26,RNGC4,4.61
2009-01-27,RNGC1,4.5
2009-01-27,RNGC2,4.45
2009-01-27,RNGC3,4.51
2009-01-27,RNGC4,4.58
2009-01-28,RNGC1,4.48
2009-01-28,RNGC2,4.42
2009-01-28,RNGC3,4.49
2009-01-28,RNGC4,4.57
2009-01-29,RNGC1,4.58
2009-01-29,RNGC2,4.65
2009-01-29,RNGC3,4.72
2009-01-29,RNGC4,4.83
2009-01-30,RNGC1,4.42
2009-01-30,RNGC2,4.49
2009-01-30,RNGC3,4.57
2009-01-30,RNGC4,4.69
2009-02-02,RNGC1,4.56
2009-02-02,RNGC2,4.6
2009-02-02,RNGC3,4.69
2009-02-02,RNGC4,4.8
2009-02-03,RNGC1,4.51
2009-02-03,RNGC2,4.58
2009-02-03,RNGC3,4.67
2009-02-03,RNGC4,4.8
2009-02-04,RNGC1,4.6
2009-02-04,RNGC2,4.65
2009-02-04,RNGC3,4.74
2009-02-04,RNGC4,4.87
2009-02-05,RNGC1,4.64
2009-02-05,RNGC2,4.69
2009-02-05,RNGC3,4.77
2009-02-05,RNGC4,4.9
2009-02-06,RNGC1,4.77
2009-02-06,RNGC2,4.81
2009-02-06,RNGC3,4.9
2009-02-06,RNGC4,5.03
2009-02-09,RNGC1,4.81
2009-02-09,RNGC2,4.86
2009-02-09,RNGC3,4.95
2009-02-09,RNGC4,5.08
2009-02-10,RNGC1,4.54
2009-02-10,RNGC2,4.6
2009-02-10,RNGC3,4.7
2009-02-10,RNGC4,4.84
2009-02-11,RNGC1,4.53
2009-02-11,RNGC2,4.58
2009-02-11,RNGC3,4.67
2009-02-11,RNGC4,4.81
2009-02-12,RNGC1,4.49
2009-02-12,RNGC2,4.5
2009-02-12,RNGC3,4.6
2009-02-12,RNGC4,4.74
2009-02-13,RNGC1,4.45
2009-02-13,RNGC2,4.46
2009-02-13,RNGC3,4.55
2009-02-13,RNGC4,4.69
2009-02-17,RNGC1,4.2
2009-02-17,RNGC2,4.22
2009-02-17,RNGC3,4.31
2009-02-17,RNGC4,4.44
2009-02-18,RNGC1,4.21
2009-02-18,RNGC2,4.24
2009-02-18,RNGC3,4.33
2009-02-18,RNGC4,4.45
2009-02-19,RNGC1,4.08
2009-02-19,RNGC2,4.11
2009-02-19,RNGC3,4.2
2009-02-19,RNGC4,4.33
2009-02-20,RNGC1,4.01
2009-02-20,RNGC2,4.04
2009-02-20,RNGC3,4.13
2009-02-20,RNGC4,4.25
2009-02-23,RNGC1,4.1
2009-02-23,RNGC2,4.1
2009-02-23,RNGC3,4.19
2009-02-23,RNGC4,4.31
2009-02-24,RNGC1,4.24
2009-02-24,RNGC2,4.19
2009-02-24,RNGC3,4.28
2009-02-24,RNGC4,4.41
2009-02-25,RNGC1,4.06
2009-02-25,RNGC2,4.03
2009-02-25,RNGC3,4.12
2009-02-25,RNGC4,4.25
2009-02-26,RNGC1,4.08
2009-02-26,RNGC2,4.17
2009-02-26,RNGC3,4.31
2009-02-26,RNGC4,4.45
2009-02-27,RNGC1,4.198
2009-02-27,RNGC2,4.28
2009-02-27,RNGC3,4.41
2009-02-27,RNGC4,4.55
2009-03-02,RNGC1,4.15
2009-03-02,RNGC2,4.23
2009-03-02,RNGC3,4.36
2009-03-02,RNGC4,4.5
2009-03-03,RNGC1,4.28
2009-03-03,RNGC2,4.35
2009-03-03,RNGC3,4.47
2009-03-03,RNGC4,4.6
2009-03-04,RNGC1,4.34
2009-03-04,RNGC2,4.42
2009-03-04,RNGC3,4.54
2009-03-04,RNGC4,4.67
2009-03-05,RNGC1,4.09
2009-03-05,RNGC2,4.18
2009-03-05,RNGC3,4.31
2009-03-05,RNGC4,4.45
2009-03-06,RNGC1,3.95
2009-03-06,RNGC2,4.02
2009-03-06,RNGC3,4.14
2009-03-06,RNGC4,4.29
2009-03-09,RNGC1,3.87
2009-03-09,RNGC2,3.93
2009-03-09,RNGC3,4.05
2009-03-09,RNGC4,4.2
2009-03-10,RNGC1,3.84
2009-03-10,RNGC2,3.91
2009-03-10,RNGC3,4.03
2009-03-10,RNGC4,4.18
2009-03-11,RNGC1,3.8
2009-03-11,RNGC2,3.86
2009-03-11,RNGC3,3.98
2009-03-11,RNGC4,4.12
2009-03-12,RNGC1,4.0
2009-03-12,RNGC2,4.06
2009-03-12,RNGC3,4.18
2009-03-12,RNGC4,4.32
2009-03-13,RNGC1,3.93
2009-03-13,RNGC2,4.01
2009-03-13,RNGC3,4.13
2009-03-13,RNGC4,4.26
2009-03-16,RNGC1,3.85
2009-03-16,RNGC2,3.92
2009-03-16,RNGC3,4.04
2009-03-16,RNGC4,4.18
2009-03-17,RNGC1,3.81
2009-03-17,RNGC2,3.88
2009-03-17,RNGC3,4.0
2009-03-17,RNGC4,4.13
2009-03-18,RNGC1,3.68
2009-03-18,RNGC2,3.76
2009-03-18,RNGC3,3.88
2009-03-18,RNGC4,4.02
2009-03-19,RNGC1,4.17
2009-03-19,RNGC2,4.24
2009-03-19,RNGC3,4.36
2009-03-19,RNGC4,4.49
2009-03-20,RNGC1,4.23
2009-03-20,RNGC2,4.31
2009-03-20,RNGC3,4.43
2009-03-20,RNGC4,4.56
2009-03-23,RNGC1,4.29
2009-03-23,RNGC2,4.38
2009-03-23,RNGC3,4.5
2009-03-23,RNGC4,4.63
2009-03-24,RNGC1,4.35
2009-03-24,RNGC2,4.44
2009-03-24,RNGC3,4.57
2009-03-24,RNGC4,4.7
2009-03-25,RNGC1,4.33
2009-03-25,RNGC2,4.42
2009-03-25,RNGC3,4.54
2009-03-25,RNGC4,4.67
2009-03-26,RNGC1,3.95
2009-03-26,RNGC2,4.03
2009-03-26,RNGC3,4.17
2009-03-26,RNGC4,4.31
2009-03-27,RNGC1,3.63
2009-03-27,RNGC2,3.74
2009-03-27,RNGC3,3.87
2009-03-27,RNGC4,4.02
2009-03-30,RNGC1,3.74
2009-03-30,RNGC2,3.87
2009-03-30,RNGC3,4.02
2009-03-30,RNGC4,4.12
2009-03-31,RNGC1,3.78
2009-03-31,RNGC2,3.92
2009-03-31,RNGC3,4.08
2009-03-31,RNGC4,4.16
2009-04-01,RNGC1,3.7
2009-04-01,RNGC2,3.83
2009-04-01,RNGC3,3.98
2009-04-01,RNGC4,4.08
2009-04-02,RNGC1,3.78
2009-04-02,RNGC2,3.91
2009-04-02,RNGC3,4.06
2009-04-02,RNGC4,4.16
2009-04-03,RNGC1,3.8
2009-04-03,RNGC2,3.93
2009-04-03,RNGC3,4.07
2009-04-03,RNGC4,4.18
2009-04-06,RNGC1,3.73
2009-04-06,RNGC2,3.86
2009-04-06,RNGC3,4.0
2009-04-06,RNGC4,4.11
2009-04-07,RNGC1,3.56
2009-04-07,RNGC2,3.69
2009-04-07,RNGC3,3.85
2009-04-07,RNGC4,3.96
2009-04-08,RNGC1,3.63
2009-04-08,RNGC2,3.76
2009-04-08,RNGC3,3.92
2009-04-08,RNGC4,4.04
2009-04-09,RNGC1,3.61
2009-04-09,RNGC2,3.75
2009-04-09,RNGC3,3.91
2009-04-09,RNGC4,4.02
2009-04-13,RNGC1,3.63
2009-04-13,RNGC2,3.77
2009-04-13,RNGC3,3.93
2009-04-13,RNGC4,4.05
2009-04-14,RNGC1,3.69
2009-04-14,RNGC2,3.83
2009-04-14,RNGC3,4.0
2009-04-14,RNGC4,4.12
2009-04-15,RNGC1,3.69
2009-04-15,RNGC2,3.83
2009-04-15,RNGC3,3.99
2009-04-15,RNGC4,4.11
2009-04-16,RNGC1,3.6
2009-04-16,RNGC2,3.73
2009-04-16,RNGC3,3.89
2009-04-16,RNGC4,4.02
2009-04-17,RNGC1,3.73
2009-04-17,RNGC2,3.86
2009-04-17,RNGC3,4.02
2009-04-17,RNGC4,4.14
2009-04-20,RNGC1,3.54
2009-04-20,RNGC2,3.67
2009-04-20,RNGC3,3.83
2009-04-20,RNGC4,3.95
2009-04-21,RNGC1,3.51
2009-04-21,RNGC2,3.64
2009-04-21,RNGC3,3.79
2009-04-21,RNGC4,3.91
2009-04-22,RNGC1,3.53
2009-04-22,RNGC2,3.65
2009-04-22,RNGC3,3.79
2009-04-22,RNGC4,3.91
2009-04-23,RNGC1,3.41
2009-04-23,RNGC2,3.52
2009-04-23,RNGC3,3.66
2009-04-23,RNGC4,3.79
2009-04-24,RNGC1,3.3
2009-04-24,RNGC2,3.4
2009-04-24,RNGC3,3.55
2009-04-24,RNGC4,3.68
2009-04-27,RNGC1,3.25
2009-04-27,RNGC2,3.36
2009-04-27,RNGC3,3.51
2009-04-27,RNGC4,3.64
2009-04-28,RNGC1,3.32
2009-04-28,RNGC2,3.44
2009-04-28,RNGC3,3.58
2009-04-28,RNGC4,3.71
2009-04-29,RNGC1,3.4
2009-04-29,RNGC2,3.54
2009-04-29,RNGC3,3.67
2009-04-29,RNGC4,3.74
2009-04-30,RNGC1,3.37
2009-04-30,RNGC2,3.52
2009-04-30,RNGC3,3.64
2009-04-30,RNGC4,3.72
2009-05-01,RNGC1,3.55
2009-05-01,RNGC2,3.68
2009-05-01,RNGC3,3.8
2009-05-01,RNGC4,3.87
2009-05-04,RNGC1,3.73
2009-05-04,RNGC2,3.86
2009-05-04,RNGC3,3.98
2009-05-04,RNGC4,4.05
2009-05-05,RNGC1,3.62
2009-05-05,RNGC2,3.75
2009-05-05,RNGC3,3.88
2009-05-05,RNGC4,3.95
2009-05-06,RNGC1,3.89
2009-05-06,RNGC2,4.01
2009-05-06,RNGC3,4.13
2009-05-06,RNGC4,4.2
2009-05-07,RNGC1,4.08
2009-05-07,RNGC2,4.2
2009-05-07,RNGC3,4.31
2009-05-07,RNGC4,4.38
2009-05-08,RNGC1,4.31
2009-05-08,RNGC2,4.42
2009-05-08,RNGC3,4.52
2009-05-08,RNGC4,4.59
2009-05-11,RNGC1,4.3
2009-05-11,RNGC2,4.41
2009-05-11,RNGC3,4.52
2009-05-11,RNGC4,4.58
2009-05-12,RNGC1,4.45
2009-05-12,RNGC2,4.56
2009-05-12,RNGC3,4.66
2009-05-12,RNGC4,4.73
2009-05-13,RNGC1,4.33
2009-05-13,RNGC2,4.46
2009-05-13,RNGC3,4.56
2009-05-13,RNGC4,4.64
2009-05-14,RNGC1,4.29
2009-05-14,RNGC2,4.41
2009-05-14,RNGC3,4.52
2009-05-14,RNGC4,4.61
2009-05-15,RNGC1,4.1
2009-05-15,RNGC2,4.22
2009-05-15,RNGC3,4.33
2009-05-15,RNGC4,4.42
2009-05-18,RNGC1,4.14
2009-05-18,RNGC2,4.27
2009-05-18,RNGC3,4.38
2009-05-18,RNGC4,4.47
2009-05-19,RNGC1,3.91
2009-05-19,RNGC2,4.03
2009-05-19,RNGC3,4.16
2009-05-19,RNGC4,4.25
2009-05-20,RNGC1,3.97
2009-05-20,RNGC2,4.1
2009-05-20,RNGC3,4.22
2009-05-20,RNGC4,4.32
2009-05-21,RNGC1,3.6
2009-05-21,RNGC2,3.73
2009-05-21,RNGC3,3.86
2009-05-21,RNGC4,3.95
2009-05-22,RNGC1,3.52
2009-05-22,RNGC2,3.64
2009-05-22,RNGC3,3.77
2009-05-22,RNGC4,3.87
2009-05-26,RNGC1,3.54
2009-05-26,RNGC2,3.64
2009-05-26,RNGC3,3.77
2009-05-26,RNGC4,3.87
2009-05-27,RNGC1,3.54
2009-05-27,RNGC2,3.64
2009-05-27,RNGC3,3.76
2009-05-27,RNGC4,3.86
2009-05-28,RNGC1,3.96
2009-05-28,RNGC2,4.08
2009-05-28,RNGC3,4.17
2009-05-28,RNGC4,4.33
2009-05-29,RNGC1,3.84
2009-05-29,RNGC2,3.96
2009-05-29,RNGC3,4.06
2009-05-29,RNGC4,4.21
2009-06-01,RNGC1,4.25
2009-06-01,RNGC2,4.37
2009-06-01,RNGC3,4.47
2009-06-01,RNGC4,4.63
2009-06-02,RNGC1,4.12
2009-06-02,RNGC2,4.26
2009-06-02,RNGC3,4.37
2009-06-02,RNGC4,4.53
2009-06-03,RNGC1,3.77
2009-06-03,RNGC2,3.92
2009-06-03,RNGC3,4.04
2009-06-03,RNGC4,4.22
2009-06-04,RNGC1,3.81
2009-06-04,RNGC2,3.97
2009-06-04,RNGC3,4.1
2009-06-04,RNGC4,4.3
2009-06-05,RNGC1,3.87
2009-06-05,RNGC2,4.04
2009-06-05,RNGC3,4.19
2009-06-05,RNGC4,4.4
2009-06-08,RNGC1,3.73
2009-06-08,RNGC2,3.93
2009-06-08,RNGC3,4.1
2009-06-08,RNGC4,4.33
2009-06-09,RNGC1,3.73
2009-06-09,RNGC2,3.93
2009-06-09,RNGC3,4.11
2009-06-09,RNGC4,4.35
2009-06-10,RNGC1,3.71
2009-06-10,RNGC2,3.9
2009-06-10,RNGC3,4.07
2009-06-10,RNGC4,4.31
2009-06-11,RNGC1,3.93
2009-06-11,RNGC2,4.15
2009-06-11,RNGC3,4.32
2009-06-11,RNGC4,4.56
2009-06-12,RNGC1,3.86
2009-06-12,RNGC2,4.07
2009-06-12,RNGC3,4.24
2009-06-12,RNGC4,4.49
2009-06-15,RNGC1,4.18
2009-06-15,RNGC2,4.38
2009-06-15,RNGC3,4.53
2009-06-15,RNGC4,4.77
2009-06-16,RNGC1,4.09
2009-06-16,RNGC2,4.27
2009-06-16,RNGC3,4.41
2009-06-16,RNGC4,4.63
2009-06-17,RNGC1,4.25
2009-06-17,RNGC2,4.42
2009-06-17,RNGC3,4.55
2009-06-17,RNGC4,4.75
2009-06-18,RNGC1,4.09
2009-06-18,RNGC2,4.28
2009-06-18,RNGC3,4.41
2009-06-18,RNGC4,4.61
2009-06-19,RNGC1,4.03
2009-06-19,RNGC2,4.19
2009-06-19,RNGC3,4.32
2009-06-19,RNGC4,4.51
2009-06-22,RNGC1,3.93
2009-06-22,RNGC2,4.07
2009-06-22,RNGC3,4.19
2009-06-22,RNGC4,4.38
2009-06-23,RNGC1,3.88
2009-06-23,RNGC2,4.01
2009-06-23,RNGC3,4.13
2009-06-23,RNGC4,4.32
2009-06-24,RNGC1,3.76
2009-06-24,RNGC2,3.91
2009-06-24,RNGC3,4.05
2009-06-24,RNGC4,4.26
2009-06-25,RNGC1,3.84
2009-06-25,RNGC2,3.99
2009-06-25,RNGC3,4.12
2009-06-25,RNGC4,4.33
2009-06-26,RNGC1,3.95
2009-06-26,RNGC2,4.11
2009-06-26,RNGC3,4.24
2009-06-26,RNGC4,4.45
2009-06-29,RNGC1,3.94
2009-06-29,RNGC2,4.1
2009-06-29,RNGC3,4.33
2009-06-29,RNGC4,4.98
2009-06-30,RNGC1,3.84
2009-06-30,RNGC2,3.98
2009-06-30,RNGC3,4.2
2009-06-30,RNGC4,4.86
2009-07-01,RNGC1,3.8
2009-07-01,RNGC2,3.94
2009-07-01,RNGC3,4.18
2009-07-01,RNGC4,4.85
2009-07-02,RNGC1,3.62
2009-07-02,RNGC2,3.76
2009-07-02,RNGC3,4.0
2009-07-02,RNGC4,4.69
2009-07-06,RNGC1,3.49
2009-07-06,RNGC2,3.62
2009-07-06,RNGC3,3.85
2009-07-06,RNGC4,4.57
2009-07-07,RNGC1,3.43
2009-07-07,RNGC2,3.56
2009-07-07,RNGC3,3.78
2009-07-07,RNGC4,4.48
2009-07-08,RNGC1,3.35
2009-07-08,RNGC2,3.48
2009-07-08,RNGC3,3.69
2009-07-08,RNGC4,4.4
2009-07-09,RNGC1,3.41
2009-07-09,RNGC2,3.53
2009-07-09,RNGC3,3.73
2009-07-09,RNGC4,4.43
2009-07-10,RNGC1,3.37
2009-07-10,RNGC2,3.49
2009-07-10,RNGC3,3.71
2009-07-10,RNGC4,4.39
2009-07-13,RNGC1,3.26
2009-07-13,RNGC2,3.4
2009-07-13,RNGC3,3.63
2009-07-13,RNGC4,4.29
2009-07-14,RNGC1,3.43
2009-07-14,RNGC2,3.57
2009-07-14,RNGC3,3.79
2009-07-14,RNGC4,4.45
2009-07-15,RNGC1,3.28
2009-07-15,RNGC2,3.43
2009-07-15,RNGC3,3.67
2009-07-15,RNGC4,4.34
2009-07-16,RNGC1,3.67
2009-07-16,RNGC2,3.81
2009-07-16,RNGC3,4.02
2009-07-16,RNGC4,4.67
2009-07-17,RNGC1,3.67
2009-07-17,RNGC2,3.82
2009-07-17,RNGC3,4.03
2009-07-17,RNGC4,4.67
2009-07-20,RNGC1,3.69
2009-07-20,RNGC2,3.84
2009-07-20,RNGC3,4.05
2009-07-20,RNGC4,4.69
2009-07-21,RNGC1,3.71
2009-07-21,RNGC2,3.85
2009-07-21,RNGC3,4.06
2009-07-21,RNGC4,4.72
2009-07-22,RNGC1,3.79
2009-07-22,RNGC2,3.94
2009-07-22,RNGC3,4.15
2009-07-22,RNGC4,4.8
2009-07-23,RNGC1,3.55
2009-07-23,RNGC2,3.71
2009-07-23,RNGC3,3.94
2009-07-23,RNGC4,4.61
2009-07-24,RNGC1,3.7
2009-07-24,RNGC2,3.86
2009-07-24,RNGC3,4.09
2009-07-24,RNGC4,4.76
2009-07-27,RNGC1,3.6
2009-07-27,RNGC2,3.77
2009-07-27,RNGC3,4.01
2009-07-27,RNGC4,4.7
2009-07-28,RNGC1,3.54
2009-07-28,RNGC2,3.69
2009-07-28,RNGC3,3.92
2009-07-28,RNGC4,4.62
2009-07-29,RNGC1,3.38
2009-07-29,RNGC2,3.55
2009-07-29,RNGC3,3.79
2009-07-29,RNGC4,4.49
2009-07-30,RNGC1,3.74
2009-07-30,RNGC2,3.99
2009-07-30,RNGC3,4.7
2009-07-30,RNGC4,5.39
2009-07-31,RNGC1,3.65
2009-07-31,RNGC2,3.91
2009-07-31,RNGC3,4.66
2009-07-31,RNGC4,5.36
2009-08-03,RNGC1,4.03
2009-08-03,RNGC2,4.29
2009-08-03,RNGC3,5.01
2009-08-03,RNGC4,5.7
2009-08-04,RNGC1,4.0
2009-08-04,RNGC2,4.28
2009-08-04,RNGC3,5.01
2009-08-04,RNGC4,5.69
2009-08-05,RNGC1,4.04
2009-08-05,RNGC2,4.33
2009-08-05,RNGC3,5.06
2009-08-05,RNGC4,5.75
2009-08-06,RNGC1,3.74
2009-08-06,RNGC2,4.01
2009-08-06,RNGC3,4.77
2009-08-06,RNGC4,5.49
2009-08-07,RNGC1,3.67
2009-08-07,RNGC2,3.94
2009-08-07,RNGC3,4.72
2009-08-07,RNGC4,5.45
2009-08-10,RNGC1,3.64
2009-08-10,RNGC2,3.92
2009-08-10,RNGC3,4.73
2009-08-10,RNGC4,5.45
2009-08-11,RNGC1,3.54
2009-08-11,RNGC2,3.81
2009-08-11,RNGC3,4.66
2009-08-11,RNGC4,5.4
2009-08-12,RNGC1,3.48
2009-08-12,RNGC2,3.77
2009-08-12,RNGC3,4.64
2009-08-12,RNGC4,5.41
2009-08-13,RNGC1,3.34
2009-08-13,RNGC2,3.67
2009-08-13,RNGC3,4.56
2009-08-13,RNGC4,5.34
2009-08-14,RNGC1,3.24
2009-08-14,RNGC2,3.64
2009-08-14,RNGC3,4.52
2009-08-14,RNGC4,5.31
2009-08-17,RNGC1,3.16
2009-08-17,RNGC2,3.56
2009-08-17,RNGC3,4.41
2009-08-17,RNGC4,5.19
2009-08-18,RNGC1,3.1
2009-08-18,RNGC2,3.46
2009-08-18,RNGC3,4.33
2009-08-18,RNGC4,5.11
2009-08-19,RNGC1,3.12
2009-08-19,RNGC2,3.47
2009-08-19,RNGC3,4.33
2009-08-19,RNGC4,5.11
2009-08-20,RNGC1,2.95
2009-08-20,RNGC2,3.32
2009-08-20,RNGC3,4.24
2009-08-20,RNGC4,5.05
2009-08-21,RNGC1,2.8
2009-08-21,RNGC2,3.23
2009-08-21,RNGC3,4.2
2009-08-21,RNGC4,5.03
2009-08-24,RNGC1,2.92
2009-08-24,RNGC2,3.34
2009-08-24,RNGC3,4.31
2009-08-24,RNGC4,5.13
2009-08-25,RNGC1,2.88
2009-08-25,RNGC2,3.29
2009-08-25,RNGC3,4.26
2009-08-25,RNGC4,5.09
2009-08-26,RNGC1,2.91
2009-08-26,RNGC2,3.29
2009-08-26,RNGC3,4.27
2009-08-26,RNGC4,5.1
2009-08-27,RNGC1,2.84
2009-08-27,RNGC2,3.21
2009-08-27,RNGC3,4.19
2009-08-27,RNGC4,5.05
2009-08-28,RNGC1,3.03
2009-08-28,RNGC2,4.05
2009-08-28,RNGC3,4.91
2009-08-28,RNGC4,5.21
2009-08-31,RNGC1,2.98
2009-08-31,RNGC2,4.0
2009-08-31,RNGC3,4.83
2009-08-31,RNGC4,5.13
2009-09-01,RNGC1,2.82
2009-09-01,RNGC2,3.87
2009-09-01,RNGC3,4.7
2009-09-01,RNGC4,5.0
2009-09-02,RNGC1,2.72
2009-09-02,RNGC2,3.87
2009-09-02,RNGC3,4.69
2009-09-02,RNGC4,4.98
2009-09-03,RNGC1,2.51
2009-09-03,RNGC2,3.66
2009-09-03,RNGC3,4.51
2009-09-03,RNGC4,4.82
2009-09-04,RNGC1,2.73
2009-09-04,RNGC2,3.74
2009-09-04,RNGC3,4.5
2009-09-04,RNGC4,4.8
2009-09-08,RNGC1,2.81
2009-09-08,RNGC2,3.86
2009-09-08,RNGC3,4.59
2009-09-08,RNGC4,4.9
2009-09-09,RNGC1,2.83
2009-09-09,RNGC2,3.87
2009-09-09,RNGC3,4.61
2009-09-09,RNGC4,4.91
2009-09-10,RNGC1,3.26
2009-09-10,RNGC2,4.25
2009-09-10,RNGC3,4.96
2009-09-10,RNGC4,5.24
2009-09-11,RNGC1,2.96
2009-09-11,RNGC2,4.01
2009-09-11,RNGC3,4.77
2009-09-11,RNGC4,5.06
2009-09-14,RNGC1,3.3
2009-09-14,RNGC2,4.32
2009-09-14,RNGC3,4.99
2009-09-14,RNGC4,5.27
2009-09-15,RNGC1,3.32
2009-09-15,RNGC2,4.3
2009-09-15,RNGC3,4.96
2009-09-15,RNGC4,5.22
2009-09-16,RNGC1,3.76
2009-09-16,RNGC2,4.72
2009-09-16,RNGC3,5.32
2009-09-16,RNGC4,5.56
2009-09-17,RNGC1,3.46
2009-09-17,RNGC2,4.46
2009-09-17,RNGC3,5.12
2009-09-17,RNGC4,5.36
2009-09-18,RNGC1,3.78
2009-09-18,RNGC2,4.66
2009-09-18,RNGC3,5.32
2009-09-18,RNGC4,5.57
2009-09-21,RNGC1,3.58
2009-09-21,RNGC2,4.42
2009-09-21,RNGC3,5.11
2009-09-21,RNGC4,5.38
2009-09-22,RNGC1,3.61
2009-09-22,RNGC2,4.52
2009-09-22,RNGC3,5.22
2009-09-22,RNGC4,5.49
2009-09-23,RNGC1,3.86
2009-09-23,RNGC2,4.75
2009-09-23,RNGC3,5.45
2009-09-23,RNGC4,5.71
2009-09-24,RNGC1,3.96
2009-09-24,RNGC2,4.9
2009-09-24,RNGC3,5.59
2009-09-24,RNGC4,5.85
2009-09-25,RNGC1,3.99
2009-09-25,RNGC2,4.95
2009-09-25,RNGC3,5.67
2009-09-25,RNGC4,5.92
2009-09-28,RNGC1,3.73
2009-09-28,RNGC2,4.83
2009-09-28,RNGC3,5.59
2009-09-28,RNGC4,5.86
2009-09-29,RNGC1,4.88
2009-09-29,RNGC2,5.67
2009-09-29,RNGC3,5.95
2009-09-29,RNGC4,5.98
2009-09-30,RNGC1,4.84
2009-09-30,RNGC2,5.67
2009-09-30,RNGC3,5.97
2009-09-30,RNGC4,5.99
2009-10-01,RNGC1,4.47
2009-10-01,RNGC2,5.33
2009-10-01,RNGC3,5.64
2009-10-01,RNGC4,5.7
2009-10-02,RNGC1,4.72
2009-10-02,RNGC2,5.52
2009-10-02,RNGC3,5.82
2009-10-02,RNGC4,5.87
2009-10-05,RNGC1,4.99
2009-10-05,RNGC2,5.72
2009-10-05,RNGC3,6.0
2009-10-05,RNGC4,6.04
2009-10-06,RNGC1,4.88
2009-10-06,RNGC2,5.63
2009-10-06,RNGC3,5.91
2009-10-06,RNGC4,5.96
2009-10-07,RNGC1,4.9
2009-10-07,RNGC2,5.68
2009-10-07,RNGC3,5.98
2009-10-07,RNGC4,6.03
2009-10-08,RNGC1,4.96
2009-10-08,RNGC2,5.74
2009-10-08,RNGC3,6.05
2009-10-08,RNGC4,6.1
2009-10-09,RNGC1,4.77
2009-10-09,RNGC2,5.59
2009-10-09,RNGC3,5.91
2009-10-09,RNGC4,5.96
2009-10-12,RNGC1,4.88
2009-10-12,RNGC2,5.74
2009-10-12,RNGC3,6.07
2009-10-12,RNGC4,6.12
2009-10-13,RNGC1,4.59
2009-10-13,RNGC2,5.48
2009-10-13,RNGC3,5.82
2009-10-13,RNGC4,5.88
2009-10-14,RNGC1,4.44
2009-10-14,RNGC2,5.36
2009-10-14,RNGC3,5.68
2009-10-14,RNGC4,5.74
2009-10-15,RNGC1,4.48
2009-10-15,RNGC2,5.41
2009-10-15,RNGC3,5.73
2009-10-15,RNGC4,5.79
2009-10-16,RNGC1,4.78
2009-10-16,RNGC2,5.71
2009-10-16,RNGC3,6.02
2009-10-16,RNGC4,6.07
2009-10-19,RNGC1,4.84
2009-10-19,RNGC2,5.76
2009-10-19,RNGC3,6.07
2009-10-19,RNGC4,6.13
2009-10-20,RNGC1,5.16
2009-10-20,RNGC2,5.94
2009-10-20,RNGC3,6.22
2009-10-20,RNGC4,6.27
2009-10-21,RNGC1,5.1
2009-10-21,RNGC2,5.79
2009-10-21,RNGC3,6.08
2009-10-21,RNGC4,6.14
2009-10-22,RNGC1,4.95
2009-10-22,RNGC2,5.62
2009-10-22,RNGC3,5.92
2009-10-22,RNGC4,5.98
2009-10-23,RNGC1,4.79
2009-10-23,RNGC2,5.48
2009-10-23,RNGC3,5.81
2009-10-23,RNGC4,5.87
2009-10-26,RNGC1,4.51
2009-10-26,RNGC2,5.21
2009-10-26,RNGC3,5.55
2009-10-26,RNGC4,5.61
2009-10-27,RNGC1,4.56
2009-10-27,RNGC2,5.28
2009-10-27,RNGC3,5.63
2009-10-27,RNGC4,5.68
2009-10-28,RNGC1,4.29
2009-10-28,RNGC2,5.07
2009-10-28,RNGC3,5.42
2009-10-28,RNGC4,5.48
2009-10-29,RNGC1,5.06
2009-10-29,RNGC2,5.43
2009-10-29,RNGC3,5.48
2009-10-29,RNGC4,5.46
2009-10-30,RNGC1,5.05
2009-10-30,RNGC2,5.39
2009-10-30,RNGC3,5.44
2009-10-30,RNGC4,5.43
2009-11-02,RNGC1,4.82
2009-11-02,RNGC2,5.16
2009-11-02,RNGC3,5.22
2009-11-02,RNGC4,5.21
2009-11-03,RNGC1,4.92
2009-11-03,RNGC2,5.25
2009-11-03,RNGC3,5.3
2009-11-03,RNGC4,5.28
2009-11-04,RNGC1,4.73
2009-11-04,RNGC2,5.07
2009-11-04,RNGC3,5.13
2009-11-04,RNGC4,5.13
2009-11-05,RNGC1,4.78
2009-11-05,RNGC2,5.12
2009-11-05,RNGC3,5.18
2009-11-05,RNGC4,5.18
2009-11-06,RNGC1,4.6
2009-11-06,RNGC2,4.96
2009-11-06,RNGC3,5.02
2009-11-06,RNGC4,5.04
2009-11-09,RNGC1,4.67
2009-11-09,RNGC2,5.03
2009-11-09,RNGC3,5.1
2009-11-09,RNGC4,5.12
2009-11-10,RNGC1,4.47
2009-11-10,RNGC2,4.86
2009-11-10,RNGC3,4.94
2009-11-10,RNGC4,4.95
2009-11-11,RNGC1,4.5
2009-11-11,RNGC2,4.9
2009-11-11,RNGC3,4.97
2009-11-11,RNGC4,4.99
2009-11-12,RNGC1,4.37
2009-11-12,RNGC2,4.76
2009-11-12,RNGC3,4.84
2009-11-12,RNGC4,4.87
2009-11-13,RNGC1,4.39
2009-11-13,RNGC2,4.8
2009-11-13,RNGC3,4.88
2009-11-13,RNGC4,4.9
2009-11-16,RNGC1,4.61
2009-11-16,RNGC2,4.99
2009-11-16,RNGC3,5.07
2009-11-16,RNGC4,5.08
2009-11-17,RNGC1,4.53
2009-11-17,RNGC2,4.91
2009-11-17,RNGC3,4.99
2009-11-17,RNGC4,5.02
2009-11-18,RNGC1,4.25
2009-11-18,RNGC2,4.66
2009-11-18,RNGC3,4.75
2009-11-18,RNGC4,4.8
2009-11-19,RNGC1,4.34
2009-11-19,RNGC2,4.72
2009-11-19,RNGC3,4.81
2009-11-19,RNGC4,4.85
2009-11-20,RNGC1,4.42
2009-11-20,RNGC2,4.76
2009-11-20,RNGC3,4.85
2009-11-20,RNGC4,4.89
2009-11-23,RNGC1,4.47
2009-11-23,RNGC2,4.79
2009-11-23,RNGC3,4.89
2009-11-23,RNGC4,4.93
2009-11-24,RNGC1,4.49
2009-11-24,RNGC2,4.77
2009-11-24,RNGC3,4.86
2009-11-24,RNGC4,4.9
2009-11-25,RNGC1,5.16
2009-11-25,RNGC2,5.24
2009-11-25,RNGC3,5.27
2009-11-25,RNGC4,5.29
2009-11-27,RNGC1,5.19
2009-11-27,RNGC2,5.26
2009-11-27,RNGC3,5.29
2009-11-27,RNGC4,5.31
2009-11-30,RNGC1,4.85
2009-11-30,RNGC2,4.94
2009-11-30,RNGC3,4.99
2009-11-30,RNGC4,5.03
2009-12-01,RNGC1,4.76
2009-12-01,RNGC2,4.85
2009-12-01,RNGC3,4.89
2009-12-01,RNGC4,4.93
2009-12-02,RNGC1,4.53
2009-12-02,RNGC2,4.62
2009-12-02,RNGC3,4.67
2009-12-02,RNGC4,4.72
2009-12-03,RNGC1,4.46
2009-12-03,RNGC2,4.55
2009-12-03,RNGC3,4.59
2009-12-03,RNGC4,4.63
2009-12-04,RNGC1,4.59
2009-12-04,RNGC2,4.67
2009-12-04,RNGC3,4.71
2009-12-04,RNGC4,4.76
2009-12-07,RNGC1,4.97
2009-12-07,RNGC2,5.06
2009-12-07,RNGC3,5.1
2009-12-07,RNGC4,5.13
2009-12-08,RNGC1,5.11
2009-12-08,RNGC2,5.17
2009-12-08,RNGC3,5.2
2009-12-08,RNGC4,5.23
2009-12-09,RNGC1,4.9
2009-12-09,RNGC2,4.97
2009-12-09,RNGC3,5.01
2009-12-09,RNGC4,5.04
2009-12-10,RNGC1,5.3
2009-12-10,RNGC2,5.35
2009-12-10,RNGC3,5.38
2009-12-10,RNGC4,5.4
2009-12-11,RNGC1,5.16
2009-12-11,RNGC2,5.23
2009-12-11,RNGC3,5.27
2009-12-11,RNGC4,5.3
2009-12-14,RNGC1,5.33
2009-12-14,RNGC2,5.4
2009-12-14,RNGC3,5.44
2009-12-14,RNGC4,5.45
2009-12-15,RNGC1,5.52
2009-12-15,RNGC2,5.58
2009-12-15,RNGC3,5.58
2009-12-15,RNGC4,5.58
2009-12-16,RNGC1,5.46
2009-12-16,RNGC2,5.51
2009-12-16,RNGC3,5.5
2009-12-16,RNGC4,5.5
2009-12-17,RNGC1,5.77
2009-12-17,RNGC2,5.8
2009-12-17,RNGC3,5.79
2009-12-17,RNGC4,5.76
2009-12-18,RNGC1,5.78
2009-12-18,RNGC2,5.83
2009-12-18,RNGC3,5.81
2009-12-18,RNGC4,5.78
2009-12-21,RNGC1,5.67
2009-12-21,RNGC2,5.71
2009-12-21,RNGC3,5.69
2009-12-21,RNGC4,5.67
2009-12-22,RNGC1,5.72
2009-12-22,RNGC2,5.77
2009-12-22,RNGC3,5.73
2009-12-22,RNGC4,5.7
2009-12-23,RNGC1,5.82
2009-12-23,RNGC2,5.88
2009-12-23,RNGC3,5.85
2009-12-23,RNGC4,5.81
2009-12-24,RNGC1,5.64
2009-12-24,RNGC2,5.7
2009-12-24,RNGC3,5.69
2009-12-24,RNGC4,5.67
2009-12-28,RNGC1,5.99
2009-12-28,RNGC2,6.0
2009-12-28,RNGC3,5.97
2009-12-28,RNGC4,5.92
2009-12-29,RNGC1,5.81
2009-12-29,RNGC2,5.84
2009-12-29,RNGC3,5.81
2009-12-29,RNGC4,5.78
2009-12-30,RNGC1,5.71
2009-12-30,RNGC2,5.69
2009-12-30,RNGC3,5.65
2009-12-30,RNGC4,5.68
2009-12-31,RNGC1,5.57
2009-12-31,RNGC2,5.53
2009-12-31,RNGC3,5.51
2009-12-31,RNGC4,5.55
2010-01-04,RNGC1,5.88
2010-01-04,RNGC2,5.84
2010-01-04,RNGC3,5.8
2010-01-04,RNGC4,5.84
2010-01-05,RNGC1,5.64
2010-01-05,RNGC2,5.59
2010-01-05,RNGC3,5.56
2010-01-05,RNGC4,5.61
2010-01-06,RNGC1,6.01
2010-01-06,RNGC2,5.94
2010-01-06,RNGC3,5.86
2010-01-06,RNGC4,5.89
2010-01-07,RNGC1,5.81
2010-01-07,RNGC2,5.76
2010-01-07,RNGC3,5.7
2010-01-07,RNGC4,5.74
2010-01-08,RNGC1,5.75
2010-01-08,RNGC2,5.71
2010-01-08,RNGC3,5.66
2010-01-08,RNGC4,5.71
2010-01-11,RNGC1,5.45
2010-01-11,RNGC2,5.43
2010-01-11,RNGC3,5.41
2010-01-11,RNGC4,5.46
2010-01-12,RNGC1,5.59
2010-01-12,RNGC2,5.55
2010-01-12,RNGC3,5.52
2010-01-12,RNGC4,5.57
2010-01-13,RNGC1,5.73
2010-01-13,RNGC2,5.7
2010-01-13,RNGC3,5.67
2010-01-13,RNGC4,5.71
2010-01-14,RNGC1,5.59
2010-01-14,RNGC2,5.57
2010-01-14,RNGC3,5.54
2010-01-14,RNGC4,5.59
2010-01-15,RNGC1,5.69
2010-01-15,RNGC2,5.67
2010-01-15,RNGC3,5.64
2010-01-15,RNGC4,5.69
2010-01-19,RNGC1,5.56
2010-01-19,RNGC2,5.54
2010-01-19,RNGC3,5.5
2010-01-19,RNGC4,5.55
2010-01-20,RNGC1,5.5
2010-01-20,RNGC2,5.47
2010-01-20,RNGC3,5.44
2010-01-20,RNGC4,5.49
2010-01-21,RNGC1,5.62
2010-01-21,RNGC2,5.57
2010-01-21,RNGC3,5.53
2010-01-21,RNGC4,5.58
2010-01-22,RNGC1,5.82
2010-01-22,RNGC2,5.75
2010-01-22,RNGC3,5.69
2010-01-22,RNGC4,5.72
2010-01-25,RNGC1,5.72
2010-01-25,RNGC2,5.66
2010-01-25,RNGC3,5.62
2010-01-25,RNGC4,5.65
2010-01-26,RNGC1,5.49
2010-01-26,RNGC2,5.43
2010-01-26,RNGC3,5.41
2010-01-26,RNGC4,5.46
2010-01-27,RNGC1,5.27
2010-01-27,RNGC2,5.22
2010-01-27,RNGC3,5.21
2010-01-27,RNGC4,5.26
2010-01-28,RNGC1,5.14
2010-01-28,RNGC2,5.13
2010-01-28,RNGC3,5.18
2010-01-28,RNGC4,5.25
2010-01-29,RNGC1,5.13
2010-01-29,RNGC2,5.12
2010-01-29,RNGC3,5.17
2010-01-29,RNGC4,5.24
2010-02-01,RNGC1,5.43
2010-02-01,RNGC2,5.41
2010-02-01,RNGC3,5.45
2010-02-01,RNGC4,5.52
2010-02-02,RNGC1,5.45
2010-02-02,RNGC2,5.43
2010-02-02,RNGC3,5.48
2010-02-02,RNGC4,5.55
2010-02-03,RNGC1,5.42
2010-02-03,RNGC2,5.39
2010-02-03,RNGC3,5.44
2010-02-03,RNGC4,5.51
2010-02-04,RNGC1,5.42
2010-02-04,RNGC2,5.38
2010-02-04,RNGC3,5.43
2010-02-04,RNGC4,5.5
2010-02-05,RNGC1,5.52
2010-02-05,RNGC2,5.48
2010-02-05,RNGC3,5.54
2010-02-05,RNGC4,5.6
2010-02-08,RNGC1,5.4
2010-02-08,RNGC2,5.37
2010-02-08,RNGC3,5.43
2010-02-08,RNGC4,5.5
2010-02-09,RNGC1,5.29
2010-02-09,RNGC2,5.27
2010-02-09,RNGC3,5.33
2010-02-09,RNGC4,5.41
2010-02-10,RNGC1,5.29
2010-02-10,RNGC2,5.28
2010-02-10,RNGC3,5.34
2010-02-10,RNGC4,5.42
2010-02-11,RNGC1,5.4
2010-02-11,RNGC2,5.38
2010-02-11,RNGC3,5.44
2010-02-11,RNGC4,5.52
2010-02-12,RNGC1,5.47
2010-02-12,RNGC2,5.45
2010-02-12,RNGC3,5.5
2010-02-12,RNGC4,5.56
2010-02-16,RNGC1,5.31
2010-02-16,RNGC2,5.3
2010-02-16,RNGC3,5.36
2010-02-16,RNGC4,5.43
2010-02-17,RNGC1,5.39
2010-02-17,RNGC2,5.36
2010-02-17,RNGC3,5.42
2010-02-17,RNGC4,5.48
2010-02-18,RNGC1,5.17
2010-02-18,RNGC2,5.16
2010-02-18,RNGC3,5.23
2010-02-18,RNGC4,5.3
2010-02-19,RNGC1,5.04
2010-02-19,RNGC2,5.06
2010-02-19,RNGC3,5.12
2010-02-19,RNGC4,5.19
2010-02-22,RNGC1,4.9
2010-02-22,RNGC2,4.91
2010-02-22,RNGC3,4.98
2010-02-22,RNGC4,5.05
2010-02-23,RNGC1,4.78
2010-02-23,RNGC2,4.81
2010-02-23,RNGC3,4.88
2010-02-23,RNGC4,4.95
2010-02-24,RNGC1,4.82
2010-02-24,RNGC2,4.86
2010-02-24,RNGC3,4.93
2010-02-24,RNGC4,5.01
2010-02-25,RNGC1,4.77
2010-02-25,RNGC2,4.83
2010-02-25,RNGC3,4.91
2010-02-25,RNGC4,4.99
2010-02-26,RNGC1,4.81
2010-02-26,RNGC2,4.88
2010-02-26,RNGC3,4.96
2010-02-26,RNGC4,5.04
2010-03-01,RNGC1,4.68
2010-03-01,RNGC2,4.75
2010-03-01,RNGC3,4.83
2010-03-01,RNGC4,4.91
2010-03-02,RNGC1,4.71
2010-03-02,RNGC2,4.78
2010-03-02,RNGC3,4.85
2010-03-02,RNGC4,4.93
2010-03-03,RNGC1,4.76
2010-03-03,RNGC2,4.82
2010-03-03,RNGC3,4.89
2010-03-03,RNGC4,4.98
2010-03-04,RNGC1,4.58
2010-03-04,RNGC2,4.64
2010-03-04,RNGC3,4.72
2010-03-04,RNGC4,4.81
2010-03-05,RNGC1,4.59
2010-03-05,RNGC2,4.66
2010-03-05,RNGC3,4.73
2010-03-05,RNGC4,4.82
2010-03-08,RNGC1,4.53
2010-03-08,RNGC2,4.59
2010-03-08,RNGC3,4.66
2010-03-08,RNGC4,4.75
2010-03-09,RNGC1,4.52
2010-03-09,RNGC2,4.58
2010-03-09,RNGC3,4.64
2010-03-09,RNGC4,4.74
2010-03-10,RNGC1,4.56
2010-03-10,RNGC2,4.62
2010-03-10,RNGC3,4.7
2010-03-10,RNGC4,4.79
2010-03-11,RNGC1,4.44
2010-03-11,RNGC2,4.51
2010-03-11,RNGC3,4.58
2010-03-11,RNGC4,4.67
2010-03-12,RNGC1,4.4
2010-03-12,RNGC2,4.47
2010-03-12,RNGC3,4.54
2010-03-12,RNGC4,4.63
2010-03-15,RNGC1,4.39
2010-03-15,RNGC2,4.47
2010-03-15,RNGC3,4.54
2010-03-15,RNGC4,4.64
2010-03-16,RNGC1,4.35
2010-03-16,RNGC2,4.42
2010-03-16,RNGC3,4.49
2010-03-16,RNGC4,4.59
2010-03-17,RNGC1,4.3
2010-03-17,RNGC2,4.37
2010-03-17,RNGC3,4.44
2010-03-17,RNGC4,4.53
2010-03-18,RNGC1,4.09
2010-03-18,RNGC2,4.15
2010-03-18,RNGC3,4.23
2010-03-18,RNGC4,4.32
2010-03-19,RNGC1,4.17
2010-03-19,RNGC2,4.23
2010-03-19,RNGC3,4.3
2010-03-19,RNGC4,4.39
2010-03-22,RNGC1,4.08
2010-03-22,RNGC2,4.15
2010-03-22,RNGC3,4.21
2010-03-22,RNGC4,4.3
2010-03-23,RNGC1,4.13
2010-03-23,RNGC2,4.19
2010-03-23,RNGC3,4.26
2010-03-23,RNGC4,4.35
2010-03-24,RNGC1,4.11
2010-03-24,RNGC2,4.15
2010-03-24,RNGC3,4.22
2010-03-24,RNGC4,4.31
2010-03-25,RNGC1,3.98
2010-03-25,RNGC2,4.03
2010-03-25,RNGC3,4.1
2010-03-25,RNGC4,4.2
2010-03-26,RNGC1,3.87
2010-03-26,RNGC2,3.93
2010-03-26,RNGC3,4.01
2010-03-26,RNGC4,4.1
2010-03-29,RNGC1,3.84
2010-03-29,RNGC2,4.0
2010-03-29,RNGC3,4.1
2010-03-29,RNGC4,4.17
2010-03-30,RNGC1,3.97
2010-03-30,RNGC2,4.06
2010-03-30,RNGC3,4.17
2010-03-30,RNGC4,4.24
2010-03-31,RNGC1,3.87
2010-03-31,RNGC2,3.97
2010-03-31,RNGC3,4.08
2010-03-31,RNGC4,4.16
2010-04-01,RNGC1,4.09
2010-04-01,RNGC2,4.18
2010-04-01,RNGC3,4.29
2010-04-01,RNGC4,4.37
2010-04-05,RNGC1,4.28
2010-04-05,RNGC2,4.37
2010-04-05,RNGC3,4.49
2010-04-05,RNGC4,4.58
2010-04-06,RNGC1,4.15
2010-04-06,RNGC2,4.23
2010-04-06,RNGC3,4.31
2010-04-06,RNGC4,4.5
2010-04-07,RNGC1,4.02
2010-04-07,RNGC2,4.11
2010-04-07,RNGC3,4.23
2010-04-07,RNGC4,4.33
2010-04-08,RNGC1,3.91
2010-04-08,RNGC2,4.01
2010-04-08,RNGC3,4.14
2010-04-08,RNGC4,4.23
2010-04-09,RNGC1,4.07
2010-04-09,RNGC2,4.17
2010-04-09,RNGC3,4.31
2010-04-09,RNGC4,4.41
2010-04-12,RNGC1,4.01
2010-04-12,RNGC2,4.11
2010-04-12,RNGC3,4.25
2010-04-12,RNGC4,4.35
2010-04-13,RNGC1,4.16
2010-04-13,RNGC2,4.25
2010-04-13,RNGC3,4.38
2010-04-13,RNGC4,4.47
2010-04-14,RNGC1,4.2
2010-04-14,RNGC2,4.3
2010-04-14,RNGC3,4.42
2010-04-14,RNGC4,4.5
2010-04-15,RNGC1,3.99
2010-04-15,RNGC2,4.07
2010-04-15,RNGC3,4.19
2010-04-15,RNGC4,4.27
2010-04-16,RNGC1,4.04
2010-04-16,RNGC2,4.13
2010-04-16,RNGC3,4.24
2010-04-16,RNGC4,4.33
2010-04-19,RNGC1,3.94
2010-04-19,RNGC2,4.03
2010-04-19,RNGC3,4.15
2010-04-19,RNGC4,4.24
2010-04-20,RNGC1,3.98
2010-04-20,RNGC2,4.06
2010-04-20,RNGC3,4.19
2010-04-20,RNGC4,4.28
2010-04-21,RNGC1,3.96
2010-04-21,RNGC2,4.04
2010-04-21,RNGC3,4.17
2010-04-21,RNGC4,4.27
2010-04-22,RNGC1,4.13
2010-04-22,RNGC2,4.22
2010-04-22,RNGC3,4.33
2010-04-22,RNGC4,4.43
2010-04-23,RNGC1,4.26
2010-04-23,RNGC2,4.34
2010-04-23,RNGC3,4.45
2010-04-23,RNGC4,4.54
2010-04-26,RNGC1,4.26
2010-04-26,RNGC2,4.35
2010-04-26,RNGC3,4.47
2010-04-26,RNGC4,4.56
2010-04-27,RNGC1,4.22
2010-04-27,RNGC2,4.32
2010-04-27,RNGC3,4.44
2010-04-27,RNGC4,4.53
2010-04-28,RNGC1,4.27
2010-04-28,RNGC2,4.35
2010-04-28,RNGC3,4.47
2010-04-28,RNGC4,4.57
2010-04-29,RNGC1,3.98
2010-04-29,RNGC2,4.11
2010-04-29,RNGC3,4.22
2010-04-29,RNGC4,4.28
2010-04-30,RNGC1,3.92
2010-04-30,RNGC2,4.05
2010-04-30,RNGC3,4.15
2010-04-30,RNGC4,4.22
2010-05-03,RNGC1,4.0
2010-05-03,RNGC2,4.13
2010-05-03,RNGC3,4.23
2010-05-03,RNGC4,4.3
2010-05-04,RNGC1,4.01
2010-05-04,RNGC2,4.13
2010-05-04,RNGC3,4.24
2010-05-04,RNGC4,4.31
2010-05-05,RNGC1,3.99
2010-05-05,RNGC2,4.11
2010-05-05,RNGC3,4.21
2010-05-05,RNGC4,4.28
2010-05-06,RNGC1,3.93
2010-05-06,RNGC2,4.04
2010-05-06,RNGC3,4.14
2010-05-06,RNGC4,4.22
2010-05-07,RNGC1,4.02
2010-05-07,RNGC2,4.12
2010-05-07,RNGC3,4.22
2010-05-07,RNGC4,4.3
2010-05-10,RNGC1,4.17
2010-05-10,RNGC2,4.27
2010-05-10,RNGC3,4.36
2010-05-10,RNGC4,4.43
2010-05-11,RNGC1,4.13
2010-05-11,RNGC2,4.23
2010-05-11,RNGC3,4.31
2010-05-11,RNGC4,4.38
2010-05-12,RNGC1,4.28
2010-05-12,RNGC2,4.39
2010-05-12,RNGC3,4.46
2010-05-12,RNGC4,4.52
2010-05-13,RNGC1,4.34
2010-05-13,RNGC2,4.44
2010-05-13,RNGC3,4.51
2010-05-13,RNGC4,4.56
2010-05-14,RNGC1,4.31
2010-05-14,RNGC2,4.41
2010-05-14,RNGC3,4.48
2010-05-14,RNGC4,4.53
2010-05-17,RNGC1,4.4
2010-05-17,RNGC2,4.49
2010-05-17,RNGC3,4.56
2010-05-17,RNGC4,4.61
2010-05-18,RNGC1,4.34
2010-05-18,RNGC2,4.44
2010-05-18,RNGC3,4.51
2010-05-18,RNGC4,4.56
2010-05-19,RNGC1,4.16
2010-05-19,RNGC2,4.25
2010-05-19,RNGC3,4.32
2010-05-19,RNGC4,4.38
2010-05-20,RNGC1,4.11
2010-05-20,RNGC2,4.19
2010-05-20,RNGC3,4.26
2010-05-20,RNGC4,4.32
2010-05-21,RNGC1,4.04
2010-05-21,RNGC2,4.11
2010-05-21,RNGC3,4.18
2010-05-21,RNGC4,4.24
2010-05-24,RNGC1,4.02
2010-05-24,RNGC2,4.08
2010-05-24,RNGC3,4.15
2010-05-24,RNGC4,4.21
2010-05-25,RNGC1,4.05
2010-05-25,RNGC2,4.11
2010-05-25,RNGC3,4.19
2010-05-25,RNGC4,4.24
2010-05-26,RNGC1,4.16
2010-05-26,RNGC2,4.18
2010-05-26,RNGC3,4.25
2010-05-26,RNGC4,4.31
2010-05-27,RNGC1,4.29
2010-05-27,RNGC2,4.37
2010-05-27,RNGC3,4.42
2010-05-27,RNGC4,4.53
2010-05-28,RNGC1,4.34
2010-05-28,RNGC2,4.41
2010-05-28,RNGC3,4.46
2010-05-28,RNGC4,4.57
2010-06-01,RNGC1,4.25
2010-06-01,RNGC2,4.32
2010-06-01,RNGC3,4.37
2010-06-01,RNGC4,4.48
2010-06-02,RNGC1,4.42
2010-06-02,RNGC2,4.48
2010-06-02,RNGC3,4.53
2010-06-02,RNGC4,4.63
2010-06-03,RNGC1,4.69
2010-06-03,RNGC2,4.74
2010-06-03,RNGC3,4.77
2010-06-03,RNGC4,4.84
2010-06-04,RNGC1,4.8
2010-06-04,RNGC2,4.84
2010-06-04,RNGC3,4.86
2010-06-04,RNGC4,4.94
2010-06-07,RNGC1,4.92
2010-06-07,RNGC2,4.97
2010-06-07,RNGC3,5.01
2010-06-07,RNGC4,5.08
2010-06-08,RNGC1,4.81
2010-06-08,RNGC2,4.87
2010-06-08,RNGC3,4.92
2010-06-08,RNGC4,5.0
2010-06-09,RNGC1,4.68
2010-06-09,RNGC2,4.74
2010-06-09,RNGC3,4.79
2010-06-09,RNGC4,4.88
2010-06-10,RNGC1,4.65
2010-06-10,RNGC2,4.71
2010-06-10,RNGC3,4.76
2010-06-10,RNGC4,4.84
2010-06-11,RNGC1,4.78
2010-06-11,RNGC2,4.83
2010-06-11,RNGC3,4.88
2010-06-11,RNGC4,4.96
2010-06-14,RNGC1,5.01
2010-06-14,RNGC2,5.06
2010-06-14,RNGC3,5.1
2010-06-14,RNGC4,5.17
2010-06-15,RNGC1,5.19
2010-06-15,RNGC2,5.24
2010-06-15,RNGC3,5.27
2010-06-15,RNGC4,5.34
2010-06-16,RNGC1,4.98
2010-06-16,RNGC2,5.03
2010-06-16,RNGC3,5.07
2010-06-16,RNGC4,5.14
2010-06-17,RNGC1,5.16
2010-06-17,RNGC2,5.21
2010-06-17,RNGC3,5.24
2010-06-17,RNGC4,5.3
2010-06-18,RNGC1,5.0
2010-06-18,RNGC2,5.05
2010-06-18,RNGC3,5.08
2010-06-18,RNGC4,5.14
2010-06-21,RNGC1,4.87
2010-06-21,RNGC2,4.91
2010-06-21,RNGC3,4.94
2010-06-21,RNGC4,5.01
2010-06-22,RNGC1,4.76
2010-06-22,RNGC2,4.79
2010-06-22,RNGC3,4.84
2010-06-22,RNGC4,4.91
2010-06-23,RNGC1,4.8
2010-06-23,RNGC2,4.85
2010-06-23,RNGC3,4.9
2010-06-23,RNGC4,4.97
2010-06-24,RNGC1,4.75
2010-06-24,RNGC2,4.79
2010-06-24,RNGC3,4.83
2010-06-24,RNGC4,4.91
2010-06-25,RNGC1,4.86
2010-06-25,RNGC2,4.91
2010-06-25,RNGC3,4.94
2010-06-25,RNGC4,5.01
2010-06-28,RNGC1,4.72
2010-06-28,RNGC2,4.73
2010-06-28,RNGC3,4.77
2010-06-28,RNGC4,4.85
2010-06-29,RNGC1,4.55
2010-06-29,RNGC2,4.59
2010-06-29,RNGC3,4.67
2010-06-29,RNGC4,4.94
2010-06-30,RNGC1,4.62
2010-06-30,RNGC2,4.65
2010-06-30,RNGC3,4.73
2010-06-30,RNGC4,4.98
2010-07-01,RNGC1,4.85
2010-07-01,RNGC2,4.88
2010-07-01,RNGC3,4.94
2010-07-01,RNGC4,5.16
2010-07-02,RNGC1,4.69
2010-07-02,RNGC2,4.72
2010-07-02,RNGC3,4.8
2010-07-02,RNGC4,5.04
2010-07-06,RNGC1,4.68
2010-07-06,RNGC2,4.7
2010-07-06,RNGC3,4.77
2010-07-06,RNGC4,5.04
2010-07-07,RNGC1,4.57
2010-07-07,RNGC2,4.59
2010-07-07,RNGC3,4.67
2010-07-07,RNGC4,4.98
2010-07-08,RNGC1,4.4
2010-07-08,RNGC2,4.42
2010-07-08,RNGC3,4.51
2010-07-08,RNGC4,4.84
2010-07-09,RNGC1,4.4
2010-07-09,RNGC2,4.42
2010-07-09,RNGC3,4.5
2010-07-09,RNGC4,4.84
2010-07-12,RNGC1,4.39
2010-07-12,RNGC2,4.4
2010-07-12,RNGC3,4.48
2010-07-12,RNGC4,4.82
2010-07-13,RNGC1,4.35
2010-07-13,RNGC2,4.36
2010-07-13,RNGC3,4.43
2010-07-13,RNGC4,4.73
2010-07-14,RNGC1,4.31
2010-07-14,RNGC2,4.32
2010-07-14,RNGC3,4.39
2010-07-14,RNGC4,4.68
2010-07-15,RNGC1,4.59
2010-07-15,RNGC2,4.59
2010-07-15,RNGC3,4.65
2010-07-15,RNGC4,4.89
2010-07-16,RNGC1,4.52
2010-07-16,RNGC2,4.52
2010-07-16,RNGC3,4.58
2010-07-16,RNGC4,4.83
2010-07-19,RNGC1,4.51
2010-07-19,RNGC2,4.51
2010-07-19,RNGC3,4.56
2010-07-19,RNGC4,4.8
2010-07-20,RNGC1,4.59
2010-07-20,RNGC2,4.58
2010-07-20,RNGC3,4.62
2010-07-20,RNGC4,4.85
2010-07-21,RNGC1,4.51
2010-07-21,RNGC2,4.5
2010-07-21,RNGC3,4.55
2010-07-21,RNGC4,4.8
2010-07-22,RNGC1,4.64
2010-07-22,RNGC2,4.63
2010-07-22,RNGC3,4.67
2010-07-22,RNGC4,4.91
2010-07-23,RNGC1,4.58
2010-07-23,RNGC2,4.56
2010-07-23,RNGC3,4.6
2010-07-23,RNGC4,4.84
2010-07-26,RNGC1,4.61
2010-07-26,RNGC2,4.58
2010-07-26,RNGC3,4.62
2010-07-26,RNGC4,4.85
2010-07-27,RNGC1,4.68
2010-07-27,RNGC2,4.65
2010-07-27,RNGC3,4.68
2010-07-27,RNGC4,4.9
2010-07-28,RNGC1,4.77
2010-07-28,RNGC2,4.72
2010-07-28,RNGC3,4.74
2010-07-28,RNGC4,4.92
2010-07-29,RNGC1,4.83
2010-07-29,RNGC2,4.85
2010-07-29,RNGC3,5.01
2010-07-29,RNGC4,5.21
2010-07-30,RNGC1,4.92
2010-07-30,RNGC2,4.93
2010-07-30,RNGC3,5.07
2010-07-30,RNGC4,5.26
2010-08-02,RNGC1,4.7
2010-08-02,RNGC2,4.72
2010-08-02,RNGC3,4.91
2010-08-02,RNGC4,5.15
2010-08-03,RNGC1,4.64
2010-08-03,RNGC2,4.67
2010-08-03,RNGC3,4.85
2010-08-03,RNGC4,5.11
2010-08-04,RNGC1,4.74
2010-08-04,RNGC2,4.76
2010-08-04,RNGC3,4.91
2010-08-04,RNGC4,5.15
2010-08-05,RNGC1,4.6
2010-08-05,RNGC2,4.62
2010-08-05,RNGC3,4.8
2010-08-05,RNGC4,5.05
2010-08-06,RNGC1,4.47
2010-08-06,RNGC2,4.49
2010-08-06,RNGC3,4.73
2010-08-06,RNGC4,5.0
2010-08-09,RNGC1,4.31
2010-08-09,RNGC2,4.33
2010-08-09,RNGC3,4.6
2010-08-09,RNGC4,4.89
2010-08-10,RNGC1,4.3
2010-08-10,RNGC2,4.3
2010-08-10,RNGC3,4.56
2010-08-10,RNGC4,4.82
2010-08-11,RNGC1,4.33
2010-08-11,RNGC2,4.33
2010-08-11,RNGC3,4.55
2010-08-11,RNGC4,4.78
2010-08-12,RNGC1,4.3
2010-08-12,RNGC2,4.32
2010-08-12,RNGC3,4.57
2010-08-12,RNGC4,4.85
2010-08-13,RNGC1,4.33
2010-08-13,RNGC2,4.35
2010-08-13,RNGC3,4.59
2010-08-13,RNGC4,4.87
2010-08-16,RNGC1,4.23
2010-08-16,RNGC2,4.25
2010-08-16,RNGC3,4.46
2010-08-16,RNGC4,4.73
2010-08-17,RNGC1,4.27
2010-08-17,RNGC2,4.28
2010-08-17,RNGC3,4.47
2010-08-17,RNGC4,4.73
2010-08-18,RNGC1,4.24
2010-08-18,RNGC2,4.27
2010-08-18,RNGC3,4.47
2010-08-18,RNGC4,4.73
2010-08-19,RNGC1,4.17
2010-08-19,RNGC2,4.21
2010-08-19,RNGC3,4.4
2010-08-19,RNGC4,4.66
2010-08-20,RNGC1,4.12
2010-08-20,RNGC2,4.14
2010-08-20,RNGC3,4.34
2010-08-20,RNGC4,4.61
2010-08-23,RNGC1,4.07
2010-08-23,RNGC2,4.08
2010-08-23,RNGC3,4.28
2010-08-23,RNGC4,4.54
2010-08-24,RNGC1,4.04
2010-08-24,RNGC2,4.06
2010-08-24,RNGC3,4.25
2010-08-24,RNGC4,4.49
2010-08-25,RNGC1,3.87
2010-08-25,RNGC2,3.9
2010-08-25,RNGC3,4.13
2010-08-25,RNGC4,4.41
2010-08-26,RNGC1,3.82
2010-08-26,RNGC2,3.84
2010-08-26,RNGC3,4.09
2010-08-26,RNGC4,4.4
2010-08-27,RNGC1,3.65
2010-08-27,RNGC2,3.71
2010-08-27,RNGC3,4.0
2010-08-27,RNGC4,4.33
2010-08-30,RNGC1,3.81
2010-08-30,RNGC2,4.12
2010-08-30,RNGC3,4.45
2010-08-30,RNGC4,4.61
2010-08-31,RNGC1,3.82
2010-08-31,RNGC2,4.15
2010-08-31,RNGC3,4.49
2010-08-31,RNGC4,4.65
2010-09-01,RNGC1,3.76
2010-09-01,RNGC2,4.06
2010-09-01,RNGC3,4.42
2010-09-01,RNGC4,4.58
2010-09-02,RNGC1,3.75
2010-09-02,RNGC2,4.03
2010-09-02,RNGC3,4.36
2010-09-02,RNGC4,4.54
2010-09-03,RNGC1,3.94
2010-09-03,RNGC2,4.17
2010-09-03,RNGC3,4.47
2010-09-03,RNGC4,4.65
2010-09-07,RNGC1,3.85
2010-09-07,RNGC2,4.1
2010-09-07,RNGC3,4.39
2010-09-07,RNGC4,4.57
2010-09-08,RNGC1,3.81
2010-09-08,RNGC2,4.07
2010-09-08,RNGC3,4.35
2010-09-08,RNGC4,4.53
2010-09-09,RNGC1,3.77
2010-09-09,RNGC2,4.03
2010-09-09,RNGC3,4.33
2010-09-09,RNGC4,4.52
2010-09-10,RNGC1,3.88
2010-09-10,RNGC2,4.13
2010-09-10,RNGC3,4.43
2010-09-10,RNGC4,4.61
2010-09-13,RNGC1,3.94
2010-09-13,RNGC2,4.17
2010-09-13,RNGC3,4.46
2010-09-13,RNGC4,4.64
2010-09-14,RNGC1,3.97
2010-09-14,RNGC2,4.17
2010-09-14,RNGC3,4.42
2010-09-14,RNGC4,4.6
2010-09-15,RNGC1,4.0
2010-09-15,RNGC2,4.19
2010-09-15,RNGC3,4.42
2010-09-15,RNGC4,4.59
2010-09-16,RNGC1,4.06
2010-09-16,RNGC2,4.24
2010-09-16,RNGC3,4.45
2010-09-16,RNGC4,4.61
2010-09-17,RNGC1,4.02
2010-09-17,RNGC2,4.2
2010-09-17,RNGC3,4.42
2010-09-17,RNGC4,4.57
2010-09-20,RNGC1,3.82
2010-09-20,RNGC2,4.01
2010-09-20,RNGC3,4.24
2010-09-20,RNGC4,4.42
2010-09-21,RNGC1,3.92
2010-09-21,RNGC2,4.07
2010-09-21,RNGC3,4.29
2010-09-21,RNGC4,4.46
2010-09-22,RNGC1,3.97
2010-09-22,RNGC2,4.1
2010-09-22,RNGC3,4.32
2010-09-22,RNGC4,4.49
2010-09-23,RNGC1,4.02
2010-09-23,RNGC2,4.16
2010-09-23,RNGC3,4.37
2010-09-23,RNGC4,4.54
2010-09-24,RNGC1,3.88
2010-09-24,RNGC2,4.01
2010-09-24,RNGC3,4.26
2010-09-24,RNGC4,4.44
2010-09-27,RNGC1,3.8
2010-09-27,RNGC2,3.92
2010-09-27,RNGC3,4.14
2010-09-27,RNGC4,4.31
2010-09-28,RNGC1,3.84
2010-09-28,RNGC2,3.95
2010-09-28,RNGC3,4.17
2010-09-28,RNGC4,4.34
2010-09-29,RNGC1,3.96
2010-09-29,RNGC2,4.18
2010-09-29,RNGC3,4.34
2010-09-29,RNGC4,4.35
2010-09-30,RNGC1,3.87
2010-09-30,RNGC2,4.12
2010-09-30,RNGC3,4.29
2010-09-30,RNGC4,4.31
2010-10-01,RNGC1,3.8
2010-10-01,RNGC2,4.08
2010-10-01,RNGC3,4.26
2010-10-01,RNGC4,4.28
2010-10-04,RNGC1,3.73
2010-10-04,RNGC2,4.05
2010-10-04,RNGC3,4.25
2010-10-04,RNGC4,4.28
2010-10-05,RNGC1,3.74
2010-10-05,RNGC2,4.07
2010-10-05,RNGC3,4.27
2010-10-05,RNGC4,4.31
2010-10-06,RNGC1,3.87
2010-10-06,RNGC2,4.19
2010-10-06,RNGC3,4.37
2010-10-06,RNGC4,4.4
2010-10-07,RNGC1,3.62
2010-10-07,RNGC2,3.99
2010-10-07,RNGC3,4.23
2010-10-07,RNGC4,4.26
2010-10-08,RNGC1,3.65
2010-10-08,RNGC2,4.05
2010-10-08,RNGC3,4.29
2010-10-08,RNGC4,4.33
2010-10-11,RNGC1,3.6
2010-10-11,RNGC2,4.01
2010-10-11,RNGC3,4.29
2010-10-11,RNGC4,4.33
2010-10-12,RNGC1,3.63
2010-10-12,RNGC2,3.99
2010-10-12,RNGC3,4.26
2010-10-12,RNGC4,4.3
2010-10-13,RNGC1,3.7
2010-10-13,RNGC2,4.04
2010-10-13,RNGC3,4.28
2010-10-13,RNGC4,4.32
2010-10-14,RNGC1,3.66
2010-10-14,RNGC2,4.02
2010-10-14,RNGC3,4.24
2010-10-14,RNGC4,4.28
2010-10-15,RNGC1,3.54
2010-10-15,RNGC2,3.93
2010-10-15,RNGC3,4.17
2010-10-15,RNGC4,4.2
2010-10-18,RNGC1,3.43
2010-10-18,RNGC2,3.87
2010-10-18,RNGC3,4.13
2010-10-18,RNGC4,4.17
2010-10-19,RNGC1,3.51
2010-10-19,RNGC2,3.9
2010-10-19,RNGC3,4.13
2010-10-19,RNGC4,4.17
2010-10-20,RNGC1,3.54
2010-10-20,RNGC2,3.89
2010-10-20,RNGC3,4.14
2010-10-20,RNGC4,4.18
2010-10-21,RNGC1,3.37
2010-10-21,RNGC2,3.75
2010-10-21,RNGC3,4.02
2010-10-21,RNGC4,4.06
2010-10-22,RNGC1,3.33
2010-10-22,RNGC2,3.69
2010-10-22,RNGC3,3.95
2010-10-22,RNGC4,3.98
2010-10-25,RNGC1,3.32
2010-10-25,RNGC2,3.67
2010-10-25,RNGC3,3.93
2010-10-25,RNGC4,3.96
2010-10-26,RNGC1,3.35
2010-10-26,RNGC2,3.77
2010-10-26,RNGC3,4.02
2010-10-26,RNGC4,4.06
2010-10-27,RNGC1,3.29
2010-10-27,RNGC2,3.76
2010-10-27,RNGC3,4.03
2010-10-27,RNGC4,4.06
2010-10-28,RNGC1,3.89
2010-10-28,RNGC2,4.13
2010-10-28,RNGC3,4.16
2010-10-28,RNGC4,4.12
2010-10-29,RNGC1,4.04
2010-10-29,RNGC2,4.27
2010-10-29,RNGC3,4.28
2010-10-29,RNGC4,4.22
2010-11-01,RNGC1,3.83
2010-11-01,RNGC2,4.09
2010-11-01,RNGC3,4.11
2010-11-01,RNGC4,4.07
2010-11-02,RNGC1,3.87
2010-11-02,RNGC2,4.12
2010-11-02,RNGC3,4.14
2010-11-02,RNGC4,4.11
2010-11-03,RNGC1,3.84
2010-11-03,RNGC2,4.09
2010-11-03,RNGC3,4.11
2010-11-03,RNGC4,4.08
2010-11-04,RNGC1,3.86
2010-11-04,RNGC2,4.11
2010-11-04,RNGC3,4.12
2010-11-04,RNGC4,4.09
2010-11-05,RNGC1,3.94
2010-11-05,RNGC2,4.18
2010-11-05,RNGC3,4.18
2010-11-05,RNGC4,4.15
2010-11-08,RNGC1,4.09
2010-11-08,RNGC2,4.28
2010-11-08,RNGC3,4.29
2010-11-08,RNGC4,4.25
2010-11-09,RNGC1,4.21
2010-11-09,RNGC2,4.37
2010-11-09,RNGC3,4.37
2010-11-09,RNGC4,4.33
2010-11-10,RNGC1,4.05
2010-11-10,RNGC2,4.24
2010-11-10,RNGC3,4.25
2010-11-10,RNGC4,4.22
2010-11-11,RNGC1,3.93
2010-11-11,RNGC2,4.11
2010-11-11,RNGC3,4.13
2010-11-11,RNGC4,4.11
2010-11-12,RNGC1,3.8
2010-11-12,RNGC2,3.98
2010-11-12,RNGC3,4.0
2010-11-12,RNGC4,3.98
2010-11-15,RNGC1,3.845
2010-11-15,RNGC2,4.028
2010-11-15,RNGC3,4.039
2010-11-15,RNGC4,4.02
2010-11-16,RNGC1,3.818
2010-11-16,RNGC2,3.994
2010-11-16,RNGC3,4.001
2010-11-16,RNGC4,3.981
2010-11-17,RNGC1,4.03
2010-11-17,RNGC2,4.19
2010-11-17,RNGC3,4.187
2010-11-17,RNGC4,4.16
2010-11-18,RNGC1,4.007
2010-11-18,RNGC2,4.183
2010-11-18,RNGC3,4.189
2010-11-18,RNGC4,4.161
2010-11-19,RNGC1,4.164
2010-11-19,RNGC2,4.324
2010-11-19,RNGC3,4.32
2010-11-19,RNGC4,4.278
2010-11-22,RNGC1,4.271
2010-11-22,RNGC2,4.432
2010-11-22,RNGC3,4.435
2010-11-22,RNGC4,4.389
2010-11-23,RNGC1,4.264
2010-11-23,RNGC2,4.415
2010-11-23,RNGC3,4.421
2010-11-23,RNGC4,4.376
2010-11-24,RNGC1,4.267
2010-11-24,RNGC2,4.388
2010-11-24,RNGC3,4.394
2010-11-24,RNGC4,4.353
2010-11-26,RNGC1,4.399
2010-11-26,RNGC2,4.412
2010-11-26,RNGC3,4.374
2010-11-26,RNGC4,4.332
2010-11-29,RNGC1,4.21
2010-11-29,RNGC2,4.234
2010-11-29,RNGC3,4.204
2010-11-29,RNGC4,4.173
2010-11-30,RNGC1,4.18
2010-11-30,RNGC2,4.199
2010-11-30,RNGC3,4.169
2010-11-30,RNGC4,4.142
2010-12-01,RNGC1,4.269
2010-12-01,RNGC2,4.279
2010-12-01,RNGC3,4.243
2010-12-01,RNGC4,4.209
2010-12-02,RNGC1,4.343
2010-12-02,RNGC2,4.35
2010-12-02,RNGC3,4.312
2010-12-02,RNGC4,4.28
2010-12-03,RNGC1,4.349
2010-12-03,RNGC2,4.359
2010-12-03,RNGC3,4.324
2010-12-03,RNGC4,4.297
2010-12-06,RNGC1,4.488
2010-12-06,RNGC2,4.488
2010-12-06,RNGC3,4.446
2010-12-06,RNGC4,4.403
2010-12-07,RNGC1,4.393
2010-12-07,RNGC2,4.401
2010-12-07,RNGC3,4.376
2010-12-07,RNGC4,4.343
2010-12-08,RNGC1,4.606
2010-12-08,RNGC2,4.604
2010-12-08,RNGC3,4.57
2010-12-08,RNGC4,4.521
2010-12-09,RNGC1,4.435
2010-12-09,RNGC2,4.44
2010-12-09,RNGC3,4.413
2010-12-09,RNGC4,4.379
2010-12-10,RNGC1,4.417
2010-12-10,RNGC2,4.428
2010-12-10,RNGC3,4.409
2010-12-10,RNGC4,4.375
2010-12-13,RNGC1,4.42
2010-12-13,RNGC2,4.434
2010-12-13,RNGC3,4.415
2010-12-13,RNGC4,4.381
2010-12-14,RNGC1,4.255
2010-12-14,RNGC2,4.284
2010-12-14,RNGC3,4.268
2010-12-14,RNGC4,4.242
2010-12-15,RNGC1,4.222
2010-12-15,RNGC2,4.251
2010-12-15,RNGC3,4.235
2010-12-15,RNGC4,4.216
2010-12-16,RNGC1,4.048
2010-12-16,RNGC2,4.084
2010-12-16,RNGC3,4.077
2010-12-16,RNGC4,4.071
2010-12-17,RNGC1,4.066
2010-12-17,RNGC2,4.103
2010-12-17,RNGC3,4.1
2010-12-17,RNGC4,4.094
2010-12-20,RNGC1,4.237
2010-12-20,RNGC2,4.264
2010-12-20,RNGC3,4.26
2010-12-20,RNGC4,4.249
2010-12-21,RNGC1,4.059
2010-12-21,RNGC2,4.084
2010-12-21,RNGC3,4.096
2010-12-21,RNGC4,4.097
2010-12-22,RNGC1,4.152
2010-12-22,RNGC2,4.188
2010-12-22,RNGC3,4.196
2010-12-22,RNGC4,4.191
2010-12-23,RNGC1,4.083
2010-12-23,RNGC2,4.133
2010-12-23,RNGC3,4.149
2010-12-23,RNGC4,4.152
2010-12-27,RNGC1,4.112
2010-12-27,RNGC2,4.155
2010-12-27,RNGC3,4.167
2010-12-27,RNGC4,4.168
2010-12-28,RNGC1,4.216
2010-12-28,RNGC2,4.288
2010-12-28,RNGC3,4.287
2010-12-28,RNGC4,4.271
2010-12-29,RNGC1,4.287
2010-12-29,RNGC2,4.298
2010-12-29,RNGC3,4.29
2010-12-29,RNGC4,4.322
2010-12-30,RNGC1,4.338
2010-12-30,RNGC2,4.352
2010-12-30,RNGC3,4.337
2010-12-30,RNGC4,4.366
2010-12-31,RNGC1,4.405
2010-12-31,RNGC2,4.422
2010-12-31,RNGC3,4.401
2010-12-31,RNGC4,4.434
2011-01-03,RNGC1,4.65
2011-01-03,RNGC2,4.614
2011-01-03,RNGC3,4.574
2011-01-03,RNGC4,4.604
2011-01-04,RNGC1,4.669
2011-01-04,RNGC2,4.632
2011-01-04,RNGC3,4.588
2011-01-04,RNGC4,4.618
2011-01-05,RNGC1,4.473
2011-01-05,RNGC2,4.441
2011-01-05,RNGC3,4.406
2011-01-05,RNGC4,4.44
2011-01-06,RNGC1,4.434
2011-01-06,RNGC2,4.404
2011-01-06,RNGC3,4.375
2011-01-06,RNGC4,4.41
2011-01-07,RNGC1,4.422
2011-01-07,RNGC2,4.402
2011-01-07,RNGC3,4.39
2011-01-07,RNGC4,4.43
2011-01-10,RNGC1,4.399
2011-01-10,RNGC2,4.389
2011-01-10,RNGC3,4.379
2011-01-10,RNGC4,4.419
2011-01-11,RNGC1,4.481
2011-01-11,RNGC2,4.476
2011-01-11,RNGC3,4.47
2011-01-11,RNGC4,4.508
2011-01-12,RNGC1,4.531
2011-01-12,RNGC2,4.526
2011-01-12,RNGC3,4.522
2011-01-12,RNGC4,4.562
2011-01-13,RNGC1,4.407
2011-01-13,RNGC2,4.419
2011-01-13,RNGC3,4.42
2011-01-13,RNGC4,4.463
2011-01-14,RNGC1,4.48
2011-01-14,RNGC2,4.49
2011-01-14,RNGC3,4.484
2011-01-14,RNGC4,4.525
2011-01-18,RNGC1,4.425
2011-01-18,RNGC2,4.446
2011-01-18,RNGC3,4.45
2011-01-18,RNGC4,4.492
2011-01-19,RNGC1,4.561
2011-01-19,RNGC2,4.576
2011-01-19,RNGC3,4.57
2011-01-19,RNGC4,4.604
2011-01-20,RNGC1,4.695
2011-01-20,RNGC2,4.692
2011-01-20,RNGC3,4.677
2011-01-20,RNGC4,4.707
2011-01-21,RNGC1,4.736
2011-01-21,RNGC2,4.743
2011-01-21,RNGC3,4.72
2011-01-21,RNGC4,4.753
2011-01-24,RNGC1,4.58
2011-01-24,RNGC2,4.598
2011-01-24,RNGC3,4.595
2011-01-24,RNGC4,4.633
2011-01-25,RNGC1,4.473
2011-01-25,RNGC2,4.49
2011-01-25,RNGC3,4.5
2011-01-25,RNGC4,4.54
2011-01-26,RNGC1,4.491
2011-01-26,RNGC2,4.501
2011-01-26,RNGC3,4.508
2011-01-26,RNGC4,4.547
2011-01-27,RNGC1,4.316
2011-01-27,RNGC2,4.319
2011-01-27,RNGC3,4.336
2011-01-27,RNGC4,4.384
2011-01-28,RNGC1,4.323
2011-01-28,RNGC2,4.34
2011-01-28,RNGC3,4.384
2011-01-28,RNGC4,4.425
2011-01-31,RNGC1,4.42
2011-01-31,RNGC2,4.431
2011-01-31,RNGC3,4.47
2011-01-31,RNGC4,4.513
2011-02-01,RNGC1,4.347
2011-02-01,RNGC2,4.366
2011-02-01,RNGC3,4.409
2011-02-01,RNGC4,4.457
2011-02-02,RNGC1,4.429
2011-02-02,RNGC2,4.445
2011-02-02,RNGC3,4.485
2011-02-02,RNGC4,4.539
2011-02-03,RNGC1,4.337
2011-02-03,RNGC2,4.357
2011-02-03,RNGC3,4.405
2011-02-03,RNGC4,4.461
2011-02-04,RNGC1,4.31
2011-02-04,RNGC2,4.342
2011-02-04,RNGC3,4.399
2011-02-04,RNGC4,4.456
2011-02-07,RNGC1,4.104
2011-02-07,RNGC2,4.14
2011-02-07,RNGC3,4.204
2011-02-07,RNGC4,4.267
2011-02-08,RNGC1,4.04
2011-02-08,RNGC2,4.072
2011-02-08,RNGC3,4.139
2011-02-08,RNGC4,4.203
2011-02-09,RNGC1,4.044
2011-02-09,RNGC2,4.083
2011-02-09,RNGC3,4.149
2011-02-09,RNGC4,4.214
2011-02-10,RNGC1,3.986
2011-02-10,RNGC2,4.037
2011-02-10,RNGC3,4.11
2011-02-10,RNGC4,4.175
2011-02-11,RNGC1,3.91
2011-02-11,RNGC2,3.977
2011-02-11,RNGC3,4.052
2011-02-11,RNGC4,4.121
2011-02-14,RNGC1,3.925
2011-02-14,RNGC2,3.991
2011-02-14,RNGC3,4.056
2011-02-14,RNGC4,4.119
2011-02-15,RNGC1,3.976
2011-02-15,RNGC2,4.03
2011-02-15,RNGC3,4.097
2011-02-15,RNGC4,4.153
2011-02-16,RNGC1,3.921
2011-02-16,RNGC2,3.961
2011-02-16,RNGC3,4.03
2011-02-16,RNGC4,4.088
2011-02-17,RNGC1,3.868
2011-02-17,RNGC2,3.901
2011-02-17,RNGC3,3.968
2011-02-17,RNGC4,4.03
2011-02-18,RNGC1,3.876
2011-02-18,RNGC2,3.906
2011-02-18,RNGC3,3.976
2011-02-18,RNGC4,4.037
2011-02-22,RNGC1,3.867
2011-02-22,RNGC2,3.907
2011-02-22,RNGC3,3.976
2011-02-22,RNGC4,4.038
2011-02-23,RNGC1,3.9
2011-02-23,RNGC2,3.936
2011-02-23,RNGC3,4.005
2011-02-23,RNGC4,4.068
2011-02-24,RNGC1,3.793
2011-02-24,RNGC2,3.872
2011-02-24,RNGC3,3.94
2011-02-24,RNGC4,4.007
2011-02-25,RNGC1,4.005
2011-02-25,RNGC2,4.073
2011-02-25,RNGC3,4.133
2011-02-25,RNGC4,4.193
2011-02-28,RNGC1,4.037
2011-02-28,RNGC2,4.11
2011-02-28,RNGC3,4.173
2011-02-28,RNGC4,4.235
2011-03-01,RNGC1,3.873
2011-03-01,RNGC2,3.95
2011-03-01,RNGC3,4.015
2011-03-01,RNGC4,4.084
2011-03-02,RNGC1,3.818
2011-03-02,RNGC2,3.894
2011-03-02,RNGC3,3.961
2011-03-02,RNGC4,4.037
2011-03-03,RNGC1,3.778
2011-03-03,RNGC2,3.859
2011-03-03,RNGC3,3.932
2011-03-03,RNGC4,4.011
2011-03-04,RNGC1,3.809
2011-03-04,RNGC2,3.887
2011-03-04,RNGC3,3.957
2011-03-04,RNGC4,4.036
2011-03-07,RNGC1,3.927
2011-03-07,RNGC2,3.984
2011-03-07,RNGC3,4.042
2011-03-07,RNGC4,4.113
2011-03-08,RNGC1,3.864
2011-03-08,RNGC2,3.924
2011-03-08,RNGC3,3.986
2011-03-08,RNGC4,4.062
2011-03-09,RNGC1,3.93
2011-03-09,RNGC2,3.986
2011-03-09,RNGC3,4.046
2011-03-09,RNGC4,4.121
2011-03-10,RNGC1,3.83
2011-03-10,RNGC2,3.892
2011-03-10,RNGC3,3.955
2011-03-10,RNGC4,4.03
2011-03-11,RNGC1,3.889
2011-03-11,RNGC2,3.945
2011-03-11,RNGC3,4.007
2011-03-11,RNGC4,4.082
2011-03-14,RNGC1,3.914
2011-03-14,RNGC2,3.976
2011-03-14,RNGC3,4.04
2011-03-14,RNGC4,4.116
2011-03-15,RNGC1,3.941
2011-03-15,RNGC2,4.012
2011-03-15,RNGC3,4.08
2011-03-15,RNGC4,4.159
2011-03-16,RNGC1,3.938
2011-03-16,RNGC2,4.01
2011-03-16,RNGC3,4.079
2011-03-16,RNGC4,4.157
2011-03-17,RNGC1,4.158
2011-03-17,RNGC2,4.234
2011-03-17,RNGC3,4.299
2011-03-17,RNGC4,4.369
2011-03-18,RNGC1,4.168
2011-03-18,RNGC2,4.246
2011-03-18,RNGC3,4.316
2011-03-18,RNGC4,4.388
2011-03-21,RNGC1,4.161
2011-03-21,RNGC2,4.241
2011-03-21,RNGC3,4.313
2011-03-21,RNGC4,4.383
2011-03-22,RNGC1,4.254
2011-03-22,RNGC2,4.331
2011-03-22,RNGC3,4.396
2011-03-22,RNGC4,4.463
2011-03-23,RNGC1,4.335
2011-03-23,RNGC2,4.412
2011-03-23,RNGC3,4.477
2011-03-23,RNGC4,4.543
2011-03-24,RNGC1,4.244
2011-03-24,RNGC2,4.327
2011-03-24,RNGC3,4.397
2011-03-24,RNGC4,4.467
2011-03-25,RNGC1,4.403
2011-03-25,RNGC2,4.49
2011-03-25,RNGC3,4.563
2011-03-25,RNGC4,4.636
2011-03-28,RNGC1,4.374
2011-03-28,RNGC2,4.448
2011-03-28,RNGC3,4.52
2011-03-28,RNGC4,4.594
2011-03-29,RNGC1,4.24
2011-03-29,RNGC2,4.263
2011-03-29,RNGC3,4.335
2011-03-29,RNGC4,4.411
2011-03-30,RNGC1,4.355
2011-03-30,RNGC2,4.426
2011-03-30,RNGC3,4.502
2011-03-30,RNGC4,4.535
2011-03-31,RNGC1,4.389
2011-03-31,RNGC2,4.458
2011-03-31,RNGC3,4.533
2011-03-31,RNGC4,4.566
2011-04-01,RNGC1,4.362
2011-04-01,RNGC2,4.437
2011-04-01,RNGC3,4.515
2011-04-01,RNGC4,4.554
2011-04-04,RNGC1,4.289
2011-04-04,RNGC2,4.363
2011-04-04,RNGC3,4.441
2011-04-04,RNGC4,4.486
2011-04-05,RNGC1,4.231
2011-04-05,RNGC2,4.304
2011-04-05,RNGC3,4.384
2011-04-05,RNGC4,4.433
2011-04-06,RNGC1,4.146
2011-04-06,RNGC2,4.22
2011-04-06,RNGC3,4.302
2011-04-06,RNGC4,4.352
2011-04-07,RNGC1,4.057
2011-04-07,RNGC2,4.126
2011-04-07,RNGC3,4.209
2011-04-07,RNGC4,4.259
2011-04-08,RNGC1,4.041
2011-04-08,RNGC2,4.107
2011-04-08,RNGC3,4.192
2011-04-08,RNGC4,4.243
2011-04-11,RNGC1,4.108
2011-04-11,RNGC2,4.176
2011-04-11,RNGC3,4.26
2011-04-11,RNGC4,4.309
2011-04-12,RNGC1,4.098
2011-04-12,RNGC2,4.168
2011-04-12,RNGC3,4.253
2011-04-12,RNGC4,4.304
2011-04-13,RNGC1,4.141
2011-04-13,RNGC2,4.206
2011-04-13,RNGC3,4.283
2011-04-13,RNGC4,4.333
2011-04-14,RNGC1,4.212
2011-04-14,RNGC2,4.269
2011-04-14,RNGC3,4.342
2011-04-14,RNGC4,4.389
2011-04-15,RNGC1,4.204
2011-04-15,RNGC2,4.264
2011-04-15,RNGC3,4.338
2011-04-15,RNGC4,4.387
2011-04-18,RNGC1,4.138
2011-04-18,RNGC2,4.19
2011-04-18,RNGC3,4.262
2011-04-18,RNGC4,4.309
2011-04-19,RNGC1,4.262
2011-04-19,RNGC2,4.31
2011-04-19,RNGC3,4.382
2011-04-19,RNGC4,4.426
2011-04-20,RNGC1,4.31
2011-04-20,RNGC2,4.357
2011-04-20,RNGC3,4.429
2011-04-20,RNGC4,4.476
2011-04-21,RNGC1,4.412
2011-04-21,RNGC2,4.466
2011-04-21,RNGC3,4.535
2011-04-21,RNGC4,4.581
2011-04-25,RNGC1,4.389
2011-04-25,RNGC2,4.452
2011-04-25,RNGC3,4.522
2011-04-25,RNGC4,4.566
2011-04-26,RNGC1,4.387
2011-04-26,RNGC2,4.444
2011-04-26,RNGC3,4.512
2011-04-26,RNGC4,4.558
2011-04-27,RNGC1,4.377
2011-04-27,RNGC2,4.408
2011-04-27,RNGC3,4.476
2011-04-27,RNGC4,4.522
2011-04-28,RNGC1,4.571
2011-04-28,RNGC2,4.633
2011-04-28,RNGC3,4.677
2011-04-28,RNGC4,4.689
2011-04-29,RNGC1,4.698
2011-04-29,RNGC2,4.761
2011-04-29,RNGC3,4.802
2011-04-29,RNGC4,4.809
2011-05-02,RNGC1,4.693
2011-05-02,RNGC2,4.763
2011-05-02,RNGC3,4.807
2011-05-02,RNGC4,4.819
2011-05-03,RNGC1,4.67
2011-05-03,RNGC2,4.738
2011-05-03,RNGC3,4.783
2011-05-03,RNGC4,4.801
2011-05-04,RNGC1,4.577
2011-05-04,RNGC2,4.644
2011-05-04,RNGC3,4.687
2011-05-04,RNGC4,4.706
2011-05-05,RNGC1,4.261
2011-05-05,RNGC2,4.331
2011-05-05,RNGC3,4.376
2011-05-05,RNGC4,4.396
2011-05-06,RNGC1,4.235
2011-05-06,RNGC2,4.297
2011-05-06,RNGC3,4.342
2011-05-06,RNGC4,4.364
2011-05-09,RNGC1,4.154
2011-05-09,RNGC2,4.216
2011-05-09,RNGC3,4.261
2011-05-09,RNGC4,4.285
2011-05-10,RNGC1,4.246
2011-05-10,RNGC2,4.303
2011-05-10,RNGC3,4.345
2011-05-10,RNGC4,4.366
2011-05-11,RNGC1,4.181
2011-05-11,RNGC2,4.241
2011-05-11,RNGC3,4.284
2011-05-11,RNGC4,4.308
2011-05-12,RNGC1,4.194
2011-05-12,RNGC2,4.256
2011-05-12,RNGC3,4.3
2011-05-12,RNGC4,4.325
2011-05-13,RNGC1,4.246
2011-05-13,RNGC2,4.311
2011-05-13,RNGC3,4.354
2011-05-13,RNGC4,4.379
2011-05-16,RNGC1,4.318
2011-05-16,RNGC2,4.379
2011-05-16,RNGC3,4.423
2011-05-16,RNGC4,4.448
2011-05-17,RNGC1,4.182
2011-05-17,RNGC2,4.246
2011-05-17,RNGC3,4.294
2011-05-17,RNGC4,4.321
2011-05-18,RNGC1,4.198
2011-05-18,RNGC2,4.266
2011-05-18,RNGC3,4.316
2011-05-18,RNGC4,4.344
2011-05-19,RNGC1,4.094
2011-05-19,RNGC2,4.161
2011-05-19,RNGC3,4.214
2011-05-19,RNGC4,4.244
2011-05-20,RNGC1,4.23
2011-05-20,RNGC2,4.29
2011-05-20,RNGC3,4.34
2011-05-20,RNGC4,4.367
2011-05-23,RNGC1,4.346
2011-05-23,RNGC2,4.393
2011-05-23,RNGC3,4.438
2011-05-23,RNGC4,4.465
2011-05-24,RNGC1,4.345
2011-05-24,RNGC2,4.391
2011-05-24,RNGC3,4.437
2011-05-24,RNGC4,4.464
2011-05-25,RNGC1,4.379
2011-05-25,RNGC2,4.423
2011-05-25,RNGC3,4.469
2011-05-25,RNGC4,4.496
2011-05-26,RNGC1,4.326
2011-05-26,RNGC2,4.36
2011-05-26,RNGC3,4.405
2011-05-26,RNGC4,4.429
2011-05-27,RNGC1,4.518
2011-05-27,RNGC2,4.557
2011-05-27,RNGC3,4.577
2011-05-27,RNGC4,4.614
2011-05-31,RNGC1,4.666
2011-05-31,RNGC2,4.7
2011-05-31,RNGC3,4.71
2011-05-31,RNGC4,4.744
2011-06-01,RNGC1,4.629
2011-06-01,RNGC2,4.667
2011-06-01,RNGC3,4.681
2011-06-01,RNGC4,4.717
2011-06-02,RNGC1,4.794
2011-06-02,RNGC2,4.821
2011-06-02,RNGC3,4.822
2011-06-02,RNGC4,4.848
2011-06-03,RNGC1,4.707
2011-06-03,RNGC2,4.739
2011-06-03,RNGC3,4.745
2011-06-03,RNGC4,4.774
2011-06-06,RNGC1,4.827
2011-06-06,RNGC2,4.857
2011-06-06,RNGC3,4.869
2011-06-06,RNGC4,4.893
2011-06-07,RNGC1,4.831
2011-06-07,RNGC2,4.858
2011-06-07,RNGC3,4.877
2011-06-07,RNGC4,4.905
2011-06-08,RNGC1,4.847
2011-06-08,RNGC2,4.874
2011-06-08,RNGC3,4.893
2011-06-08,RNGC4,4.919
2011-06-09,RNGC1,4.674
2011-06-09,RNGC2,4.704
2011-06-09,RNGC3,4.726
2011-06-09,RNGC4,4.754
2011-06-10,RNGC1,4.757
2011-06-10,RNGC2,4.789
2011-06-10,RNGC3,4.812
2011-06-10,RNGC4,4.836
2011-06-13,RNGC1,4.646
2011-06-13,RNGC2,4.678
2011-06-13,RNGC3,4.701
2011-06-13,RNGC4,4.729
2011-06-14,RNGC1,4.581
2011-06-14,RNGC2,4.613
2011-06-14,RNGC3,4.635
2011-06-14,RNGC4,4.668
2011-06-15,RNGC1,4.577
2011-06-15,RNGC2,4.611
2011-06-15,RNGC3,4.635
2011-06-15,RNGC4,4.67
2011-06-16,RNGC1,4.412
2011-06-16,RNGC2,4.45
2011-06-16,RNGC3,4.476
2011-06-16,RNGC4,4.513
2011-06-17,RNGC1,4.325
2011-06-17,RNGC2,4.36
2011-06-17,RNGC3,4.386
2011-06-17,RNGC4,4.424
2011-06-20,RNGC1,4.317
2011-06-20,RNGC2,4.352
2011-06-20,RNGC3,4.38
2011-06-20,RNGC4,4.421
2011-06-21,RNGC1,4.388
2011-06-21,RNGC2,4.423
2011-06-21,RNGC3,4.448
2011-06-21,RNGC4,4.489
2011-06-22,RNGC1,4.317
2011-06-22,RNGC2,4.35
2011-06-22,RNGC3,4.375
2011-06-22,RNGC4,4.418
2011-06-23,RNGC1,4.193
2011-06-23,RNGC2,4.217
2011-06-23,RNGC3,4.243
2011-06-23,RNGC4,4.287
2011-06-24,RNGC1,4.229
2011-06-24,RNGC2,4.25
2011-06-24,RNGC3,4.275
2011-06-24,RNGC4,4.319
2011-06-27,RNGC1,4.256
2011-06-27,RNGC2,4.264
2011-06-27,RNGC3,4.286
2011-06-27,RNGC4,4.329
2011-06-28,RNGC1,4.357
2011-06-28,RNGC2,4.354
2011-06-28,RNGC3,4.373
2011-06-28,RNGC4,4.412
2011-06-29,RNGC1,4.315
2011-06-29,RNGC2,4.334
2011-06-29,RNGC3,4.373
2011-06-29,RNGC4,4.493
2011-06-30,RNGC1,4.374
2011-06-30,RNGC2,4.393
2011-06-30,RNGC3,4.432
2011-06-30,RNGC4,4.553
2011-07-01,RNGC1,4.311
2011-07-01,RNGC2,4.33
2011-07-01,RNGC3,4.372
2011-07-01,RNGC4,4.501
2011-07-05,RNGC1,4.363
2011-07-05,RNGC2,4.371
2011-07-05,RNGC3,4.409
2011-07-05,RNGC4,4.541
2011-07-06,RNGC1,4.217
2011-07-06,RNGC2,4.222
2011-07-06,RNGC3,4.26
2011-07-06,RNGC4,4.411
2011-07-07,RNGC1,4.133
2011-07-07,RNGC2,4.138
2011-07-07,RNGC3,4.168
2011-07-07,RNGC4,4.324
2011-07-08,RNGC1,4.205
2011-07-08,RNGC2,4.204
2011-07-08,RNGC3,4.231
2011-07-08,RNGC4,4.385
2011-07-11,RNGC1,4.288
2011-07-11,RNGC2,4.277
2011-07-11,RNGC3,4.302
2011-07-11,RNGC4,4.447
2011-07-12,RNGC1,4.333
2011-07-12,RNGC2,4.312
2011-07-12,RNGC3,4.335
2011-07-12,RNGC4,4.473
2011-07-13,RNGC1,4.403
2011-07-13,RNGC2,4.387
2011-07-13,RNGC3,4.411
2011-07-13,RNGC4,4.54
2011-07-14,RNGC1,4.378
2011-07-14,RNGC2,4.358
2011-07-14,RNGC3,4.378
2011-07-14,RNGC4,4.501
2011-07-15,RNGC1,4.546
2011-07-15,RNGC2,4.52
2011-07-15,RNGC3,4.535
2011-07-15,RNGC4,4.639
2011-07-18,RNGC1,4.546
2011-07-18,RNGC2,4.524
2011-07-18,RNGC3,4.54
2011-07-18,RNGC4,4.644
2011-07-19,RNGC1,4.533
2011-07-19,RNGC2,4.511
2011-07-19,RNGC3,4.526
2011-07-19,RNGC4,4.63
2011-07-20,RNGC1,4.5
2011-07-20,RNGC2,4.469
2011-07-20,RNGC3,4.483
2011-07-20,RNGC4,4.585
2011-07-21,RNGC1,4.395
2011-07-21,RNGC2,4.362
2011-07-21,RNGC3,4.377
2011-07-21,RNGC4,4.483
2011-07-22,RNGC1,4.399
2011-07-22,RNGC2,4.37
2011-07-22,RNGC3,4.385
2011-07-22,RNGC4,4.493
2011-07-25,RNGC1,4.386
2011-07-25,RNGC2,4.355
2011-07-25,RNGC3,4.368
2011-07-25,RNGC4,4.472
2011-07-26,RNGC1,4.37
2011-07-26,RNGC2,4.331
2011-07-26,RNGC3,4.347
2011-07-26,RNGC4,4.454
2011-07-27,RNGC1,4.37
2011-07-27,RNGC2,4.318
2011-07-27,RNGC3,4.333
2011-07-27,RNGC4,4.446
2011-07-28,RNGC1,4.244
2011-07-28,RNGC2,4.257
2011-07-28,RNGC3,4.369
2011-07-28,RNGC4,4.545
2011-07-29,RNGC1,4.145
2011-07-29,RNGC2,4.157
2011-07-29,RNGC3,4.272
2011-07-29,RNGC4,4.462
2011-08-01,RNGC1,4.188
2011-08-01,RNGC2,4.19
2011-08-01,RNGC3,4.303
2011-08-01,RNGC4,4.505
2011-08-02,RNGC1,4.155
2011-08-02,RNGC2,4.156
2011-08-02,RNGC3,4.271
2011-08-02,RNGC4,4.478
2011-08-03,RNGC1,4.09
2011-08-03,RNGC2,4.102
2011-08-03,RNGC3,4.222
2011-08-03,RNGC4,4.425
2011-08-04,RNGC1,3.941
2011-08-04,RNGC2,3.955
2011-08-04,RNGC3,4.09
2011-08-04,RNGC4,4.297
2011-08-05,RNGC1,3.941
2011-08-05,RNGC2,3.962
2011-08-05,RNGC3,4.113
2011-08-05,RNGC4,4.33
2011-08-08,RNGC1,3.935
2011-08-08,RNGC2,3.957
2011-08-08,RNGC3,4.115
2011-08-08,RNGC4,4.34
2011-08-09,RNGC1,3.994
2011-08-09,RNGC2,4.015
2011-08-09,RNGC3,4.167
2011-08-09,RNGC4,4.388
2011-08-10,RNGC1,4.003
2011-08-10,RNGC2,4.024
2011-08-10,RNGC3,4.181
2011-08-10,RNGC4,4.402
2011-08-11,RNGC1,4.108
2011-08-11,RNGC2,4.127
2011-08-11,RNGC3,4.279
2011-08-11,RNGC4,4.497
2011-08-12,RNGC1,4.06
2011-08-12,RNGC2,4.071
2011-08-12,RNGC3,4.219
2011-08-12,RNGC4,4.441
2011-08-15,RNGC1,4.024
2011-08-15,RNGC2,4.039
2011-08-15,RNGC3,4.184
2011-08-15,RNGC4,4.411
2011-08-16,RNGC1,3.932
2011-08-16,RNGC2,3.942
2011-08-16,RNGC3,4.09
2011-08-16,RNGC4,4.322
2011-08-17,RNGC1,3.933
2011-08-17,RNGC2,3.943
2011-08-17,RNGC3,4.084
2011-08-17,RNGC4,4.313
2011-08-18,RNGC1,3.892
2011-08-18,RNGC2,3.899
2011-08-18,RNGC3,4.038
2011-08-18,RNGC4,4.271
2011-08-19,RNGC1,3.94
2011-08-19,RNGC2,3.941
2011-08-19,RNGC3,4.075
2011-08-19,RNGC4,4.307
2011-08-22,RNGC1,3.889
2011-08-22,RNGC2,3.869
2011-08-22,RNGC3,3.991
2011-08-22,RNGC4,4.225
2011-08-23,RNGC1,3.993
2011-08-23,RNGC2,3.968
2011-08-23,RNGC3,4.07
2011-08-23,RNGC4,4.276
2011-08-24,RNGC1,3.922
2011-08-24,RNGC2,3.889
2011-08-24,RNGC3,3.996
2011-08-24,RNGC4,4.203
2011-08-25,RNGC1,3.931
2011-08-25,RNGC2,3.906
2011-08-25,RNGC3,4.025
2011-08-25,RNGC4,4.244
2011-08-26,RNGC1,3.931
2011-08-26,RNGC2,3.912
2011-08-26,RNGC3,4.047
2011-08-26,RNGC4,4.273
2011-08-29,RNGC1,3.857
2011-08-29,RNGC2,3.83
2011-08-29,RNGC3,3.955
2011-08-29,RNGC4,4.187
2011-08-30,RNGC1,3.909
2011-08-30,RNGC2,4.024
2011-08-30,RNGC3,4.243
2011-08-30,RNGC4,4.355
2011-08-31,RNGC1,4.054
2011-08-31,RNGC2,4.173
2011-08-31,RNGC3,4.386
2011-08-31,RNGC4,4.498
2011-09-01,RNGC1,4.05
2011-09-01,RNGC2,4.166
2011-09-01,RNGC3,4.381
2011-09-01,RNGC4,4.497
2011-09-02,RNGC1,3.872
2011-09-02,RNGC2,3.99
2011-09-02,RNGC3,4.211
2011-09-02,RNGC4,4.334
2011-09-06,RNGC1,3.938
2011-09-06,RNGC2,4.043
2011-09-06,RNGC3,4.259
2011-09-06,RNGC4,4.383
2011-09-07,RNGC1,3.94
2011-09-07,RNGC2,4.045
2011-09-07,RNGC3,4.251
2011-09-07,RNGC4,4.374
2011-09-08,RNGC1,3.98
2011-09-08,RNGC2,4.068
2011-09-08,RNGC3,4.265
2011-09-08,RNGC4,4.379
2011-09-09,RNGC1,3.915
2011-09-09,RNGC2,3.998
2011-09-09,RNGC3,4.196
2011-09-09,RNGC4,4.308
2011-09-12,RNGC1,3.885
2011-09-12,RNGC2,3.966
2011-09-12,RNGC3,4.172
2011-09-12,RNGC4,4.292
2011-09-13,RNGC1,3.98
2011-09-13,RNGC2,4.054
2011-09-13,RNGC3,4.257
2011-09-13,RNGC4,4.374
2011-09-14,RNGC1,4.039
2011-09-14,RNGC2,4.117
2011-09-14,RNGC3,4.317
2011-09-14,RNGC4,4.434
2011-09-15,RNGC1,3.878
2011-09-15,RNGC2,3.981
2011-09-15,RNGC3,4.195
2011-09-15,RNGC4,4.323
2011-09-16,RNGC1,3.809
2011-09-16,RNGC2,3.922
2011-09-16,RNGC3,4.155
2011-09-16,RNGC4,4.29
2011-09-19,RNGC1,3.829
2011-09-19,RNGC2,3.932
2011-09-19,RNGC3,4.172
2011-09-19,RNGC4,4.311
2011-09-20,RNGC1,3.798
2011-09-20,RNGC2,3.885
2011-09-20,RNGC3,4.142
2011-09-20,RNGC4,4.286
2011-09-21,RNGC1,3.73
2011-09-21,RNGC2,3.82
2011-09-21,RNGC3,4.099
2011-09-21,RNGC4,4.252
2011-09-22,RNGC1,3.705
2011-09-22,RNGC2,3.782
2011-09-22,RNGC3,4.045
2011-09-22,RNGC4,4.183
2011-09-23,RNGC1,3.701
2011-09-23,RNGC2,3.766
2011-09-23,RNGC3,4.021
2011-09-23,RNGC4,4.159
2011-09-26,RNGC1,3.782
2011-09-26,RNGC2,3.845
2011-09-26,RNGC3,4.097
2011-09-26,RNGC4,4.239
2011-09-27,RNGC1,3.827
2011-09-27,RNGC2,3.875
2011-09-27,RNGC3,4.104
2011-09-27,RNGC4,4.242
2011-09-28,RNGC1,3.759
2011-09-28,RNGC2,3.799
2011-09-28,RNGC3,4.041
2011-09-28,RNGC4,4.185
2011-09-29,RNGC1,3.747
2011-09-29,RNGC2,4.015
2011-09-29,RNGC3,4.162
2011-09-29,RNGC4,4.181
2011-09-30,RNGC1,3.666
2011-09-30,RNGC2,3.962
2011-09-30,RNGC3,4.123
2011-09-30,RNGC4,4.142
2011-10-03,RNGC1,3.617
2011-10-03,RNGC2,3.928
2011-10-03,RNGC3,4.089
2011-10-03,RNGC4,4.108
2011-10-04,RNGC1,3.638
2011-10-04,RNGC2,3.944
2011-10-04,RNGC3,4.114
2011-10-04,RNGC4,4.133
2011-10-05,RNGC1,3.57
2011-10-05,RNGC2,3.884
2011-10-05,RNGC3,4.058
2011-10-05,RNGC4,4.079
2011-10-06,RNGC1,3.598
2011-10-06,RNGC2,3.916
2011-10-06,RNGC3,4.091
2011-10-06,RNGC4,4.113
2011-10-07,RNGC1,3.481
2011-10-07,RNGC2,3.82
2011-10-07,RNGC3,4.0
2011-10-07,RNGC4,4.022
2011-10-10,RNGC1,3.541
2011-10-10,RNGC2,3.836
2011-10-10,RNGC3,4.006
2011-10-10,RNGC4,4.028
2011-10-11,RNGC1,3.616
2011-10-11,RNGC2,3.859
2011-10-11,RNGC3,4.008
2011-10-11,RNGC4,4.028
2011-10-12,RNGC1,3.489
2011-10-12,RNGC2,3.791
2011-10-12,RNGC3,3.95
2011-10-12,RNGC4,3.97
2011-10-13,RNGC1,3.531
2011-10-13,RNGC2,3.814
2011-10-13,RNGC3,3.971
2011-10-13,RNGC4,3.989
2011-10-14,RNGC1,3.703
2011-10-14,RNGC2,3.96
2011-10-14,RNGC3,4.1
2011-10-14,RNGC4,4.111
2011-10-17,RNGC1,3.688
2011-10-17,RNGC2,3.903
2011-10-17,RNGC3,4.037
2011-10-17,RNGC4,4.052
2011-10-18,RNGC1,3.553
2011-10-18,RNGC2,3.788
2011-10-18,RNGC3,3.927
2011-10-18,RNGC4,3.946
2011-10-19,RNGC1,3.586
2011-10-19,RNGC2,3.813
2011-10-19,RNGC3,3.95
2011-10-19,RNGC4,3.97
2011-10-20,RNGC1,3.63
2011-10-20,RNGC2,3.834
2011-10-20,RNGC3,3.964
2011-10-20,RNGC4,3.978
2011-10-21,RNGC1,3.629
2011-10-21,RNGC2,3.826
2011-10-21,RNGC3,3.95
2011-10-21,RNGC4,3.963
2011-10-24,RNGC1,3.604
2011-10-24,RNGC2,3.794
2011-10-24,RNGC3,3.92
2011-10-24,RNGC4,3.935
2011-10-25,RNGC1,3.658
2011-10-25,RNGC2,3.852
2011-10-25,RNGC3,3.977
2011-10-25,RNGC4,3.992
2011-10-26,RNGC1,3.59
2011-10-26,RNGC2,3.775
2011-10-26,RNGC3,3.911
2011-10-26,RNGC4,3.928
2011-10-27,RNGC1,3.524
2011-10-27,RNGC2,3.764
2011-10-27,RNGC3,3.896
2011-10-27,RNGC4,3.911
2011-10-28,RNGC1,3.923
2011-10-28,RNGC2,4.042
2011-10-28,RNGC3,4.053
2011-10-28,RNGC4,4.02
2011-10-31,RNGC1,3.934
2011-10-31,RNGC2,4.056
2011-10-31,RNGC3,4.065
2011-10-31,RNGC4,4.034
2011-11-01,RNGC1,3.781
2011-11-01,RNGC2,3.92
2011-11-01,RNGC3,3.93
2011-11-01,RNGC4,3.903
2011-11-02,RNGC1,3.749
2011-11-02,RNGC2,3.882
2011-11-02,RNGC3,3.893
2011-11-02,RNGC4,3.867
2011-11-03,RNGC1,3.778
2011-11-03,RNGC2,3.901
2011-11-03,RNGC3,3.909
2011-11-03,RNGC4,3.882
2011-11-04,RNGC1,3.783
2011-11-04,RNGC2,3.892
2011-11-04,RNGC3,3.9
2011-11-04,RNGC4,3.874
2011-11-07,RNGC1,3.696
2011-11-07,RNGC2,3.803
2011-11-07,RNGC3,3.816
2011-11-07,RNGC4,3.792
2011-11-08,RNGC1,3.745
2011-11-08,RNGC2,3.843
2011-11-08,RNGC3,3.859
2011-11-08,RNGC4,3.832
2011-11-09,RNGC1,3.652
2011-11-09,RNGC2,3.749
2011-11-09,RNGC3,3.767
2011-11-09,RNGC4,3.74
2011-11-10,RNGC1,3.649
2011-11-10,RNGC2,3.747
2011-11-10,RNGC3,3.764
2011-11-10,RNGC4,3.736
2011-11-11,RNGC1,3.584
2011-11-11,RNGC2,3.696
2011-11-11,RNGC3,3.714
2011-11-11,RNGC4,3.69
2011-11-14,RNGC1,3.458
2011-11-14,RNGC2,3.6
2011-11-14,RNGC3,3.618
2011-11-14,RNGC4,3.604
2011-11-15,RNGC1,3.404
2011-11-15,RNGC2,3.542
2011-11-15,RNGC3,3.558
2011-11-15,RNGC4,3.545
2011-11-16,RNGC1,3.344
2011-11-16,RNGC2,3.483
2011-11-16,RNGC3,3.502
2011-11-16,RNGC4,3.489
2011-11-17,RNGC1,3.41
2011-11-17,RNGC2,3.546
2011-11-17,RNGC3,3.562
2011-11-17,RNGC4,3.547
2011-11-18,RNGC1,3.316
2011-11-18,RNGC2,3.496
2011-11-18,RNGC3,3.512
2011-11-18,RNGC4,3.501
2011-11-21,RNGC1,3.399
2011-11-21,RNGC2,3.558
2011-11-21,RNGC3,3.573
2011-11-21,RNGC4,3.567
2011-11-22,RNGC1,3.415
2011-11-22,RNGC2,3.561
2011-11-22,RNGC3,3.578
2011-11-22,RNGC4,3.571
2011-11-23,RNGC1,3.46
2011-11-23,RNGC2,3.608
2011-11-23,RNGC3,3.632
2011-11-23,RNGC4,3.628
2011-11-25,RNGC1,3.542
2011-11-25,RNGC2,3.665
2011-11-25,RNGC3,3.693
2011-11-25,RNGC4,3.693
2011-11-28,RNGC1,3.364
2011-11-28,RNGC2,3.525
2011-11-28,RNGC3,3.555
2011-11-28,RNGC4,3.56
2011-11-29,RNGC1,3.633
2011-11-29,RNGC2,3.653
2011-11-29,RNGC3,3.653
2011-11-29,RNGC4,3.681
2011-11-30,RNGC1,3.55
2011-11-30,RNGC2,3.578
2011-11-30,RNGC3,3.581
2011-11-30,RNGC4,3.616
2011-12-01,RNGC1,3.648
2011-12-01,RNGC2,3.675
2011-12-01,RNGC3,3.68
2011-12-01,RNGC4,3.71
2011-12-02,RNGC1,3.584
2011-12-02,RNGC2,3.613
2011-12-02,RNGC3,3.621
2011-12-02,RNGC4,3.66
2011-12-05,RNGC1,3.461
2011-12-05,RNGC2,3.49
2011-12-05,RNGC3,3.5
2011-12-05,RNGC4,3.542
2011-12-06,RNGC1,3.487
2011-12-06,RNGC2,3.523
2011-12-06,RNGC3,3.533
2011-12-06,RNGC4,3.577
2011-12-07,RNGC1,3.421
2011-12-07,RNGC2,3.458
2011-12-07,RNGC3,3.47
2011-12-07,RNGC4,3.518
2011-12-08,RNGC1,3.457
2011-12-08,RNGC2,3.486
2011-12-08,RNGC3,3.493
2011-12-08,RNGC4,3.536
2011-12-09,RNGC1,3.317
2011-12-09,RNGC2,3.353
2011-12-09,RNGC3,3.367
2011-12-09,RNGC4,3.411
2011-12-12,RNGC1,3.254
2011-12-12,RNGC2,3.294
2011-12-12,RNGC3,3.31
2011-12-12,RNGC4,3.354
2011-12-13,RNGC1,3.279
2011-12-13,RNGC2,3.321
2011-12-13,RNGC3,3.343
2011-12-13,RNGC4,3.392
2011-12-14,RNGC1,3.136
2011-12-14,RNGC2,3.187
2011-12-14,RNGC3,3.223
2011-12-14,RNGC4,3.279
2011-12-15,RNGC1,3.127
2011-12-15,RNGC2,3.177
2011-12-15,RNGC3,3.208
2011-12-15,RNGC4,3.266
2011-12-16,RNGC1,3.127
2011-12-16,RNGC2,3.174
2011-12-16,RNGC3,3.204
2011-12-16,RNGC4,3.263
2011-12-19,RNGC1,3.096
2011-12-19,RNGC2,3.143
2011-12-19,RNGC3,3.177
2011-12-19,RNGC4,3.236
2011-12-20,RNGC1,3.128
2011-12-20,RNGC2,3.17
2011-12-20,RNGC3,3.208
2011-12-20,RNGC4,3.271
2011-12-21,RNGC1,3.155
2011-12-21,RNGC2,3.198
2011-12-21,RNGC3,3.239
2011-12-21,RNGC4,3.302
2011-12-22,RNGC1,3.169
2011-12-22,RNGC2,3.206
2011-12-22,RNGC3,3.241
2011-12-22,RNGC4,3.302
2011-12-23,RNGC1,3.114
2011-12-23,RNGC2,3.147
2011-12-23,RNGC3,3.184
2011-12-23,RNGC4,3.249
2011-12-27,RNGC1,3.112
2011-12-27,RNGC2,3.15
2011-12-27,RNGC3,3.18
2011-12-27,RNGC4,3.244
2011-12-28,RNGC1,3.084
2011-12-28,RNGC2,3.121
2011-12-28,RNGC3,3.148
2011-12-28,RNGC4,3.208
2011-12-29,RNGC1,3.027
2011-12-29,RNGC2,3.055
2011-12-29,RNGC3,3.12
2011-12-29,RNGC4,3.17
2011-12-30,RNGC1,2.989
2011-12-30,RNGC2,3.016
2011-12-30,RNGC3,3.079
2011-12-30,RNGC4,3.131
2012-01-03,RNGC1,2.993
2012-01-03,RNGC2,3.022
2012-01-03,RNGC3,3.084
2012-01-03,RNGC4,3.138
2012-01-04,RNGC1,3.096
2012-01-04,RNGC2,3.127
2012-01-04,RNGC3,3.185
2012-01-04,RNGC4,3.238
2012-01-05,RNGC1,2.98
2012-01-05,RNGC2,3.017
2012-01-05,RNGC3,3.082
2012-01-05,RNGC4,3.138
2012-01-06,RNGC1,3.062
2012-01-06,RNGC2,3.098
2012-01-06,RNGC3,3.154
2012-01-06,RNGC4,3.208
2012-01-09,RNGC1,3.011
2012-01-09,RNGC2,3.05
2012-01-09,RNGC3,3.115
2012-01-09,RNGC4,3.172
2012-01-10,RNGC1,2.941
2012-01-10,RNGC2,2.97
2012-01-10,RNGC3,3.042
2012-01-10,RNGC4,3.103
2012-01-11,RNGC1,2.774
2012-01-11,RNGC2,2.803
2012-01-11,RNGC3,2.883
2012-01-11,RNGC4,2.949
2012-01-12,RNGC1,2.697
2012-01-12,RNGC2,2.737
2012-01-12,RNGC3,2.827
2012-01-12,RNGC4,2.896
2012-01-13,RNGC1,2.67
2012-01-13,RNGC2,2.713
2012-01-13,RNGC3,2.797
2012-01-13,RNGC4,2.867
2012-01-17,RNGC1,2.488
2012-01-17,RNGC2,2.528
2012-01-17,RNGC3,2.617
2012-01-17,RNGC4,2.69
2012-01-18,RNGC1,2.472
2012-01-18,RNGC2,2.516
2012-01-18,RNGC3,2.614
2012-01-18,RNGC4,2.687
2012-01-19,RNGC1,2.322
2012-01-19,RNGC2,2.363
2012-01-19,RNGC3,2.484
2012-01-19,RNGC4,2.562
2012-01-20,RNGC1,2.343
2012-01-20,RNGC2,2.392
2012-01-20,RNGC3,2.525
2012-01-20,RNGC4,2.612
2012-01-23,RNGC1,2.525
2012-01-23,RNGC2,2.58
2012-01-23,RNGC3,2.719
2012-01-23,RNGC4,2.812
2012-01-24,RNGC1,2.554
2012-01-24,RNGC2,2.601
2012-01-24,RNGC3,2.754
2012-01-24,RNGC4,2.848
2012-01-25,RNGC1,2.729
2012-01-25,RNGC2,2.769
2012-01-25,RNGC3,2.875
2012-01-25,RNGC4,2.956
2012-01-26,RNGC1,2.605
2012-01-26,RNGC2,2.654
2012-01-26,RNGC3,2.772
2012-01-26,RNGC4,2.852
2012-01-27,RNGC1,2.678
2012-01-27,RNGC2,2.756
2012-01-27,RNGC3,2.869
2012-01-27,RNGC4,2.948
2012-01-30,RNGC1,2.713
2012-01-30,RNGC2,2.816
2012-01-30,RNGC3,2.898
2012-01-30,RNGC4,2.962
2012-01-31,RNGC1,2.503
2012-01-31,RNGC2,2.638
2012-01-31,RNGC3,2.738
2012-01-31,RNGC4,2.808
2012-02-01,RNGC1,2.382
2012-02-01,RNGC2,2.535
2012-02-01,RNGC3,2.638
2012-02-01,RNGC4,2.714
2012-02-02,RNGC1,2.554
2012-02-02,RNGC2,2.715
2012-02-02,RNGC3,2.819
2012-02-02,RNGC4,2.9
2012-02-03,RNGC1,2.499
2012-02-03,RNGC2,2.677
2012-02-03,RNGC3,2.789
2012-02-03,RNGC4,2.879
2012-02-06,RNGC1,2.55
2012-02-06,RNGC2,2.738
2012-02-06,RNGC3,2.858
2012-02-06,RNGC4,2.952
2012-02-07,RNGC1,2.472
2012-02-07,RNGC2,2.628
2012-02-07,RNGC3,2.744
2012-02-07,RNGC4,2.832
2012-02-08,RNGC1,2.448
2012-02-08,RNGC2,2.598
2012-02-08,RNGC3,2.716
2012-02-08,RNGC4,2.805
2012-02-09,RNGC1,2.477
2012-02-09,RNGC2,2.636
2012-02-09,RNGC3,2.763
2012-02-09,RNGC4,2.858
2012-02-10,RNGC1,2.477
2012-02-10,RNGC2,2.656
2012-02-10,RNGC3,2.792
2012-02-10,RNGC4,2.89
2012-02-13,RNGC1,2.431
2012-02-13,RNGC2,2.62
2012-02-13,RNGC3,2.751
2012-02-13,RNGC4,2.847
2012-02-14,RNGC1,2.532
2012-02-14,RNGC2,2.7
2012-02-14,RNGC3,2.812
2012-02-14,RNGC4,2.901
2012-02-15,RNGC1,2.425
2012-02-15,RNGC2,2.616
2012-02-15,RNGC3,2.738
2012-02-15,RNGC4,2.834
2012-02-16,RNGC1,2.567
2012-02-16,RNGC2,2.713
2012-02-16,RNGC3,2.818
2012-02-16,RNGC4,2.904
2012-02-17,RNGC1,2.684
2012-02-17,RNGC2,2.824
2012-02-17,RNGC3,2.926
2012-02-17,RNGC4,3.01
2012-02-21,RNGC1,2.626
2012-02-21,RNGC2,2.773
2012-02-21,RNGC3,2.88
2012-02-21,RNGC4,2.967
2012-02-22,RNGC1,2.643
2012-02-22,RNGC2,2.775
2012-02-22,RNGC3,2.882
2012-02-22,RNGC4,2.975
2012-02-23,RNGC1,2.621
2012-02-23,RNGC2,2.761
2012-02-23,RNGC3,2.866
2012-02-23,RNGC4,2.959
2012-02-24,RNGC1,2.55
2012-02-24,RNGC2,2.695
2012-02-24,RNGC3,2.808
2012-02-24,RNGC4,2.902
2012-02-27,RNGC1,2.446
2012-02-27,RNGC2,2.603
2012-02-27,RNGC3,2.712
2012-02-27,RNGC4,2.802
2012-02-28,RNGC1,2.519
2012-02-28,RNGC2,2.627
2012-02-28,RNGC3,2.711
2012-02-28,RNGC4,2.779
2012-02-29,RNGC1,2.616
2012-02-29,RNGC2,2.71
2012-02-29,RNGC3,2.786
2012-02-29,RNGC4,2.852
2012-03-01,RNGC1,2.463
2012-03-01,RNGC2,2.579
2012-03-01,RNGC3,2.669
2012-03-01,RNGC4,2.744
2012-03-02,RNGC1,2.484
2012-03-02,RNGC2,2.6
2012-03-02,RNGC3,2.692
2012-03-02,RNGC4,2.773
2012-03-05,RNGC1,2.355
2012-03-05,RNGC2,2.472
2012-03-05,RNGC3,2.57
2012-03-05,RNGC4,2.657
2012-03-06,RNGC1,2.356
2012-03-06,RNGC2,2.462
2012-03-06,RNGC3,2.554
2012-03-06,RNGC4,2.636
2012-03-07,RNGC1,2.302
2012-03-07,RNGC2,2.4
2012-03-07,RNGC3,2.49
2012-03-07,RNGC4,2.574
2012-03-08,RNGC1,2.272
2012-03-08,RNGC2,2.372
2012-03-08,RNGC3,2.465
2012-03-08,RNGC4,2.558
2012-03-09,RNGC1,2.324
2012-03-09,RNGC2,2.425
2012-03-09,RNGC3,2.522
2012-03-09,RNGC4,2.617
2012-03-12,RNGC1,2.269
2012-03-12,RNGC2,2.373
2012-03-12,RNGC3,2.473
2012-03-12,RNGC4,2.568
2012-03-13,RNGC1,2.299
2012-03-13,RNGC2,2.408
2012-03-13,RNGC3,2.507
2012-03-13,RNGC4,2.602
2012-03-14,RNGC1,2.284
2012-03-14,RNGC2,2.416
2012-03-14,RNGC3,2.533
2012-03-14,RNGC4,2.629
2012-03-15,RNGC1,2.279
2012-03-15,RNGC2,2.42
2012-03-15,RNGC3,2.537
2012-03-15,RNGC4,2.635
2012-03-16,RNGC1,2.326
2012-03-16,RNGC2,2.436
2012-03-16,RNGC3,2.543
2012-03-16,RNGC4,2.642
2012-03-19,RNGC1,2.351
2012-03-19,RNGC2,2.466
2012-03-19,RNGC3,2.571
2012-03-19,RNGC4,2.674
2012-03-20,RNGC1,2.335
2012-03-20,RNGC2,2.432
2012-03-20,RNGC3,2.535
2012-03-20,RNGC4,2.638
2012-03-21,RNGC1,2.36
2012-03-21,RNGC2,2.454
2012-03-21,RNGC3,2.553
2012-03-21,RNGC4,2.656
2012-03-22,RNGC1,2.269
2012-03-22,RNGC2,2.372
2012-03-22,RNGC3,2.477
2012-03-22,RNGC4,2.583
2012-03-23,RNGC1,2.275
2012-03-23,RNGC2,2.373
2012-03-23,RNGC3,2.481
2012-03-23,RNGC4,2.586
2012-03-26,RNGC1,2.226
2012-03-26,RNGC2,2.319
2012-03-26,RNGC3,2.437
2012-03-26,RNGC4,2.551
2012-03-27,RNGC1,2.208
2012-03-27,RNGC2,2.294
2012-03-27,RNGC3,2.414
2012-03-27,RNGC4,2.536
2012-03-28,RNGC1,2.191
2012-03-28,RNGC2,2.282
2012-03-28,RNGC3,2.401
2012-03-28,RNGC4,2.522
2012-03-29,RNGC1,2.149
2012-03-29,RNGC2,2.27
2012-03-29,RNGC3,2.39
2012-03-29,RNGC4,2.459
2012-03-30,RNGC1,2.126
2012-03-30,RNGC2,2.259
2012-03-30,RNGC3,2.389
2012-03-30,RNGC4,2.461
2012-04-02,RNGC1,2.152
2012-04-02,RNGC2,2.29
2012-04-02,RNGC3,2.432
2012-04-02,RNGC4,2.511
2012-04-03,RNGC1,2.187
2012-04-03,RNGC2,2.318
2012-04-03,RNGC3,2.457
2012-04-03,RNGC4,2.536
2012-04-04,RNGC1,2.141
2012-04-04,RNGC2,2.267
2012-04-04,RNGC3,2.406
2012-04-04,RNGC4,2.485
2012-04-05,RNGC1,2.089
2012-04-05,RNGC2,2.201
2012-04-05,RNGC3,2.326
2012-04-05,RNGC4,2.406
2012-04-09,RNGC1,2.107
2012-04-09,RNGC2,2.223
2012-04-09,RNGC3,2.355
2012-04-09,RNGC4,2.435
2012-04-10,RNGC1,2.031
2012-04-10,RNGC2,2.152
2012-04-10,RNGC3,2.292
2012-04-10,RNGC4,2.374
2012-04-11,RNGC1,1.984
2012-04-11,RNGC2,2.105
2012-04-11,RNGC3,2.247
2012-04-11,RNGC4,2.334
2012-04-12,RNGC1,1.983
2012-04-12,RNGC2,2.092
2012-04-12,RNGC3,2.218
2012-04-12,RNGC4,2.306
2012-04-13,RNGC1,1.981
2012-04-13,RNGC2,2.084
2012-04-13,RNGC3,2.202
2012-04-13,RNGC4,2.287
2012-04-16,RNGC1,2.016
2012-04-16,RNGC2,2.108
2012-04-16,RNGC3,2.222
2012-04-16,RNGC4,2.305
2012-04-17,RNGC1,1.951
2012-04-17,RNGC2,2.048
2012-04-17,RNGC3,2.168
2012-04-17,RNGC4,2.254
2012-04-18,RNGC1,1.951
2012-04-18,RNGC2,2.042
2012-04-18,RNGC3,2.159
2012-04-18,RNGC4,2.241
2012-04-19,RNGC1,1.907
2012-04-19,RNGC2,1.995
2012-04-19,RNGC3,2.113
2012-04-19,RNGC4,2.192
2012-04-20,RNGC1,1.927
2012-04-20,RNGC2,2.015
2012-04-20,RNGC3,2.134
2012-04-20,RNGC4,2.211
2012-04-23,RNGC1,2.007
2012-04-23,RNGC2,2.096
2012-04-23,RNGC3,2.203
2012-04-23,RNGC4,2.27
2012-04-24,RNGC1,1.975
2012-04-24,RNGC2,2.063
2012-04-24,RNGC3,2.174
2012-04-24,RNGC4,2.247
2012-04-25,RNGC1,2.068
2012-04-25,RNGC2,2.17
2012-04-25,RNGC3,2.286
2012-04-25,RNGC4,2.356
2012-04-26,RNGC1,2.036
2012-04-26,RNGC2,2.126
2012-04-26,RNGC3,2.242
2012-04-26,RNGC4,2.321
2012-04-27,RNGC1,2.186
2012-04-27,RNGC2,2.299
2012-04-27,RNGC3,2.375
2012-04-27,RNGC4,2.422
2012-04-30,RNGC1,2.285
2012-04-30,RNGC2,2.394
2012-04-30,RNGC3,2.462
2012-04-30,RNGC4,2.509
2012-05-01,RNGC1,2.371
2012-05-01,RNGC2,2.468
2012-05-01,RNGC3,2.532
2012-05-01,RNGC4,2.576
2012-05-02,RNGC1,2.253
2012-05-02,RNGC2,2.354
2012-05-02,RNGC3,2.426
2012-05-02,RNGC4,2.475
2012-05-03,RNGC1,2.34
2012-05-03,RNGC2,2.43
2012-05-03,RNGC3,2.495
2012-05-03,RNGC4,2.543
2012-05-04,RNGC1,2.279
2012-05-04,RNGC2,2.371
2012-05-04,RNGC3,2.439
2012-05-04,RNGC4,2.49
2012-05-07,RNGC1,2.336
2012-05-07,RNGC2,2.422
2012-05-07,RNGC3,2.488
2012-05-07,RNGC4,2.538
2012-05-08,RNGC1,2.393
2012-05-08,RNGC2,2.475
2012-05-08,RNGC3,2.537
2012-05-08,RNGC4,2.585
2012-05-09,RNGC1,2.465
2012-05-09,RNGC2,2.55
2012-05-09,RNGC3,2.61
2012-05-09,RNGC4,2.654
2012-05-10,RNGC1,2.487
2012-05-10,RNGC2,2.569
2012-05-10,RNGC3,2.628
2012-05-10,RNGC4,2.667
2012-05-11,RNGC1,2.509
2012-05-11,RNGC2,2.589
2012-05-11,RNGC3,2.641
2012-05-11,RNGC4,2.672
2012-05-14,RNGC1,2.431
2012-05-14,RNGC2,2.505
2012-05-14,RNGC3,2.562
2012-05-14,RNGC4,2.597
2012-05-15,RNGC1,2.5
2012-05-15,RNGC2,2.568
2012-05-15,RNGC3,2.624
2012-05-15,RNGC4,2.659
2012-05-16,RNGC1,2.618
2012-05-16,RNGC2,2.687
2012-05-16,RNGC3,2.744
2012-05-16,RNGC4,2.778
2012-05-17,RNGC1,2.594
2012-05-17,RNGC2,2.673
2012-05-17,RNGC3,2.73
2012-05-17,RNGC4,2.765
2012-05-18,RNGC1,2.742
2012-05-18,RNGC2,2.822
2012-05-18,RNGC3,2.866
2012-05-18,RNGC4,2.896
2012-05-21,RNGC1,2.609
2012-05-21,RNGC2,2.689
2012-05-21,RNGC3,2.734
2012-05-21,RNGC4,2.766
2012-05-22,RNGC1,2.707
2012-05-22,RNGC2,2.776
2012-05-22,RNGC3,2.817
2012-05-22,RNGC4,2.849
2012-05-23,RNGC1,2.737
2012-05-23,RNGC2,2.796
2012-05-23,RNGC3,2.836
2012-05-23,RNGC4,2.869
2012-05-24,RNGC1,2.647
2012-05-24,RNGC2,2.709
2012-05-24,RNGC3,2.754
2012-05-24,RNGC4,2.79
2012-05-25,RNGC1,2.568
2012-05-25,RNGC2,2.627
2012-05-25,RNGC3,2.678
2012-05-25,RNGC4,2.718
2012-05-29,RNGC1,2.429
2012-05-29,RNGC2,2.485
2012-05-29,RNGC3,2.54
2012-05-29,RNGC4,2.584
2012-05-30,RNGC1,2.418
2012-05-30,RNGC2,2.471
2012-05-30,RNGC3,2.512
2012-05-30,RNGC4,2.585
2012-05-31,RNGC1,2.422
2012-05-31,RNGC2,2.481
2012-05-31,RNGC3,2.531
2012-05-31,RNGC4,2.612
2012-06-01,RNGC1,2.326
2012-06-01,RNGC2,2.387
2012-06-01,RNGC3,2.437
2012-06-01,RNGC4,2.527
2012-06-04,RNGC1,2.415
2012-06-04,RNGC2,2.467
2012-06-04,RNGC3,2.512
2012-06-04,RNGC4,2.601
2012-06-05,RNGC1,2.446
2012-06-05,RNGC2,2.496
2012-06-05,RNGC3,2.54
2012-06-05,RNGC4,2.628
2012-06-06,RNGC1,2.421
2012-06-06,RNGC2,2.474
2012-06-06,RNGC3,2.521
2012-06-06,RNGC4,2.613
2012-06-07,RNGC1,2.274
2012-06-07,RNGC2,2.327
2012-06-07,RNGC3,2.377
2012-06-07,RNGC4,2.477
2012-06-08,RNGC1,2.299
2012-06-08,RNGC2,2.344
2012-06-08,RNGC3,2.386
2012-06-08,RNGC4,2.493
2012-06-11,RNGC1,2.218
2012-06-11,RNGC2,2.263
2012-06-11,RNGC3,2.307
2012-06-11,RNGC4,2.413
2012-06-12,RNGC1,2.232
2012-06-12,RNGC2,2.287
2012-06-12,RNGC3,2.333
2012-06-12,RNGC4,2.435
2012-06-13,RNGC1,2.185
2012-06-13,RNGC2,2.236
2012-06-13,RNGC3,2.281
2012-06-13,RNGC4,2.382
2012-06-14,RNGC1,2.495
2012-06-14,RNGC2,2.541
2012-06-14,RNGC3,2.579
2012-06-14,RNGC4,2.667
2012-06-15,RNGC1,2.467
2012-06-15,RNGC2,2.514
2012-06-15,RNGC3,2.551
2012-06-15,RNGC4,2.635
2012-06-18,RNGC1,2.635
2012-06-18,RNGC2,2.668
2012-06-18,RNGC3,2.699
2012-06-18,RNGC4,2.775
2012-06-19,RNGC1,2.545
2012-06-19,RNGC2,2.574
2012-06-19,RNGC3,2.604
2012-06-19,RNGC4,2.686
2012-06-20,RNGC1,2.517
2012-06-20,RNGC2,2.555
2012-06-20,RNGC3,2.584
2012-06-20,RNGC4,2.673
2012-06-21,RNGC1,2.582
2012-06-21,RNGC2,2.618
2012-06-21,RNGC3,2.645
2012-06-21,RNGC4,2.728
2012-06-22,RNGC1,2.625
2012-06-22,RNGC2,2.668
2012-06-22,RNGC3,2.695
2012-06-22,RNGC4,2.778
2012-06-25,RNGC1,2.694
2012-06-25,RNGC2,2.734
2012-06-25,RNGC3,2.752
2012-06-25,RNGC4,2.821
2012-06-26,RNGC1,2.767
2012-06-26,RNGC2,2.807
2012-06-26,RNGC3,2.821
2012-06-26,RNGC4,2.886
2012-06-27,RNGC1,2.774
2012-06-27,RNGC2,2.798
2012-06-27,RNGC3,2.809
2012-06-27,RNGC4,2.869
2012-06-28,RNGC1,2.722
2012-06-28,RNGC2,2.734
2012-06-28,RNGC3,2.792
2012-06-28,RNGC4,3.023
2012-06-29,RNGC1,2.824
2012-06-29,RNGC2,2.833
2012-06-29,RNGC3,2.877
2012-06-29,RNGC4,3.091
2012-07-02,RNGC1,2.824
2012-07-02,RNGC2,2.832
2012-07-02,RNGC3,2.877
2012-07-02,RNGC4,3.1
2012-07-03,RNGC1,2.899
2012-07-03,RNGC2,2.911
2012-07-03,RNGC3,2.955
2012-07-03,RNGC4,3.177
2012-07-05,RNGC1,2.945
2012-07-05,RNGC2,2.95
2012-07-05,RNGC3,2.99
2012-07-05,RNGC4,3.209
2012-07-06,RNGC1,2.776
2012-07-06,RNGC2,2.786
2012-07-06,RNGC3,2.825
2012-07-06,RNGC4,3.051
2012-07-09,RNGC1,2.883
2012-07-09,RNGC2,2.876
2012-07-09,RNGC3,2.908
2012-07-09,RNGC4,3.127
2012-07-10,RNGC1,2.737
2012-07-10,RNGC2,2.728
2012-07-10,RNGC3,2.764
2012-07-10,RNGC4,3.01
2012-07-11,RNGC1,2.853
2012-07-11,RNGC2,2.837
2012-07-11,RNGC3,2.866
2012-07-11,RNGC4,3.094
2012-07-12,RNGC1,2.874
2012-07-12,RNGC2,2.869
2012-07-12,RNGC3,2.894
2012-07-12,RNGC4,3.112
2012-07-13,RNGC1,2.874
2012-07-13,RNGC2,2.869
2012-07-13,RNGC3,2.894
2012-07-13,RNGC4,3.113
2012-07-16,RNGC1,2.801
2012-07-16,RNGC2,2.793
2012-07-16,RNGC3,2.82
2012-07-16,RNGC4,3.04
2012-07-17,RNGC1,2.796
2012-07-17,RNGC2,2.786
2012-07-17,RNGC3,2.819
2012-07-17,RNGC4,3.039
2012-07-18,RNGC1,2.973
2012-07-18,RNGC2,2.95
2012-07-18,RNGC3,2.97
2012-07-18,RNGC4,3.156
2012-07-19,RNGC1,2.999
2012-07-19,RNGC2,2.981
2012-07-19,RNGC3,2.995
2012-07-19,RNGC4,3.146
2012-07-20,RNGC1,3.081
2012-07-20,RNGC2,3.076
2012-07-20,RNGC3,3.083
2012-07-20,RNGC4,3.219
2012-07-23,RNGC1,3.117
2012-07-23,RNGC2,3.111
2012-07-23,RNGC3,3.116
2012-07-23,RNGC4,3.233
2012-07-24,RNGC1,3.187
2012-07-24,RNGC2,3.177
2012-07-24,RNGC3,3.18
2012-07-24,RNGC4,3.299
2012-07-25,RNGC1,3.07
2012-07-25,RNGC2,3.052
2012-07-25,RNGC3,3.064
2012-07-25,RNGC4,3.217
2012-07-26,RNGC1,3.105
2012-07-26,RNGC2,3.09
2012-07-26,RNGC3,3.106
2012-07-26,RNGC4,3.262
2012-07-27,RNGC1,3.01
2012-07-27,RNGC2,3.015
2012-07-27,RNGC3,3.039
2012-07-27,RNGC4,3.208
2012-07-30,RNGC1,3.214
2012-07-30,RNGC2,3.222
2012-07-30,RNGC3,3.37
2012-07-30,RNGC4,3.602
2012-07-31,RNGC1,3.209
2012-07-31,RNGC2,3.212
2012-07-31,RNGC3,3.348
2012-07-31,RNGC4,3.579
2012-08-01,RNGC1,3.171
2012-08-01,RNGC2,3.171
2012-08-01,RNGC3,3.297
2012-08-01,RNGC4,3.54
2012-08-02,RNGC1,2.92
2012-08-02,RNGC2,2.926
2012-08-02,RNGC3,3.066
2012-08-02,RNGC4,3.323
2012-08-03,RNGC1,2.877
2012-08-03,RNGC2,2.885
2012-08-03,RNGC3,3.022
2012-08-03,RNGC4,3.277
2012-08-06,RNGC1,2.908
2012-08-06,RNGC2,2.918
2012-08-06,RNGC3,3.063
2012-08-06,RNGC4,3.323
2012-08-07,RNGC1,2.964
2012-08-07,RNGC2,2.982
2012-08-07,RNGC3,3.15
2012-08-07,RNGC4,3.409
2012-08-08,RNGC1,2.933
2012-08-08,RNGC2,2.961
2012-08-08,RNGC3,3.157
2012-08-08,RNGC4,3.425
2012-08-09,RNGC1,2.945
2012-08-09,RNGC2,2.97
2012-08-09,RNGC3,3.156
2012-08-09,RNGC4,3.42
2012-08-10,RNGC1,2.77
2012-08-10,RNGC2,2.808
2012-08-10,RNGC3,3.027
2012-08-10,RNGC4,3.311
2012-08-13,RNGC1,2.729
2012-08-13,RNGC2,2.768
2012-08-13,RNGC3,2.988
2012-08-13,RNGC4,3.276
2012-08-14,RNGC1,2.834
2012-08-14,RNGC2,2.871
2012-08-14,RNGC3,3.066
2012-08-14,RNGC4,3.343
2012-08-15,RNGC1,2.748
2012-08-15,RNGC2,2.787
2012-08-15,RNGC3,2.981
2012-08-15,RNGC4,3.272
2012-08-16,RNGC1,2.724
2012-08-16,RNGC2,2.767
2012-08-16,RNGC3,2.949
2012-08-16,RNGC4,3.237
2012-08-17,RNGC1,2.719
2012-08-17,RNGC2,2.764
2012-08-17,RNGC3,2.945
2012-08-17,RNGC4,3.235
2012-08-20,RNGC1,2.776
2012-08-20,RNGC2,2.815
2012-08-20,RNGC3,2.998
2012-08-20,RNGC4,3.285
2012-08-21,RNGC1,2.775
2012-08-21,RNGC2,2.809
2012-08-21,RNGC3,2.982
2012-08-21,RNGC4,3.256
2012-08-22,RNGC1,2.826
2012-08-22,RNGC2,2.863
2012-08-22,RNGC3,3.03
2012-08-22,RNGC4,3.296
2012-08-23,RNGC1,2.802
2012-08-23,RNGC2,2.839
2012-08-23,RNGC3,3.021
2012-08-23,RNGC4,3.291
2012-08-24,RNGC1,2.702
2012-08-24,RNGC2,2.734
2012-08-24,RNGC3,2.929
2012-08-24,RNGC4,3.214
2012-08-27,RNGC1,2.653
2012-08-27,RNGC2,2.673
2012-08-27,RNGC3,2.865
2012-08-27,RNGC4,3.144
2012-08-28,RNGC1,2.614
2012-08-28,RNGC2,2.633
2012-08-28,RNGC3,2.811
2012-08-28,RNGC4,3.077
2012-08-29,RNGC1,2.634
2012-08-29,RNGC2,2.685
2012-08-29,RNGC3,2.867
2012-08-29,RNGC4,3.137
2012-08-30,RNGC1,2.748
2012-08-30,RNGC2,2.919
2012-08-30,RNGC3,3.186
2012-08-30,RNGC4,3.325
2012-08-31,RNGC1,2.799
2012-08-31,RNGC2,2.963
2012-08-31,RNGC3,3.22
2012-08-31,RNGC4,3.357
2012-09-04,RNGC1,2.854
2012-09-04,RNGC2,3.0
2012-09-04,RNGC3,3.241
2012-09-04,RNGC4,3.379
2012-09-05,RNGC1,2.795
2012-09-05,RNGC2,2.937
2012-09-05,RNGC3,3.18
2012-09-05,RNGC4,3.324
2012-09-06,RNGC1,2.776
2012-09-06,RNGC2,2.91
2012-09-06,RNGC3,3.151
2012-09-06,RNGC4,3.293
2012-09-07,RNGC1,2.682
2012-09-07,RNGC2,2.833
2012-09-07,RNGC3,3.079
2012-09-07,RNGC4,3.225
2012-09-10,RNGC1,2.812
2012-09-10,RNGC2,2.941
2012-09-10,RNGC3,3.181
2012-09-10,RNGC4,3.325
2012-09-11,RNGC1,2.992
2012-09-11,RNGC2,3.104
2012-09-11,RNGC3,3.324
2012-09-11,RNGC4,3.45
2012-09-12,RNGC1,3.063
2012-09-12,RNGC2,3.191
2012-09-12,RNGC3,3.41
2012-09-12,RNGC4,3.538
2012-09-13,RNGC1,3.037
2012-09-13,RNGC2,3.164
2012-09-13,RNGC3,3.385
2012-09-13,RNGC4,3.514
2012-09-14,RNGC1,2.943
2012-09-14,RNGC2,3.083
2012-09-14,RNGC3,3.323
2012-09-14,RNGC4,3.456
2012-09-17,RNGC1,2.865
2012-09-17,RNGC2,3.015
2012-09-17,RNGC3,3.273
2012-09-17,RNGC4,3.417
2012-09-18,RNGC1,2.773
2012-09-18,RNGC2,2.961
2012-09-18,RNGC3,3.243
2012-09-18,RNGC4,3.393
2012-09-19,RNGC1,2.762
2012-09-19,RNGC2,2.945
2012-09-19,RNGC3,3.235
2012-09-19,RNGC4,3.388
2012-09-20,RNGC1,2.797
2012-09-20,RNGC2,2.962
2012-09-20,RNGC3,3.25
2012-09-20,RNGC4,3.402
2012-09-21,RNGC1,2.885
2012-09-21,RNGC2,3.071
2012-09-21,RNGC3,3.356
2012-09-21,RNGC4,3.509
2012-09-24,RNGC1,2.837
2012-09-24,RNGC2,3.033
2012-09-24,RNGC3,3.325
2012-09-24,RNGC4,3.484
2012-09-25,RNGC1,2.924
2012-09-25,RNGC2,3.105
2012-09-25,RNGC3,3.382
2012-09-25,RNGC4,3.538
2012-09-26,RNGC1,3.023
2012-09-26,RNGC2,3.215
2012-09-26,RNGC3,3.488
2012-09-26,RNGC4,3.638
2012-09-27,RNGC1,3.297
2012-09-27,RNGC2,3.575
2012-09-27,RNGC3,3.723
2012-09-27,RNGC4,3.738
2012-09-28,RNGC1,3.32
2012-09-28,RNGC2,3.615
2012-09-28,RNGC3,3.767
2012-09-28,RNGC4,3.78
2012-10-01,RNGC1,3.48
2012-10-01,RNGC2,3.752
2012-10-01,RNGC3,3.891
2012-10-01,RNGC4,3.899
2012-10-02,RNGC1,3.531
2012-10-02,RNGC2,3.769
2012-10-02,RNGC3,3.899
2012-10-02,RNGC4,3.907
2012-10-03,RNGC1,3.395
2012-10-03,RNGC2,3.663
2012-10-03,RNGC3,3.806
2012-10-03,RNGC4,3.815
2012-10-04,RNGC1,3.406
2012-10-04,RNGC2,3.68
2012-10-04,RNGC3,3.824
2012-10-04,RNGC4,3.835
2012-10-05,RNGC1,3.396
2012-10-05,RNGC2,3.682
2012-10-05,RNGC3,3.832
2012-10-05,RNGC4,3.848
2012-10-08,RNGC1,3.403
2012-10-08,RNGC2,3.697
2012-10-08,RNGC3,3.849
2012-10-08,RNGC4,3.867
2012-10-09,RNGC1,3.467
2012-10-09,RNGC2,3.768
2012-10-09,RNGC3,3.915
2012-10-09,RNGC4,3.932
2012-10-10,RNGC1,3.475
2012-10-10,RNGC2,3.783
2012-10-10,RNGC3,3.923
2012-10-10,RNGC4,3.937
2012-10-11,RNGC1,3.604
2012-10-11,RNGC2,3.9
2012-10-11,RNGC3,4.03
2012-10-11,RNGC4,4.04
2012-10-12,RNGC1,3.611
2012-10-12,RNGC2,3.877
2012-10-12,RNGC3,3.995
2012-10-12,RNGC4,4.001
2012-10-15,RNGC1,3.486
2012-10-15,RNGC2,3.774
2012-10-15,RNGC3,3.896
2012-10-15,RNGC4,3.908
2012-10-16,RNGC1,3.437
2012-10-16,RNGC2,3.767
2012-10-16,RNGC3,3.894
2012-10-16,RNGC4,3.91
2012-10-17,RNGC1,3.47
2012-10-17,RNGC2,3.82
2012-10-17,RNGC3,3.956
2012-10-17,RNGC4,3.971
2012-10-18,RNGC1,3.587
2012-10-18,RNGC2,3.904
2012-10-18,RNGC3,4.028
2012-10-18,RNGC4,4.036
2012-10-19,RNGC1,3.617
2012-10-19,RNGC2,3.947
2012-10-19,RNGC3,4.069
2012-10-19,RNGC4,4.073
2012-10-22,RNGC1,3.452
2012-10-22,RNGC2,3.768
2012-10-22,RNGC3,3.901
2012-10-22,RNGC4,3.913
2012-10-23,RNGC1,3.535
2012-10-23,RNGC2,3.861
2012-10-23,RNGC3,3.983
2012-10-23,RNGC4,3.989
2012-10-24,RNGC1,3.45
2012-10-24,RNGC2,3.776
2012-10-24,RNGC3,3.9
2012-10-24,RNGC4,3.91
2012-10-25,RNGC1,3.434
2012-10-25,RNGC2,3.781
2012-10-25,RNGC3,3.91
2012-10-25,RNGC4,3.922
2012-10-26,RNGC1,3.4
2012-10-26,RNGC2,3.724
2012-10-26,RNGC3,3.855
2012-10-26,RNGC4,3.867
2012-10-29,RNGC1,3.471
2012-10-29,RNGC2,3.803
2012-10-29,RNGC3,3.932
2012-10-29,RNGC4,3.935
2012-10-30,RNGC1,3.691
2012-10-30,RNGC2,3.824
2012-10-30,RNGC3,3.83
2012-10-30,RNGC4,3.8
2012-10-31,RNGC1,3.692
2012-10-31,RNGC2,3.82
2012-10-31,RNGC3,3.827
2012-10-31,RNGC4,3.794
2012-11-01,RNGC1,3.699
2012-11-01,RNGC2,3.818
2012-11-01,RNGC3,3.825
2012-11-01,RNGC4,3.798
2012-11-02,RNGC1,3.554
2012-11-02,RNGC2,3.68
2012-11-02,RNGC3,3.687
2012-11-02,RNGC4,3.663
2012-11-05,RNGC1,3.554
2012-11-05,RNGC2,3.678
2012-11-05,RNGC3,3.683
2012-11-05,RNGC4,3.659
2012-11-06,RNGC1,3.617
2012-11-06,RNGC2,3.748
2012-11-06,RNGC3,3.754
2012-11-06,RNGC4,3.729
2012-11-07,RNGC1,3.578
2012-11-07,RNGC2,3.714
2012-11-07,RNGC3,3.72
2012-11-07,RNGC4,3.695
2012-11-08,RNGC1,3.608
2012-11-08,RNGC2,3.737
2012-11-08,RNGC3,3.745
2012-11-08,RNGC4,3.719
2012-11-09,RNGC1,3.503
2012-11-09,RNGC2,3.634
2012-11-09,RNGC3,3.647
2012-11-09,RNGC4,3.622
2012-11-12,RNGC1,3.57
2012-11-12,RNGC2,3.695
2012-11-12,RNGC3,3.705
2012-11-12,RNGC4,3.681
2012-11-13,RNGC1,3.739
2012-11-13,RNGC2,3.857
2012-11-13,RNGC3,3.863
2012-11-13,RNGC4,3.837
2012-11-14,RNGC1,3.76
2012-11-14,RNGC2,3.879
2012-11-14,RNGC3,3.89
2012-11-14,RNGC4,3.864
2012-11-15,RNGC1,3.703
2012-11-15,RNGC2,3.821
2012-11-15,RNGC3,3.834
2012-11-15,RNGC4,3.807
2012-11-16,RNGC1,3.79
2012-11-16,RNGC2,3.904
2012-11-16,RNGC3,3.913
2012-11-16,RNGC4,3.88
2012-11-19,RNGC1,3.719
2012-11-19,RNGC2,3.837
2012-11-19,RNGC3,3.852
2012-11-19,RNGC4,3.823
2012-11-20,RNGC1,3.832
2012-11-20,RNGC2,3.944
2012-11-20,RNGC3,3.954
2012-11-20,RNGC4,3.921
2012-11-21,RNGC1,3.903
2012-11-21,RNGC2,4.02
2012-11-21,RNGC3,4.032
2012-11-21,RNGC4,3.996
2012-11-23,RNGC1,3.901
2012-11-23,RNGC2,4.034
2012-11-23,RNGC3,4.043
2012-11-23,RNGC4,4.008
2012-11-26,RNGC1,3.73
2012-11-26,RNGC2,3.868
2012-11-26,RNGC3,3.883
2012-11-26,RNGC4,3.862
2012-11-27,RNGC1,3.769
2012-11-27,RNGC2,3.892
2012-11-27,RNGC3,3.906
2012-11-27,RNGC4,3.885
2012-11-28,RNGC1,3.696
2012-11-28,RNGC2,3.801
2012-11-28,RNGC3,3.816
2012-11-28,RNGC4,3.794
2012-11-29,RNGC1,3.648
2012-11-29,RNGC2,3.668
2012-11-29,RNGC3,3.647
2012-11-29,RNGC4,3.641
2012-11-30,RNGC1,3.561
2012-11-30,RNGC2,3.584
2012-11-30,RNGC3,3.573
2012-11-30,RNGC4,3.57
2012-12-03,RNGC1,3.591
2012-12-03,RNGC2,3.615
2012-12-03,RNGC3,3.603
2012-12-03,RNGC4,3.601
2012-12-04,RNGC1,3.539
2012-12-04,RNGC2,3.562
2012-12-04,RNGC3,3.553
2012-12-04,RNGC4,3.555
2012-12-05,RNGC1,3.7
2012-12-05,RNGC2,3.72
2012-12-05,RNGC3,3.707
2012-12-05,RNGC4,3.705
2012-12-06,RNGC1,3.666
2012-12-06,RNGC2,3.687
2012-12-06,RNGC3,3.677
2012-12-06,RNGC4,3.681
2012-12-07,RNGC1,3.551
2012-12-07,RNGC2,3.578
2012-12-07,RNGC3,3.577
2012-12-07,RNGC4,3.592
2012-12-10,RNGC1,3.46
2012-12-10,RNGC2,3.487
2012-12-10,RNGC3,3.493
2012-12-10,RNGC4,3.515
2012-12-11,RNGC1,3.412
2012-12-11,RNGC2,3.441
2012-12-11,RNGC3,3.452
2012-12-11,RNGC4,3.471
2012-12-12,RNGC1,3.382
2012-12-12,RNGC2,3.412
2012-12-12,RNGC3,3.426
2012-12-12,RNGC4,3.444
2012-12-13,RNGC1,3.347
2012-12-13,RNGC2,3.389
2012-12-13,RNGC3,3.407
2012-12-13,RNGC4,3.438
2012-12-14,RNGC1,3.314
2012-12-14,RNGC2,3.358
2012-12-14,RNGC3,3.38
2012-12-14,RNGC4,3.42
2012-12-17,RNGC1,3.358
2012-12-17,RNGC2,3.398
2012-12-17,RNGC3,3.416
2012-12-17,RNGC4,3.444
2012-12-18,RNGC1,3.418
2012-12-18,RNGC2,3.455
2012-12-18,RNGC3,3.469
2012-12-18,RNGC4,3.499
2012-12-19,RNGC1,3.32
2012-12-19,RNGC2,3.366
2012-12-19,RNGC3,3.387
2012-12-19,RNGC4,3.427
2012-12-20,RNGC1,3.462
2012-12-20,RNGC2,3.495
2012-12-20,RNGC3,3.517
2012-12-20,RNGC4,3.55
2012-12-21,RNGC1,3.451
2012-12-21,RNGC2,3.482
2012-12-21,RNGC3,3.501
2012-12-21,RNGC4,3.535
2012-12-24,RNGC1,3.346
2012-12-24,RNGC2,3.378
2012-12-24,RNGC3,3.403
2012-12-24,RNGC4,3.446
2012-12-26,RNGC1,3.392
2012-12-26,RNGC2,3.425
2012-12-26,RNGC3,3.44
2012-12-26,RNGC4,3.474
2012-12-27,RNGC1,3.354
2012-12-27,RNGC2,3.412
2012-12-27,RNGC3,3.426
2012-12-27,RNGC4,3.458
2012-12-28,RNGC1,3.469
2012-12-28,RNGC2,3.482
2012-12-28,RNGC3,3.513
2012-12-28,RNGC4,3.559
2012-12-31,RNGC1,3.351
2012-12-31,RNGC2,3.365
2012-12-31,RNGC3,3.403
2012-12-31,RNGC4,3.453
2013-01-02,RNGC1,3.233
2013-01-02,RNGC2,3.255
2013-01-02,RNGC3,3.294
2013-01-02,RNGC4,3.349
2013-01-03,RNGC1,3.198
2013-01-03,RNGC2,3.214
2013-01-03,RNGC3,3.25
2013-01-03,RNGC4,3.306
2013-01-04,RNGC1,3.287
2013-01-04,RNGC2,3.303
2013-01-04,RNGC3,3.337
2013-01-04,RNGC4,3.393
2013-01-07,RNGC1,3.266
2013-01-07,RNGC2,3.281
2013-01-07,RNGC3,3.318
2013-01-07,RNGC4,3.374
2013-01-08,RNGC1,3.218
2013-01-08,RNGC2,3.234
2013-01-08,RNGC3,3.275
2013-01-08,RNGC4,3.33
2013-01-09,RNGC1,3.113
2013-01-09,RNGC2,3.131
2013-01-09,RNGC3,3.182
2013-01-09,RNGC4,3.241
2013-01-10,RNGC1,3.193
2013-01-10,RNGC2,3.208
2013-01-10,RNGC3,3.257
2013-01-10,RNGC4,3.315
2013-01-11,RNGC1,3.327
2013-01-11,RNGC2,3.336
2013-01-11,RNGC3,3.371
2013-01-11,RNGC4,3.425
2013-01-14,RNGC1,3.373
2013-01-14,RNGC2,3.378
2013-01-14,RNGC3,3.412
2013-01-14,RNGC4,3.464
2013-01-15,RNGC1,3.455
2013-01-15,RNGC2,3.453
2013-01-15,RNGC3,3.478
2013-01-15,RNGC4,3.522
2013-01-16,RNGC1,3.435
2013-01-16,RNGC2,3.437
2013-01-16,RNGC3,3.466
2013-01-16,RNGC4,3.513
2013-01-17,RNGC1,3.494
2013-01-17,RNGC2,3.495
2013-01-17,RNGC3,3.523
2013-01-17,RNGC4,3.571
2013-01-18,RNGC1,3.566
2013-01-18,RNGC2,3.565
2013-01-18,RNGC3,3.59
2013-01-18,RNGC4,3.636
2013-01-22,RNGC1,3.558
2013-01-22,RNGC2,3.558
2013-01-22,RNGC3,3.583
2013-01-22,RNGC4,3.634
2013-01-23,RNGC1,3.554
2013-01-23,RNGC2,3.553
2013-01-23,RNGC3,3.581
2013-01-23,RNGC4,3.637
2013-01-24,RNGC1,3.446
2013-01-24,RNGC2,3.454
2013-01-24,RNGC3,3.49
2013-01-24,RNGC4,3.549
2013-01-25,RNGC1,3.444
2013-01-25,RNGC2,3.463
2013-01-25,RNGC3,3.503
2013-01-25,RNGC4,3.561
2013-01-28,RNGC1,3.289
2013-01-28,RNGC2,3.305
2013-01-28,RNGC3,3.354
2013-01-28,RNGC4,3.414
2013-01-29,RNGC1,3.226
2013-01-29,RNGC2,3.258
2013-01-29,RNGC3,3.309
2013-01-29,RNGC4,3.371
2013-01-30,RNGC1,3.335
2013-01-30,RNGC2,3.385
2013-01-30,RNGC3,3.445
2013-01-30,RNGC4,3.506
2013-01-31,RNGC1,3.339
2013-01-31,RNGC2,3.392
2013-01-31,RNGC3,3.452
2013-01-31,RNGC4,3.515
2013-02-01,RNGC1,3.301
2013-02-01,RNGC2,3.353
2013-02-01,RNGC3,3.415
2013-02-01,RNGC4,3.478
2013-02-04,RNGC1,3.315
2013-02-04,RNGC2,3.369
2013-02-04,RNGC3,3.433
2013-02-04,RNGC4,3.499
2013-02-05,RNGC1,3.399
2013-02-05,RNGC2,3.45
2013-02-05,RNGC3,3.513
2013-02-05,RNGC4,3.576
2013-02-06,RNGC1,3.418
2013-02-06,RNGC2,3.464
2013-02-06,RNGC3,3.521
2013-02-06,RNGC4,3.582
2013-02-07,RNGC1,3.285
2013-02-07,RNGC2,3.345
2013-02-07,RNGC3,3.411
2013-02-07,RNGC4,3.474
2013-02-08,RNGC1,3.272
2013-02-08,RNGC2,3.337
2013-02-08,RNGC3,3.408
2013-02-08,RNGC4,3.471
2013-02-11,RNGC1,3.279
2013-02-11,RNGC2,3.346
2013-02-11,RNGC3,3.416
2013-02-11,RNGC4,3.478
2013-02-12,RNGC1,3.23
2013-02-12,RNGC2,3.296
2013-02-12,RNGC3,3.364
2013-02-12,RNGC4,3.422
2013-02-13,RNGC1,3.306
2013-02-13,RNGC2,3.371
2013-02-13,RNGC3,3.437
2013-02-13,RNGC4,3.493
2013-02-14,RNGC1,3.163
2013-02-14,RNGC2,3.231
2013-02-14,RNGC3,3.301
2013-02-14,RNGC4,3.363
2013-02-15,RNGC1,3.153
2013-02-15,RNGC2,3.218
2013-02-15,RNGC3,3.286
2013-02-15,RNGC4,3.346
2013-02-19,RNGC1,3.272
2013-02-19,RNGC2,3.331
2013-02-19,RNGC3,3.395
2013-02-19,RNGC4,3.447
2013-02-20,RNGC1,3.279
2013-02-20,RNGC2,3.331
2013-02-20,RNGC3,3.392
2013-02-20,RNGC4,3.445
2013-02-21,RNGC1,3.246
2013-02-21,RNGC2,3.298
2013-02-21,RNGC3,3.36
2013-02-21,RNGC4,3.415
2013-02-22,RNGC1,3.291
2013-02-22,RNGC2,3.349
2013-02-22,RNGC3,3.406
2013-02-22,RNGC4,3.461
2013-02-25,RNGC1,3.414
2013-02-25,RNGC2,3.47
2013-02-25,RNGC3,3.522
2013-02-25,RNGC4,3.573
2013-02-26,RNGC1,3.427
2013-02-26,RNGC2,3.456
2013-02-26,RNGC3,3.504
2013-02-26,RNGC4,3.554
2013-02-27,RNGC1,3.434
2013-02-27,RNGC2,3.481
2013-02-27,RNGC3,3.53
2013-02-27,RNGC4,3.583
2013-02-28,RNGC1,3.486
2013-02-28,RNGC2,3.531
2013-02-28,RNGC3,3.579
2013-02-28,RNGC4,3.634
2013-03-01,RNGC1,3.456
2013-03-01,RNGC2,3.504
2013-03-01,RNGC3,3.555
2013-03-01,RNGC4,3.612
2013-03-04,RNGC1,3.529
2013-03-04,RNGC2,3.572
2013-03-04,RNGC3,3.618
2013-03-04,RNGC4,3.672
2013-03-05,RNGC1,3.529
2013-03-05,RNGC2,3.575
2013-03-05,RNGC3,3.621
2013-03-05,RNGC4,3.676
2013-03-06,RNGC1,3.47
2013-03-06,RNGC2,3.519
2013-03-06,RNGC3,3.568
2013-03-06,RNGC4,3.624
2013-03-07,RNGC1,3.582
2013-03-07,RNGC2,3.627
2013-03-07,RNGC3,3.673
2013-03-07,RNGC4,3.724
2013-03-08,RNGC1,3.629
2013-03-08,RNGC2,3.673
2013-03-08,RNGC3,3.718
2013-03-08,RNGC4,3.77
2013-03-11,RNGC1,3.649
2013-03-11,RNGC2,3.689
2013-03-11,RNGC3,3.734
2013-03-11,RNGC4,3.787
2013-03-12,RNGC1,3.645
2013-03-12,RNGC2,3.684
2013-03-12,RNGC3,3.726
2013-03-12,RNGC4,3.778
2013-03-13,RNGC1,3.68
2013-03-13,RNGC2,3.718
2013-03-13,RNGC3,3.759
2013-03-13,RNGC4,3.809
2013-03-14,RNGC1,3.812
2013-03-14,RNGC2,3.848
2013-03-14,RNGC3,3.887
2013-03-14,RNGC4,3.933
2013-03-15,RNGC1,3.872
2013-03-15,RNGC2,3.909
2013-03-15,RNGC3,3.952
2013-03-15,RNGC4,3.995
2013-03-18,RNGC1,3.882
2013-03-18,RNGC2,3.914
2013-03-18,RNGC3,3.956
2013-03-18,RNGC4,4.001
2013-03-19,RNGC1,3.969
2013-03-19,RNGC2,3.995
2013-03-19,RNGC3,4.031
2013-03-19,RNGC4,4.074
2013-03-20,RNGC1,3.96
2013-03-20,RNGC2,3.985
2013-03-20,RNGC3,4.02
2013-03-20,RNGC4,4.059
2013-03-21,RNGC1,3.935
2013-03-21,RNGC2,3.961
2013-03-21,RNGC3,3.998
2013-03-21,RNGC4,4.038
2013-03-22,RNGC1,3.927
2013-03-22,RNGC2,3.952
2013-03-22,RNGC3,3.993
2013-03-22,RNGC4,4.038
2013-03-25,RNGC1,3.865
2013-03-25,RNGC2,3.888
2013-03-25,RNGC3,3.93
2013-03-25,RNGC4,3.977
2013-03-26,RNGC1,3.976
2013-03-26,RNGC2,3.991
2013-03-26,RNGC3,4.031
2013-03-26,RNGC4,4.076
2013-03-27,RNGC1,4.068
2013-03-27,RNGC2,4.108
2013-03-27,RNGC3,4.154
2013-03-27,RNGC4,4.167
2013-03-28,RNGC1,4.024
2013-03-28,RNGC2,4.066
2013-03-28,RNGC3,4.113
2013-03-28,RNGC4,4.13
2013-04-01,RNGC1,4.015
2013-04-01,RNGC2,4.061
2013-04-01,RNGC3,4.11
2013-04-01,RNGC4,4.13
2013-04-02,RNGC1,3.969
2013-04-02,RNGC2,4.019
2013-04-02,RNGC3,4.07
2013-04-02,RNGC4,4.092
2013-04-03,RNGC1,3.9
2013-04-03,RNGC2,3.95
2013-04-03,RNGC3,4.001
2013-04-03,RNGC4,4.023
2013-04-04,RNGC1,3.947
2013-04-04,RNGC2,3.99
2013-04-04,RNGC3,4.041
2013-04-04,RNGC4,4.062
2013-04-05,RNGC1,4.125
2013-04-05,RNGC2,4.16
2013-04-05,RNGC3,4.206
2013-04-05,RNGC4,4.224
2013-04-08,RNGC1,4.082
2013-04-08,RNGC2,4.118
2013-04-08,RNGC3,4.167
2013-04-08,RNGC4,4.187
2013-04-09,RNGC1,4.017
2013-04-09,RNGC2,4.057
2013-04-09,RNGC3,4.107
2013-04-09,RNGC4,4.128
2013-04-10,RNGC1,4.085
2013-04-10,RNGC2,4.127
2013-04-10,RNGC3,4.174
2013-04-10,RNGC4,4.191
2013-04-11,RNGC1,4.139
2013-04-11,RNGC2,4.179
2013-04-11,RNGC3,4.225
2013-04-11,RNGC4,4.248
2013-04-12,RNGC1,4.222
2013-04-12,RNGC2,4.261
2013-04-12,RNGC3,4.308
2013-04-12,RNGC4,4.333
2013-04-15,RNGC1,4.137
2013-04-15,RNGC2,4.168
2013-04-15,RNGC3,4.214
2013-04-15,RNGC4,4.243
2013-04-16,RNGC1,4.16
2013-04-16,RNGC2,4.188
2013-04-16,RNGC3,4.23
2013-04-16,RNGC4,4.256
2013-04-17,RNGC1,4.214
2013-04-17,RNGC2,4.243
2013-04-17,RNGC3,4.288
2013-04-17,RNGC4,4.316
2013-04-18,RNGC1,4.401
2013-04-18,RNGC2,4.432
2013-04-18,RNGC3,4.473
2013-04-18,RNGC4,4.492
2013-04-19,RNGC1,4.408
2013-04-19,RNGC2,4.437
2013-04-19,RNGC3,4.479
2013-04-19,RNGC4,4.5
2013-04-22,RNGC1,4.267
2013-04-22,RNGC2,4.298
2013-04-22,RNGC3,4.338
2013-04-22,RNGC4,4.36
2013-04-23,RNGC1,4.238
2013-04-23,RNGC2,4.278
2013-04-23,RNGC3,4.322
2013-04-23,RNGC4,4.344
2013-04-24,RNGC1,4.166
2013-04-24,RNGC2,4.203
2013-04-24,RNGC3,4.246
2013-04-24,RNGC4,4.266
2013-04-25,RNGC1,4.167
2013-04-25,RNGC2,4.2
2013-04-25,RNGC3,4.242
2013-04-25,RNGC4,4.264
2013-04-26,RNGC1,4.152
2013-04-26,RNGC2,4.223
2013-04-26,RNGC3,4.268
2013-04-26,RNGC4,4.29
2013-04-29,RNGC1,4.392
2013-04-29,RNGC2,4.441
2013-04-29,RNGC3,4.466
2013-04-29,RNGC4,4.459
2013-04-30,RNGC1,4.343
2013-04-30,RNGC2,4.394
2013-04-30,RNGC3,4.42
2013-04-30,RNGC4,4.414
2013-05-01,RNGC1,4.326
2013-05-01,RNGC2,4.379
2013-05-01,RNGC3,4.407
2013-05-01,RNGC4,4.402
2013-05-02,RNGC1,4.025
2013-05-02,RNGC2,4.077
2013-05-02,RNGC3,4.105
2013-05-02,RNGC4,4.103
2013-05-03,RNGC1,4.041
2013-05-03,RNGC2,4.093
2013-05-03,RNGC3,4.12
2013-05-03,RNGC4,4.117
2013-05-06,RNGC1,4.011
2013-05-06,RNGC2,4.064
2013-05-06,RNGC3,4.093
2013-05-06,RNGC4,4.09
2013-05-07,RNGC1,3.92
2013-05-07,RNGC2,3.974
2013-05-07,RNGC3,4.003
2013-05-07,RNGC4,4.003
2013-05-08,RNGC1,3.978
2013-05-08,RNGC2,4.03
2013-05-08,RNGC3,4.057
2013-05-08,RNGC4,4.059
2013-05-09,RNGC1,3.983
2013-05-09,RNGC2,4.033
2013-05-09,RNGC3,4.058
2013-05-09,RNGC4,4.06
2013-05-10,RNGC1,3.91
2013-05-10,RNGC2,3.96
2013-05-10,RNGC3,3.983
2013-05-10,RNGC4,3.982
2013-05-13,RNGC1,3.925
2013-05-13,RNGC2,3.971
2013-05-13,RNGC3,3.993
2013-05-13,RNGC4,3.992
2013-05-14,RNGC1,4.024
2013-05-14,RNGC2,4.068
2013-05-14,RNGC3,4.087
2013-05-14,RNGC4,4.084
2013-05-15,RNGC1,4.07
2013-05-15,RNGC2,4.113
2013-05-15,RNGC3,4.133
2013-05-15,RNGC4,4.13
2013-05-16,RNGC1,3.932
2013-05-16,RNGC2,3.982
2013-05-16,RNGC3,4.005
2013-05-16,RNGC4,4.003
2013-05-17,RNGC1,4.055
2013-05-17,RNGC2,4.103
2013-05-17,RNGC3,4.125
2013-05-17,RNGC4,4.124
2013-05-20,RNGC1,4.09
2013-05-20,RNGC2,4.141
2013-05-20,RNGC3,4.164
2013-05-20,RNGC4,4.164
2013-05-21,RNGC1,4.192
2013-05-21,RNGC2,4.239
2013-05-21,RNGC3,4.259
2013-05-21,RNGC4,4.256
2013-05-22,RNGC1,4.186
2013-05-22,RNGC2,4.233
2013-05-22,RNGC3,4.253
2013-05-22,RNGC4,4.249
2013-05-23,RNGC1,4.261
2013-05-23,RNGC2,4.307
2013-05-23,RNGC3,4.322
2013-05-23,RNGC4,4.311
2013-05-24,RNGC1,4.237
2013-05-24,RNGC2,4.284
2013-05-24,RNGC3,4.303
2013-05-24,RNGC4,4.294
2013-05-28,RNGC1,4.174
2013-05-28,RNGC2,4.224
2013-05-28,RNGC3,4.243
2013-05-28,RNGC4,4.236
2013-05-29,RNGC1,4.148
2013-05-29,RNGC2,4.184
2013-05-29,RNGC3,4.203
2013-05-29,RNGC4,4.195
2013-05-30,RNGC1,4.023
2013-05-30,RNGC2,4.043
2013-05-30,RNGC3,4.037
2013-05-30,RNGC4,4.052
2013-05-31,RNGC1,3.984
2013-05-31,RNGC2,4.003
2013-05-31,RNGC3,3.997
2013-05-31,RNGC4,4.01
2013-06-03,RNGC1,3.991
2013-06-03,RNGC2,4.009
2013-06-03,RNGC3,4.0
2013-06-03,RNGC4,4.012
2013-06-04,RNGC1,3.998
2013-06-04,RNGC2,4.015
2013-06-04,RNGC3,4.008
2013-06-04,RNGC4,4.021
2013-06-05,RNGC1,4.001
2013-06-05,RNGC2,4.015
2013-06-05,RNGC3,4.01
2013-06-05,RNGC4,4.023
2013-06-06,RNGC1,3.827
2013-06-06,RNGC2,3.843
2013-06-06,RNGC3,3.841
2013-06-06,RNGC4,3.856
2013-06-07,RNGC1,3.828
2013-06-07,RNGC2,3.848
2013-06-07,RNGC3,3.851
2013-06-07,RNGC4,3.866
2013-06-10,RNGC1,3.8
2013-06-10,RNGC2,3.821
2013-06-10,RNGC3,3.825
2013-06-10,RNGC4,3.84
2013-06-11,RNGC1,3.724
2013-06-11,RNGC2,3.743
2013-06-11,RNGC3,3.746
2013-06-11,RNGC4,3.762
2013-06-12,RNGC1,3.777
2013-06-12,RNGC2,3.797
2013-06-12,RNGC3,3.799
2013-06-12,RNGC4,3.816
2013-06-13,RNGC1,3.814
2013-06-13,RNGC2,3.837
2013-06-13,RNGC3,3.84
2013-06-13,RNGC4,3.855
2013-06-14,RNGC1,3.733
2013-06-14,RNGC2,3.759
2013-06-14,RNGC3,3.761
2013-06-14,RNGC4,3.776
2013-06-17,RNGC1,3.875
2013-06-17,RNGC2,3.897
2013-06-17,RNGC3,3.896
2013-06-17,RNGC4,3.908
2013-06-18,RNGC1,3.905
2013-06-18,RNGC2,3.927
2013-06-18,RNGC3,3.924
2013-06-18,RNGC4,3.934
2013-06-19,RNGC1,3.963
2013-06-19,RNGC2,3.985
2013-06-19,RNGC3,3.979
2013-06-19,RNGC4,3.988
2013-06-20,RNGC1,3.877
2013-06-20,RNGC2,3.899
2013-06-20,RNGC3,3.897
2013-06-20,RNGC4,3.908
2013-06-21,RNGC1,3.771
2013-06-21,RNGC2,3.793
2013-06-21,RNGC3,3.789
2013-06-21,RNGC4,3.804
2013-06-24,RNGC1,3.739
2013-06-24,RNGC2,3.76
2013-06-24,RNGC3,3.757
2013-06-24,RNGC4,3.772
2013-06-25,RNGC1,3.647
2013-06-25,RNGC2,3.67
2013-06-25,RNGC3,3.668
2013-06-25,RNGC4,3.684
2013-06-26,RNGC1,3.707
2013-06-26,RNGC2,3.737
2013-06-26,RNGC3,3.734
2013-06-26,RNGC4,3.748
2013-06-27,RNGC1,3.582
2013-06-27,RNGC2,3.577
2013-06-27,RNGC3,3.593
2013-06-27,RNGC4,3.669
2013-06-28,RNGC1,3.565
2013-06-28,RNGC2,3.559
2013-06-28,RNGC3,3.572
2013-06-28,RNGC4,3.646
2013-07-01,RNGC1,3.577
2013-07-01,RNGC2,3.573
2013-07-01,RNGC3,3.587
2013-07-01,RNGC4,3.661
2013-07-02,RNGC1,3.654
2013-07-02,RNGC2,3.651
2013-07-02,RNGC3,3.666
2013-07-02,RNGC4,3.738
2013-07-03,RNGC1,3.69
2013-07-03,RNGC2,3.689
2013-07-03,RNGC3,3.703
2013-07-03,RNGC4,3.774
2013-07-05,RNGC1,3.617
2013-07-05,RNGC2,3.618
2013-07-05,RNGC3,3.634
2013-07-05,RNGC4,3.706
2013-07-08,RNGC1,3.741
2013-07-08,RNGC2,3.74
2013-07-08,RNGC3,3.753
2013-07-08,RNGC4,3.822
2013-07-09,RNGC1,3.657
2013-07-09,RNGC2,3.658
2013-07-09,RNGC3,3.674
2013-07-09,RNGC4,3.748
2013-07-10,RNGC1,3.68
2013-07-10,RNGC2,3.682
2013-07-10,RNGC3,3.697
2013-07-10,RNGC4,3.77
2013-07-11,RNGC1,3.613
2013-07-11,RNGC2,3.614
2013-07-11,RNGC3,3.629
2013-07-11,RNGC4,3.705
2013-07-12,RNGC1,3.644
2013-07-12,RNGC2,3.644
2013-07-12,RNGC3,3.658
2013-07-12,RNGC4,3.737
2013-07-15,RNGC1,3.674
2013-07-15,RNGC2,3.672
2013-07-15,RNGC3,3.684
2013-07-15,RNGC4,3.761
2013-07-16,RNGC1,3.677
2013-07-16,RNGC2,3.676
2013-07-16,RNGC3,3.689
2013-07-16,RNGC4,3.763
2013-07-17,RNGC1,3.629
2013-07-17,RNGC2,3.63
2013-07-17,RNGC3,3.643
2013-07-17,RNGC4,3.72
2013-07-18,RNGC1,3.812
2013-07-18,RNGC2,3.81
2013-07-18,RNGC3,3.819
2013-07-18,RNGC4,3.884
2013-07-19,RNGC1,3.789
2013-07-19,RNGC2,3.788
2013-07-19,RNGC3,3.796
2013-07-19,RNGC4,3.863
2013-07-22,RNGC1,3.677
2013-07-22,RNGC2,3.679
2013-07-22,RNGC3,3.691
2013-07-22,RNGC4,3.761
2013-07-23,RNGC1,3.743
2013-07-23,RNGC2,3.748
2013-07-23,RNGC3,3.76
2013-07-23,RNGC4,3.83
2013-07-24,RNGC1,3.698
2013-07-24,RNGC2,3.703
2013-07-24,RNGC3,3.717
2013-07-24,RNGC4,3.787
2013-07-25,RNGC1,3.644
2013-07-25,RNGC2,3.647
2013-07-25,RNGC3,3.664
2013-07-25,RNGC4,3.742
2013-07-26,RNGC1,3.555
2013-07-26,RNGC2,3.563
2013-07-26,RNGC3,3.582
2013-07-26,RNGC4,3.664
2013-07-29,RNGC1,3.459
2013-07-29,RNGC2,3.472
2013-07-29,RNGC3,3.494
2013-07-29,RNGC4,3.586
2013-07-30,RNGC1,3.432
2013-07-30,RNGC2,3.454
2013-07-30,RNGC3,3.555
2013-07-30,RNGC4,3.733
2013-07-31,RNGC1,3.446
2013-07-31,RNGC2,3.471
2013-07-31,RNGC3,3.573
2013-07-31,RNGC4,3.752
2013-08-01,RNGC1,3.387
2013-08-01,RNGC2,3.415
2013-08-01,RNGC3,3.524
2013-08-01,RNGC4,3.707
2013-08-02,RNGC1,3.347
2013-08-02,RNGC2,3.375
2013-08-02,RNGC3,3.482
2013-08-02,RNGC4,3.668
2013-08-05,RNGC1,3.319
2013-08-05,RNGC2,3.346
2013-08-05,RNGC3,3.454
2013-08-05,RNGC4,3.643
2013-08-06,RNGC1,3.318
2013-08-06,RNGC2,3.343
2013-08-06,RNGC3,3.45
2013-08-06,RNGC4,3.636
2013-08-07,RNGC1,3.247
2013-08-07,RNGC2,3.272
2013-08-07,RNGC3,3.392
2013-08-07,RNGC4,3.578
2013-08-08,RNGC1,3.297
2013-08-08,RNGC2,3.321
2013-08-08,RNGC3,3.442
2013-08-08,RNGC4,3.624
2013-08-09,RNGC1,3.23
2013-08-09,RNGC2,3.257
2013-08-09,RNGC3,3.389
2013-08-09,RNGC4,3.574
2013-08-12,RNGC1,3.31
2013-08-12,RNGC2,3.335
2013-08-12,RNGC3,3.467
2013-08-12,RNGC4,3.648
2013-08-13,RNGC1,3.285
2013-08-13,RNGC2,3.312
2013-08-13,RNGC3,3.44
2013-08-13,RNGC4,3.623
2013-08-14,RNGC1,3.342
2013-08-14,RNGC2,3.365
2013-08-14,RNGC3,3.487
2013-08-14,RNGC4,3.669
2013-08-15,RNGC1,3.419
2013-08-15,RNGC2,3.443
2013-08-15,RNGC3,3.562
2013-08-15,RNGC4,3.742
2013-08-16,RNGC1,3.368
2013-08-16,RNGC2,3.393
2013-08-16,RNGC3,3.513
2013-08-16,RNGC4,3.697
2013-08-19,RNGC1,3.463
2013-08-19,RNGC2,3.487
2013-08-19,RNGC3,3.608
2013-08-19,RNGC4,3.788
2013-08-20,RNGC1,3.444
2013-08-20,RNGC2,3.473
2013-08-20,RNGC3,3.601
2013-08-20,RNGC4,3.78
2013-08-21,RNGC1,3.46
2013-08-21,RNGC2,3.491
2013-08-21,RNGC3,3.618
2013-08-21,RNGC4,3.795
2013-08-22,RNGC1,3.545
2013-08-22,RNGC2,3.575
2013-08-22,RNGC3,3.696
2013-08-22,RNGC4,3.87
2013-08-23,RNGC1,3.485
2013-08-23,RNGC2,3.521
2013-08-23,RNGC3,3.643
2013-08-23,RNGC4,3.814
2013-08-26,RNGC1,3.513
2013-08-26,RNGC2,3.553
2013-08-26,RNGC3,3.668
2013-08-26,RNGC4,3.835
2013-08-27,RNGC1,3.534
2013-08-27,RNGC2,3.573
2013-08-27,RNGC3,3.686
2013-08-27,RNGC4,3.851
2013-08-28,RNGC1,3.567
2013-08-28,RNGC2,3.582
2013-08-28,RNGC3,3.69
2013-08-28,RNGC4,3.851
2013-08-29,RNGC1,3.618
2013-08-29,RNGC2,3.72
2013-08-29,RNGC3,3.874
2013-08-29,RNGC4,3.958
2013-08-30,RNGC1,3.581
2013-08-30,RNGC2,3.684
2013-08-30,RNGC3,3.841
2013-08-30,RNGC4,3.926
2013-09-03,RNGC1,3.666
2013-09-03,RNGC2,3.76
2013-09-03,RNGC3,3.905
2013-09-03,RNGC4,3.985
2013-09-04,RNGC1,3.683
2013-09-04,RNGC2,3.767
2013-09-04,RNGC3,3.915
2013-09-04,RNGC4,3.994
2013-09-05,RNGC1,3.575
2013-09-05,RNGC2,3.666
2013-09-05,RNGC3,3.83
2013-09-05,RNGC4,3.912
2013-09-06,RNGC1,3.53
2013-09-06,RNGC2,3.617
2013-09-06,RNGC3,3.781
2013-09-06,RNGC4,3.866
2013-09-09,RNGC1,3.605
2013-09-09,RNGC2,3.681
2013-09-09,RNGC3,3.838
2013-09-09,RNGC4,3.921
2013-09-10,RNGC1,3.584
2013-09-10,RNGC2,3.662
2013-09-10,RNGC3,3.821
2013-09-10,RNGC4,3.907
2013-09-11,RNGC1,3.567
2013-09-11,RNGC2,3.643
2013-09-11,RNGC3,3.798
2013-09-11,RNGC4,3.883
2013-09-12,RNGC1,3.638
2013-09-12,RNGC2,3.712
2013-09-12,RNGC3,3.857
2013-09-12,RNGC4,3.943
2013-09-13,RNGC1,3.677
2013-09-13,RNGC2,3.755
2013-09-13,RNGC3,3.902
2013-09-13,RNGC4,3.989
2013-09-16,RNGC1,3.738
2013-09-16,RNGC2,3.814
2013-09-16,RNGC3,3.958
2013-09-16,RNGC4,4.041
2013-09-17,RNGC1,3.745
2013-09-17,RNGC2,3.822
2013-09-17,RNGC3,3.97
2013-09-17,RNGC4,4.054
2013-09-18,RNGC1,3.713
2013-09-18,RNGC2,3.787
2013-09-18,RNGC3,3.944
2013-09-18,RNGC4,4.033
2013-09-19,RNGC1,3.72
2013-09-19,RNGC2,3.795
2013-09-19,RNGC3,3.96
2013-09-19,RNGC4,4.05
2013-09-20,RNGC1,3.687
2013-09-20,RNGC2,3.763
2013-09-20,RNGC3,3.932
2013-09-20,RNGC4,4.024
2013-09-23,RNGC1,3.602
2013-09-23,RNGC2,3.677
2013-09-23,RNGC3,3.847
2013-09-23,RNGC4,3.941
2013-09-24,RNGC1,3.492
2013-09-24,RNGC2,3.559
2013-09-24,RNGC3,3.734
2013-09-24,RNGC4,3.831
2013-09-25,RNGC1,3.493
2013-09-25,RNGC2,3.546
2013-09-25,RNGC3,3.719
2013-09-25,RNGC4,3.817
2013-09-26,RNGC1,3.498
2013-09-26,RNGC2,3.567
2013-09-26,RNGC3,3.751
2013-09-26,RNGC4,3.853
2013-09-27,RNGC1,3.589
2013-09-27,RNGC2,3.769
2013-09-27,RNGC3,3.872
2013-09-27,RNGC4,3.878
2013-09-30,RNGC1,3.56
2013-09-30,RNGC2,3.729
2013-09-30,RNGC3,3.831
2013-09-30,RNGC4,3.837
2013-10-01,RNGC1,3.609
2013-10-01,RNGC2,3.765
2013-10-01,RNGC3,3.862
2013-10-01,RNGC4,3.868
2013-10-02,RNGC1,3.542
2013-10-02,RNGC2,3.702
2013-10-02,RNGC3,3.803
2013-10-02,RNGC4,3.81
2013-10-03,RNGC1,3.499
2013-10-03,RNGC2,3.664
2013-10-03,RNGC3,3.772
2013-10-03,RNGC4,3.779
2013-10-04,RNGC1,3.506
2013-10-04,RNGC2,3.674
2013-10-04,RNGC3,3.785
2013-10-04,RNGC4,3.791
2013-10-07,RNGC1,3.629
2013-10-07,RNGC2,3.788
2013-10-07,RNGC3,3.898
2013-10-07,RNGC4,3.902
2013-10-08,RNGC1,3.716
2013-10-08,RNGC2,3.869
2013-10-08,RNGC3,3.969
2013-10-08,RNGC4,3.973
2013-10-09,RNGC1,3.679
2013-10-09,RNGC2,3.839
2013-10-09,RNGC3,3.943
2013-10-09,RNGC4,3.947
2013-10-10,RNGC1,3.723
2013-10-10,RNGC2,3.877
2013-10-10,RNGC3,3.976
2013-10-10,RNGC4,3.98
2013-10-11,RNGC1,3.776
2013-10-11,RNGC2,3.929
2013-10-11,RNGC3,4.023
2013-10-11,RNGC4,4.026
2013-10-14,RNGC1,3.82
2013-10-14,RNGC2,3.966
2013-10-14,RNGC3,4.059
2013-10-14,RNGC4,4.064
2013-10-15,RNGC1,3.79
2013-10-15,RNGC2,3.935
2013-10-15,RNGC3,4.027
2013-10-15,RNGC4,4.032
2013-10-16,RNGC1,3.769
2013-10-16,RNGC2,3.905
2013-10-16,RNGC3,3.994
2013-10-16,RNGC4,3.998
2013-10-17,RNGC1,3.757
2013-10-17,RNGC2,3.886
2013-10-17,RNGC3,3.974
2013-10-17,RNGC4,3.979
2013-10-18,RNGC1,3.764
2013-10-18,RNGC2,3.897
2013-10-18,RNGC3,3.985
2013-10-18,RNGC4,3.992
2013-10-21,RNGC1,3.668
2013-10-21,RNGC2,3.793
2013-10-21,RNGC3,3.884
2013-10-21,RNGC4,3.893
2013-10-22,RNGC1,3.581
2013-10-22,RNGC2,3.706
2013-10-22,RNGC3,3.798
2013-10-22,RNGC4,3.808
2013-10-23,RNGC1,3.619
2013-10-23,RNGC2,3.733
2013-10-23,RNGC3,3.818
2013-10-23,RNGC4,3.824
2013-10-24,RNGC1,3.629
2013-10-24,RNGC2,3.743
2013-10-24,RNGC3,3.825
2013-10-24,RNGC4,3.832
2013-10-25,RNGC1,3.707
2013-10-25,RNGC2,3.812
2013-10-25,RNGC3,3.886
2013-10-25,RNGC4,3.891
2013-10-28,RNGC1,3.569
2013-10-28,RNGC2,3.661
2013-10-28,RNGC3,3.739
2013-10-28,RNGC4,3.748
2013-10-29,RNGC1,3.496
2013-10-29,RNGC2,3.629
2013-10-29,RNGC3,3.714
2013-10-29,RNGC4,3.724
2013-10-30,RNGC1,3.62
2013-10-30,RNGC2,3.711
2013-10-30,RNGC3,3.723
2013-10-30,RNGC4,3.708
2013-10-31,RNGC1,3.581
2013-10-31,RNGC2,3.663
2013-10-31,RNGC3,3.672
2013-10-31,RNGC4,3.658
2013-11-01,RNGC1,3.513
2013-11-01,RNGC2,3.591
2013-11-01,RNGC3,3.598
2013-11-01,RNGC4,3.587
2013-11-04,RNGC1,3.445
2013-11-04,RNGC2,3.524
2013-11-04,RNGC3,3.533
2013-11-04,RNGC4,3.523
2013-11-05,RNGC1,3.466
2013-11-05,RNGC2,3.551
2013-11-05,RNGC3,3.567
2013-11-05,RNGC4,3.558
2013-11-06,RNGC1,3.498
2013-11-06,RNGC2,3.566
2013-11-06,RNGC3,3.58
2013-11-06,RNGC4,3.572
2013-11-07,RNGC1,3.519
2013-11-07,RNGC2,3.575
2013-11-07,RNGC3,3.584
2013-11-07,RNGC4,3.574
2013-11-08,RNGC1,3.559
2013-11-08,RNGC2,3.616
2013-11-08,RNGC3,3.624
2013-11-08,RNGC4,3.615
2013-11-11,RNGC1,3.574
2013-11-11,RNGC2,3.623
2013-11-11,RNGC3,3.629
2013-11-11,RNGC4,3.621
2013-11-12,RNGC1,3.617
2013-11-12,RNGC2,3.666
2013-11-12,RNGC3,3.671
2013-11-12,RNGC4,3.662
2013-11-13,RNGC1,3.566
2013-11-13,RNGC2,3.618
2013-11-13,RNGC3,3.621
2013-11-13,RNGC4,3.614
2013-11-14,RNGC1,3.605
2013-11-14,RNGC2,3.655
2013-11-14,RNGC3,3.66
2013-11-14,RNGC4,3.65
2013-11-15,RNGC1,3.66
2013-11-15,RNGC2,3.708
2013-11-15,RNGC3,3.713
2013-11-15,RNGC4,3.703
2013-11-18,RNGC1,3.617
2013-11-18,RNGC2,3.667
2013-11-18,RNGC3,3.671
2013-11-18,RNGC4,3.664
2013-11-19,RNGC1,3.556
2013-11-19,RNGC2,3.605
2013-11-19,RNGC3,3.612
2013-11-19,RNGC4,3.607
2013-11-20,RNGC1,3.674
2013-11-20,RNGC2,3.713
2013-11-20,RNGC3,3.716
2013-11-20,RNGC4,3.71
2013-11-21,RNGC1,3.702
2013-11-21,RNGC2,3.74
2013-11-21,RNGC3,3.742
2013-11-21,RNGC4,3.735
2013-11-22,RNGC1,3.768
2013-11-22,RNGC2,3.811
2013-11-22,RNGC3,3.811
2013-11-22,RNGC4,3.801
2013-11-25,RNGC1,3.789
2013-11-25,RNGC2,3.842
2013-11-25,RNGC3,3.847
2013-11-25,RNGC4,3.84
2013-11-26,RNGC1,3.818
2013-11-26,RNGC2,3.864
2013-11-26,RNGC3,3.87
2013-11-26,RNGC4,3.865
2013-11-27,RNGC1,3.895
2013-11-27,RNGC2,3.899
2013-11-27,RNGC3,3.891
2013-11-27,RNGC4,3.855
2013-11-29,RNGC1,3.954
2013-11-29,RNGC2,3.957
2013-11-29,RNGC3,3.944
2013-11-29,RNGC4,3.902
2013-12-02,RNGC1,3.988
2013-12-02,RNGC2,3.984
2013-12-02,RNGC3,3.965
2013-12-02,RNGC4,3.92
2013-12-03,RNGC1,3.976
2013-12-03,RNGC2,3.974
2013-12-03,RNGC3,3.955
2013-12-03,RNGC4,3.918
2013-12-04,RNGC1,3.96
2013-12-04,RNGC2,3.958
2013-12-04,RNGC3,3.944
2013-12-04,RNGC4,3.912
2013-12-05,RNGC1,4.132
2013-12-05,RNGC2,4.114
2013-12-05,RNGC3,4.086
2013-12-05,RNGC4,4.016
2013-12-06,RNGC1,4.114
2013-12-06,RNGC2,4.11
2013-12-06,RNGC3,4.096
2013-12-06,RNGC4,4.036
2013-12-09,RNGC1,4.232
2013-12-09,RNGC2,4.225
2013-12-09,RNGC3,4.203
2013-12-09,RNGC4,4.125
2013-12-10,RNGC1,4.237
2013-12-10,RNGC2,4.231
2013-12-10,RNGC3,4.204
2013-12-10,RNGC4,4.128
2013-12-11,RNGC1,4.337
2013-12-11,RNGC2,4.331
2013-12-11,RNGC3,4.296
2013-12-11,RNGC4,4.163
2013-12-12,RNGC1,4.409
2013-12-12,RNGC2,4.401
2013-12-12,RNGC3,4.363
2013-12-12,RNGC4,4.17
2013-12-13,RNGC1,4.351
2013-12-13,RNGC2,4.35
2013-12-13,RNGC3,4.32
2013-12-13,RNGC4,4.138
2013-12-16,RNGC1,4.279
2013-12-16,RNGC2,4.286
2013-12-16,RNGC3,4.264
2013-12-16,RNGC4,4.14
2013-12-17,RNGC1,4.287
2013-12-17,RNGC2,4.304
2013-12-17,RNGC3,4.286
2013-12-17,RNGC4,4.145
2013-12-18,RNGC1,4.251
2013-12-18,RNGC2,4.274
2013-12-18,RNGC3,4.259
2013-12-18,RNGC4,4.115
2013-12-19,RNGC1,4.46
2013-12-19,RNGC2,4.489
2013-12-19,RNGC3,4.473
2013-12-19,RNGC4,4.214
2013-12-20,RNGC1,4.418
2013-12-20,RNGC2,4.467
2013-12-20,RNGC3,4.453
2013-12-20,RNGC4,4.175
2013-12-23,RNGC1,4.463
2013-12-23,RNGC2,4.519
2013-12-23,RNGC3,4.5
2013-12-23,RNGC4,4.192
2013-12-24,RNGC1,4.416
2013-12-24,RNGC2,4.469
2013-12-24,RNGC3,4.442
2013-12-24,RNGC4,4.172
2013-12-26,RNGC1,4.433
2013-12-26,RNGC2,4.476
2013-12-26,RNGC3,4.441
2013-12-26,RNGC4,4.22
2013-12-27,RNGC1,4.407
2013-12-27,RNGC2,4.368
2013-12-27,RNGC3,4.336
2013-12-27,RNGC4,4.178
2013-12-30,RNGC1,4.427
2013-12-30,RNGC2,4.382
2013-12-30,RNGC3,4.241
2013-12-30,RNGC4,4.222
2013-12-31,RNGC1,4.23
2013-12-31,RNGC2,4.193
2013-12-31,RNGC3,4.105
2013-12-31,RNGC4,4.095
2014-01-02,RNGC1,4.321
2014-01-02,RNGC2,4.296
2014-01-02,RNGC3,4.183
2014-01-02,RNGC4,4.171
2014-01-03,RNGC1,4.304
2014-01-03,RNGC2,4.282
2014-01-03,RNGC3,4.168
2014-01-03,RNGC4,4.156
2014-01-06,RNGC1,4.306
2014-01-06,RNGC2,4.284
2014-01-06,RNGC3,4.178
2014-01-06,RNGC4,4.166
2014-01-07,RNGC1,4.299
2014-01-07,RNGC2,4.267
2014-01-07,RNGC3,4.149
2014-01-07,RNGC4,4.138
2014-01-08,RNGC1,4.216
2014-01-08,RNGC2,4.175
2014-01-08,RNGC3,4.057
2014-01-08,RNGC4,4.044
2014-01-09,RNGC1,4.005
2014-01-09,RNGC2,3.982
2014-01-09,RNGC3,3.897
2014-01-09,RNGC4,3.888
2014-01-10,RNGC1,4.053
2014-01-10,RNGC2,4.021
2014-01-10,RNGC3,3.905
2014-01-10,RNGC4,3.894
2014-01-13,RNGC1,4.274
2014-01-13,RNGC2,4.224
2014-01-13,RNGC3,4.056
2014-01-13,RNGC4,4.035
2014-01-14,RNGC1,4.369
2014-01-14,RNGC2,4.315
2014-01-14,RNGC3,4.114
2014-01-14,RNGC4,4.091
2014-01-15,RNGC1,4.325
2014-01-15,RNGC2,4.278
2014-01-15,RNGC3,4.085
2014-01-15,RNGC4,4.064
2014-01-16,RNGC1,4.382
2014-01-16,RNGC2,4.324
2014-01-16,RNGC3,4.112
2014-01-16,RNGC4,4.092
2014-01-17,RNGC1,4.326
2014-01-17,RNGC2,4.259
2014-01-17,RNGC3,4.081
2014-01-17,RNGC4,4.068
2014-01-20,RNGC1,4.326
2014-01-20,RNGC2,4.259
2014-01-20,RNGC3,4.081
2014-01-20,RNGC4,4.068
2014-01-21,RNGC1,4.431
2014-01-21,RNGC2,4.358
2014-01-21,RNGC3,4.179
2014-01-21,RNGC4,4.166
2014-01-22,RNGC1,4.689
2014-01-22,RNGC2,4.55
2014-01-22,RNGC3,4.268
2014-01-22,RNGC4,4.245
2014-01-23,RNGC1,4.73
2014-01-23,RNGC2,4.579
2014-01-23,RNGC3,4.29
2014-01-23,RNGC4,4.257
2014-01-24,RNGC1,5.182
2014-01-24,RNGC2,4.998
2014-01-24,RNGC3,4.421
2014-01-24,RNGC4,4.326
2014-01-27,RNGC1,4.847
2014-01-27,RNGC2,4.674
2014-01-27,RNGC3,4.286
2014-01-27,RNGC4,4.234
2014-01-28,RNGC1,5.033
2014-01-28,RNGC2,4.941
2014-01-28,RNGC3,4.401
2014-01-28,RNGC4,4.321
2014-01-29,RNGC1,5.557
2014-01-29,RNGC2,5.465
2014-01-29,RNGC3,4.561
2014-01-29,RNGC4,4.452
2014-01-30,RNGC1,5.011
2014-01-30,RNGC2,4.358
2014-01-30,RNGC3,4.284
2014-01-30,RNGC4,4.302
2014-01-31,RNGC1,4.943
2014-01-31,RNGC2,4.454
2014-01-31,RNGC3,4.379
2014-01-31,RNGC4,4.396
2014-02-03,RNGC1,4.905
2014-02-03,RNGC2,4.507
2014-02-03,RNGC3,4.45
2014-02-03,RNGC4,4.469
2014-02-04,RNGC1,5.375
2014-02-04,RNGC2,4.665
2014-02-04,RNGC3,4.579
2014-02-04,RNGC4,4.59
2014-02-05,RNGC1,5.03
2014-02-05,RNGC2,4.546
2014-02-05,RNGC3,4.485
2014-02-05,RNGC4,4.5
2014-02-06,RNGC1,4.931
2014-02-06,RNGC2,4.562
2014-02-06,RNGC3,4.516
2014-02-06,RNGC4,4.533
2014-02-07,RNGC1,4.775
2014-02-07,RNGC2,4.516
2014-02-07,RNGC3,4.49
2014-02-07,RNGC4,4.512
2014-02-10,RNGC1,4.579
2014-02-10,RNGC2,4.406
2014-02-10,RNGC3,4.395
2014-02-10,RNGC4,4.421
2014-02-11,RNGC1,4.824
2014-02-11,RNGC2,4.57
2014-02-11,RNGC3,4.541
2014-02-11,RNGC4,4.562
2014-02-12,RNGC1,4.822
2014-02-12,RNGC2,4.553
2014-02-12,RNGC3,4.533
2014-02-12,RNGC4,4.553
2014-02-13,RNGC1,5.223
2014-02-13,RNGC2,4.632
2014-02-13,RNGC3,4.591
2014-02-13,RNGC4,4.61
2014-02-14,RNGC1,5.214
2014-02-14,RNGC2,4.577
2014-02-14,RNGC3,4.526
2014-02-14,RNGC4,4.548
2014-02-17,RNGC1,5.214
2014-02-17,RNGC2,4.577
2014-02-17,RNGC3,4.526
2014-02-17,RNGC4,4.548
2014-02-18,RNGC1,5.551
2014-02-18,RNGC2,4.753
2014-02-18,RNGC3,4.662
2014-02-18,RNGC4,4.675
2014-02-19,RNGC1,6.149
2014-02-19,RNGC2,4.95
2014-02-19,RNGC3,4.754
2014-02-19,RNGC4,4.762
2014-02-20,RNGC1,6.064
2014-02-20,RNGC2,4.856
2014-02-20,RNGC3,4.669
2014-02-20,RNGC4,4.679
2014-02-21,RNGC1,6.135
2014-02-21,RNGC2,5.012
2014-02-21,RNGC3,4.766
2014-02-21,RNGC4,4.773
2014-02-24,RNGC1,5.445
2014-02-24,RNGC2,4.62
2014-02-24,RNGC3,4.518
2014-02-24,RNGC4,4.544
2014-02-25,RNGC1,5.096
2014-02-25,RNGC2,4.691
2014-02-25,RNGC3,4.565
2014-02-25,RNGC4,4.583
2014-02-26,RNGC1,4.855
2014-02-26,RNGC2,4.541
2014-02-26,RNGC3,4.464
2014-02-26,RNGC4,4.484
2014-02-27,RNGC1,4.511
2014-02-27,RNGC2,4.474
2014-02-27,RNGC3,4.495
2014-02-27,RNGC4,4.529
2014-02-28,RNGC1,4.609
2014-02-28,RNGC2,4.55
2014-02-28,RNGC3,4.568
2014-02-28,RNGC4,4.599
2014-03-03,RNGC1,4.492
2014-03-03,RNGC2,4.455
2014-03-03,RNGC3,4.478
2014-03-03,RNGC4,4.513
2014-03-04,RNGC1,4.667
2014-03-04,RNGC2,4.583
2014-03-04,RNGC3,4.6
2014-03-04,RNGC4,4.634
2014-03-05,RNGC1,4.523
2014-03-05,RNGC2,4.484
2014-03-05,RNGC3,4.505
2014-03-05,RNGC4,4.539
2014-03-06,RNGC1,4.662
2014-03-06,RNGC2,4.603
2014-03-06,RNGC3,4.622
2014-03-06,RNGC4,4.653
2014-03-07,RNGC1,4.618
2014-03-07,RNGC2,4.567
2014-03-07,RNGC3,4.589
2014-03-07,RNGC4,4.622
2014-03-10,RNGC1,4.651
2014-03-10,RNGC2,4.576
2014-03-10,RNGC3,4.601
2014-03-10,RNGC4,4.636
2014-03-11,RNGC1,4.605
2014-03-11,RNGC2,4.544
2014-03-11,RNGC3,4.567
2014-03-11,RNGC4,4.602
2014-03-12,RNGC1,4.49
2014-03-12,RNGC2,4.441
2014-03-12,RNGC3,4.47
2014-03-12,RNGC4,4.508
2014-03-13,RNGC1,4.383
2014-03-13,RNGC2,4.355
2014-03-13,RNGC3,4.384
2014-03-13,RNGC4,4.424
2014-03-14,RNGC1,4.425
2014-03-14,RNGC2,4.403
2014-03-14,RNGC3,4.433
2014-03-14,RNGC4,4.473
2014-03-17,RNGC1,4.536
2014-03-17,RNGC2,4.492
2014-03-17,RNGC3,4.519
2014-03-17,RNGC4,4.554
2014-03-18,RNGC1,4.456
2014-03-18,RNGC2,4.424
2014-03-18,RNGC3,4.454
2014-03-18,RNGC4,4.492
2014-03-19,RNGC1,4.484
2014-03-19,RNGC2,4.458
2014-03-19,RNGC3,4.488
2014-03-19,RNGC4,4.526
2014-03-20,RNGC1,4.369
2014-03-20,RNGC2,4.349
2014-03-20,RNGC3,4.38
2014-03-20,RNGC4,4.418
2014-03-21,RNGC1,4.313
2014-03-21,RNGC2,4.297
2014-03-21,RNGC3,4.329
2014-03-21,RNGC4,4.367
2014-03-24,RNGC1,4.276
2014-03-24,RNGC2,4.272
2014-03-24,RNGC3,4.305
2014-03-24,RNGC4,4.343
2014-03-25,RNGC1,4.411
2014-03-25,RNGC2,4.414
2014-03-25,RNGC3,4.443
2014-03-25,RNGC4,4.479
2014-03-26,RNGC1,4.402
2014-03-26,RNGC2,4.395
2014-03-26,RNGC3,4.424
2014-03-26,RNGC4,4.461
2014-03-27,RNGC1,4.584
2014-03-27,RNGC2,4.538
2014-03-27,RNGC3,4.565
2014-03-27,RNGC4,4.6
2014-03-28,RNGC1,4.485
2014-03-28,RNGC2,4.519
2014-03-28,RNGC3,4.558
2014-03-28,RNGC4,4.556
2014-03-31,RNGC1,4.371
2014-03-31,RNGC2,4.404
2014-03-31,RNGC3,4.444
2014-03-31,RNGC4,4.442
2014-04-01,RNGC1,4.276
2014-04-01,RNGC2,4.309
2014-04-01,RNGC3,4.348
2014-04-01,RNGC4,4.348
2014-04-02,RNGC1,4.364
2014-04-02,RNGC2,4.396
2014-04-02,RNGC3,4.435
2014-04-02,RNGC4,4.435
2014-04-03,RNGC1,4.47
2014-04-03,RNGC2,4.499
2014-04-03,RNGC3,4.538
2014-04-03,RNGC4,4.537
2014-04-04,RNGC1,4.439
2014-04-04,RNGC2,4.467
2014-04-04,RNGC3,4.506
2014-04-04,RNGC4,4.505
2014-04-07,RNGC1,4.476
2014-04-07,RNGC2,4.502
2014-04-07,RNGC3,4.54
2014-04-07,RNGC4,4.538
2014-04-08,RNGC1,4.534
2014-04-08,RNGC2,4.55
2014-04-08,RNGC3,4.586
2014-04-08,RNGC4,4.583
2014-04-09,RNGC1,4.586
2014-04-09,RNGC2,4.593
2014-04-09,RNGC3,4.624
2014-04-09,RNGC4,4.619
2014-04-10,RNGC1,4.655
2014-04-10,RNGC2,4.671
2014-04-10,RNGC3,4.709
2014-04-10,RNGC4,4.704
2014-04-11,RNGC1,4.62
2014-04-11,RNGC2,4.635
2014-04-11,RNGC3,4.673
2014-04-11,RNGC4,4.67
2014-04-14,RNGC1,4.56
2014-04-14,RNGC2,4.582
2014-04-14,RNGC3,4.62
2014-04-14,RNGC4,4.619
2014-04-15,RNGC1,4.567
2014-04-15,RNGC2,4.587
2014-04-15,RNGC3,4.625
2014-04-15,RNGC4,4.624
2014-04-16,RNGC1,4.53
2014-04-16,RNGC2,4.549
2014-04-16,RNGC3,4.589
2014-04-16,RNGC4,4.589
2014-04-17,RNGC1,4.741
2014-04-17,RNGC2,4.754
2014-04-17,RNGC3,4.78
2014-04-17,RNGC4,4.771
2014-04-21,RNGC1,4.697
2014-04-21,RNGC2,4.715
2014-04-21,RNGC3,4.742
2014-04-21,RNGC4,4.737
2014-04-22,RNGC1,4.739
2014-04-22,RNGC2,4.758
2014-04-22,RNGC3,4.786
2014-04-22,RNGC4,4.782
2014-04-23,RNGC1,4.73
2014-04-23,RNGC2,4.747
2014-04-23,RNGC3,4.777
2014-04-23,RNGC4,4.772
2014-04-24,RNGC1,4.705
2014-04-24,RNGC2,4.723
2014-04-24,RNGC3,4.755
2014-04-24,RNGC4,4.751
2014-04-25,RNGC1,4.647
2014-04-25,RNGC2,4.658
2014-04-25,RNGC3,4.687
2014-04-25,RNGC4,4.683
2014-04-28,RNGC1,4.795
2014-04-28,RNGC2,4.799
2014-04-28,RNGC3,4.819
2014-04-28,RNGC4,4.809
2014-04-29,RNGC1,4.831
2014-04-29,RNGC2,4.853
2014-04-29,RNGC3,4.846
2014-04-29,RNGC4,4.82
2014-04-30,RNGC1,4.815
2014-04-30,RNGC2,4.843
2014-04-30,RNGC3,4.838
2014-04-30,RNGC4,4.813
2014-05-01,RNGC1,4.719
2014-05-01,RNGC2,4.75
2014-05-01,RNGC3,4.747
2014-05-01,RNGC4,4.724
2014-05-02,RNGC1,4.674
2014-05-02,RNGC2,4.704
2014-05-02,RNGC3,4.701
2014-05-02,RNGC4,4.679
2014-05-05,RNGC1,4.688
2014-05-05,RNGC2,4.715
2014-05-05,RNGC3,4.712
2014-05-05,RNGC4,4.689
2014-05-06,RNGC1,4.799
2014-05-06,RNGC2,4.818
2014-05-06,RNGC3,4.812
2014-05-06,RNGC4,4.786
2014-05-07,RNGC1,4.74
2014-05-07,RNGC2,4.754
2014-05-07,RNGC3,4.749
2014-05-07,RNGC4,4.724
2014-05-08,RNGC1,4.572
2014-05-08,RNGC2,4.583
2014-05-08,RNGC3,4.579
2014-05-08,RNGC4,4.553
2014-05-09,RNGC1,4.531
2014-05-09,RNGC2,4.54
2014-05-09,RNGC3,4.535
2014-05-09,RNGC4,4.508
2014-05-12,RNGC1,4.434
2014-05-12,RNGC2,4.439
2014-05-12,RNGC3,4.436
2014-05-12,RNGC4,4.413
2014-05-13,RNGC1,4.358
2014-05-13,RNGC2,4.362
2014-05-13,RNGC3,4.359
2014-05-13,RNGC4,4.335
2014-05-14,RNGC1,4.367
2014-05-14,RNGC2,4.371
2014-05-14,RNGC3,4.367
2014-05-14,RNGC4,4.342
2014-05-15,RNGC1,4.469
2014-05-15,RNGC2,4.478
2014-05-15,RNGC3,4.47
2014-05-15,RNGC4,4.443
2014-05-16,RNGC1,4.413
2014-05-16,RNGC2,4.421
2014-05-16,RNGC3,4.414
2014-05-16,RNGC4,4.388
2014-05-19,RNGC1,4.47
2014-05-19,RNGC2,4.473
2014-05-19,RNGC3,4.461
2014-05-19,RNGC4,4.433
2014-05-20,RNGC1,4.552
2014-05-20,RNGC2,4.553
2014-05-20,RNGC3,4.538
2014-05-20,RNGC4,4.507
2014-05-21,RNGC1,4.473
2014-05-21,RNGC2,4.478
2014-05-21,RNGC3,4.464
2014-05-21,RNGC4,4.432
2014-05-22,RNGC1,4.359
2014-05-22,RNGC2,4.357
2014-05-22,RNGC3,4.346
2014-05-22,RNGC4,4.316
2014-05-23,RNGC1,4.405
2014-05-23,RNGC2,4.405
2014-05-23,RNGC3,4.393
2014-05-23,RNGC4,4.363
2014-05-27,RNGC1,4.505
2014-05-27,RNGC2,4.511
2014-05-27,RNGC3,4.492
2014-05-27,RNGC4,4.459
2014-05-28,RNGC1,4.619
2014-05-28,RNGC2,4.615
2014-05-28,RNGC3,4.592
2014-05-28,RNGC4,4.554
2014-05-29,RNGC1,4.559
2014-05-29,RNGC2,4.54
2014-05-29,RNGC3,4.505
2014-05-29,RNGC4,4.498
2014-05-30,RNGC1,4.542
2014-05-30,RNGC2,4.524
2014-05-30,RNGC3,4.492
2014-05-30,RNGC4,4.487
2014-06-02,RNGC1,4.612
2014-06-02,RNGC2,4.598
2014-06-02,RNGC3,4.569
2014-06-02,RNGC4,4.563
2014-06-03,RNGC1,4.629
2014-06-03,RNGC2,4.616
2014-06-03,RNGC3,4.589
2014-06-03,RNGC4,4.583
2014-06-04,RNGC1,4.64
2014-06-04,RNGC2,4.627
2014-06-04,RNGC3,4.602
2014-06-04,RNGC4,4.596
2014-06-05,RNGC1,4.701
2014-06-05,RNGC2,4.686
2014-06-05,RNGC3,4.657
2014-06-05,RNGC4,4.645
2014-06-06,RNGC1,4.71
2014-06-06,RNGC2,4.7
2014-06-06,RNGC3,4.676
2014-06-06,RNGC4,4.666
2014-06-09,RNGC1,4.645
2014-06-09,RNGC2,4.635
2014-06-09,RNGC3,4.616
2014-06-09,RNGC4,4.611
2014-06-10,RNGC1,4.53
2014-06-10,RNGC2,4.523
2014-06-10,RNGC3,4.507
2014-06-10,RNGC4,4.508
2014-06-11,RNGC1,4.508
2014-06-11,RNGC2,4.504
2014-06-11,RNGC3,4.492
2014-06-11,RNGC4,4.495
2014-06-12,RNGC1,4.762
2014-06-12,RNGC2,4.763
2014-06-12,RNGC3,4.743
2014-06-12,RNGC4,4.736
2014-06-13,RNGC1,4.739
2014-06-13,RNGC2,4.748
2014-06-13,RNGC3,4.734
2014-06-13,RNGC4,4.733
2014-06-16,RNGC1,4.707
2014-06-16,RNGC2,4.718
2014-06-16,RNGC3,4.705
2014-06-16,RNGC4,4.704
2014-06-17,RNGC1,4.709
2014-06-17,RNGC2,4.722
2014-06-17,RNGC3,4.706
2014-06-17,RNGC4,4.702
2014-06-18,RNGC1,4.659
2014-06-18,RNGC2,4.675
2014-06-18,RNGC3,4.658
2014-06-18,RNGC4,4.654
2014-06-20,RNGC1,4.531
2014-06-20,RNGC2,4.552
2014-06-20,RNGC3,4.539
2014-06-20,RNGC4,4.537
2014-06-23,RNGC1,4.446
2014-06-23,RNGC2,4.468
2014-06-23,RNGC3,4.457
2014-06-23,RNGC4,4.459
2014-06-24,RNGC1,4.535
2014-06-24,RNGC2,4.556
2014-06-24,RNGC3,4.532
2014-06-24,RNGC4,4.529
2014-06-25,RNGC1,4.553
2014-06-25,RNGC2,4.569
2014-06-25,RNGC3,4.546
2014-06-25,RNGC4,4.541
2014-06-26,RNGC1,4.4
2014-06-26,RNGC2,4.441
2014-06-26,RNGC3,4.42
2014-06-26,RNGC4,4.416
2014-06-27,RNGC1,4.409
2014-06-27,RNGC2,4.389
2014-06-27,RNGC3,4.385
2014-06-27,RNGC4,4.419
2014-06-30,RNGC1,4.461
2014-06-30,RNGC2,4.44
2014-06-30,RNGC3,4.434
2014-06-30,RNGC4,4.464
2014-07-01,RNGC1,4.455
2014-07-01,RNGC2,4.436
2014-07-01,RNGC3,4.429
2014-07-01,RNGC4,4.461
2014-07-02,RNGC1,4.357
2014-07-02,RNGC2,4.348
2014-07-02,RNGC3,4.346
2014-07-02,RNGC4,4.38
2014-07-03,RNGC1,4.406
2014-07-03,RNGC2,4.395
2014-07-03,RNGC3,4.392
2014-07-03,RNGC4,4.424
2014-07-07,RNGC1,4.225
2014-07-07,RNGC2,4.219
2014-07-07,RNGC3,4.221
2014-07-07,RNGC4,4.259
2014-07-08,RNGC1,4.204
2014-07-08,RNGC2,4.194
2014-07-08,RNGC3,4.197
2014-07-08,RNGC4,4.235
2014-07-09,RNGC1,4.17
2014-07-09,RNGC2,4.166
2014-07-09,RNGC3,4.172
2014-07-09,RNGC4,4.209
2014-07-10,RNGC1,4.12
2014-07-10,RNGC2,4.113
2014-07-10,RNGC3,4.122
2014-07-10,RNGC4,4.163
2014-07-11,RNGC1,4.146
2014-07-11,RNGC2,4.136
2014-07-11,RNGC3,4.144
2014-07-11,RNGC4,4.186
2014-07-14,RNGC1,4.147
2014-07-14,RNGC2,4.14
2014-07-14,RNGC3,4.148
2014-07-14,RNGC4,4.185
2014-07-15,RNGC1,4.097
2014-07-15,RNGC2,4.094
2014-07-15,RNGC3,4.099
2014-07-15,RNGC4,4.139
2014-07-16,RNGC1,4.119
2014-07-16,RNGC2,4.116
2014-07-16,RNGC3,4.12
2014-07-16,RNGC4,4.159
2014-07-17,RNGC1,3.954
2014-07-17,RNGC2,3.957
2014-07-17,RNGC3,3.966
2014-07-17,RNGC4,4.012
2014-07-18,RNGC1,3.951
2014-07-18,RNGC2,3.955
2014-07-18,RNGC3,3.962
2014-07-18,RNGC4,4.009
2014-07-21,RNGC1,3.849
2014-07-21,RNGC2,3.862
2014-07-21,RNGC3,3.872
2014-07-21,RNGC4,3.922
2014-07-22,RNGC1,3.772
2014-07-22,RNGC2,3.785
2014-07-22,RNGC3,3.797
2014-07-22,RNGC4,3.847
2014-07-23,RNGC1,3.762
2014-07-23,RNGC2,3.776
2014-07-23,RNGC3,3.787
2014-07-23,RNGC4,3.839
2014-07-24,RNGC1,3.847
2014-07-24,RNGC2,3.85
2014-07-24,RNGC3,3.859
2014-07-24,RNGC4,3.906
2014-07-25,RNGC1,3.781
2014-07-25,RNGC2,3.787
2014-07-25,RNGC3,3.797
2014-07-25,RNGC4,3.847
2014-07-28,RNGC1,3.747
2014-07-28,RNGC2,3.765
2014-07-28,RNGC3,3.776
2014-07-28,RNGC4,3.824
2014-07-29,RNGC1,3.808
2014-07-29,RNGC2,3.824
2014-07-29,RNGC3,3.836
2014-07-29,RNGC4,3.884
2014-07-30,RNGC1,3.786
2014-07-30,RNGC2,3.805
2014-07-30,RNGC3,3.858
2014-07-30,RNGC4,3.939
2014-07-31,RNGC1,3.841
2014-07-31,RNGC2,3.867
2014-07-31,RNGC3,3.925
2014-07-31,RNGC4,4.005
2014-08-01,RNGC1,3.798
2014-08-01,RNGC2,3.822
2014-08-01,RNGC3,3.885
2014-08-01,RNGC4,3.967
2014-08-04,RNGC1,3.834
2014-08-04,RNGC2,3.859
2014-08-04,RNGC3,3.926
2014-08-04,RNGC4,4.011
2014-08-05,RNGC1,3.897
2014-08-05,RNGC2,3.92
2014-08-05,RNGC3,3.988
2014-08-05,RNGC4,4.078
2014-08-06,RNGC1,3.933
2014-08-06,RNGC2,3.957
2014-08-06,RNGC3,4.024
2014-08-06,RNGC4,4.112
2014-08-07,RNGC1,3.876
2014-08-07,RNGC2,3.895
2014-08-07,RNGC3,3.962
2014-08-07,RNGC4,4.049
2014-08-08,RNGC1,3.962
2014-08-08,RNGC2,3.98
2014-08-08,RNGC3,4.045
2014-08-08,RNGC4,4.129
2014-08-11,RNGC1,3.965
2014-08-11,RNGC2,3.988
2014-08-11,RNGC3,4.051
2014-08-11,RNGC4,4.134
2014-08-12,RNGC1,3.974
2014-08-12,RNGC2,4.001
2014-08-12,RNGC3,4.067
2014-08-12,RNGC4,4.153
2014-08-13,RNGC1,3.831
2014-08-13,RNGC2,3.862
2014-08-13,RNGC3,3.935
2014-08-13,RNGC4,4.031
2014-08-14,RNGC1,3.906
2014-08-14,RNGC2,3.93
2014-08-14,RNGC3,3.999
2014-08-14,RNGC4,4.09
2014-08-15,RNGC1,3.776
2014-08-15,RNGC2,3.807
2014-08-15,RNGC3,3.879
2014-08-15,RNGC4,3.977
2014-08-18,RNGC1,3.792
2014-08-18,RNGC2,3.828
2014-08-18,RNGC3,3.901
2014-08-18,RNGC4,3.999
2014-08-19,RNGC1,3.877
2014-08-19,RNGC2,3.908
2014-08-19,RNGC3,3.977
2014-08-19,RNGC4,4.071
2014-08-20,RNGC1,3.823
2014-08-20,RNGC2,3.86
2014-08-20,RNGC3,3.933
2014-08-20,RNGC4,4.03
2014-08-21,RNGC1,3.889
2014-08-21,RNGC2,3.93
2014-08-21,RNGC3,4.001
2014-08-21,RNGC4,4.102
2014-08-22,RNGC1,3.84
2014-08-22,RNGC2,3.883
2014-08-22,RNGC3,3.956
2014-08-22,RNGC4,4.062
2014-08-25,RNGC1,3.937
2014-08-25,RNGC2,3.979
2014-08-25,RNGC3,4.049
2014-08-25,RNGC4,4.15
2014-08-26,RNGC1,3.911
2014-08-26,RNGC2,3.949
2014-08-26,RNGC3,4.018
2014-08-26,RNGC4,4.119
2014-08-27,RNGC1,3.957
2014-08-27,RNGC2,4.003
2014-08-27,RNGC3,4.069
2014-08-27,RNGC4,4.16
2014-08-28,RNGC1,4.044
2014-08-28,RNGC2,4.101
2014-08-28,RNGC3,4.186
2014-08-28,RNGC4,4.258
2014-08-29,RNGC1,4.065
2014-08-29,RNGC2,4.116
2014-08-29,RNGC3,4.197
2014-08-29,RNGC4,4.266
2014-09-02,RNGC1,3.89
2014-09-02,RNGC2,3.938
2014-09-02,RNGC3,4.018
2014-09-02,RNGC4,4.092
2014-09-03,RNGC1,3.847
2014-09-03,RNGC2,3.894
2014-09-03,RNGC3,3.976
2014-09-03,RNGC4,4.05
2014-09-04,RNGC1,3.819
2014-09-04,RNGC2,3.869
2014-09-04,RNGC3,3.953
2014-09-04,RNGC4,4.027
2014-09-05,RNGC1,3.793
2014-09-05,RNGC2,3.847
2014-09-05,RNGC3,3.94
2014-09-05,RNGC4,4.014
2014-09-08,RNGC1,3.876
2014-09-08,RNGC2,3.927
2014-09-08,RNGC3,4.015
2014-09-08,RNGC4,4.086
2014-09-09,RNGC1,3.984
2014-09-09,RNGC2,4.035
2014-09-09,RNGC3,4.11
2014-09-09,RNGC4,4.173
2014-09-10,RNGC1,3.954
2014-09-10,RNGC2,4.005
2014-09-10,RNGC3,4.086
2014-09-10,RNGC4,4.149
2014-09-11,RNGC1,3.823
2014-09-11,RNGC2,3.873
2014-09-11,RNGC3,3.959
2014-09-11,RNGC4,4.027
2014-09-12,RNGC1,3.857
2014-09-12,RNGC2,3.91
2014-09-12,RNGC3,3.991
2014-09-12,RNGC4,4.059
2014-09-15,RNGC1,3.931
2014-09-15,RNGC2,3.997
2014-09-15,RNGC3,4.085
2014-09-15,RNGC4,4.149
2014-09-16,RNGC1,3.995
2014-09-16,RNGC2,4.063
2014-09-16,RNGC3,4.157
2014-09-16,RNGC4,4.222
2014-09-17,RNGC1,4.013
2014-09-17,RNGC2,4.077
2014-09-17,RNGC3,4.163
2014-09-17,RNGC4,4.229
2014-09-18,RNGC1,3.91
2014-09-18,RNGC2,3.975
2014-09-18,RNGC3,4.057
2014-09-18,RNGC4,4.126
2014-09-19,RNGC1,3.837
2014-09-19,RNGC2,3.903
2014-09-19,RNGC3,3.992
2014-09-19,RNGC4,4.063
2014-09-22,RNGC1,3.85
2014-09-22,RNGC2,3.908
2014-09-22,RNGC3,3.994
2014-09-22,RNGC4,4.068
2014-09-23,RNGC1,3.816
2014-09-23,RNGC2,3.869
2014-09-23,RNGC3,3.96
2014-09-23,RNGC4,4.037
2014-09-24,RNGC1,3.911
2014-09-24,RNGC2,3.965
2014-09-24,RNGC3,4.05
2014-09-24,RNGC4,4.126
2014-09-25,RNGC1,3.971
2014-09-25,RNGC2,4.014
2014-09-25,RNGC3,4.097
2014-09-25,RNGC4,4.169
2014-09-26,RNGC1,3.984
2014-09-26,RNGC2,4.029
2014-09-26,RNGC3,4.114
2014-09-26,RNGC4,4.187
2014-09-29,RNGC1,4.154
2014-09-29,RNGC2,4.227
2014-09-29,RNGC3,4.292
2014-09-29,RNGC4,4.274
2014-09-30,RNGC1,4.121
2014-09-30,RNGC2,4.19
2014-09-30,RNGC3,4.252
2014-09-30,RNGC4,4.236
2014-10-03,RNGC1,4.039
2014-10-03,RNGC2,4.117
2014-10-03,RNGC3,4.185
2014-10-03,RNGC4,4.17
2014-10-06,RNGC1,3.898
2014-10-06,RNGC2,3.987
2014-10-06,RNGC3,4.064
2014-10-06,RNGC4,4.055
2014-10-07,RNGC1,3.957
2014-10-07,RNGC2,4.052
2014-10-07,RNGC3,4.134
2014-10-07,RNGC4,4.124
2014-10-08,RNGC1,3.855
2014-10-08,RNGC2,3.951
2014-10-08,RNGC3,4.037
2014-10-08,RNGC4,4.027
2014-10-09,RNGC1,3.845
2014-10-09,RNGC2,3.937
2014-10-09,RNGC3,4.023
2014-10-09,RNGC4,4.013
2014-10-10,RNGC1,3.859
2014-10-10,RNGC2,3.949
2014-10-10,RNGC3,4.035
2014-10-10,RNGC4,4.026
2014-10-13,RNGC1,3.916
2014-10-13,RNGC2,4.004
2014-10-13,RNGC3,4.08
2014-10-13,RNGC4,4.072
2014-10-14,RNGC1,3.816
2014-10-14,RNGC2,3.9
2014-10-14,RNGC3,3.98
2014-10-14,RNGC4,3.972
2014-10-15,RNGC1,3.8
2014-10-15,RNGC2,3.885
2014-10-15,RNGC3,3.967
2014-10-15,RNGC4,3.956
2014-10-16,RNGC1,3.796
2014-10-16,RNGC2,3.885
2014-10-16,RNGC3,3.969
2014-10-16,RNGC4,3.963
2014-10-17,RNGC1,3.766
2014-10-17,RNGC2,3.863
2014-10-17,RNGC3,3.951
2014-10-17,RNGC4,3.946
2014-10-20,RNGC1,3.67
2014-10-20,RNGC2,3.765
2014-10-20,RNGC3,3.851
2014-10-20,RNGC4,3.847
2014-10-21,RNGC1,3.711
2014-10-21,RNGC2,3.8
2014-10-21,RNGC3,3.881
2014-10-21,RNGC4,3.876
2014-10-22,RNGC1,3.659
2014-10-22,RNGC2,3.745
2014-10-22,RNGC3,3.828
2014-10-22,RNGC4,3.823
2014-10-23,RNGC1,3.622
2014-10-23,RNGC2,3.706
2014-10-23,RNGC3,3.791
2014-10-23,RNGC4,3.787
2014-10-24,RNGC1,3.623
2014-10-24,RNGC2,3.698
2014-10-24,RNGC3,3.787
2014-10-24,RNGC4,3.782
2014-10-27,RNGC1,3.561
2014-10-27,RNGC2,3.637
2014-10-27,RNGC3,3.723
2014-10-27,RNGC4,3.719
2014-10-28,RNGC1,3.649
2014-10-28,RNGC2,3.731
2014-10-28,RNGC3,3.814
2014-10-28,RNGC4,3.809
2014-10-29,RNGC1,3.728
2014-10-29,RNGC2,3.788
2014-10-29,RNGC3,3.871
2014-10-29,RNGC4,3.866
2014-10-30,RNGC1,3.827
2014-10-30,RNGC2,3.906
2014-10-30,RNGC3,3.9
2014-10-30,RNGC4,3.831
2014-10-31,RNGC1,3.873
2014-10-31,RNGC2,3.959
2014-10-31,RNGC3,3.95
2014-10-31,RNGC4,3.881
2014-11-03,RNGC1,4.046
2014-11-03,RNGC2,4.145
2014-11-03,RNGC3,4.131
2014-11-03,RNGC4,4.062
2014-11-04,RNGC1,4.129
2014-11-04,RNGC2,4.226
2014-11-04,RNGC3,4.208
2014-11-04,RNGC4,4.131
2014-11-05,RNGC1,4.194
2014-11-05,RNGC2,4.287
2014-11-05,RNGC3,4.253
2014-11-05,RNGC4,4.167
2014-11-06,RNGC1,4.404
2014-11-06,RNGC2,4.486
2014-11-06,RNGC3,4.427
2014-11-06,RNGC4,4.316
2014-11-07,RNGC1,4.412
2014-11-07,RNGC2,4.507
2014-11-07,RNGC3,4.457
2014-11-07,RNGC4,4.353
2014-11-10,RNGC1,4.255
2014-11-10,RNGC2,4.351
2014-11-10,RNGC3,4.305
2014-11-10,RNGC4,4.203
2014-11-11,RNGC1,4.247
2014-11-11,RNGC2,4.344
2014-11-11,RNGC3,4.305
2014-11-11,RNGC4,4.194
2014-11-12,RNGC1,4.185
2014-11-12,RNGC2,4.284
2014-11-12,RNGC3,4.252
2014-11-12,RNGC4,4.148
2014-11-13,RNGC1,3.977
2014-11-13,RNGC2,4.089
2014-11-13,RNGC3,4.067
2014-11-13,RNGC4,3.98
2014-11-14,RNGC1,4.02
2014-11-14,RNGC2,4.129
2014-11-14,RNGC3,4.103
2014-11-14,RNGC4,4.015
2014-11-17,RNGC1,4.341
2014-11-17,RNGC2,4.444
2014-11-17,RNGC3,4.396
2014-11-17,RNGC4,4.293
2014-11-18,RNGC1,4.244
2014-11-18,RNGC2,4.365
2014-11-18,RNGC3,4.333
2014-11-18,RNGC4,4.256
2014-11-19,RNGC1,4.371
2014-11-19,RNGC2,4.516
2014-11-19,RNGC3,4.488
2014-11-19,RNGC4,4.397
2014-11-20,RNGC1,4.489
2014-11-20,RNGC2,4.649
2014-11-20,RNGC3,4.611
2014-11-20,RNGC4,4.514
2014-11-21,RNGC1,4.266
2014-11-21,RNGC2,4.417
2014-11-21,RNGC3,4.387
2014-11-21,RNGC4,4.307
2014-11-24,RNGC1,4.151
2014-11-24,RNGC2,4.304
2014-11-24,RNGC3,4.281
2014-11-24,RNGC4,4.214
2014-11-25,RNGC1,4.282
2014-11-25,RNGC2,4.403
2014-11-25,RNGC3,4.377
2014-11-25,RNGC4,4.298
2014-11-26,RNGC1,4.355
2014-11-26,RNGC2,4.334
2014-11-26,RNGC3,4.264
2014-11-26,RNGC4,3.752
2014-11-28,RNGC1,4.088
2014-11-28,RNGC2,4.085
2014-11-28,RNGC3,4.028
2014-11-28,RNGC4,3.654
2014-12-01,RNGC1,4.007
2014-12-01,RNGC2,4.009
2014-12-01,RNGC3,3.953
2014-12-01,RNGC4,3.648
2014-12-02,RNGC1,3.874
2014-12-02,RNGC2,3.877
2014-12-02,RNGC3,3.831
2014-12-02,RNGC4,3.568
2014-12-03,RNGC1,3.805
2014-12-03,RNGC2,3.808
2014-12-03,RNGC3,3.761
2014-12-03,RNGC4,3.514
2014-12-04,RNGC1,3.649
2014-12-04,RNGC2,3.661
2014-12-04,RNGC3,3.613
2014-12-04,RNGC4,3.419
2014-12-05,RNGC1,3.802
2014-12-05,RNGC2,3.823
2014-12-05,RNGC3,3.774
2014-12-05,RNGC4,3.528
2014-12-08,RNGC1,3.595
2014-12-08,RNGC2,3.623
2014-12-08,RNGC3,3.579
2014-12-08,RNGC4,3.401
2014-12-09,RNGC1,3.652
2014-12-09,RNGC2,3.681
2014-12-09,RNGC3,3.64
2014-12-09,RNGC4,3.444
2014-12-10,RNGC1,3.706
2014-12-10,RNGC2,3.736
2014-12-10,RNGC3,3.695
2014-12-10,RNGC4,3.485
2014-12-11,RNGC1,3.634
2014-12-11,RNGC2,3.663
2014-12-11,RNGC3,3.626
2014-12-11,RNGC4,3.441
2014-12-12,RNGC1,3.795
2014-12-12,RNGC2,3.816
2014-12-12,RNGC3,3.777
2014-12-12,RNGC4,3.53
2014-12-15,RNGC1,3.719
2014-12-15,RNGC2,3.73
2014-12-15,RNGC3,3.697
2014-12-15,RNGC4,3.479
2014-12-16,RNGC1,3.619
2014-12-16,RNGC2,3.635
2014-12-16,RNGC3,3.6
2014-12-16,RNGC4,3.405
2014-12-17,RNGC1,3.702
2014-12-17,RNGC2,3.724
2014-12-17,RNGC3,3.679
2014-12-17,RNGC4,3.451
2014-12-18,RNGC1,3.642
2014-12-18,RNGC2,3.676
2014-12-18,RNGC3,3.627
2014-12-18,RNGC4,3.419
2014-12-19,RNGC1,3.464
2014-12-19,RNGC2,3.498
2014-12-19,RNGC3,3.458
2014-12-19,RNGC4,3.284
2014-12-22,RNGC1,3.144
2014-12-22,RNGC2,3.18
2014-12-22,RNGC3,3.168
2014-12-22,RNGC4,3.089
2014-12-23,RNGC1,3.171
2014-12-23,RNGC2,3.204
2014-12-23,RNGC3,3.196
2014-12-23,RNGC4,3.12
2014-12-24,RNGC1,3.03
2014-12-24,RNGC2,3.072
2014-12-24,RNGC3,3.076
2014-12-24,RNGC4,3.026
2014-12-26,RNGC1,3.007
2014-12-26,RNGC2,3.033
2014-12-26,RNGC3,3.041
2014-12-26,RNGC4,2.993
2014-12-29,RNGC1,3.189
2014-12-29,RNGC2,3.199
2014-12-29,RNGC3,3.192
2014-12-29,RNGC4,3.119
2014-12-30,RNGC1,3.094
2014-12-30,RNGC2,3.096
2014-12-30,RNGC3,3.045
2014-12-30,RNGC4,3.051
2014-12-31,RNGC1,2.889
2014-12-31,RNGC2,2.896
2014-12-31,RNGC3,2.881
2014-12-31,RNGC4,2.904
2015-01-02,RNGC1,3.003
2015-01-02,RNGC2,2.999
2015-01-02,RNGC3,2.946
2015-01-02,RNGC4,2.967
2015-01-05,RNGC1,2.882
2015-01-05,RNGC2,2.875
2015-01-05,RNGC3,2.84
2015-01-05,RNGC4,2.86
2015-01-06,RNGC1,2.938
2015-01-06,RNGC2,2.924
2015-01-06,RNGC3,2.875
2015-01-06,RNGC4,2.887
2015-01-07,RNGC1,2.871
2015-01-07,RNGC2,2.865
2015-01-07,RNGC3,2.835
2015-01-07,RNGC4,2.849
2015-01-08,RNGC1,2.927
2015-01-08,RNGC2,2.925
2015-01-08,RNGC3,2.896
2015-01-08,RNGC4,2.911
2015-01-09,RNGC1,2.946
2015-01-09,RNGC2,2.947
2015-01-09,RNGC3,2.931
2015-01-09,RNGC4,2.948
2015-01-12,RNGC1,2.795
2015-01-12,RNGC2,2.795
2015-01-12,RNGC3,2.788
2015-01-12,RNGC4,2.808
2015-01-13,RNGC1,2.943
2015-01-13,RNGC2,2.932
2015-01-13,RNGC3,2.898
2015-01-13,RNGC4,2.916
2015-01-14,RNGC1,3.233
2015-01-14,RNGC2,3.208
2015-01-14,RNGC3,3.115
2015-01-14,RNGC4,3.12
2015-01-15,RNGC1,3.158
2015-01-15,RNGC2,3.121
2015-01-15,RNGC3,3.036
2015-01-15,RNGC4,3.043
2015-01-16,RNGC1,3.127
2015-01-16,RNGC2,3.087
2015-01-16,RNGC3,3.016
2015-01-16,RNGC4,3.024
2015-01-20,RNGC1,2.831
2015-01-20,RNGC2,2.82
2015-01-20,RNGC3,2.803
2015-01-20,RNGC4,2.821
2015-01-21,RNGC1,2.974
2015-01-21,RNGC2,2.94
2015-01-21,RNGC3,2.906
2015-01-21,RNGC4,2.925
2015-01-22,RNGC1,2.835
2015-01-22,RNGC2,2.827
2015-01-22,RNGC3,2.817
2015-01-22,RNGC4,2.845
2015-01-23,RNGC1,2.986
2015-01-23,RNGC2,2.958
2015-01-23,RNGC3,2.923
2015-01-23,RNGC4,2.946
2015-01-26,RNGC1,2.881
2015-01-26,RNGC2,2.848
2015-01-26,RNGC3,2.836
2015-01-26,RNGC4,2.864
2015-01-27,RNGC1,2.981
2015-01-27,RNGC2,2.935
2015-01-27,RNGC3,2.913
2015-01-27,RNGC4,2.938
2015-01-28,RNGC1,2.866
2015-01-28,RNGC2,2.842
2015-01-28,RNGC3,2.83
2015-01-28,RNGC4,2.858
2015-01-29,RNGC1,2.719
2015-01-29,RNGC2,2.715
2015-01-29,RNGC3,2.746
2015-01-29,RNGC4,2.79
2015-01-30,RNGC1,2.691
2015-01-30,RNGC2,2.687
2015-01-30,RNGC3,2.714
2015-01-30,RNGC4,2.755
2015-02-02,RNGC1,2.68
2015-02-02,RNGC2,2.681
2015-02-02,RNGC3,2.707
2015-02-02,RNGC4,2.749
2015-02-03,RNGC1,2.754
2015-02-03,RNGC2,2.757
2015-02-03,RNGC3,2.781
2015-02-03,RNGC4,2.825
2015-02-04,RNGC1,2.662
2015-02-04,RNGC2,2.669
2015-02-04,RNGC3,2.697
2015-02-04,RNGC4,2.748
2015-02-05,RNGC1,2.6
2015-02-05,RNGC2,2.614
2015-02-05,RNGC3,2.645
2015-02-05,RNGC4,2.694
2015-02-06,RNGC1,2.579
2015-02-06,RNGC2,2.602
2015-02-06,RNGC3,2.645
2015-02-06,RNGC4,2.695
2015-02-09,RNGC1,2.597
2015-02-09,RNGC2,2.625
2015-02-09,RNGC3,2.672
2015-02-09,RNGC4,2.724
2015-02-10,RNGC1,2.677
2015-02-10,RNGC2,2.704
2015-02-10,RNGC3,2.749
2015-02-10,RNGC4,2.796
2015-02-11,RNGC1,2.797
2015-02-11,RNGC2,2.814
2015-02-11,RNGC3,2.849
2015-02-11,RNGC4,2.885
2015-02-12,RNGC1,2.713
2015-02-12,RNGC2,2.733
2015-02-12,RNGC3,2.774
2015-02-12,RNGC4,2.819
2015-02-13,RNGC1,2.804
2015-02-13,RNGC2,2.812
2015-02-13,RNGC3,2.853
2015-02-13,RNGC4,2.894
2015-02-17,RNGC1,2.759
2015-02-17,RNGC2,2.779
2015-02-17,RNGC3,2.819
2015-02-17,RNGC4,2.859
2015-02-18,RNGC1,2.831
2015-02-18,RNGC2,2.857
2015-02-18,RNGC3,2.893
2015-02-18,RNGC4,2.93
2015-02-19,RNGC1,2.834
2015-02-19,RNGC2,2.875
2015-02-19,RNGC3,2.913
2015-02-19,RNGC4,2.953
2015-02-20,RNGC1,2.951
2015-02-20,RNGC2,2.972
2015-02-20,RNGC3,3.003
2015-02-20,RNGC4,3.037
2015-02-23,RNGC1,2.879
2015-02-23,RNGC2,2.893
2015-02-23,RNGC3,2.924
2015-02-23,RNGC4,2.959
2015-02-24,RNGC1,2.902
2015-02-24,RNGC2,2.889
2015-02-24,RNGC3,2.916
2015-02-24,RNGC4,2.951
2015-02-25,RNGC1,2.894
2015-02-25,RNGC2,2.862
2015-02-25,RNGC3,2.889
2015-02-25,RNGC4,2.926
2015-02-26,RNGC1,2.697
2015-02-26,RNGC2,2.737
2015-02-26,RNGC3,2.782
2015-02-26,RNGC4,2.834
2015-02-27,RNGC1,2.734
2015-02-27,RNGC2,2.771
2015-02-27,RNGC3,2.812
2015-02-27,RNGC4,2.864
2015-03-02,RNGC1,2.698
2015-03-02,RNGC2,2.739
2015-03-02,RNGC3,2.78
2015-03-02,RNGC4,2.833
2015-03-03,RNGC1,2.712
2015-03-03,RNGC2,2.751
2015-03-03,RNGC3,2.793
2015-03-03,RNGC4,2.847
2015-03-04,RNGC1,2.769
2015-03-04,RNGC2,2.806
2015-03-04,RNGC3,2.845
2015-03-04,RNGC4,2.896
2015-03-05,RNGC1,2.841
2015-03-05,RNGC2,2.88
2015-03-05,RNGC3,2.917
2015-03-05,RNGC4,2.966
2015-03-06,RNGC1,2.839
2015-03-06,RNGC2,2.872
2015-03-06,RNGC3,2.906
2015-03-06,RNGC4,2.957
2015-03-09,RNGC1,2.678
2015-03-09,RNGC2,2.713
2015-03-09,RNGC3,2.75
2015-03-09,RNGC4,2.805
2015-03-10,RNGC1,2.732
2015-03-10,RNGC2,2.763
2015-03-10,RNGC3,2.8
2015-03-10,RNGC4,2.852
2015-03-11,RNGC1,2.824
2015-03-11,RNGC2,2.85
2015-03-11,RNGC3,2.886
2015-03-11,RNGC4,2.932
2015-03-12,RNGC1,2.734
2015-03-12,RNGC2,2.765
2015-03-12,RNGC3,2.806
2015-03-12,RNGC4,2.855
2015-03-13,RNGC1,2.727
2015-03-13,RNGC2,2.756
2015-03-13,RNGC3,2.8
2015-03-13,RNGC4,2.854
2015-03-16,RNGC1,2.716
2015-03-16,RNGC2,2.739
2015-03-16,RNGC3,2.787
2015-03-16,RNGC4,2.843
2015-03-17,RNGC1,2.855
2015-03-17,RNGC2,2.872
2015-03-17,RNGC3,2.911
2015-03-17,RNGC4,2.961
2015-03-18,RNGC1,2.92
2015-03-18,RNGC2,2.936
2015-03-18,RNGC3,2.974
2015-03-18,RNGC4,3.022
2015-03-19,RNGC1,2.813
2015-03-19,RNGC2,2.829
2015-03-19,RNGC3,2.874
2015-03-19,RNGC4,2.929
2015-03-20,RNGC1,2.786
2015-03-20,RNGC2,2.803
2015-03-20,RNGC3,2.848
2015-03-20,RNGC4,2.906
2015-03-23,RNGC1,2.733
2015-03-23,RNGC2,2.76
2015-03-23,RNGC3,2.807
2015-03-23,RNGC4,2.864
2015-03-24,RNGC1,2.786
2015-03-24,RNGC2,2.81
2015-03-24,RNGC3,2.854
2015-03-24,RNGC4,2.909
2015-03-25,RNGC1,2.723
2015-03-25,RNGC2,2.74
2015-03-25,RNGC3,2.788
2015-03-25,RNGC4,2.845
2015-03-26,RNGC1,2.672
2015-03-26,RNGC2,2.688
2015-03-26,RNGC3,2.736
2015-03-26,RNGC4,2.795
2015-03-27,RNGC1,2.59
2015-03-27,RNGC2,2.639
2015-03-27,RNGC3,2.688
2015-03-27,RNGC4,2.748
2015-03-30,RNGC1,2.644
2015-03-30,RNGC2,2.694
2015-03-30,RNGC3,2.754
2015-03-30,RNGC4,2.784
2015-03-31,RNGC1,2.64
2015-03-31,RNGC2,2.691
2015-03-31,RNGC3,2.751
2015-03-31,RNGC4,2.782
2015-04-01,RNGC1,2.605
2015-04-01,RNGC2,2.654
2015-04-01,RNGC3,2.714
2015-04-01,RNGC4,2.747
2015-04-02,RNGC1,2.713
2015-04-02,RNGC2,2.762
2015-04-02,RNGC3,2.819
2015-04-02,RNGC4,2.847
2015-04-06,RNGC1,2.65
2015-04-06,RNGC2,2.698
2015-04-06,RNGC3,2.757
2015-04-06,RNGC4,2.787
2015-04-07,RNGC1,2.68
2015-04-07,RNGC2,2.725
2015-04-07,RNGC3,2.786
2015-04-07,RNGC4,2.815
2015-04-08,RNGC1,2.619
2015-04-08,RNGC2,2.666
2015-04-08,RNGC3,2.727
2015-04-08,RNGC4,2.756
2015-04-09,RNGC1,2.528
2015-04-09,RNGC2,2.577
2015-04-09,RNGC3,2.638
2015-04-09,RNGC4,2.667
2015-04-10,RNGC1,2.511
2015-04-10,RNGC2,2.558
2015-04-10,RNGC3,2.62
2015-04-10,RNGC4,2.644
2015-04-13,RNGC1,2.511
2015-04-13,RNGC2,2.548
2015-04-13,RNGC3,2.606
2015-04-13,RNGC4,2.629
2015-04-14,RNGC1,2.53
2015-04-14,RNGC2,2.572
2015-04-14,RNGC3,2.631
2015-04-14,RNGC4,2.651
2015-04-15,RNGC1,2.61
2015-04-15,RNGC2,2.649
2015-04-15,RNGC3,2.706
2015-04-15,RNGC4,2.725
2015-04-16,RNGC1,2.684
2015-04-16,RNGC2,2.726
2015-04-16,RNGC3,2.784
2015-04-16,RNGC4,2.801
2015-04-17,RNGC1,2.634
2015-04-17,RNGC2,2.679
2015-04-17,RNGC3,2.739
2015-04-17,RNGC4,2.76
2015-04-20,RNGC1,2.536
2015-04-20,RNGC2,2.578
2015-04-20,RNGC3,2.64
2015-04-20,RNGC4,2.667
2015-04-21,RNGC1,2.575
2015-04-21,RNGC2,2.62
2015-04-21,RNGC3,2.683
2015-04-21,RNGC4,2.711
2015-04-22,RNGC1,2.606
2015-04-22,RNGC2,2.654
2015-04-22,RNGC3,2.717
2015-04-22,RNGC4,2.746
2015-04-23,RNGC1,2.531
2015-04-23,RNGC2,2.569
2015-04-23,RNGC3,2.629
2015-04-23,RNGC4,2.66
2015-04-24,RNGC1,2.531
2015-04-24,RNGC2,2.568
2015-04-24,RNGC3,2.626
2015-04-24,RNGC4,2.656
2015-04-27,RNGC1,2.49
2015-04-27,RNGC2,2.514
2015-04-27,RNGC3,2.569
2015-04-27,RNGC4,2.597
2015-04-28,RNGC1,2.517
2015-04-28,RNGC2,2.537
2015-04-28,RNGC3,2.591
2015-04-28,RNGC4,2.617
2015-04-29,RNGC1,2.606
2015-04-29,RNGC2,2.659
2015-04-29,RNGC3,2.681
2015-04-29,RNGC4,2.694
2015-04-30,RNGC1,2.751
2015-04-30,RNGC2,2.802
2015-04-30,RNGC3,2.82
2015-04-30,RNGC4,2.828
2015-05-01,RNGC1,2.776
2015-05-01,RNGC2,2.831
2015-05-01,RNGC3,2.849
2015-05-01,RNGC4,2.856
2015-05-04,RNGC1,2.821
2015-05-04,RNGC2,2.878
2015-05-04,RNGC3,2.898
2015-05-04,RNGC4,2.905
2015-05-05,RNGC1,2.78
2015-05-05,RNGC2,2.836
2015-05-05,RNGC3,2.859
2015-05-05,RNGC4,2.87
2015-05-06,RNGC1,2.776
2015-05-06,RNGC2,2.828
2015-05-06,RNGC3,2.852
2015-05-06,RNGC4,2.863
2015-05-07,RNGC1,2.734
2015-05-07,RNGC2,2.785
2015-05-07,RNGC3,2.811
2015-05-07,RNGC4,2.823
2015-05-08,RNGC1,2.88
2015-05-08,RNGC2,2.928
2015-05-08,RNGC3,2.948
2015-05-08,RNGC4,2.955
2015-05-11,RNGC1,2.802
2015-05-11,RNGC2,2.849
2015-05-11,RNGC3,2.87
2015-05-11,RNGC4,2.876
2015-05-12,RNGC1,2.897
2015-05-12,RNGC2,2.945
2015-05-12,RNGC3,2.969
2015-05-12,RNGC4,2.972
2015-05-13,RNGC1,2.935
2015-05-13,RNGC2,2.984
2015-05-13,RNGC3,3.007
2015-05-13,RNGC4,3.008
2015-05-14,RNGC1,3.008
2015-05-14,RNGC2,3.063
2015-05-14,RNGC3,3.082
2015-05-14,RNGC4,3.077
2015-05-15,RNGC1,3.016
2015-05-15,RNGC2,3.07
2015-05-15,RNGC3,3.09
2015-05-15,RNGC4,3.085
2015-05-18,RNGC1,3.01
2015-05-18,RNGC2,3.061
2015-05-18,RNGC3,3.083
2015-05-18,RNGC4,3.08
2015-05-19,RNGC1,2.948
2015-05-19,RNGC2,2.991
2015-05-19,RNGC3,3.01
2015-05-19,RNGC4,3.013
2015-05-20,RNGC1,2.915
2015-05-20,RNGC2,2.959
2015-05-20,RNGC3,2.977
2015-05-20,RNGC4,2.982
2015-05-21,RNGC1,2.949
2015-05-21,RNGC2,2.994
2015-05-21,RNGC3,3.012
2015-05-21,RNGC4,3.017
2015-05-22,RNGC1,2.887
2015-05-22,RNGC2,2.919
2015-05-22,RNGC3,2.934
2015-05-22,RNGC4,2.939
2015-05-26,RNGC1,2.822
2015-05-26,RNGC2,2.849
2015-05-26,RNGC3,2.864
2015-05-26,RNGC4,2.87
2015-05-27,RNGC1,2.815
2015-05-27,RNGC2,2.847
2015-05-27,RNGC3,2.865
2015-05-27,RNGC4,2.87
2015-05-28,RNGC1,2.706
2015-05-28,RNGC2,2.73
2015-05-28,RNGC3,2.738
2015-05-28,RNGC4,2.778
2015-05-29,RNGC1,2.642
2015-05-29,RNGC2,2.665
2015-05-29,RNGC3,2.675
2015-05-29,RNGC4,2.714
2015-06-01,RNGC1,2.649
2015-06-01,RNGC2,2.677
2015-06-01,RNGC3,2.689
2015-06-01,RNGC4,2.728
2015-06-02,RNGC1,2.698
2015-06-02,RNGC2,2.725
2015-06-02,RNGC3,2.736
2015-06-02,RNGC4,2.773
2015-06-03,RNGC1,2.634
2015-06-03,RNGC2,2.663
2015-06-03,RNGC3,2.674
2015-06-03,RNGC4,2.713
2015-06-04,RNGC1,2.626
2015-06-04,RNGC2,2.654
2015-06-04,RNGC3,2.666
2015-06-04,RNGC4,2.704
2015-06-05,RNGC1,2.59
2015-06-05,RNGC2,2.621
2015-06-05,RNGC3,2.632
2015-06-05,RNGC4,2.671
2015-06-08,RNGC1,2.705
2015-06-08,RNGC2,2.737
2015-06-08,RNGC3,2.748
2015-06-08,RNGC4,2.786
2015-06-09,RNGC1,2.846
2015-06-09,RNGC2,2.878
2015-06-09,RNGC3,2.889
2015-06-09,RNGC4,2.922
2015-06-10,RNGC1,2.891
2015-06-10,RNGC2,2.921
2015-06-10,RNGC3,2.933
2015-06-10,RNGC4,2.961
2015-06-11,RNGC1,2.825
2015-06-11,RNGC2,2.855
2015-06-11,RNGC3,2.869
2015-06-11,RNGC4,2.9
2015-06-12,RNGC1,2.75
2015-06-12,RNGC2,2.776
2015-06-12,RNGC3,2.792
2015-06-12,RNGC4,2.826
2015-06-15,RNGC1,2.889
2015-06-15,RNGC2,2.912
2015-06-15,RNGC3,2.925
2015-06-15,RNGC4,2.954
2015-06-16,RNGC1,2.894
2015-06-16,RNGC2,2.918
2015-06-16,RNGC3,2.931
2015-06-16,RNGC4,2.958
2015-06-17,RNGC1,2.855
2015-06-17,RNGC2,2.883
2015-06-17,RNGC3,2.895
2015-06-17,RNGC4,2.927
2015-06-18,RNGC1,2.777
2015-06-18,RNGC2,2.799
2015-06-18,RNGC3,2.812
2015-06-18,RNGC4,2.848
2015-06-19,RNGC1,2.816
2015-06-19,RNGC2,2.84
2015-06-19,RNGC3,2.852
2015-06-19,RNGC4,2.884
2015-06-22,RNGC1,2.733
2015-06-22,RNGC2,2.762
2015-06-22,RNGC3,2.776
2015-06-22,RNGC4,2.81
2015-06-23,RNGC1,2.726
2015-06-23,RNGC2,2.746
2015-06-23,RNGC3,2.761
2015-06-23,RNGC4,2.796
2015-06-24,RNGC1,2.759
2015-06-24,RNGC2,2.782
2015-06-24,RNGC3,2.795
2015-06-24,RNGC4,2.829
2015-06-25,RNGC1,2.85
2015-06-25,RNGC2,2.866
2015-06-25,RNGC3,2.878
2015-06-25,RNGC4,2.905
2015-06-26,RNGC1,2.773
2015-06-26,RNGC2,2.77
2015-06-26,RNGC3,2.785
2015-06-26,RNGC4,2.814
2015-06-29,RNGC1,2.805
2015-06-29,RNGC2,2.819
2015-06-29,RNGC3,2.847
2015-06-29,RNGC4,2.947
2015-06-30,RNGC1,2.832
2015-06-30,RNGC2,2.842
2015-06-30,RNGC3,2.869
2015-06-30,RNGC4,2.965
2015-07-01,RNGC1,2.783
2015-07-01,RNGC2,2.799
2015-07-01,RNGC3,2.831
2015-07-01,RNGC4,2.932
2015-07-02,RNGC1,2.822
2015-07-02,RNGC2,2.837
2015-07-02,RNGC3,2.867
2015-07-02,RNGC4,2.972
2015-07-06,RNGC1,2.756
2015-07-06,RNGC2,2.766
2015-07-06,RNGC3,2.797
2015-07-06,RNGC4,2.906
2015-07-07,RNGC1,2.716
2015-07-07,RNGC2,2.726
2015-07-07,RNGC3,2.758
2015-07-07,RNGC4,2.871
2015-07-08,RNGC1,2.685
2015-07-08,RNGC2,2.697
2015-07-08,RNGC3,2.732
2015-07-08,RNGC4,2.85
2015-07-09,RNGC1,2.726
2015-07-09,RNGC2,2.738
2015-07-09,RNGC3,2.773
2015-07-09,RNGC4,2.884
2015-07-10,RNGC1,2.77
2015-07-10,RNGC2,2.78
2015-07-10,RNGC3,2.811
2015-07-10,RNGC4,2.919
2015-07-14,RNGC1,2.84
2015-07-14,RNGC2,2.839
2015-07-14,RNGC3,2.866
2015-07-14,RNGC4,2.964
2015-07-15,RNGC1,2.918
2015-07-15,RNGC2,2.909
2015-07-15,RNGC3,2.931
2015-07-15,RNGC4,3.022
2015-07-16,RNGC1,2.854
2015-07-16,RNGC2,2.853
2015-07-16,RNGC3,2.88
2015-07-16,RNGC4,2.978
2015-07-17,RNGC1,2.87
2015-07-17,RNGC2,2.874
2015-07-17,RNGC3,2.899
2015-07-17,RNGC4,2.998
2015-07-20,RNGC1,2.823
2015-07-20,RNGC2,2.83
2015-07-20,RNGC3,2.858
2015-07-20,RNGC4,2.963
2015-07-21,RNGC1,2.882
2015-07-21,RNGC2,2.89
2015-07-21,RNGC3,2.917
2015-07-21,RNGC4,3.025
2015-07-22,RNGC1,2.897
2015-07-22,RNGC2,2.908
2015-07-22,RNGC3,2.937
2015-07-22,RNGC4,3.04
2015-07-23,RNGC1,2.816
2015-07-23,RNGC2,2.817
2015-07-23,RNGC3,2.847
2015-07-23,RNGC4,2.955
2015-07-24,RNGC1,2.776
2015-07-24,RNGC2,2.775
2015-07-24,RNGC3,2.804
2015-07-24,RNGC4,2.913
2015-07-27,RNGC1,2.789
2015-07-27,RNGC2,2.788
2015-07-27,RNGC3,2.816
2015-07-27,RNGC4,2.929
2015-07-28,RNGC1,2.821
2015-07-28,RNGC2,2.816
2015-07-28,RNGC3,2.845
2015-07-28,RNGC4,2.962
2015-07-29,RNGC1,2.886
2015-07-29,RNGC2,2.864
2015-07-29,RNGC3,2.888
2015-07-29,RNGC4,2.999
2015-07-30,RNGC1,2.768
2015-07-30,RNGC2,2.797
2015-07-30,RNGC3,2.911
2015-07-30,RNGC4,3.081
2015-07-31,RNGC1,2.716
2015-07-31,RNGC2,2.749
2015-07-31,RNGC3,2.868
2015-07-31,RNGC4,3.042
2015-08-03,RNGC1,2.748
2015-08-03,RNGC2,2.777
2015-08-03,RNGC3,2.888
2015-08-03,RNGC4,3.054
2015-08-04,RNGC1,2.812
2015-08-04,RNGC2,2.841
2015-08-04,RNGC3,2.941
2015-08-04,RNGC4,3.098
2015-08-05,RNGC1,2.798
2015-08-05,RNGC2,2.821
2015-08-05,RNGC3,2.914
2015-08-05,RNGC4,3.069
2015-08-06,RNGC1,2.813
2015-08-06,RNGC2,2.835
2015-08-06,RNGC3,2.93
2015-08-06,RNGC4,3.081
2015-08-07,RNGC1,2.798
2015-08-07,RNGC2,2.822
2015-08-07,RNGC3,2.925
2015-08-07,RNGC4,3.082
2015-08-10,RNGC1,2.842
2015-08-10,RNGC2,2.868
2015-08-10,RNGC3,2.972
2015-08-10,RNGC4,3.131
2015-08-11,RNGC1,2.844
2015-08-11,RNGC2,2.871
2015-08-11,RNGC3,2.973
2015-08-11,RNGC4,3.128
2015-08-12,RNGC1,2.931
2015-08-12,RNGC2,2.956
2015-08-12,RNGC3,3.049
2015-08-12,RNGC4,3.193
2015-08-13,RNGC1,2.787
2015-08-13,RNGC2,2.82
2015-08-13,RNGC3,2.924
2015-08-13,RNGC4,3.085
2015-08-14,RNGC1,2.801
2015-08-14,RNGC2,2.837
2015-08-14,RNGC3,2.939
2015-08-14,RNGC4,3.098
2015-08-17,RNGC1,2.728
2015-08-17,RNGC2,2.767
2015-08-17,RNGC3,2.872
2015-08-17,RNGC4,3.038
2015-08-18,RNGC1,2.704
2015-08-18,RNGC2,2.74
2015-08-18,RNGC3,2.839
2015-08-18,RNGC4,3.0
2015-08-19,RNGC1,2.716
2015-08-19,RNGC2,2.747
2015-08-19,RNGC3,2.836
2015-08-19,RNGC4,2.989
2015-08-20,RNGC1,2.755
2015-08-20,RNGC2,2.785
2015-08-20,RNGC3,2.874
2015-08-20,RNGC4,3.026
2015-08-21,RNGC1,2.676
2015-08-21,RNGC2,2.697
2015-08-21,RNGC3,2.788
2015-08-21,RNGC4,2.939
2015-08-24,RNGC1,2.65
2015-08-24,RNGC2,2.656
2015-08-24,RNGC3,2.74
2015-08-24,RNGC4,2.89
2015-08-25,RNGC1,2.685
2015-08-25,RNGC2,2.695
2015-08-25,RNGC3,2.773
2015-08-25,RNGC4,2.914
2015-08-26,RNGC1,2.693
2015-08-26,RNGC2,2.703
2015-08-26,RNGC3,2.784
2015-08-26,RNGC4,2.932
2015-08-27,RNGC1,2.638
2015-08-27,RNGC2,2.664
2015-08-27,RNGC3,2.745
2015-08-27,RNGC4,2.897
2015-08-28,RNGC1,2.715
2015-08-28,RNGC2,2.792
2015-08-28,RNGC3,2.939
2015-08-28,RNGC4,3.048
2015-08-31,RNGC1,2.689
2015-08-31,RNGC2,2.761
2015-08-31,RNGC3,2.905
2015-08-31,RNGC4,3.016
2015-09-01,RNGC1,2.702
2015-09-01,RNGC2,2.771
2015-09-01,RNGC3,2.907
2015-09-01,RNGC4,3.017
2015-09-02,RNGC1,2.648
2015-09-02,RNGC2,2.72
2015-09-02,RNGC3,2.857
2015-09-02,RNGC4,2.969
2015-09-03,RNGC1,2.725
2015-09-03,RNGC2,2.796
2015-09-03,RNGC3,2.934
2015-09-03,RNGC4,3.042
2015-09-04,RNGC1,2.655
2015-09-04,RNGC2,2.741
2015-09-04,RNGC3,2.897
2015-09-04,RNGC4,3.007
2015-09-08,RNGC1,2.71
2015-09-08,RNGC2,2.792
2015-09-08,RNGC3,2.943
2015-09-08,RNGC4,3.049
2015-09-09,RNGC1,2.651
2015-09-09,RNGC2,2.736
2015-09-09,RNGC3,2.896
2015-09-09,RNGC4,3.007
2015-09-10,RNGC1,2.683
2015-09-10,RNGC2,2.759
2015-09-10,RNGC3,2.914
2015-09-10,RNGC4,3.024
2015-09-11,RNGC1,2.693
2015-09-11,RNGC2,2.767
2015-09-11,RNGC3,2.913
2015-09-11,RNGC4,3.022
2015-09-14,RNGC1,2.758
2015-09-14,RNGC2,2.828
2015-09-14,RNGC3,2.971
2015-09-14,RNGC4,3.077
2015-09-15,RNGC1,2.728
2015-09-15,RNGC2,2.8
2015-09-15,RNGC3,2.951
2015-09-15,RNGC4,3.06
2015-09-16,RNGC1,2.66
2015-09-16,RNGC2,2.739
2015-09-16,RNGC3,2.892
2015-09-16,RNGC4,3.0
2015-09-17,RNGC1,2.652
2015-09-17,RNGC2,2.728
2015-09-17,RNGC3,2.884
2015-09-17,RNGC4,2.992
2015-09-18,RNGC1,2.605
2015-09-18,RNGC2,2.676
2015-09-18,RNGC3,2.831
2015-09-18,RNGC4,2.941
2015-09-21,RNGC1,2.573
2015-09-21,RNGC2,2.642
2015-09-21,RNGC3,2.798
2015-09-21,RNGC4,2.907
2015-09-22,RNGC1,2.577
2015-09-22,RNGC2,2.639
2015-09-22,RNGC3,2.795
2015-09-22,RNGC4,2.905
2015-09-23,RNGC1,2.569
2015-09-23,RNGC2,2.638
2015-09-23,RNGC3,2.793
2015-09-23,RNGC4,2.907
2015-09-24,RNGC1,2.591
2015-09-24,RNGC2,2.674
2015-09-24,RNGC3,2.841
2015-09-24,RNGC4,2.958
2015-09-25,RNGC1,2.564
2015-09-25,RNGC2,2.631
2015-09-25,RNGC3,2.802
2015-09-25,RNGC4,2.918
2015-09-28,RNGC1,2.563
2015-09-28,RNGC2,2.67
2015-09-28,RNGC3,2.837
2015-09-28,RNGC4,2.951
2015-09-29,RNGC1,2.586
2015-09-29,RNGC2,2.763
2015-09-29,RNGC3,2.884
2015-09-29,RNGC4,2.891
2015-09-30,RNGC1,2.524
2015-09-30,RNGC2,2.701
2015-09-30,RNGC3,2.831
2015-09-30,RNGC4,2.842
2015-10-01,RNGC1,2.433
2015-10-01,RNGC2,2.631
2015-10-01,RNGC3,2.763
2015-10-01,RNGC4,2.775
2015-10-02,RNGC1,2.451
2015-10-02,RNGC2,2.664
2015-10-02,RNGC3,2.798
2015-10-02,RNGC4,2.808
2015-10-05,RNGC1,2.45
2015-10-05,RNGC2,2.676
2015-10-05,RNGC3,2.806
2015-10-05,RNGC4,2.816
2015-10-06,RNGC1,2.47
2015-10-06,RNGC2,2.673
2015-10-06,RNGC3,2.806
2015-10-06,RNGC4,2.818
2015-10-07,RNGC1,2.474
2015-10-07,RNGC2,2.676
2015-10-07,RNGC3,2.813
2015-10-07,RNGC4,2.821
2015-10-08,RNGC1,2.498
2015-10-08,RNGC2,2.712
2015-10-08,RNGC3,2.847
2015-10-08,RNGC4,2.855
2015-10-09,RNGC1,2.502
2015-10-09,RNGC2,2.718
2015-10-09,RNGC3,2.857
2015-10-09,RNGC4,2.863
2015-10-13,RNGC1,2.498
2015-10-13,RNGC2,2.721
2015-10-13,RNGC3,2.861
2015-10-13,RNGC4,2.869
2015-10-14,RNGC1,2.518
2015-10-14,RNGC2,2.732
2015-10-14,RNGC3,2.874
2015-10-14,RNGC4,2.881
2015-10-15,RNGC1,2.453
2015-10-15,RNGC2,2.686
2015-10-15,RNGC3,2.831
2015-10-15,RNGC4,2.838
2015-10-16,RNGC1,2.43
2015-10-16,RNGC2,2.65
2015-10-16,RNGC3,2.799
2015-10-16,RNGC4,2.809
2015-10-19,RNGC1,2.442
2015-10-19,RNGC2,2.657
2015-10-19,RNGC3,2.807
2015-10-19,RNGC4,2.818
2015-10-20,RNGC1,2.476
2015-10-20,RNGC2,2.671
2015-10-20,RNGC3,2.815
2015-10-20,RNGC4,2.825
2015-10-21,RNGC1,2.404
2015-10-21,RNGC2,2.603
2015-10-21,RNGC3,2.75
2015-10-21,RNGC4,2.762
2015-10-22,RNGC1,2.386
2015-10-22,RNGC2,2.583
2015-10-22,RNGC3,2.721
2015-10-22,RNGC4,2.733
2015-10-23,RNGC1,2.286
2015-10-23,RNGC2,2.493
2015-10-23,RNGC3,2.632
2015-10-23,RNGC4,2.646
2015-10-26,RNGC1,2.062
2015-10-26,RNGC2,2.353
2015-10-26,RNGC3,2.515
2015-10-26,RNGC4,2.534
2015-10-27,RNGC1,2.092
2015-10-27,RNGC2,2.361
2015-10-27,RNGC3,2.531
2015-10-27,RNGC4,2.551
2015-10-28,RNGC1,2.033
2015-10-28,RNGC2,2.298
2015-10-28,RNGC3,2.461
2015-10-28,RNGC4,2.485
2015-10-29,RNGC1,2.257
2015-10-29,RNGC2,2.423
2015-10-29,RNGC3,2.445
2015-10-29,RNGC4,2.43
2015-10-30,RNGC1,2.321
2015-10-30,RNGC2,2.49
2015-10-30,RNGC3,2.513
2015-10-30,RNGC4,2.502
2015-11-02,RNGC1,2.256
2015-11-02,RNGC2,2.448
2015-11-02,RNGC3,2.474
2015-11-02,RNGC4,2.466
2015-11-03,RNGC1,2.253
2015-11-03,RNGC2,2.463
2015-11-03,RNGC3,2.487
2015-11-03,RNGC4,2.477
2015-11-04,RNGC1,2.262
2015-11-04,RNGC2,2.445
2015-11-04,RNGC3,2.469
2015-11-04,RNGC4,2.46
2015-11-05,RNGC1,2.364
2015-11-05,RNGC2,2.539
2015-11-05,RNGC3,2.562
2015-11-05,RNGC4,2.551
2015-11-06,RNGC1,2.371
2015-11-06,RNGC2,2.532
2015-11-06,RNGC3,2.557
2015-11-06,RNGC4,2.548
2015-11-09,RNGC1,2.3
2015-11-09,RNGC2,2.449
2015-11-09,RNGC3,2.48
2015-11-09,RNGC4,2.479
2015-11-10,RNGC1,2.32
2015-11-10,RNGC2,2.484
2015-11-10,RNGC3,2.514
2015-11-10,RNGC4,2.514
2015-11-12,RNGC1,2.26
2015-11-12,RNGC2,2.445
2015-11-12,RNGC3,2.493
2015-11-12,RNGC4,2.497
2015-11-13,RNGC1,2.361
2015-11-13,RNGC2,2.526
2015-11-13,RNGC3,2.57
2015-11-13,RNGC4,2.567
2015-11-16,RNGC1,2.385
2015-11-16,RNGC2,2.554
2015-11-16,RNGC3,2.595
2015-11-16,RNGC4,2.592
2015-11-17,RNGC1,2.371
2015-11-17,RNGC2,2.527
2015-11-17,RNGC3,2.573
2015-11-17,RNGC4,2.577
2015-11-18,RNGC1,2.347
2015-11-18,RNGC2,2.495
2015-11-18,RNGC3,2.538
2015-11-18,RNGC4,2.544
2015-11-19,RNGC1,2.276
2015-11-19,RNGC2,2.412
2015-11-19,RNGC3,2.458
2015-11-19,RNGC4,2.469
2015-11-20,RNGC1,2.145
2015-11-20,RNGC2,2.291
2015-11-20,RNGC3,2.338
2015-11-20,RNGC4,2.353
2015-11-23,RNGC1,2.21
2015-11-23,RNGC2,2.343
2015-11-23,RNGC3,2.386
2015-11-23,RNGC4,2.405
2015-11-24,RNGC1,2.2
2015-11-24,RNGC2,2.324
2015-11-24,RNGC3,2.372
2015-11-24,RNGC4,2.392
2015-11-25,RNGC1,2.206
2015-11-25,RNGC2,2.299
2015-11-25,RNGC3,2.349
2015-11-25,RNGC4,2.372
2015-11-27,RNGC1,2.212
2015-11-27,RNGC2,2.265
2015-11-27,RNGC3,2.293
2015-11-27,RNGC4,2.318
2015-11-30,RNGC1,2.235
2015-11-30,RNGC2,2.29
2015-11-30,RNGC3,2.319
2015-11-30,RNGC4,2.346
2015-12-01,RNGC1,2.231
2015-12-01,RNGC2,2.285
2015-12-01,RNGC3,2.314
2015-12-01,RNGC4,2.353
2015-12-02,RNGC1,2.165
2015-12-02,RNGC2,2.22
2015-12-02,RNGC3,2.252
2015-12-02,RNGC4,2.306
2015-12-03,RNGC1,2.181
2015-12-03,RNGC2,2.232
2015-12-03,RNGC3,2.256
2015-12-03,RNGC4,2.303
2015-12-04,RNGC1,2.186
2015-12-04,RNGC2,2.247
2015-12-04,RNGC3,2.273
2015-12-04,RNGC4,2.316
2015-12-07,RNGC1,2.067
2015-12-07,RNGC2,2.132
2015-12-07,RNGC3,2.174
2015-12-07,RNGC4,2.237
2015-12-08,RNGC1,2.07
2015-12-08,RNGC2,2.127
2015-12-08,RNGC3,2.171
2015-12-08,RNGC4,2.239
2015-12-09,RNGC1,2.062
2015-12-09,RNGC2,2.117
2015-12-09,RNGC3,2.162
2015-12-09,RNGC4,2.232
2015-12-10,RNGC1,2.015
2015-12-10,RNGC2,2.075
2015-12-10,RNGC3,2.129
2015-12-10,RNGC4,2.208
2015-12-11,RNGC1,1.99
2015-12-11,RNGC2,2.05
2015-12-11,RNGC3,2.107
2015-12-11,RNGC4,2.192
2015-12-14,RNGC1,1.894
2015-12-14,RNGC2,1.959
2015-12-14,RNGC3,2.018
2015-12-14,RNGC4,2.109
2015-12-15,RNGC1,1.822
2015-12-15,RNGC2,1.886
2015-12-15,RNGC3,1.95
2015-12-15,RNGC4,2.051
2015-12-16,RNGC1,1.79
2015-12-16,RNGC2,1.866
2015-12-16,RNGC3,1.948
2015-12-16,RNGC4,2.057
2015-12-17,RNGC1,1.755
2015-12-17,RNGC2,1.873
2015-12-17,RNGC3,1.972
2015-12-17,RNGC4,2.091
2015-12-18,RNGC1,1.767
2015-12-18,RNGC2,1.869
2015-12-18,RNGC3,1.972
2015-12-18,RNGC4,2.097
2015-12-21,RNGC1,1.911
2015-12-21,RNGC2,1.987
2015-12-21,RNGC3,2.065
2015-12-21,RNGC4,2.153
2015-12-22,RNGC1,1.888
2015-12-22,RNGC2,1.955
2015-12-22,RNGC3,2.034
2015-12-22,RNGC4,2.118
2015-12-23,RNGC1,1.983
2015-12-23,RNGC2,2.036
2015-12-23,RNGC3,2.101
2015-12-23,RNGC4,2.158
2015-12-24,RNGC1,2.029
2015-12-24,RNGC2,2.079
2015-12-24,RNGC3,2.143
2015-12-24,RNGC4,2.201
2015-12-28,RNGC1,2.228
2015-12-28,RNGC2,2.256
2015-12-28,RNGC3,2.301
2015-12-28,RNGC4,2.336
2015-12-29,RNGC1,2.372
2015-12-29,RNGC2,2.37
2015-12-29,RNGC3,2.397
2015-12-29,RNGC4,2.411
2015-12-30,RNGC1,2.214
2015-12-30,RNGC2,2.255
2015-12-30,RNGC3,2.296
2015-12-30,RNGC4,2.338
2015-12-31,RNGC1,2.337
2015-12-31,RNGC2,2.363
2015-12-31,RNGC3,2.387
2015-12-31,RNGC4,2.424
2016-01-04,RNGC1,2.334
2016-01-04,RNGC2,2.35
2016-01-04,RNGC3,2.373
2016-01-04,RNGC4,2.41
2016-01-05,RNGC1,2.325
2016-01-05,RNGC2,2.346
2016-01-05,RNGC3,2.376
2016-01-05,RNGC4,2.413
2016-01-06,RNGC1,2.267
2016-01-06,RNGC2,2.289
2016-01-06,RNGC3,2.344
2016-01-06,RNGC4,2.384
2016-01-07,RNGC1,2.382
2016-01-07,RNGC2,2.394
2016-01-07,RNGC3,2.43
2016-01-07,RNGC4,2.466
2016-01-08,RNGC1,2.472
2016-01-08,RNGC2,2.471
2016-01-08,RNGC3,2.497
2016-01-08,RNGC4,2.534
2016-01-11,RNGC1,2.396
2016-01-11,RNGC2,2.389
2016-01-11,RNGC3,2.425
2016-01-11,RNGC4,2.461
2016-01-12,RNGC1,2.257
2016-01-12,RNGC2,2.261
2016-01-12,RNGC3,2.32
2016-01-12,RNGC4,2.37
2016-01-13,RNGC1,2.269
2016-01-13,RNGC2,2.29
2016-01-13,RNGC3,2.337
2016-01-13,RNGC4,2.385
2016-01-14,RNGC1,2.139
2016-01-14,RNGC2,2.18
2016-01-14,RNGC3,2.244
2016-01-14,RNGC4,2.301
2016-01-15,RNGC1,2.1
2016-01-15,RNGC2,2.127
2016-01-15,RNGC3,2.189
2016-01-15,RNGC4,2.252
2016-01-19,RNGC1,2.091
2016-01-19,RNGC2,2.108
2016-01-19,RNGC3,2.177
2016-01-19,RNGC4,2.247
2016-01-20,RNGC1,2.118
2016-01-20,RNGC2,2.123
2016-01-20,RNGC3,2.197
2016-01-20,RNGC4,2.27
2016-01-21,RNGC1,2.138
2016-01-21,RNGC2,2.139
2016-01-21,RNGC3,2.217
2016-01-21,RNGC4,2.283
2016-01-22,RNGC1,2.139
2016-01-22,RNGC2,2.141
2016-01-22,RNGC3,2.224
2016-01-22,RNGC4,2.289
2016-01-25,RNGC1,2.158
2016-01-25,RNGC2,2.155
2016-01-25,RNGC3,2.241
2016-01-25,RNGC4,2.309
2016-01-26,RNGC1,2.18
2016-01-26,RNGC2,2.158
2016-01-26,RNGC3,2.241
2016-01-26,RNGC4,2.303
2016-01-27,RNGC1,2.189
2016-01-27,RNGC2,2.157
2016-01-27,RNGC3,2.231
2016-01-27,RNGC4,2.29
2016-01-28,RNGC1,2.182
2016-01-28,RNGC2,2.239
2016-01-28,RNGC3,2.287
2016-01-28,RNGC4,2.331
2016-01-29,RNGC1,2.298
2016-01-29,RNGC2,2.332
2016-01-29,RNGC3,2.368
2016-01-29,RNGC4,2.405
2016-02-01,RNGC1,2.152
2016-02-01,RNGC2,2.226
2016-02-01,RNGC3,2.28
2016-02-01,RNGC4,2.327
2016-02-02,RNGC1,2.025
2016-02-02,RNGC2,2.12
2016-02-02,RNGC3,2.181
2016-02-02,RNGC4,2.238
2016-02-03,RNGC1,2.038
2016-02-03,RNGC2,2.123
2016-02-03,RNGC3,2.183
2016-02-03,RNGC4,2.238
2016-02-04,RNGC1,1.972
2016-02-04,RNGC2,2.062
2016-02-04,RNGC3,2.13
2016-02-04,RNGC4,2.191
2016-02-05,RNGC1,2.063
2016-02-05,RNGC2,2.137
2016-02-05,RNGC3,2.202
2016-02-05,RNGC4,2.26
2016-02-08,RNGC1,2.14
2016-02-08,RNGC2,2.189
2016-02-08,RNGC3,2.25
2016-02-08,RNGC4,2.301
2016-02-09,RNGC1,2.098
2016-02-09,RNGC2,2.149
2016-02-09,RNGC3,2.209
2016-02-09,RNGC4,2.263
2016-02-10,RNGC1,2.046
2016-02-10,RNGC2,2.111
2016-02-10,RNGC3,2.174
2016-02-10,RNGC4,2.232
2016-02-11,RNGC1,1.994
2016-02-11,RNGC2,2.061
2016-02-11,RNGC3,2.129
2016-02-11,RNGC4,2.196
2016-02-12,RNGC1,1.966
2016-02-12,RNGC2,2.03
2016-02-12,RNGC3,2.095
2016-02-12,RNGC4,2.163
2016-02-16,RNGC1,1.903
2016-02-16,RNGC2,1.969
2016-02-16,RNGC3,2.035
2016-02-16,RNGC4,2.104
2016-02-17,RNGC1,1.942
2016-02-17,RNGC2,2.011
2016-02-17,RNGC3,2.076
2016-02-17,RNGC4,2.144
2016-02-18,RNGC1,1.852
2016-02-18,RNGC2,1.927
2016-02-18,RNGC3,2.004
2016-02-18,RNGC4,2.077
2016-02-19,RNGC1,1.804
2016-02-19,RNGC2,1.867
2016-02-19,RNGC3,1.945
2016-02-19,RNGC4,2.018
2016-02-22,RNGC1,1.821
2016-02-22,RNGC2,1.862
2016-02-22,RNGC3,1.934
2016-02-22,RNGC4,2.007
2016-02-23,RNGC1,1.782
2016-02-23,RNGC2,1.829
2016-02-23,RNGC3,1.903
2016-02-23,RNGC4,1.975
2016-02-24,RNGC1,1.778
2016-02-24,RNGC2,1.834
2016-02-24,RNGC3,1.909
2016-02-24,RNGC4,1.982
2016-02-25,RNGC1,1.711
2016-02-25,RNGC2,1.785
2016-02-25,RNGC3,1.867
2016-02-25,RNGC4,1.944
2016-02-26,RNGC1,1.791
2016-02-26,RNGC2,1.873
2016-02-26,RNGC3,1.951
2016-02-26,RNGC4,2.028
2016-02-29,RNGC1,1.711
2016-02-29,RNGC2,1.808
2016-02-29,RNGC3,1.896
2016-02-29,RNGC4,1.985
2016-03-01,RNGC1,1.742
2016-03-01,RNGC2,1.848
2016-03-01,RNGC3,1.939
2016-03-01,RNGC4,2.024
2016-03-02,RNGC1,1.678
2016-03-02,RNGC2,1.8
2016-03-02,RNGC3,1.903
2016-03-02,RNGC4,1.992
2016-03-03,RNGC1,1.639
2016-03-03,RNGC2,1.767
2016-03-03,RNGC3,1.88
2016-03-03,RNGC4,1.975
2016-03-04,RNGC1,1.666
2016-03-04,RNGC2,1.787
2016-03-04,RNGC3,1.9
2016-03-04,RNGC4,1.996
2016-03-07,RNGC1,1.69
2016-03-07,RNGC2,1.789
2016-03-07,RNGC3,1.892
2016-03-07,RNGC4,1.986
2016-03-08,RNGC1,1.712
2016-03-08,RNGC2,1.803
2016-03-08,RNGC3,1.906
2016-03-08,RNGC4,2.001
2016-03-09,RNGC1,1.752
2016-03-09,RNGC2,1.846
2016-03-09,RNGC3,1.946
2016-03-09,RNGC4,2.041
2016-03-10,RNGC1,1.788
2016-03-10,RNGC2,1.883
2016-03-10,RNGC3,1.989
2016-03-10,RNGC4,2.086
2016-03-11,RNGC1,1.822
2016-03-11,RNGC2,1.915
2016-03-11,RNGC3,2.023
2016-03-11,RNGC4,2.121
2016-03-14,RNGC1,1.819
2016-03-14,RNGC2,1.914
2016-03-14,RNGC3,2.024
2016-03-14,RNGC4,2.122
2016-03-15,RNGC1,1.851
2016-03-15,RNGC2,1.945
2016-03-15,RNGC3,2.057
2016-03-15,RNGC4,2.155
2016-03-16,RNGC1,1.868
2016-03-16,RNGC2,1.955
2016-03-16,RNGC3,2.065
2016-03-16,RNGC4,2.165
2016-03-17,RNGC1,1.936
2016-03-17,RNGC2,2.011
2016-03-17,RNGC3,2.11
2016-03-17,RNGC4,2.206
2016-03-18,RNGC1,1.907
2016-03-18,RNGC2,1.989
2016-03-18,RNGC3,2.085
2016-03-18,RNGC4,2.183
2016-03-21,RNGC1,1.828
2016-03-21,RNGC2,1.904
2016-03-21,RNGC3,1.999
2016-03-21,RNGC4,2.1
2016-03-22,RNGC1,1.863
2016-03-22,RNGC2,1.937
2016-03-22,RNGC3,2.035
2016-03-22,RNGC4,2.137
2016-03-23,RNGC1,1.794
2016-03-23,RNGC2,1.868
2016-03-23,RNGC3,1.974
2016-03-23,RNGC4,2.081
2016-03-24,RNGC1,1.806
2016-03-24,RNGC2,1.882
2016-03-24,RNGC3,1.989
2016-03-24,RNGC4,2.099
2016-03-28,RNGC1,1.848
2016-03-28,RNGC2,1.936
2016-03-28,RNGC3,2.048
2016-03-28,RNGC4,2.159
2016-03-29,RNGC1,1.903
2016-03-29,RNGC2,1.981
2016-03-29,RNGC3,2.097
2016-03-29,RNGC4,2.211
2016-03-30,RNGC1,1.996
2016-03-30,RNGC2,2.11
2016-03-30,RNGC3,2.224
2016-03-30,RNGC4,2.283
2016-03-31,RNGC1,1.959
2016-03-31,RNGC2,2.054
2016-03-31,RNGC3,2.153
2016-03-31,RNGC4,2.212
2016-04-01,RNGC1,1.956
2016-04-01,RNGC2,2.052
2016-04-01,RNGC3,2.155
2016-04-01,RNGC4,2.214
2016-04-04,RNGC1,1.998
2016-04-04,RNGC2,2.09
2016-04-04,RNGC3,2.185
2016-04-04,RNGC4,2.241
2016-04-05,RNGC1,1.954
2016-04-05,RNGC2,2.05
2016-04-05,RNGC3,2.15
2016-04-05,RNGC4,2.208
2016-04-06,RNGC1,1.911
2016-04-06,RNGC2,2.004
2016-04-06,RNGC3,2.109
2016-04-06,RNGC4,2.168
2016-04-07,RNGC1,2.018
2016-04-07,RNGC2,2.101
2016-04-07,RNGC3,2.194
2016-04-07,RNGC4,2.249
2016-04-08,RNGC1,1.99
2016-04-08,RNGC2,2.077
2016-04-08,RNGC3,2.175
2016-04-08,RNGC4,2.234
2016-04-11,RNGC1,1.912
2016-04-11,RNGC2,2.001
2016-04-11,RNGC3,2.104
2016-04-11,RNGC4,2.168
2016-04-12,RNGC1,2.004
2016-04-12,RNGC2,2.083
2016-04-12,RNGC3,2.178
2016-04-12,RNGC4,2.238
2016-04-13,RNGC1,2.036
2016-04-13,RNGC2,2.119
2016-04-13,RNGC3,2.212
2016-04-13,RNGC4,2.271
2016-04-14,RNGC1,1.97
2016-04-14,RNGC2,2.063
2016-04-14,RNGC3,2.165
2016-04-14,RNGC4,2.229
2016-04-15,RNGC1,1.902
2016-04-15,RNGC2,1.997
2016-04-15,RNGC3,2.105
2016-04-15,RNGC4,2.174
2016-04-18,RNGC1,1.94
2016-04-18,RNGC2,2.045
2016-04-18,RNGC3,2.154
2016-04-18,RNGC4,2.224
2016-04-19,RNGC1,2.088
2016-04-19,RNGC2,2.188
2016-04-19,RNGC3,2.288
2016-04-19,RNGC4,2.348
2016-04-20,RNGC1,2.069
2016-04-20,RNGC2,2.18
2016-04-20,RNGC3,2.281
2016-04-20,RNGC4,2.34
2016-04-21,RNGC1,2.068
2016-04-21,RNGC2,2.208
2016-04-21,RNGC3,2.323
2016-04-21,RNGC4,2.387
2016-04-22,RNGC1,2.14
2016-04-22,RNGC2,2.267
2016-04-22,RNGC3,2.383
2016-04-22,RNGC4,2.449
2016-04-25,RNGC1,2.063
2016-04-25,RNGC2,2.187
2016-04-25,RNGC3,2.311
2016-04-25,RNGC4,2.381
2016-04-26,RNGC1,2.032
2016-04-26,RNGC2,2.159
2016-04-26,RNGC3,2.294
2016-04-26,RNGC4,2.37
2016-04-27,RNGC1,1.995
2016-04-27,RNGC2,2.153
2016-04-27,RNGC3,2.305
2016-04-27,RNGC4,2.393
2016-04-28,RNGC1,2.078
2016-04-28,RNGC2,2.253
2016-04-28,RNGC3,2.358
2016-04-28,RNGC4,2.404
2016-04-29,RNGC1,2.178
2016-04-29,RNGC2,2.322
2016-04-29,RNGC3,2.412
2016-04-29,RNGC4,2.457
2016-05-02,RNGC1,2.042
2016-05-02,RNGC2,2.218
2016-05-02,RNGC3,2.321
2016-05-02,RNGC4,2.37
2016-05-03,RNGC1,2.086
2016-05-03,RNGC2,2.254
2016-05-03,RNGC3,2.35
2016-05-03,RNGC4,2.397
2016-05-04,RNGC1,2.141
2016-05-04,RNGC2,2.296
2016-05-04,RNGC3,2.381
2016-05-04,RNGC4,2.423
2016-05-05,RNGC1,2.076
2016-05-05,RNGC2,2.238
2016-05-05,RNGC3,2.325
2016-05-05,RNGC4,2.372
2016-05-06,RNGC1,2.101
2016-05-06,RNGC2,2.243
2016-05-06,RNGC3,2.323
2016-05-06,RNGC4,2.366
2016-05-09,RNGC1,2.098
2016-05-09,RNGC2,2.229
2016-05-09,RNGC3,2.304
2016-05-09,RNGC4,2.342
2016-05-10,RNGC1,2.158
2016-05-10,RNGC2,2.285
2016-05-10,RNGC3,2.355
2016-05-10,RNGC4,2.388
2016-05-11,RNGC1,2.173
2016-05-11,RNGC2,2.301
2016-05-11,RNGC3,2.374
2016-05-11,RNGC4,2.407
2016-05-12,RNGC1,2.155
2016-05-12,RNGC2,2.299
2016-05-12,RNGC3,2.378
2016-05-12,RNGC4,2.412
2016-05-13,RNGC1,2.096
2016-05-13,RNGC2,2.244
2016-05-13,RNGC3,2.325
2016-05-13,RNGC4,2.365
2016-05-16,RNGC1,2.029
2016-05-16,RNGC2,2.177
2016-05-16,RNGC3,2.254
2016-05-16,RNGC4,2.296
2016-05-17,RNGC1,2.048
2016-05-17,RNGC2,2.185
2016-05-17,RNGC3,2.253
2016-05-17,RNGC4,2.293
2016-05-18,RNGC1,2.001
2016-05-18,RNGC2,2.131
2016-05-18,RNGC3,2.205
2016-05-18,RNGC4,2.245
2016-05-19,RNGC1,2.039
2016-05-19,RNGC2,2.195
2016-05-19,RNGC3,2.278
2016-05-19,RNGC4,2.323
2016-05-20,RNGC1,2.062
2016-05-20,RNGC2,2.207
2016-05-20,RNGC3,2.284
2016-05-20,RNGC4,2.329
2016-05-23,RNGC1,2.055
2016-05-23,RNGC2,2.199
2016-05-23,RNGC3,2.274
2016-05-23,RNGC4,2.321
2016-05-24,RNGC1,1.98
2016-05-24,RNGC2,2.146
2016-05-24,RNGC3,2.232
2016-05-24,RNGC4,2.285
2016-05-25,RNGC1,1.992
2016-05-25,RNGC2,2.181
2016-05-25,RNGC3,2.281
2016-05-25,RNGC4,2.339
2016-05-26,RNGC1,1.963
2016-05-26,RNGC2,2.151
2016-05-26,RNGC3,2.261
2016-05-26,RNGC4,2.325
2016-05-27,RNGC1,2.169
2016-05-27,RNGC2,2.281
2016-05-27,RNGC3,2.345
2016-05-27,RNGC4,2.452
2016-05-31,RNGC1,2.288
2016-05-31,RNGC2,2.383
2016-05-31,RNGC3,2.438
2016-05-31,RNGC4,2.529
2016-06-01,RNGC1,2.381
2016-06-01,RNGC2,2.453
2016-06-01,RNGC3,2.492
2016-06-01,RNGC4,2.571
2016-06-03,RNGC1,2.398
2016-06-03,RNGC2,2.476
2016-06-03,RNGC3,2.517
2016-06-03,RNGC4,2.595
2016-06-06,RNGC1,2.466
2016-06-06,RNGC2,2.537
2016-06-06,RNGC3,2.574
2016-06-06,RNGC4,2.645
2016-06-07,RNGC1,2.474
2016-06-07,RNGC2,2.557
2016-06-07,RNGC3,2.601
2016-06-07,RNGC4,2.679
2016-06-08,RNGC1,2.468
2016-06-08,RNGC2,2.544
2016-06-08,RNGC3,2.589
2016-06-08,RNGC4,2.669
2016-06-09,RNGC1,2.617
2016-06-09,RNGC2,2.69
2016-06-09,RNGC3,2.721
2016-06-09,RNGC4,2.791
2016-06-10,RNGC1,2.556
2016-06-10,RNGC2,2.624
2016-06-10,RNGC3,2.654
2016-06-10,RNGC4,2.722
2016-06-13,RNGC1,2.585
2016-06-13,RNGC2,2.652
2016-06-13,RNGC3,2.682
2016-06-13,RNGC4,2.747
2016-06-14,RNGC1,2.604
2016-06-14,RNGC2,2.666
2016-06-14,RNGC3,2.691
2016-06-14,RNGC4,2.743
2016-06-15,RNGC1,2.595
2016-06-15,RNGC2,2.652
2016-06-15,RNGC3,2.677
2016-06-15,RNGC4,2.727
2016-06-16,RNGC1,2.58
2016-06-16,RNGC2,2.627
2016-06-16,RNGC3,2.652
2016-06-16,RNGC4,2.706
2016-06-17,RNGC1,2.623
2016-06-17,RNGC2,2.666
2016-06-17,RNGC3,2.686
2016-06-17,RNGC4,2.742
2016-06-20,RNGC1,2.747
2016-06-20,RNGC2,2.777
2016-06-20,RNGC3,2.795
2016-06-20,RNGC4,2.843
2016-06-21,RNGC1,2.768
2016-06-21,RNGC2,2.798
2016-06-21,RNGC3,2.813
2016-06-21,RNGC4,2.856
2016-06-22,RNGC1,2.677
2016-06-22,RNGC2,2.711
2016-06-22,RNGC3,2.724
2016-06-22,RNGC4,2.773
2016-06-23,RNGC1,2.698
2016-06-23,RNGC2,2.737
2016-06-23,RNGC3,2.744
2016-06-23,RNGC4,2.795
2016-06-24,RNGC1,2.662
2016-06-24,RNGC2,2.694
2016-06-24,RNGC3,2.702
2016-06-24,RNGC4,2.753
2016-06-27,RNGC1,2.716
2016-06-27,RNGC2,2.741
2016-06-27,RNGC3,2.744
2016-06-27,RNGC4,2.788
2016-06-28,RNGC1,2.917
2016-06-28,RNGC2,2.89
2016-06-28,RNGC3,2.888
2016-06-28,RNGC4,2.927
2016-06-29,RNGC1,2.863
2016-06-29,RNGC2,2.858
2016-06-29,RNGC3,2.895
2016-06-29,RNGC4,3.036
2016-06-30,RNGC1,2.924
2016-06-30,RNGC2,2.918
2016-06-30,RNGC3,2.948
2016-06-30,RNGC4,3.085
2016-07-01,RNGC1,2.987
2016-07-01,RNGC2,2.981
2016-07-01,RNGC3,3.013
2016-07-01,RNGC4,3.142
2016-07-05,RNGC1,2.764
2016-07-05,RNGC2,2.758
2016-07-05,RNGC3,2.802
2016-07-05,RNGC4,2.955
2016-07-06,RNGC1,2.786
2016-07-06,RNGC2,2.777
2016-07-06,RNGC3,2.818
2016-07-06,RNGC4,2.971
2016-07-07,RNGC1,2.777
2016-07-07,RNGC2,2.764
2016-07-07,RNGC3,2.802
2016-07-07,RNGC4,2.957
2016-07-08,RNGC1,2.801
2016-07-08,RNGC2,2.788
2016-07-08,RNGC3,2.827
2016-07-08,RNGC4,2.99
2016-07-11,RNGC1,2.702
2016-07-11,RNGC2,2.684
2016-07-11,RNGC3,2.735
2016-07-11,RNGC4,2.919
2016-07-12,RNGC1,2.734
2016-07-12,RNGC2,2.7
2016-07-12,RNGC3,2.747
2016-07-12,RNGC4,2.929
2016-07-13,RNGC1,2.737
2016-07-13,RNGC2,2.707
2016-07-13,RNGC3,2.751
2016-07-13,RNGC4,2.931
2016-07-14,RNGC1,2.727
2016-07-14,RNGC2,2.707
2016-07-14,RNGC3,2.749
2016-07-14,RNGC4,2.933
2016-07-15,RNGC1,2.756
2016-07-15,RNGC2,2.728
2016-07-15,RNGC3,2.773
2016-07-15,RNGC4,2.953
2016-07-18,RNGC1,2.722
2016-07-18,RNGC2,2.692
2016-07-18,RNGC3,2.738
2016-07-18,RNGC4,2.924
2016-07-19,RNGC1,2.728
2016-07-19,RNGC2,2.689
2016-07-19,RNGC3,2.73
2016-07-19,RNGC4,2.909
2016-07-20,RNGC1,2.658
2016-07-20,RNGC2,2.621
2016-07-20,RNGC3,2.663
2016-07-20,RNGC4,2.845
2016-07-21,RNGC1,2.692
2016-07-21,RNGC2,2.659
2016-07-21,RNGC3,2.698
2016-07-21,RNGC4,2.872
2016-07-22,RNGC1,2.777
2016-07-22,RNGC2,2.743
2016-07-22,RNGC3,2.782
2016-07-22,RNGC4,2.952
2016-07-25,RNGC1,2.747
2016-07-25,RNGC2,2.712
2016-07-25,RNGC3,2.756
2016-07-25,RNGC4,2.935
2016-07-26,RNGC1,2.712
2016-07-26,RNGC2,2.677
2016-07-26,RNGC3,2.722
2016-07-26,RNGC4,2.909
2016-07-27,RNGC1,2.672
2016-07-27,RNGC2,2.66
2016-07-27,RNGC3,2.709
2016-07-27,RNGC4,2.897
2016-07-28,RNGC1,2.873
2016-07-28,RNGC2,2.909
2016-07-28,RNGC3,3.059
2016-07-28,RNGC4,3.287
2016-07-29,RNGC1,2.876
2016-07-29,RNGC2,2.917
2016-07-29,RNGC3,3.076
2016-07-29,RNGC4,3.32
2016-08-01,RNGC1,2.771
2016-08-01,RNGC2,2.818
2016-08-01,RNGC3,2.98
2016-08-01,RNGC4,3.239
2016-08-02,RNGC1,2.733
2016-08-02,RNGC2,2.783
2016-08-02,RNGC3,2.943
2016-08-02,RNGC4,3.199
2016-08-03,RNGC1,2.839
2016-08-03,RNGC2,2.881
2016-08-03,RNGC3,3.034
2016-08-03,RNGC4,3.276
2016-08-04,RNGC1,2.834
2016-08-04,RNGC2,2.877
2016-08-04,RNGC3,3.022
2016-08-04,RNGC4,3.267
2016-08-05,RNGC1,2.772
2016-08-05,RNGC2,2.809
2016-08-05,RNGC3,2.965
2016-08-05,RNGC4,3.217
2016-08-08,RNGC1,2.748
2016-08-08,RNGC2,2.779
2016-08-08,RNGC3,2.943
2016-08-08,RNGC4,3.191
2016-08-09,RNGC1,2.615
2016-08-09,RNGC2,2.659
2016-08-09,RNGC3,2.844
2016-08-09,RNGC4,3.098
2016-08-10,RNGC1,2.561
2016-08-10,RNGC2,2.616
2016-08-10,RNGC3,2.801
2016-08-10,RNGC4,3.059
2016-08-11,RNGC1,2.551
2016-08-11,RNGC2,2.607
2016-08-11,RNGC3,2.792
2016-08-11,RNGC4,3.051
2016-08-12,RNGC1,2.586
2016-08-12,RNGC2,2.626
2016-08-12,RNGC3,2.804
2016-08-12,RNGC4,3.064
2016-08-15,RNGC1,2.59
2016-08-15,RNGC2,2.629
2016-08-15,RNGC3,2.811
2016-08-15,RNGC4,3.073
2016-08-16,RNGC1,2.617
2016-08-16,RNGC2,2.657
2016-08-16,RNGC3,2.833
2016-08-16,RNGC4,3.092
2016-08-17,RNGC1,2.619
2016-08-17,RNGC2,2.659
2016-08-17,RNGC3,2.832
2016-08-17,RNGC4,3.083
2016-08-18,RNGC1,2.674
2016-08-18,RNGC2,2.712
2016-08-18,RNGC3,2.873
2016-08-18,RNGC4,3.11
2016-08-19,RNGC1,2.584
2016-08-19,RNGC2,2.619
2016-08-19,RNGC3,2.781
2016-08-19,RNGC4,3.022
2016-08-22,RNGC1,2.679
2016-08-22,RNGC2,2.701
2016-08-22,RNGC3,2.838
2016-08-22,RNGC4,3.046
2016-08-23,RNGC1,2.761
2016-08-23,RNGC2,2.794
2016-08-23,RNGC3,2.924
2016-08-23,RNGC4,3.128
2016-08-24,RNGC1,2.796
2016-08-24,RNGC2,2.835
2016-08-24,RNGC3,2.967
2016-08-24,RNGC4,3.174
2016-08-25,RNGC1,2.846
2016-08-25,RNGC2,2.885
2016-08-25,RNGC3,3.01
2016-08-25,RNGC4,3.212
2016-08-26,RNGC1,2.871
2016-08-26,RNGC2,2.913
2016-08-26,RNGC3,3.03
2016-08-26,RNGC4,3.228
2016-08-29,RNGC1,2.853
2016-08-29,RNGC2,2.896
2016-08-29,RNGC3,3.011
2016-08-29,RNGC4,3.214
2016-08-30,RNGC1,2.827
2016-08-30,RNGC2,2.949
2016-08-30,RNGC3,3.157
2016-08-30,RNGC4,3.278
2016-08-31,RNGC1,2.887
2016-08-31,RNGC2,3.003
2016-08-31,RNGC3,3.203
2016-08-31,RNGC4,3.326
2016-09-01,RNGC1,2.792
2016-09-01,RNGC2,2.908
2016-09-01,RNGC3,3.113
2016-09-01,RNGC4,3.242
2016-09-02,RNGC1,2.792
2016-09-02,RNGC2,2.898
2016-09-02,RNGC3,3.101
2016-09-02,RNGC4,3.226
2016-09-06,RNGC1,2.717
2016-09-06,RNGC2,2.842
2016-09-06,RNGC3,3.059
2016-09-06,RNGC4,3.187
2016-09-07,RNGC1,2.676
2016-09-07,RNGC2,2.811
2016-09-07,RNGC3,3.046
2016-09-07,RNGC4,3.175
2016-09-08,RNGC1,2.806
2016-09-08,RNGC2,2.917
2016-09-08,RNGC3,3.144
2016-09-08,RNGC4,3.266
2016-09-09,RNGC1,2.797
2016-09-09,RNGC2,2.89
2016-09-09,RNGC3,3.119
2016-09-09,RNGC4,3.243
2016-09-12,RNGC1,2.915
2016-09-12,RNGC2,2.986
2016-09-12,RNGC3,3.179
2016-09-12,RNGC4,3.298
2016-09-13,RNGC1,2.909
2016-09-13,RNGC2,2.989
2016-09-13,RNGC3,3.176
2016-09-13,RNGC4,3.296
2016-09-14,RNGC1,2.889
2016-09-14,RNGC2,2.969
2016-09-14,RNGC3,3.173
2016-09-14,RNGC4,3.299
2016-09-15,RNGC1,2.927
2016-09-15,RNGC2,3.002
2016-09-15,RNGC3,3.191
2016-09-15,RNGC4,3.311
2016-09-16,RNGC1,2.948
2016-09-16,RNGC2,3.021
2016-09-16,RNGC3,3.211
2016-09-16,RNGC4,3.333
2016-09-19,RNGC1,2.934
2016-09-19,RNGC2,3.005
2016-09-19,RNGC3,3.197
2016-09-19,RNGC4,3.322
2016-09-20,RNGC1,3.047
2016-09-20,RNGC2,3.109
2016-09-20,RNGC3,3.291
2016-09-20,RNGC4,3.41
2016-09-21,RNGC1,3.057
2016-09-21,RNGC2,3.132
2016-09-21,RNGC3,3.321
2016-09-21,RNGC4,3.441
2016-09-22,RNGC1,2.99
2016-09-22,RNGC2,3.061
2016-09-22,RNGC3,3.268
2016-09-22,RNGC4,3.392
2016-09-23,RNGC1,2.955
2016-09-23,RNGC2,3.013
2016-09-23,RNGC3,3.22
2016-09-23,RNGC4,3.341
2016-09-26,RNGC1,2.997
2016-09-26,RNGC2,3.055
2016-09-26,RNGC3,3.25
2016-09-26,RNGC4,3.371
2016-09-27,RNGC1,2.996
2016-09-27,RNGC2,3.05
2016-09-27,RNGC3,3.242
2016-09-27,RNGC4,3.368
2016-09-28,RNGC1,2.952
2016-09-28,RNGC2,3.002
2016-09-28,RNGC3,3.199
2016-09-28,RNGC4,3.327
2016-09-29,RNGC1,2.959
2016-09-29,RNGC2,3.161
2016-09-29,RNGC3,3.292
2016-09-29,RNGC4,3.298
2016-09-30,RNGC1,2.906
2016-09-30,RNGC2,3.132
2016-09-30,RNGC3,3.268
2016-09-30,RNGC4,3.275
2016-10-03,RNGC1,2.923
2016-10-03,RNGC2,3.17
2016-10-03,RNGC3,3.306
2016-10-03,RNGC4,3.314
2016-10-04,RNGC1,2.964
2016-10-04,RNGC2,3.183
2016-10-04,RNGC3,3.317
2016-10-04,RNGC4,3.324
2016-10-05,RNGC1,3.041
2016-10-05,RNGC2,3.26
2016-10-05,RNGC3,3.391
2016-10-05,RNGC4,3.398
2016-10-06,RNGC1,3.049
2016-10-06,RNGC2,3.282
2016-10-06,RNGC3,3.41
2016-10-06,RNGC4,3.417
2016-10-07,RNGC1,3.193
2016-10-07,RNGC2,3.391
2016-10-07,RNGC3,3.519
2016-10-07,RNGC4,3.52
2016-10-11,RNGC1,3.237
2016-10-11,RNGC2,3.429
2016-10-11,RNGC3,3.556
2016-10-11,RNGC4,3.556
2016-10-12,RNGC1,3.21
2016-10-12,RNGC2,3.41
2016-10-12,RNGC3,3.538
2016-10-12,RNGC4,3.543
2016-10-13,RNGC1,3.341
2016-10-13,RNGC2,3.532
2016-10-13,RNGC3,3.654
2016-10-13,RNGC4,3.654
2016-10-14,RNGC1,3.285
2016-10-14,RNGC2,3.503
2016-10-14,RNGC3,3.628
2016-10-14,RNGC4,3.632
2016-10-17,RNGC1,3.244
2016-10-17,RNGC2,3.481
2016-10-17,RNGC3,3.615
2016-10-17,RNGC4,3.621
2016-10-18,RNGC1,3.263
2016-10-18,RNGC2,3.505
2016-10-18,RNGC3,3.639
2016-10-18,RNGC4,3.645
2016-10-19,RNGC1,3.17
2016-10-19,RNGC2,3.434
2016-10-19,RNGC3,3.57
2016-10-19,RNGC4,3.578
2016-10-20,RNGC1,3.141
2016-10-20,RNGC2,3.434
2016-10-20,RNGC3,3.569
2016-10-20,RNGC4,3.577
2016-10-21,RNGC1,2.993
2016-10-21,RNGC2,3.361
2016-10-21,RNGC3,3.504
2016-10-21,RNGC4,3.511
2016-10-24,RNGC1,2.831
2016-10-24,RNGC2,3.319
2016-10-24,RNGC3,3.465
2016-10-24,RNGC4,3.477
2016-10-25,RNGC1,2.774
2016-10-25,RNGC2,3.149
2016-10-25,RNGC3,3.316
2016-10-25,RNGC4,3.331
2016-10-26,RNGC1,2.731
2016-10-26,RNGC2,3.036
2016-10-26,RNGC3,3.187
2016-10-26,RNGC4,3.198
2016-10-27,RNGC1,2.764
2016-10-27,RNGC2,3.068
2016-10-27,RNGC3,3.237
2016-10-27,RNGC4,3.25
2016-10-28,RNGC1,3.105
2016-10-28,RNGC2,3.263
2016-10-28,RNGC3,3.284
2016-10-28,RNGC4,3.255
2016-10-31,RNGC1,3.026
2016-10-31,RNGC2,3.195
2016-10-31,RNGC3,3.223
2016-10-31,RNGC4,3.199
2016-11-01,RNGC1,2.902
2016-11-01,RNGC2,3.078
2016-11-01,RNGC3,3.106
2016-11-01,RNGC4,3.089
2016-11-02,RNGC1,2.792
2016-11-02,RNGC2,2.978
2016-11-02,RNGC3,3.004
2016-11-02,RNGC4,2.992
2016-11-03,RNGC1,2.769
2016-11-03,RNGC2,2.949
2016-11-03,RNGC3,2.98
2016-11-03,RNGC4,2.969
2016-11-04,RNGC1,2.767
2016-11-04,RNGC2,2.937
2016-11-04,RNGC3,2.967
2016-11-04,RNGC4,2.955
2016-11-07,RNGC1,2.816
2016-11-07,RNGC2,2.978
2016-11-07,RNGC3,3.011
2016-11-07,RNGC4,3.0
2016-11-08,RNGC1,2.633
2016-11-08,RNGC2,2.81
2016-11-08,RNGC3,2.854
2016-11-08,RNGC4,2.854
2016-11-09,RNGC1,2.69
2016-11-09,RNGC2,2.859
2016-11-09,RNGC3,2.898
2016-11-09,RNGC4,2.897
2016-11-10,RNGC1,2.632
2016-11-10,RNGC2,2.811
2016-11-10,RNGC3,2.858
2016-11-10,RNGC4,2.86
2016-11-14,RNGC1,2.749
2016-11-14,RNGC2,2.937
2016-11-14,RNGC3,2.974
2016-11-14,RNGC4,2.967
2016-11-15,RNGC1,2.709
2016-11-15,RNGC2,2.885
2016-11-15,RNGC3,2.931
2016-11-15,RNGC4,2.934
2016-11-16,RNGC1,2.764
2016-11-16,RNGC2,2.92
2016-11-16,RNGC3,2.96
2016-11-16,RNGC4,2.961
2016-11-17,RNGC1,2.703
2016-11-17,RNGC2,2.875
2016-11-17,RNGC3,2.921
2016-11-17,RNGC4,2.928
2016-11-18,RNGC1,2.843
2016-11-18,RNGC2,2.98
2016-11-18,RNGC3,3.017
2016-11-18,RNGC4,3.014
2016-11-21,RNGC1,2.95
2016-11-21,RNGC2,3.077
2016-11-21,RNGC3,3.111
2016-11-21,RNGC4,3.106
2016-11-22,RNGC1,2.982
2016-11-22,RNGC2,3.1
2016-11-22,RNGC3,3.124
2016-11-22,RNGC4,3.111
2016-11-23,RNGC1,3.026
2016-11-23,RNGC2,3.147
2016-11-23,RNGC3,3.176
2016-11-23,RNGC4,3.166
2016-11-28,RNGC1,3.232
2016-11-28,RNGC2,3.32
2016-11-28,RNGC3,3.346
2016-11-28,RNGC4,3.328
2016-11-29,RNGC1,3.315
2016-11-29,RNGC2,3.341
2016-11-29,RNGC3,3.319
2016-11-29,RNGC4,3.233
2016-11-30,RNGC1,3.352
2016-11-30,RNGC2,3.359
2016-11-30,RNGC3,3.328
2016-11-30,RNGC4,3.23
2016-12-01,RNGC1,3.505
2016-12-01,RNGC2,3.509
2016-12-01,RNGC3,3.462
2016-12-01,RNGC4,3.319
2016-12-02,RNGC1,3.436
2016-12-02,RNGC2,3.44
2016-12-02,RNGC3,3.407
2016-12-02,RNGC4,3.292
2016-12-05,RNGC1,3.654
2016-12-05,RNGC2,3.641
2016-12-05,RNGC3,3.598
2016-12-05,RNGC4,3.428
2016-12-06,RNGC1,3.635
2016-12-06,RNGC2,3.626
2016-12-06,RNGC3,3.58
2016-12-06,RNGC4,3.404
2016-12-07,RNGC1,3.603
2016-12-07,RNGC2,3.589
2016-12-07,RNGC3,3.55
2016-12-07,RNGC4,3.379
2016-12-08,RNGC1,3.695
2016-12-08,RNGC2,3.676
2016-12-08,RNGC3,3.631
2016-12-08,RNGC4,3.434
2016-12-09,RNGC1,3.746
2016-12-09,RNGC2,3.741
2016-12-09,RNGC3,3.691
2016-12-09,RNGC4,3.453
2016-12-12,RNGC1,3.507
2016-12-12,RNGC2,3.51
2016-12-12,RNGC3,3.486
2016-12-12,RNGC4,3.359
2016-12-13,RNGC1,3.474
2016-12-13,RNGC2,3.475
2016-12-13,RNGC3,3.456
2016-12-13,RNGC4,3.351
2016-12-14,RNGC1,3.54
2016-12-14,RNGC2,3.558
2016-12-14,RNGC3,3.536
2016-12-14,RNGC4,3.417
2016-12-16,RNGC1,3.415
2016-12-16,RNGC2,3.449
2016-12-16,RNGC3,3.436
2016-12-16,RNGC4,3.355
2016-12-19,RNGC1,3.392
2016-12-19,RNGC2,3.431
2016-12-19,RNGC3,3.423
2016-12-19,RNGC4,3.361
2016-12-20,RNGC1,3.263
2016-12-20,RNGC2,3.297
2016-12-20,RNGC3,3.284
2016-12-20,RNGC4,3.216
2016-12-21,RNGC1,3.542
2016-12-21,RNGC2,3.567
2016-12-21,RNGC3,3.527
2016-12-21,RNGC4,3.407
2016-12-22,RNGC1,3.538
2016-12-22,RNGC2,3.563
2016-12-22,RNGC3,3.533
2016-12-22,RNGC4,3.422
2016-12-23,RNGC1,3.662
2016-12-23,RNGC2,3.678
2016-12-23,RNGC3,3.632
2016-12-23,RNGC4,3.497
2016-12-27,RNGC1,3.761
2016-12-27,RNGC2,3.766
2016-12-27,RNGC3,3.708
2016-12-27,RNGC4,3.561
2016-12-28,RNGC1,3.93
2016-12-28,RNGC2,3.898
2016-12-28,RNGC3,3.825
2016-12-28,RNGC4,3.648
2016-12-29,RNGC1,3.802
2016-12-29,RNGC2,3.754
2016-12-29,RNGC3,3.605
2016-12-29,RNGC4,3.572
2016-12-30,RNGC1,3.724
2016-12-30,RNGC2,3.684
2016-12-30,RNGC3,3.566
2016-12-30,RNGC4,3.543
2017-01-03,RNGC1,3.327
2017-01-03,RNGC2,3.317
2017-01-03,RNGC3,3.281
2017-01-03,RNGC4,3.279
2017-01-04,RNGC1,3.267
2017-01-04,RNGC2,3.249
2017-01-04,RNGC3,3.211
2017-01-04,RNGC4,3.209
2017-01-05,RNGC1,3.273
2017-01-05,RNGC2,3.268
2017-01-05,RNGC3,3.226
2017-01-05,RNGC4,3.222
2017-01-06,RNGC1,3.285
2017-01-06,RNGC2,3.288
2017-01-06,RNGC3,3.256
2017-01-06,RNGC4,3.261
2017-01-09,RNGC1,3.103
2017-01-09,RNGC2,3.113
2017-01-09,RNGC3,3.106
2017-01-09,RNGC4,3.114
2017-01-10,RNGC1,3.278
2017-01-10,RNGC2,3.275
2017-01-10,RNGC3,3.259
2017-01-10,RNGC4,3.258
2017-01-11,RNGC1,3.224
2017-01-11,RNGC2,3.217
2017-01-11,RNGC3,3.212
2017-01-11,RNGC4,3.214
2017-01-12,RNGC1,3.386
2017-01-12,RNGC2,3.367
2017-01-12,RNGC3,3.352
2017-01-12,RNGC4,3.348
2017-01-13,RNGC1,3.419
2017-01-13,RNGC2,3.396
2017-01-13,RNGC3,3.384
2017-01-13,RNGC4,3.381
2017-01-17,RNGC1,3.412
2017-01-17,RNGC2,3.405
2017-01-17,RNGC3,3.41
2017-01-17,RNGC4,3.416
2017-01-18,RNGC1,3.302
2017-01-18,RNGC2,3.294
2017-01-18,RNGC3,3.309
2017-01-18,RNGC4,3.321
2017-01-19,RNGC1,3.368
2017-01-19,RNGC2,3.36
2017-01-19,RNGC3,3.371
2017-01-19,RNGC4,3.385
2017-01-20,RNGC1,3.204
2017-01-20,RNGC2,3.211
2017-01-20,RNGC3,3.226
2017-01-20,RNGC4,3.239
2017-01-23,RNGC1,3.243
2017-01-23,RNGC2,3.257
2017-01-23,RNGC3,3.281
2017-01-23,RNGC4,3.299
2017-01-24,RNGC1,3.279
2017-01-24,RNGC2,3.295
2017-01-24,RNGC3,3.317
2017-01-24,RNGC4,3.336
2017-01-25,RNGC1,3.332
2017-01-25,RNGC2,3.346
2017-01-25,RNGC3,3.366
2017-01-25,RNGC4,3.385
2017-01-26,RNGC1,3.382
2017-01-26,RNGC2,3.397
2017-01-26,RNGC3,3.41
2017-01-26,RNGC4,3.427
2017-01-27,RNGC1,3.391
2017-01-27,RNGC2,3.358
2017-01-27,RNGC3,3.38
2017-01-27,RNGC4,3.403
2017-01-30,RNGC1,3.232
2017-01-30,RNGC2,3.271
2017-01-30,RNGC3,3.305
2017-01-30,RNGC4,3.351
2017-01-31,RNGC1,3.117
2017-01-31,RNGC2,3.165
2017-01-31,RNGC3,3.208
2017-01-31,RNGC4,3.259
2017-02-01,RNGC1,3.168
2017-02-01,RNGC2,3.214
2017-02-01,RNGC3,3.254
2017-02-01,RNGC4,3.298
2017-02-02,RNGC1,3.187
2017-02-02,RNGC2,3.245
2017-02-02,RNGC3,3.29
2017-02-02,RNGC4,3.343
2017-02-03,RNGC1,3.063
2017-02-03,RNGC2,3.116
2017-02-03,RNGC3,3.159
2017-02-03,RNGC4,3.209
2017-02-06,RNGC1,3.05
2017-02-06,RNGC2,3.117
2017-02-06,RNGC3,3.169
2017-02-06,RNGC4,3.224
2017-02-07,RNGC1,3.13
2017-02-07,RNGC2,3.192
2017-02-07,RNGC3,3.246
2017-02-07,RNGC4,3.299
2017-02-08,RNGC1,3.126
2017-02-08,RNGC2,3.196
2017-02-08,RNGC3,3.255
2017-02-08,RNGC4,3.311
2017-02-09,RNGC1,3.141
2017-02-09,RNGC2,3.209
2017-02-09,RNGC3,3.272
2017-02-09,RNGC4,3.33
2017-02-10,RNGC1,3.034
2017-02-10,RNGC2,3.117
2017-02-10,RNGC3,3.189
2017-02-10,RNGC4,3.254
2017-02-13,RNGC1,2.944
2017-02-13,RNGC2,3.032
2017-02-13,RNGC3,3.108
2017-02-13,RNGC4,3.175
2017-02-14,RNGC1,2.905
2017-02-14,RNGC2,3.005
2017-02-14,RNGC3,3.084
2017-02-14,RNGC4,3.153
2017-02-15,RNGC1,2.925
2017-02-15,RNGC2,3.037
2017-02-15,RNGC3,3.113
2017-02-15,RNGC4,3.177
2017-02-16,RNGC1,2.854
2017-02-16,RNGC2,2.971
2017-02-16,RNGC3,3.042
2017-02-16,RNGC4,3.107
2017-02-17,RNGC1,2.834
2017-02-17,RNGC2,2.951
2017-02-17,RNGC3,3.02
2017-02-17,RNGC4,3.082
2017-02-21,RNGC1,2.564
2017-02-21,RNGC2,2.691
2017-02-21,RNGC3,2.785
2017-02-21,RNGC4,2.868
2017-02-22,RNGC1,2.592
2017-02-22,RNGC2,2.701
2017-02-22,RNGC3,2.78
2017-02-22,RNGC4,2.858
2017-02-23,RNGC1,2.617
2017-02-23,RNGC2,2.749
2017-02-23,RNGC3,2.822
2017-02-23,RNGC4,2.894
2017-02-24,RNGC1,2.627
2017-02-24,RNGC2,2.787
2017-02-24,RNGC3,2.868
2017-02-24,RNGC4,2.94
2017-02-27,RNGC1,2.693
2017-02-27,RNGC2,2.779
2017-02-27,RNGC3,2.857
2017-02-27,RNGC4,2.926
2017-02-28,RNGC1,2.774
2017-02-28,RNGC2,2.87
2017-02-28,RNGC3,2.953
2017-02-28,RNGC4,3.027
2017-03-01,RNGC1,2.799
2017-03-01,RNGC2,2.909
2017-03-01,RNGC3,2.999
2017-03-01,RNGC4,3.08
2017-03-02,RNGC1,2.804
2017-03-02,RNGC2,2.914
2017-03-02,RNGC3,3.009
2017-03-02,RNGC4,3.094
2017-03-03,RNGC1,2.827
2017-03-03,RNGC2,2.939
2017-03-03,RNGC3,3.028
2017-03-03,RNGC4,3.105
2017-03-06,RNGC1,2.901
2017-03-06,RNGC2,2.984
2017-03-06,RNGC3,3.056
2017-03-06,RNGC4,3.119
2017-03-07,RNGC1,2.824
2017-03-07,RNGC2,2.921
2017-03-07,RNGC3,3.008
2017-03-07,RNGC4,3.081
2017-03-08,RNGC1,2.901
2017-03-08,RNGC2,2.981
2017-03-08,RNGC3,3.058
2017-03-08,RNGC4,3.122
2017-03-09,RNGC1,2.974
2017-03-09,RNGC2,3.046
2017-03-09,RNGC3,3.118
2017-03-09,RNGC4,3.182
2017-03-10,RNGC1,3.008
2017-03-10,RNGC2,3.074
2017-03-10,RNGC3,3.142
2017-03-10,RNGC4,3.204
2017-03-13,RNGC1,3.043
2017-03-13,RNGC2,3.107
2017-03-13,RNGC3,3.171
2017-03-13,RNGC4,3.231
2017-03-14,RNGC1,2.938
2017-03-14,RNGC2,2.993
2017-03-14,RNGC3,3.06
2017-03-14,RNGC4,3.121
2017-03-15,RNGC1,2.981
2017-03-15,RNGC2,3.04
2017-03-15,RNGC3,3.1
2017-03-15,RNGC4,3.16
2017-03-16,RNGC1,2.902
2017-03-16,RNGC2,2.967
2017-03-16,RNGC3,3.037
2017-03-16,RNGC4,3.104
2017-03-17,RNGC1,2.948
2017-03-17,RNGC2,3.004
2017-03-17,RNGC3,3.072
2017-03-17,RNGC4,3.138
2017-03-20,RNGC1,3.041
2017-03-20,RNGC2,3.098
2017-03-20,RNGC3,3.164
2017-03-20,RNGC4,3.226
2017-03-21,RNGC1,3.093
2017-03-21,RNGC2,3.155
2017-03-21,RNGC3,3.219
2017-03-21,RNGC4,3.277
2017-03-22,RNGC1,3.011
2017-03-22,RNGC2,3.073
2017-03-22,RNGC3,3.145
2017-03-22,RNGC4,3.21
2017-03-23,RNGC1,3.051
2017-03-23,RNGC2,3.131
2017-03-23,RNGC3,3.206
2017-03-23,RNGC4,3.272
2017-03-24,RNGC1,3.076
2017-03-24,RNGC2,3.153
2017-03-24,RNGC3,3.228
2017-03-24,RNGC4,3.297
2017-03-27,RNGC1,3.052
2017-03-27,RNGC2,3.131
2017-03-27,RNGC3,3.207
2017-03-27,RNGC4,3.274
2017-03-28,RNGC1,3.096
2017-03-28,RNGC2,3.177
2017-03-28,RNGC3,3.251
2017-03-28,RNGC4,3.317
2017-03-29,RNGC1,3.175
2017-03-29,RNGC2,3.231
2017-03-29,RNGC3,3.299
2017-03-29,RNGC4,3.361
2017-03-30,RNGC1,3.191
2017-03-30,RNGC2,3.257
2017-03-30,RNGC3,3.317
2017-03-30,RNGC4,3.336
2017-03-31,RNGC1,3.19
2017-03-31,RNGC2,3.254
2017-03-31,RNGC3,3.316
2017-03-31,RNGC4,3.333
2017-04-03,RNGC1,3.128
2017-04-03,RNGC2,3.204
2017-04-03,RNGC3,3.273
2017-04-03,RNGC4,3.298
2017-04-04,RNGC1,3.293
2017-04-04,RNGC2,3.365
2017-04-04,RNGC3,3.43
2017-04-04,RNGC4,3.451
2017-04-05,RNGC1,3.266
2017-04-05,RNGC2,3.344
2017-04-05,RNGC3,3.416
2017-04-05,RNGC4,3.44
2017-04-06,RNGC1,3.331
2017-04-06,RNGC2,3.401
2017-04-06,RNGC3,3.47
2017-04-06,RNGC4,3.491
2017-04-07,RNGC1,3.261
2017-04-07,RNGC2,3.331
2017-04-07,RNGC3,3.402
2017-04-07,RNGC4,3.425
2017-04-10,RNGC1,3.238
2017-04-10,RNGC2,3.309
2017-04-10,RNGC3,3.38
2017-04-10,RNGC4,3.406
2017-04-11,RNGC1,3.15
2017-04-11,RNGC2,3.224
2017-04-11,RNGC3,3.296
2017-04-11,RNGC4,3.325
2017-04-12,RNGC1,3.187
2017-04-12,RNGC2,3.262
2017-04-12,RNGC3,3.332
2017-04-12,RNGC4,3.362
2017-04-13,RNGC1,3.227
2017-04-13,RNGC2,3.307
2017-04-13,RNGC3,3.376
2017-04-13,RNGC4,3.406
2017-04-17,RNGC1,3.163
2017-04-17,RNGC2,3.251
2017-04-17,RNGC3,3.327
2017-04-17,RNGC4,3.359
2017-04-18,RNGC1,3.145
2017-04-18,RNGC2,3.236
2017-04-18,RNGC3,3.314
2017-04-18,RNGC4,3.347
2017-04-19,RNGC1,3.185
2017-04-19,RNGC2,3.276
2017-04-19,RNGC3,3.353
2017-04-19,RNGC4,3.38
2017-04-20,RNGC1,3.159
2017-04-20,RNGC2,3.25
2017-04-20,RNGC3,3.329
2017-04-20,RNGC4,3.358
2017-04-21,RNGC1,3.101
2017-04-21,RNGC2,3.192
2017-04-21,RNGC3,3.27
2017-04-21,RNGC4,3.3
2017-04-24,RNGC1,3.066
2017-04-24,RNGC2,3.16
2017-04-24,RNGC3,3.243
2017-04-24,RNGC4,3.274
2017-04-25,RNGC1,3.043
2017-04-25,RNGC2,3.165
2017-04-25,RNGC3,3.25
2017-04-25,RNGC4,3.282
2017-04-26,RNGC1,3.142
2017-04-26,RNGC2,3.271
2017-04-26,RNGC3,3.35
2017-04-26,RNGC4,3.381
2017-04-27,RNGC1,3.239
2017-04-27,RNGC2,3.32
2017-04-27,RNGC3,3.351
2017-04-27,RNGC4,3.338
2017-04-28,RNGC1,3.276
2017-04-28,RNGC2,3.353
2017-04-28,RNGC3,3.38
2017-04-28,RNGC4,3.364
2017-05-01,RNGC1,3.215
2017-05-01,RNGC2,3.293
2017-05-01,RNGC3,3.317
2017-05-01,RNGC4,3.299
2017-05-02,RNGC1,3.195
2017-05-02,RNGC2,3.274
2017-05-02,RNGC3,3.302
2017-05-02,RNGC4,3.286
2017-05-03,RNGC1,3.228
2017-05-03,RNGC2,3.309
2017-05-03,RNGC3,3.337
2017-05-03,RNGC4,3.321
2017-05-04,RNGC1,3.186
2017-05-04,RNGC2,3.271
2017-05-04,RNGC3,3.305
2017-05-04,RNGC4,3.293
2017-05-05,RNGC1,3.266
2017-05-05,RNGC2,3.35
2017-05-05,RNGC3,3.382
2017-05-05,RNGC4,3.369
2017-05-08,RNGC1,3.172
2017-05-08,RNGC2,3.257
2017-05-08,RNGC3,3.291
2017-05-08,RNGC4,3.279
2017-05-09,RNGC1,3.227
2017-05-09,RNGC2,3.315
2017-05-09,RNGC3,3.349
2017-05-09,RNGC4,3.333
2017-05-10,RNGC1,3.292
2017-05-10,RNGC2,3.38
2017-05-10,RNGC3,3.412
2017-05-10,RNGC4,3.394
2017-05-11,RNGC1,3.376
2017-05-11,RNGC2,3.461
2017-05-11,RNGC3,3.49
2017-05-11,RNGC4,3.467
2017-05-12,RNGC1,3.424
2017-05-12,RNGC2,3.498
2017-05-12,RNGC3,3.521
2017-05-12,RNGC4,3.498
2017-05-15,RNGC1,3.349
2017-05-15,RNGC2,3.429
2017-05-15,RNGC3,3.456
2017-05-15,RNGC4,3.433
2017-05-16,RNGC1,3.23
2017-05-16,RNGC2,3.315
2017-05-16,RNGC3,3.349
2017-05-16,RNGC4,3.332
2017-05-17,RNGC1,3.192
2017-05-17,RNGC2,3.283
2017-05-17,RNGC3,3.32
2017-05-17,RNGC4,3.306
2017-05-18,RNGC1,3.182
2017-05-18,RNGC2,3.28
2017-05-18,RNGC3,3.32
2017-05-18,RNGC4,3.307
2017-05-19,RNGC1,3.256
2017-05-19,RNGC2,3.353
2017-05-19,RNGC3,3.39
2017-05-19,RNGC4,3.372
2017-05-22,RNGC1,3.33
2017-05-22,RNGC2,3.424
2017-05-22,RNGC3,3.459
2017-05-22,RNGC4,3.436
2017-05-23,RNGC1,3.219
2017-05-23,RNGC2,3.312
2017-05-23,RNGC3,3.352
2017-05-23,RNGC4,3.333
2017-05-24,RNGC1,3.209
2017-05-24,RNGC2,3.3
2017-05-24,RNGC3,3.342
2017-05-24,RNGC4,3.322
2017-05-25,RNGC1,3.184
2017-05-25,RNGC2,3.275
2017-05-25,RNGC3,3.317
2017-05-25,RNGC4,3.299
2017-05-26,RNGC1,3.236
2017-05-26,RNGC2,3.31
2017-05-26,RNGC3,3.345
2017-05-26,RNGC4,3.324
2017-05-30,RNGC1,3.145
2017-05-30,RNGC2,3.181
2017-05-30,RNGC3,3.167
2017-05-30,RNGC4,3.191
2017-05-31,RNGC1,3.071
2017-05-31,RNGC2,3.109
2017-05-31,RNGC3,3.095
2017-05-31,RNGC4,3.12
2017-06-01,RNGC1,3.008
2017-06-01,RNGC2,3.047
2017-06-01,RNGC3,3.034
2017-06-01,RNGC4,3.057
2017-06-02,RNGC1,2.999
2017-06-02,RNGC2,3.041
2017-06-02,RNGC3,3.03
2017-06-02,RNGC4,3.053
2017-06-05,RNGC1,2.982
2017-06-05,RNGC2,3.024
2017-06-05,RNGC3,3.014
2017-06-05,RNGC4,3.036
2017-06-06,RNGC1,3.042
2017-06-06,RNGC2,3.076
2017-06-06,RNGC3,3.062
2017-06-06,RNGC4,3.082
2017-06-07,RNGC1,3.02
2017-06-07,RNGC2,3.054
2017-06-07,RNGC3,3.045
2017-06-07,RNGC4,3.071
2017-06-08,RNGC1,3.028
2017-06-08,RNGC2,3.062
2017-06-08,RNGC3,3.053
2017-06-08,RNGC4,3.079
2017-06-09,RNGC1,3.039
2017-06-09,RNGC2,3.071
2017-06-09,RNGC3,3.056
2017-06-09,RNGC4,3.082
2017-06-12,RNGC1,3.024
2017-06-12,RNGC2,3.054
2017-06-12,RNGC3,3.038
2017-06-12,RNGC4,3.065
2017-06-13,RNGC1,2.966
2017-06-13,RNGC2,2.989
2017-06-13,RNGC3,2.972
2017-06-13,RNGC4,3.0
2017-06-14,RNGC1,2.933
2017-06-14,RNGC2,2.953
2017-06-14,RNGC3,2.937
2017-06-14,RNGC4,2.962
2017-06-15,RNGC1,3.056
2017-06-15,RNGC2,3.078
2017-06-15,RNGC3,3.064
2017-06-15,RNGC4,3.086
2017-06-16,RNGC1,3.037
2017-06-16,RNGC2,3.06
2017-06-16,RNGC3,3.047
2017-06-16,RNGC4,3.07
2017-06-19,RNGC1,2.894
2017-06-19,RNGC2,2.917
2017-06-19,RNGC3,2.91
2017-06-19,RNGC4,2.935
2017-06-20,RNGC1,2.907
2017-06-20,RNGC2,2.93
2017-06-20,RNGC3,2.928
2017-06-20,RNGC4,2.955
2017-06-21,RNGC1,2.893
2017-06-21,RNGC2,2.915
2017-06-21,RNGC3,2.914
2017-06-21,RNGC4,2.945
2017-06-22,RNGC1,2.894
2017-06-22,RNGC2,2.915
2017-06-22,RNGC3,2.913
2017-06-22,RNGC4,2.945
2017-06-23,RNGC1,2.929
2017-06-23,RNGC2,2.951
2017-06-23,RNGC3,2.949
2017-06-23,RNGC4,2.98
2017-06-26,RNGC1,3.027
2017-06-26,RNGC2,3.049
2017-06-26,RNGC3,3.043
2017-06-26,RNGC4,3.071
2017-06-27,RNGC1,3.037
2017-06-27,RNGC2,3.064
2017-06-27,RNGC3,3.059
2017-06-27,RNGC4,3.088
2017-06-28,RNGC1,3.067
2017-06-28,RNGC2,3.094
2017-06-28,RNGC3,3.087
2017-06-28,RNGC4,3.115
2017-06-29,RNGC1,3.042
2017-06-29,RNGC2,3.037
2017-06-29,RNGC3,3.065
2017-06-29,RNGC4,3.125
2017-06-30,RNGC1,3.035
2017-06-30,RNGC2,3.031
2017-06-30,RNGC3,3.058
2017-06-30,RNGC4,3.118
2017-07-03,RNGC1,2.951
2017-07-03,RNGC2,2.953
2017-07-03,RNGC3,2.984
2017-07-03,RNGC4,3.048
2017-07-05,RNGC1,2.84
2017-07-05,RNGC2,2.837
2017-07-05,RNGC3,2.865
2017-07-05,RNGC4,2.928
2017-07-06,RNGC1,2.888
2017-07-06,RNGC2,2.881
2017-07-06,RNGC3,2.908
2017-07-06,RNGC4,2.967
2017-07-07,RNGC1,2.864
2017-07-07,RNGC2,2.857
2017-07-07,RNGC3,2.886
2017-07-07,RNGC4,2.947
2017-07-10,RNGC1,2.929
2017-07-10,RNGC2,2.924
2017-07-10,RNGC3,2.955
2017-07-10,RNGC4,3.022
2017-07-11,RNGC1,3.047
2017-07-11,RNGC2,3.038
2017-07-11,RNGC3,3.066
2017-07-11,RNGC4,3.132
2017-07-12,RNGC1,2.985
2017-07-12,RNGC2,2.975
2017-07-12,RNGC3,3.006
2017-07-12,RNGC4,3.077
2017-07-13,RNGC1,2.961
2017-07-13,RNGC2,2.948
2017-07-13,RNGC3,2.981
2017-07-13,RNGC4,3.054
2017-07-14,RNGC1,2.98
2017-07-14,RNGC2,2.971
2017-07-14,RNGC3,3.004
2017-07-14,RNGC4,3.08
2017-07-17,RNGC1,3.02
2017-07-17,RNGC2,3.007
2017-07-17,RNGC3,3.04
2017-07-17,RNGC4,3.112
2017-07-18,RNGC1,3.088
2017-07-18,RNGC2,3.073
2017-07-18,RNGC3,3.104
2017-07-18,RNGC4,3.172
2017-07-19,RNGC1,3.066
2017-07-19,RNGC2,3.055
2017-07-19,RNGC3,3.088
2017-07-19,RNGC4,3.159
2017-07-20,RNGC1,3.043
2017-07-20,RNGC2,3.033
2017-07-20,RNGC3,3.066
2017-07-20,RNGC4,3.134
2017-07-21,RNGC1,2.97
2017-07-21,RNGC2,2.961
2017-07-21,RNGC3,2.998
2017-07-21,RNGC4,3.071
2017-07-24,RNGC1,2.899
2017-07-24,RNGC2,2.882
2017-07-24,RNGC3,2.917
2017-07-24,RNGC4,2.998
2017-07-25,RNGC1,2.944
2017-07-25,RNGC2,2.931
2017-07-25,RNGC3,2.963
2017-07-25,RNGC4,3.04
2017-07-26,RNGC1,2.924
2017-07-26,RNGC2,2.914
2017-07-26,RNGC3,2.952
2017-07-26,RNGC4,3.032
2017-07-27,RNGC1,2.969
2017-07-27,RNGC2,2.967
2017-07-27,RNGC3,3.003
2017-07-27,RNGC4,3.082
2017-07-28,RNGC1,2.941
2017-07-28,RNGC2,2.981
2017-07-28,RNGC3,3.063
2017-07-28,RNGC4,3.213
2017-07-31,RNGC1,2.794
2017-07-31,RNGC2,2.834
2017-07-31,RNGC3,2.92
2017-07-31,RNGC4,3.079
2017-08-01,RNGC1,2.819
2017-08-01,RNGC2,2.855
2017-08-01,RNGC3,2.936
2017-08-01,RNGC4,3.093
2017-08-02,RNGC1,2.811
2017-08-02,RNGC2,2.851
2017-08-02,RNGC3,2.936
2017-08-02,RNGC4,3.094
2017-08-03,RNGC1,2.8
2017-08-03,RNGC2,2.844
2017-08-03,RNGC3,2.933
2017-08-03,RNGC4,3.092
2017-08-04,RNGC1,2.774
2017-08-04,RNGC2,2.817
2017-08-04,RNGC3,2.906
2017-08-04,RNGC4,3.065
2017-08-07,RNGC1,2.801
2017-08-07,RNGC2,2.84
2017-08-07,RNGC3,2.926
2017-08-07,RNGC4,3.079
2017-08-08,RNGC1,2.822
2017-08-08,RNGC2,2.86
2017-08-08,RNGC3,2.941
2017-08-08,RNGC4,3.089
2017-08-09,RNGC1,2.883
2017-08-09,RNGC2,2.92
2017-08-09,RNGC3,2.993
2017-08-09,RNGC4,3.137
2017-08-10,RNGC1,2.985
2017-08-10,RNGC2,3.017
2017-08-10,RNGC3,3.076
2017-08-10,RNGC4,3.209
2017-08-11,RNGC1,2.983
2017-08-11,RNGC2,3.009
2017-08-11,RNGC3,3.068
2017-08-11,RNGC4,3.205
2017-08-14,RNGC1,2.959
2017-08-14,RNGC2,2.989
2017-08-14,RNGC3,3.059
2017-08-14,RNGC4,3.197
2017-08-15,RNGC1,2.935
2017-08-15,RNGC2,2.965
2017-08-15,RNGC3,3.04
2017-08-15,RNGC4,3.179
2017-08-16,RNGC1,2.89
2017-08-16,RNGC2,2.925
2017-08-16,RNGC3,3.005
2017-08-16,RNGC4,3.148
2017-08-17,RNGC1,2.929
2017-08-17,RNGC2,2.966
2017-08-17,RNGC3,3.045
2017-08-17,RNGC4,3.186
2017-08-18,RNGC1,2.893
2017-08-18,RNGC2,2.93
2017-08-18,RNGC3,3.008
2017-08-18,RNGC4,3.153
2017-08-21,RNGC1,2.962
2017-08-21,RNGC2,2.992
2017-08-21,RNGC3,3.06
2017-08-21,RNGC4,3.198
2017-08-22,RNGC1,2.939
2017-08-22,RNGC2,2.968
2017-08-22,RNGC3,3.037
2017-08-22,RNGC4,3.177
2017-08-23,RNGC1,2.928
2017-08-23,RNGC2,2.96
2017-08-23,RNGC3,3.033
2017-08-23,RNGC4,3.176
2017-08-24,RNGC1,2.949
2017-08-24,RNGC2,2.982
2017-08-24,RNGC3,3.053
2017-08-24,RNGC4,3.193
2017-08-25,RNGC1,2.892
2017-08-25,RNGC2,2.924
2017-08-25,RNGC3,2.997
2017-08-25,RNGC4,3.14
2017-08-28,RNGC1,2.925
2017-08-28,RNGC2,2.961
2017-08-28,RNGC3,3.03
2017-08-28,RNGC4,3.171
2017-08-29,RNGC1,2.961
2017-08-29,RNGC2,2.983
2017-08-29,RNGC3,3.053
2017-08-29,RNGC4,3.193
2017-08-30,RNGC1,2.939
2017-08-30,RNGC2,3.014
2017-08-30,RNGC3,3.155
2017-08-30,RNGC4,3.252
2017-08-31,RNGC1,3.04
2017-08-31,RNGC2,3.102
2017-08-31,RNGC3,3.232
2017-08-31,RNGC4,3.326
2017-09-01,RNGC1,3.07
2017-09-01,RNGC2,3.136
2017-09-01,RNGC3,3.27
2017-09-01,RNGC4,3.366
2017-09-05,RNGC1,2.972
2017-09-05,RNGC2,3.044
2017-09-05,RNGC3,3.189
2017-09-05,RNGC4,3.287
2017-09-06,RNGC1,3.0
2017-09-06,RNGC2,3.069
2017-09-06,RNGC3,3.216
2017-09-06,RNGC4,3.315
2017-09-07,RNGC1,2.981
2017-09-07,RNGC2,3.053
2017-09-07,RNGC3,3.203
2017-09-07,RNGC4,3.304
2017-09-08,RNGC1,2.89
2017-09-08,RNGC2,2.965
2017-09-08,RNGC3,3.123
2017-09-08,RNGC4,3.23
2017-09-11,RNGC1,2.95
2017-09-11,RNGC2,3.019
2017-09-11,RNGC3,3.178
2017-09-11,RNGC4,3.289
2017-09-12,RNGC1,3.001
2017-09-12,RNGC2,3.067
2017-09-12,RNGC3,3.221
2017-09-12,RNGC4,3.329
2017-09-13,RNGC1,3.058
2017-09-13,RNGC2,3.118
2017-09-13,RNGC3,3.266
2017-09-13,RNGC4,3.369
2017-09-14,RNGC1,3.07
2017-09-14,RNGC2,3.127
2017-09-14,RNGC3,3.271
2017-09-14,RNGC4,3.371
2017-09-15,RNGC1,3.024
2017-09-15,RNGC2,3.085
2017-09-15,RNGC3,3.236
2017-09-15,RNGC4,3.34
2017-09-18,RNGC1,3.146
2017-09-18,RNGC2,3.195
2017-09-18,RNGC3,3.337
2017-09-18,RNGC4,3.436
2017-09-19,RNGC1,3.122
2017-09-19,RNGC2,3.175
2017-09-19,RNGC3,3.319
2017-09-19,RNGC4,3.419
2017-09-20,RNGC1,3.094
2017-09-20,RNGC2,3.149
2017-09-20,RNGC3,3.291
2017-09-20,RNGC4,3.392
2017-09-21,RNGC1,2.946
2017-09-21,RNGC2,3.007
2017-09-21,RNGC3,3.163
2017-09-21,RNGC4,3.27
2017-09-22,RNGC1,2.959
2017-09-22,RNGC2,3.021
2017-09-22,RNGC3,3.18
2017-09-22,RNGC4,3.289
2017-09-25,RNGC1,2.919
2017-09-25,RNGC2,2.988
2017-09-25,RNGC3,3.151
2017-09-25,RNGC4,3.264
2017-09-26,RNGC1,2.918
2017-09-26,RNGC2,3.0
2017-09-26,RNGC3,3.159
2017-09-26,RNGC4,3.271
2017-09-27,RNGC1,2.974
2017-09-27,RNGC2,3.061
2017-09-27,RNGC3,3.218
2017-09-27,RNGC4,3.329
2017-09-28,RNGC1,3.017
2017-09-28,RNGC2,3.184
2017-09-28,RNGC3,3.298
2017-09-28,RNGC4,3.304
2017-09-29,RNGC1,3.007
2017-09-29,RNGC2,3.181
2017-09-29,RNGC3,3.295
2017-09-29,RNGC4,3.299
2017-10-02,RNGC1,2.916
2017-10-02,RNGC2,3.106
2017-10-02,RNGC3,3.234
2017-10-02,RNGC4,3.24
2017-10-03,RNGC1,2.895
2017-10-03,RNGC2,3.085
2017-10-03,RNGC3,3.217
2017-10-03,RNGC4,3.222
2017-10-04,RNGC1,2.94
2017-10-04,RNGC2,3.122
2017-10-04,RNGC3,3.247
2017-10-04,RNGC4,3.248
2017-10-05,RNGC1,2.923
2017-10-05,RNGC2,3.103
2017-10-05,RNGC3,3.23
2017-10-05,RNGC4,3.235
2017-10-06,RNGC1,2.863
2017-10-06,RNGC2,3.046
2017-10-06,RNGC3,3.17
2017-10-06,RNGC4,3.179
2017-10-10,RNGC1,2.891
2017-10-10,RNGC2,3.071
2017-10-10,RNGC3,3.189
2017-10-10,RNGC4,3.2
2017-10-11,RNGC1,2.889
2017-10-11,RNGC2,3.066
2017-10-11,RNGC3,3.181
2017-10-11,RNGC4,3.191
2017-10-12,RNGC1,2.989
2017-10-12,RNGC2,3.144
2017-10-12,RNGC3,3.251
2017-10-12,RNGC4,3.259
2017-10-13,RNGC1,3.0
2017-10-13,RNGC2,3.16
2017-10-13,RNGC3,3.271
2017-10-13,RNGC4,3.279
2017-10-16,RNGC1,2.946
2017-10-16,RNGC2,3.108
2017-10-16,RNGC3,3.227
2017-10-16,RNGC4,3.237
2017-10-17,RNGC1,2.962
2017-10-17,RNGC2,3.128
2017-10-17,RNGC3,3.248
2017-10-17,RNGC4,3.257
2017-10-18,RNGC1,2.854
2017-10-18,RNGC2,3.065
2017-10-18,RNGC3,3.194
2017-10-18,RNGC4,3.203
2017-10-19,RNGC1,2.873
2017-10-19,RNGC2,3.086
2017-10-19,RNGC3,3.218
2017-10-19,RNGC4,3.227
2017-10-20,RNGC1,2.915
2017-10-20,RNGC2,3.113
2017-10-20,RNGC3,3.241
2017-10-20,RNGC4,3.249
2017-10-23,RNGC1,2.991
2017-10-23,RNGC2,3.156
2017-10-23,RNGC3,3.28
2017-10-23,RNGC4,3.284
2017-10-24,RNGC1,2.974
2017-10-24,RNGC2,3.135
2017-10-24,RNGC3,3.257
2017-10-24,RNGC4,3.26
2017-10-25,RNGC1,2.919
2017-10-25,RNGC2,3.082
2017-10-25,RNGC3,3.203
2017-10-25,RNGC4,3.205
2017-10-26,RNGC1,2.89
2017-10-26,RNGC2,3.051
2017-10-26,RNGC3,3.175
2017-10-26,RNGC4,3.178
2017-10-27,RNGC1,2.752
2017-10-27,RNGC2,2.964
2017-10-27,RNGC3,3.102
2017-10-27,RNGC4,3.107
2017-10-30,RNGC1,2.966
2017-10-30,RNGC2,3.1
2017-10-30,RNGC3,3.103
2017-10-30,RNGC4,3.066
2017-10-31,RNGC1,2.896
2017-10-31,RNGC2,3.026
2017-10-31,RNGC3,3.03
2017-10-31,RNGC4,3.0
2017-11-01,RNGC1,2.893
2017-11-01,RNGC2,3.017
2017-11-01,RNGC3,3.024
2017-11-01,RNGC4,2.992
2017-11-02,RNGC1,2.935
2017-11-02,RNGC2,3.051
2017-11-02,RNGC3,3.058
2017-11-02,RNGC4,3.025
2017-11-03,RNGC1,2.984
2017-11-03,RNGC2,3.097
2017-11-03,RNGC3,3.102
2017-11-03,RNGC4,3.068
2017-11-06,RNGC1,3.134
2017-11-06,RNGC2,3.232
2017-11-06,RNGC3,3.231
2017-11-06,RNGC4,3.189
2017-11-07,RNGC1,3.152
2017-11-07,RNGC2,3.251
2017-11-07,RNGC3,3.252
2017-11-07,RNGC4,3.212
2017-11-08,RNGC1,3.175
2017-11-08,RNGC2,3.272
2017-11-08,RNGC3,3.275
2017-11-08,RNGC4,3.231
2017-11-09,RNGC1,3.2
2017-11-09,RNGC2,3.297
2017-11-09,RNGC3,3.298
2017-11-09,RNGC4,3.253
2017-11-13,RNGC1,3.167
2017-11-13,RNGC2,3.262
2017-11-13,RNGC3,3.265
2017-11-13,RNGC4,3.222
2017-11-14,RNGC1,3.102
2017-11-14,RNGC2,3.203
2017-11-14,RNGC3,3.205
2017-11-14,RNGC4,3.165
2017-11-15,RNGC1,3.08
2017-11-15,RNGC2,3.179
2017-11-15,RNGC3,3.18
2017-11-15,RNGC4,3.14
2017-11-16,RNGC1,3.053
2017-11-16,RNGC2,3.153
2017-11-16,RNGC3,3.155
2017-11-16,RNGC4,3.121
2017-11-17,RNGC1,3.097
2017-11-17,RNGC2,3.191
2017-11-17,RNGC3,3.19
2017-11-17,RNGC4,3.152
2017-11-20,RNGC1,3.047
2017-11-20,RNGC2,3.14
2017-11-20,RNGC3,3.141
2017-11-20,RNGC4,3.107
2017-11-21,RNGC1,3.017
2017-11-21,RNGC2,3.11
2017-11-21,RNGC3,3.11
2017-11-21,RNGC4,3.078
2017-11-22,RNGC1,2.968
2017-11-22,RNGC2,3.059
2017-11-22,RNGC3,3.064
2017-11-22,RNGC4,3.034
2017-11-27,RNGC1,2.928
2017-11-27,RNGC2,3.017
2017-11-27,RNGC3,3.023
2017-11-27,RNGC4,2.99
2017-11-28,RNGC1,3.074
2017-11-28,RNGC2,3.128
2017-11-28,RNGC3,3.131
2017-11-28,RNGC4,3.092
2017-11-29,RNGC1,3.179
2017-11-29,RNGC2,3.179
2017-11-29,RNGC3,3.137
2017-11-29,RNGC4,2.945
2017-11-30,RNGC1,3.025
2017-11-30,RNGC2,3.032
2017-11-30,RNGC3,2.999
2017-11-30,RNGC4,2.867
2017-12-01,RNGC1,3.061
2017-12-01,RNGC2,3.063
2017-12-01,RNGC3,3.025
2017-12-01,RNGC4,2.878
2017-12-04,RNGC1,2.985
2017-12-04,RNGC2,2.988
2017-12-04,RNGC3,2.955
2017-12-04,RNGC4,2.834
2017-12-05,RNGC1,2.914
2017-12-05,RNGC2,2.92
2017-12-05,RNGC3,2.894
2017-12-05,RNGC4,2.797
2017-12-06,RNGC1,2.922
2017-12-06,RNGC2,2.924
2017-12-06,RNGC3,2.898
2017-12-06,RNGC4,2.804
2017-12-07,RNGC1,2.763
2017-12-07,RNGC2,2.782
2017-12-07,RNGC3,2.761
2017-12-07,RNGC4,2.705
2017-12-08,RNGC1,2.772
2017-12-08,RNGC2,2.792
2017-12-08,RNGC3,2.767
2017-12-08,RNGC4,2.698
2017-12-11,RNGC1,2.828
2017-12-11,RNGC2,2.847
2017-12-11,RNGC3,2.816
2017-12-11,RNGC4,2.722
2017-12-12,RNGC1,2.678
2017-12-12,RNGC2,2.694
2017-12-12,RNGC3,2.67
2017-12-12,RNGC4,2.614
2017-12-13,RNGC1,2.715
2017-12-13,RNGC2,2.732
2017-12-13,RNGC3,2.704
2017-12-13,RNGC4,2.631
2017-12-14,RNGC1,2.684
2017-12-14,RNGC2,2.704
2017-12-14,RNGC3,2.678
2017-12-14,RNGC4,2.622
2017-12-15,RNGC1,2.612
2017-12-15,RNGC2,2.635
2017-12-15,RNGC3,2.61
2017-12-15,RNGC4,2.563
2017-12-18,RNGC1,2.745
2017-12-18,RNGC2,2.755
2017-12-18,RNGC3,2.72
2017-12-18,RNGC4,2.634
2017-12-19,RNGC1,2.692
2017-12-19,RNGC2,2.697
2017-12-19,RNGC3,2.665
2017-12-19,RNGC4,2.601
2017-12-20,RNGC1,2.637
2017-12-20,RNGC2,2.636
2017-12-20,RNGC3,2.604
2017-12-20,RNGC4,2.544
2017-12-21,RNGC1,2.598
2017-12-21,RNGC2,2.592
2017-12-21,RNGC3,2.559
2017-12-21,RNGC4,2.51
2017-12-22,RNGC1,2.667
2017-12-22,RNGC2,2.658
2017-12-22,RNGC3,2.622
2017-12-22,RNGC4,2.56
2017-12-26,RNGC1,2.643
2017-12-26,RNGC2,2.654
2017-12-26,RNGC3,2.631
2017-12-26,RNGC4,2.578
2017-12-27,RNGC1,2.738
2017-12-27,RNGC2,2.732
2017-12-27,RNGC3,2.699
2017-12-27,RNGC4,2.635
2017-12-28,RNGC1,2.914
2017-12-28,RNGC2,2.878
2017-12-28,RNGC3,2.722
2017-12-28,RNGC4,2.716
2017-12-29,RNGC1,2.953
2017-12-29,RNGC2,2.906
2017-12-29,RNGC3,2.749
2017-12-29,RNGC4,2.741
2018-01-01,RNGC1,2.953
2018-01-01,RNGC2,2.906
2018-01-01,RNGC3,2.749
2018-01-01,RNGC4,2.741
2018-01-02,RNGC1,3.056
2018-01-02,RNGC2,2.973
2018-01-02,RNGC3,2.793
2018-01-02,RNGC4,2.777
2018-01-03,RNGC1,3.008
2018-01-03,RNGC2,2.931
2018-01-03,RNGC3,2.777
2018-01-03,RNGC4,2.764
2018-01-04,RNGC1,2.88
2018-01-04,RNGC2,2.813
2018-01-04,RNGC3,2.696
2018-01-04,RNGC4,2.692
2018-01-05,RNGC1,2.795
2018-01-05,RNGC2,2.745
2018-01-05,RNGC3,2.65
2018-01-05,RNGC4,2.655
2018-01-08,RNGC1,2.835
2018-01-08,RNGC2,2.772
2018-01-08,RNGC3,2.676
2018-01-08,RNGC4,2.68
2018-01-09,RNGC1,2.923
2018-01-09,RNGC2,2.852
2018-01-09,RNGC3,2.724
2018-01-09,RNGC4,2.723
2018-01-10,RNGC1,2.906
2018-01-10,RNGC2,2.822
2018-01-10,RNGC3,2.709
2018-01-10,RNGC4,2.711
2018-01-11,RNGC1,3.084
2018-01-11,RNGC2,2.925
2018-01-11,RNGC3,2.77
2018-01-11,RNGC4,2.759
2018-01-12,RNGC1,3.2
2018-01-12,RNGC2,2.993
2018-01-12,RNGC3,2.789
2018-01-12,RNGC4,2.773
2018-01-15,RNGC1,3.2
2018-01-15,RNGC2,2.993
2018-01-15,RNGC3,2.789
2018-01-15,RNGC4,2.773
2018-01-16,RNGC1,3.129
2018-01-16,RNGC2,2.962
2018-01-16,RNGC3,2.781
2018-01-16,RNGC4,2.768
2018-01-17,RNGC1,3.232
2018-01-17,RNGC2,3.024
2018-01-17,RNGC3,2.814
2018-01-17,RNGC4,2.8
2018-01-18,RNGC1,3.189
2018-01-18,RNGC2,2.988
2018-01-18,RNGC3,2.81
2018-01-18,RNGC4,2.802
2018-01-19,RNGC1,3.185
2018-01-19,RNGC2,2.941
2018-01-19,RNGC3,2.787
2018-01-19,RNGC4,2.783
2018-01-22,RNGC1,3.224
2018-01-22,RNGC2,2.931
2018-01-22,RNGC3,2.792
2018-01-22,RNGC4,2.789
2018-01-23,RNGC1,3.444
2018-01-23,RNGC2,3.039
2018-01-23,RNGC3,2.849
2018-01-23,RNGC4,2.837
2018-01-24,RNGC1,3.509
2018-01-24,RNGC2,3.08
2018-01-24,RNGC3,2.876
2018-01-24,RNGC4,2.859
2018-01-25,RNGC1,3.447
2018-01-25,RNGC2,3.099
2018-01-25,RNGC3,2.901
2018-01-25,RNGC4,2.88
2018-01-26,RNGC1,3.505
2018-01-26,RNGC2,3.175
2018-01-26,RNGC3,2.929
2018-01-26,RNGC4,2.898
2018-01-29,RNGC1,3.631
2018-01-29,RNGC2,3.167
2018-01-29,RNGC3,2.939
2018-01-29,RNGC4,2.914
2018-01-30,RNGC1,3.195
2018-01-30,RNGC2,2.965
2018-01-30,RNGC3,2.939
2018-01-30,RNGC4,2.966
2018-01-31,RNGC1,2.995
2018-01-31,RNGC2,2.86
2018-01-31,RNGC3,2.854
2018-01-31,RNGC4,2.886
2018-02-01,RNGC1,2.856
2018-02-01,RNGC2,2.793
2018-02-01,RNGC3,2.796
2018-02-01,RNGC4,2.831
2018-02-02,RNGC1,2.846
2018-02-02,RNGC2,2.792
2018-02-02,RNGC3,2.797
2018-02-02,RNGC4,2.832
2018-02-05,RNGC1,2.747
2018-02-05,RNGC2,2.726
2018-02-05,RNGC3,2.737
2018-02-05,RNGC4,2.772
2018-02-06,RNGC1,2.759
2018-02-06,RNGC2,2.723
2018-02-06,RNGC3,2.735
2018-02-06,RNGC4,2.769
2018-02-07,RNGC1,2.702
2018-02-07,RNGC2,2.692
2018-02-07,RNGC3,2.708
2018-02-07,RNGC4,2.743
2018-02-08,RNGC1,2.697
2018-02-08,RNGC2,2.685
2018-02-08,RNGC3,2.704
2018-02-08,RNGC4,2.74
2018-02-09,RNGC1,2.584
2018-02-09,RNGC2,2.597
2018-02-09,RNGC3,2.627
2018-02-09,RNGC4,2.665
2018-02-12,RNGC1,2.552
2018-02-12,RNGC2,2.579
2018-02-12,RNGC3,2.612
2018-02-12,RNGC4,2.651
2018-02-13,RNGC1,2.594
2018-02-13,RNGC2,2.623
2018-02-13,RNGC3,2.654
2018-02-13,RNGC4,2.692
2018-02-14,RNGC1,2.587
2018-02-14,RNGC2,2.63
2018-02-14,RNGC3,2.658
2018-02-14,RNGC4,2.696
2018-02-15,RNGC1,2.58
2018-02-15,RNGC2,2.62
2018-02-15,RNGC3,2.651
2018-02-15,RNGC4,2.689
2018-02-16,RNGC1,2.558
2018-02-16,RNGC2,2.598
2018-02-16,RNGC3,2.632
2018-02-16,RNGC4,2.67
2018-02-19,RNGC1,2.558
2018-02-19,RNGC2,2.598
2018-02-19,RNGC3,2.632
2018-02-19,RNGC4,2.67
2018-02-20,RNGC1,2.616
2018-02-20,RNGC2,2.649
2018-02-20,RNGC3,2.678
2018-02-20,RNGC4,2.714
2018-02-21,RNGC1,2.659
2018-02-21,RNGC2,2.681
2018-02-21,RNGC3,2.706
2018-02-21,RNGC4,2.739
2018-02-22,RNGC1,2.634
2018-02-22,RNGC2,2.676
2018-02-22,RNGC3,2.704
2018-02-22,RNGC4,2.737
2018-02-23,RNGC1,2.625
2018-02-23,RNGC2,2.657
2018-02-23,RNGC3,2.686
2018-02-23,RNGC4,2.719
2018-02-26,RNGC1,2.639
2018-02-26,RNGC2,2.686
2018-02-26,RNGC3,2.711
2018-02-26,RNGC4,2.743
2018-02-27,RNGC1,2.683
2018-02-27,RNGC2,2.712
2018-02-27,RNGC3,2.746
2018-02-27,RNGC4,2.787
2018-02-28,RNGC1,2.667
2018-02-28,RNGC2,2.696
2018-02-28,RNGC3,2.735
2018-02-28,RNGC4,2.779
2018-03-01,RNGC1,2.698
2018-03-01,RNGC2,2.729
2018-03-01,RNGC3,2.768
2018-03-01,RNGC4,2.812
2018-03-02,RNGC1,2.695
2018-03-02,RNGC2,2.727
2018-03-02,RNGC3,2.767
2018-03-02,RNGC4,2.811
2018-03-05,RNGC1,2.704
2018-03-05,RNGC2,2.738
2018-03-05,RNGC3,2.778
2018-03-05,RNGC4,2.823
2018-03-06,RNGC1,2.749
2018-03-06,RNGC2,2.778
2018-03-06,RNGC3,2.816
2018-03-06,RNGC4,2.861
2018-03-07,RNGC1,2.777
2018-03-07,RNGC2,2.806
2018-03-07,RNGC3,2.847
2018-03-07,RNGC4,2.892
2018-03-08,RNGC1,2.756
2018-03-08,RNGC2,2.787
2018-03-08,RNGC3,2.833
2018-03-08,RNGC4,2.881
2018-03-09,RNGC1,2.732
2018-03-09,RNGC2,2.759
2018-03-09,RNGC3,2.806
2018-03-09,RNGC4,2.855
2018-03-12,RNGC1,2.778
2018-03-12,RNGC2,2.8
2018-03-12,RNGC3,2.846
2018-03-12,RNGC4,2.894
2018-03-13,RNGC1,2.786
2018-03-13,RNGC2,2.809
2018-03-13,RNGC3,2.856
2018-03-13,RNGC4,2.905
2018-03-14,RNGC1,2.731
2018-03-14,RNGC2,2.759
2018-03-14,RNGC3,2.809
2018-03-14,RNGC4,2.859
2018-03-15,RNGC1,2.681
2018-03-15,RNGC2,2.712
2018-03-15,RNGC3,2.765
2018-03-15,RNGC4,2.817
2018-03-16,RNGC1,2.688
2018-03-16,RNGC2,2.716
2018-03-16,RNGC3,2.77
2018-03-16,RNGC4,2.823
2018-03-19,RNGC1,2.651
2018-03-19,RNGC2,2.678
2018-03-19,RNGC3,2.736
2018-03-19,RNGC4,2.795
2018-03-20,RNGC1,2.675
2018-03-20,RNGC2,2.704
2018-03-20,RNGC3,2.76
2018-03-20,RNGC4,2.818
2018-03-21,RNGC1,2.638
2018-03-21,RNGC2,2.667
2018-03-21,RNGC3,2.724
2018-03-21,RNGC4,2.784
2018-03-22,RNGC1,2.617
2018-03-22,RNGC2,2.656
2018-03-22,RNGC3,2.715
2018-03-22,RNGC4,2.776
2018-03-23,RNGC1,2.591
2018-03-23,RNGC2,2.633
2018-03-23,RNGC3,2.692
2018-03-23,RNGC4,2.753
2018-03-26,RNGC1,2.618
2018-03-26,RNGC2,2.657
2018-03-26,RNGC3,2.716
2018-03-26,RNGC4,2.777
2018-03-27,RNGC1,2.691
2018-03-27,RNGC2,2.714
2018-03-27,RNGC3,2.766
2018-03-27,RNGC4,2.822
2018-03-28,RNGC1,2.698
2018-03-28,RNGC2,2.751
2018-03-28,RNGC3,2.808
2018-03-28,RNGC4,2.823
2018-03-29,RNGC1,2.733
2018-03-29,RNGC2,2.778
2018-03-29,RNGC3,2.832
2018-03-29,RNGC4,2.847
2018-03-30,RNGC1,2.733
2018-03-30,RNGC2,2.778
2018-03-30,RNGC3,2.832
2018-03-30,RNGC4,2.847
2018-04-02,RNGC1,2.683
2018-04-02,RNGC2,2.732
2018-04-02,RNGC3,2.787
2018-04-02,RNGC4,2.805
2018-04-03,RNGC1,2.697
2018-04-03,RNGC2,2.745
2018-04-03,RNGC3,2.801
2018-04-03,RNGC4,2.819
2018-04-04,RNGC1,2.718
2018-04-04,RNGC2,2.766
2018-04-04,RNGC3,2.823
2018-04-04,RNGC4,2.842
2018-04-05,RNGC1,2.675
2018-04-05,RNGC2,2.729
2018-04-05,RNGC3,2.791
2018-04-05,RNGC4,2.812
2018-04-06,RNGC1,2.701
2018-04-06,RNGC2,2.747
2018-04-06,RNGC3,2.804
2018-04-06,RNGC4,2.825
2018-04-09,RNGC1,2.693
2018-04-09,RNGC2,2.731
2018-04-09,RNGC3,2.78
2018-04-09,RNGC4,2.802
2018-04-10,RNGC1,2.656
2018-04-10,RNGC2,2.694
2018-04-10,RNGC3,2.747
2018-04-10,RNGC4,2.77
2018-04-11,RNGC1,2.675
2018-04-11,RNGC2,2.709
2018-04-11,RNGC3,2.757
2018-04-11,RNGC4,2.779
2018-04-12,RNGC1,2.686
2018-04-12,RNGC2,2.717
2018-04-12,RNGC3,2.761
2018-04-12,RNGC4,2.782
2018-04-13,RNGC1,2.735
2018-04-13,RNGC2,2.764
2018-04-13,RNGC3,2.805
2018-04-13,RNGC4,2.821
2018-04-16,RNGC1,2.752
2018-04-16,RNGC2,2.784
2018-04-16,RNGC3,2.827
2018-04-16,RNGC4,2.845
2018-04-17,RNGC1,2.738
2018-04-17,RNGC2,2.77
2018-04-17,RNGC3,2.815
2018-04-17,RNGC4,2.833
2018-04-18,RNGC1,2.739
2018-04-18,RNGC2,2.768
2018-04-18,RNGC3,2.814
2018-04-18,RNGC4,2.828
2018-04-19,RNGC1,2.66
2018-04-19,RNGC2,2.695
2018-04-19,RNGC3,2.743
2018-04-19,RNGC4,2.76
2018-04-20,RNGC1,2.739
2018-04-20,RNGC2,2.767
2018-04-20,RNGC3,2.808
2018-04-20,RNGC4,2.821
2018-04-23,RNGC1,2.74
2018-04-23,RNGC2,2.775
2018-04-23,RNGC3,2.812
2018-04-23,RNGC4,2.824
2018-04-24,RNGC1,2.781
2018-04-24,RNGC2,2.813
2018-04-24,RNGC3,2.849
2018-04-24,RNGC4,2.857
2018-04-25,RNGC1,2.786
2018-04-25,RNGC2,2.807
2018-04-25,RNGC3,2.844
2018-04-25,RNGC4,2.852
2018-04-26,RNGC1,2.821
2018-04-26,RNGC2,2.839
2018-04-26,RNGC3,2.873
2018-04-26,RNGC4,2.878
2018-04-27,RNGC1,2.771
2018-04-27,RNGC2,2.811
2018-04-27,RNGC3,2.82
2018-04-27,RNGC4,2.805
2018-04-30,RNGC1,2.763
2018-04-30,RNGC2,2.8
2018-04-30,RNGC3,2.807
2018-04-30,RNGC4,2.79
2018-05-01,RNGC1,2.802
2018-05-01,RNGC2,2.837
2018-05-01,RNGC3,2.841
2018-05-01,RNGC4,2.823
2018-05-02,RNGC1,2.754
2018-05-02,RNGC2,2.791
2018-05-02,RNGC3,2.797
2018-05-02,RNGC4,2.781
2018-05-03,RNGC1,2.726
2018-05-03,RNGC2,2.759
2018-05-03,RNGC3,2.764
2018-05-03,RNGC4,2.747
2018-05-04,RNGC1,2.711
2018-05-04,RNGC2,2.741
2018-05-04,RNGC3,2.746
2018-05-04,RNGC4,2.729
2018-05-07,RNGC1,2.741
2018-05-07,RNGC2,2.767
2018-05-07,RNGC3,2.772
2018-05-07,RNGC4,2.755
2018-05-08,RNGC1,2.732
2018-05-08,RNGC2,2.76
2018-05-08,RNGC3,2.767
2018-05-08,RNGC4,2.752
2018-05-09,RNGC1,2.737
2018-05-09,RNGC2,2.76
2018-05-09,RNGC3,2.767
2018-05-09,RNGC4,2.755
2018-05-10,RNGC1,2.814
2018-05-10,RNGC2,2.828
2018-05-10,RNGC3,2.836
2018-05-10,RNGC4,2.822
2018-05-11,RNGC1,2.806
2018-05-11,RNGC2,2.825
2018-05-11,RNGC3,2.836
2018-05-11,RNGC4,2.821
2018-05-14,RNGC1,2.842
2018-05-14,RNGC2,2.859
2018-05-14,RNGC3,2.869
2018-05-14,RNGC4,2.851
2018-05-15,RNGC1,2.836
2018-05-15,RNGC2,2.854
2018-05-15,RNGC3,2.864
2018-05-15,RNGC4,2.844
2018-05-16,RNGC1,2.815
2018-05-16,RNGC2,2.837
2018-05-16,RNGC3,2.85
2018-05-16,RNGC4,2.832
2018-05-17,RNGC1,2.859
2018-05-17,RNGC2,2.886
2018-05-17,RNGC3,2.898
2018-05-17,RNGC4,2.877
2018-05-18,RNGC1,2.847
2018-05-18,RNGC2,2.879
2018-05-18,RNGC3,2.893
2018-05-18,RNGC4,2.875
2018-05-21,RNGC1,2.81
2018-05-21,RNGC2,2.85
2018-05-21,RNGC3,2.869
2018-05-21,RNGC4,2.853
2018-05-22,RNGC1,2.908
2018-05-22,RNGC2,2.936
2018-05-22,RNGC3,2.952
2018-05-22,RNGC4,2.933
2018-05-23,RNGC1,2.914
2018-05-23,RNGC2,2.955
2018-05-23,RNGC3,2.973
2018-05-23,RNGC4,2.956
2018-05-24,RNGC1,2.94
2018-05-24,RNGC2,2.971
2018-05-24,RNGC3,2.988
2018-05-24,RNGC4,2.97
2018-05-25,RNGC1,2.939
2018-05-25,RNGC2,2.963
2018-05-25,RNGC3,2.983
2018-05-25,RNGC4,2.967
2018-05-28,RNGC1,2.939
2018-05-28,RNGC2,2.963
2018-05-28,RNGC3,2.983
2018-05-28,RNGC4,2.967
2018-05-29,RNGC1,2.875
2018-05-29,RNGC2,2.903
2018-05-29,RNGC3,2.923
2018-05-29,RNGC4,2.909
2018-05-30,RNGC1,2.885
2018-05-30,RNGC2,2.905
2018-05-30,RNGC3,2.891
2018-05-30,RNGC4,2.897
2018-05-31,RNGC1,2.952
2018-05-31,RNGC2,2.965
2018-05-31,RNGC3,2.944
2018-05-31,RNGC4,2.948
2018-06-01,RNGC1,2.962
2018-06-01,RNGC2,2.976
2018-06-01,RNGC3,2.955
2018-06-01,RNGC4,2.959
2018-06-04,RNGC1,2.93
2018-06-04,RNGC2,2.943
2018-06-04,RNGC3,2.925
2018-06-04,RNGC4,2.932
2018-06-05,RNGC1,2.89
2018-06-05,RNGC2,2.907
2018-06-05,RNGC3,2.892
2018-06-05,RNGC4,2.9
2018-06-06,RNGC1,2.896
2018-06-06,RNGC2,2.909
2018-06-06,RNGC3,2.895
2018-06-06,RNGC4,2.904
2018-06-07,RNGC1,2.93
2018-06-07,RNGC2,2.939
2018-06-07,RNGC3,2.924
2018-06-07,RNGC4,2.935
2018-06-08,RNGC1,2.89
2018-06-08,RNGC2,2.894
2018-06-08,RNGC3,2.876
2018-06-08,RNGC4,2.89
2018-06-11,RNGC1,2.949
2018-06-11,RNGC2,2.941
2018-06-11,RNGC3,2.911
2018-06-11,RNGC4,2.923
2018-06-12,RNGC1,2.939
2018-06-12,RNGC2,2.929
2018-06-12,RNGC3,2.902
2018-06-12,RNGC4,2.917
2018-06-13,RNGC1,2.963
2018-06-13,RNGC2,2.948
2018-06-13,RNGC3,2.92
2018-06-13,RNGC4,2.936
2018-06-14,RNGC1,2.965
2018-06-14,RNGC2,2.958
2018-06-14,RNGC3,2.935
2018-06-14,RNGC4,2.949
2018-06-15,RNGC1,3.022
2018-06-15,RNGC2,3.015
2018-06-15,RNGC3,2.99
2018-06-15,RNGC4,2.999
2018-06-18,RNGC1,2.951
2018-06-18,RNGC2,2.951
2018-06-18,RNGC3,2.932
2018-06-18,RNGC4,2.944
2018-06-19,RNGC1,2.9
2018-06-19,RNGC2,2.904
2018-06-19,RNGC3,2.884
2018-06-19,RNGC4,2.895
2018-06-20,RNGC1,2.964
2018-06-20,RNGC2,2.965
2018-06-20,RNGC3,2.944
2018-06-20,RNGC4,2.951
2018-06-21,RNGC1,2.975
2018-06-21,RNGC2,2.972
2018-06-21,RNGC3,2.947
2018-06-21,RNGC4,2.954
2018-06-22,RNGC1,2.945
2018-06-22,RNGC2,2.945
2018-06-22,RNGC3,2.92
2018-06-22,RNGC4,2.926
2018-06-25,RNGC1,2.923
2018-06-25,RNGC2,2.921
2018-06-25,RNGC3,2.898
2018-06-25,RNGC4,2.906
2018-06-26,RNGC1,2.939
2018-06-26,RNGC2,2.931
2018-06-26,RNGC3,2.907
2018-06-26,RNGC4,2.913
2018-06-27,RNGC1,2.996
2018-06-27,RNGC2,2.981
2018-06-27,RNGC3,2.951
2018-06-27,RNGC4,2.955
2018-06-28,RNGC1,2.94
2018-06-28,RNGC2,2.919
2018-06-28,RNGC3,2.927
2018-06-28,RNGC4,2.967
2018-06-29,RNGC1,2.924
2018-06-29,RNGC2,2.901
2018-06-29,RNGC3,2.908
2018-06-29,RNGC4,2.949
2018-07-02,RNGC1,2.862
2018-07-02,RNGC2,2.844
2018-07-02,RNGC3,2.857
2018-07-02,RNGC4,2.903
2018-07-03,RNGC1,2.87
2018-07-03,RNGC2,2.846
2018-07-03,RNGC3,2.856
2018-07-03,RNGC4,2.902
2018-07-04,RNGC1,2.87
2018-07-04,RNGC2,2.846
2018-07-04,RNGC3,2.856
2018-07-04,RNGC4,2.902
2018-07-05,RNGC1,2.837
2018-07-05,RNGC2,2.812
2018-07-05,RNGC3,2.822
2018-07-05,RNGC4,2.87
2018-07-06,RNGC1,2.858
2018-07-06,RNGC2,2.826
2018-07-06,RNGC3,2.834
2018-07-06,RNGC4,2.88
2018-07-09,RNGC1,2.828
2018-07-09,RNGC2,2.796
2018-07-09,RNGC3,2.805
2018-07-09,RNGC4,2.854
2018-07-10,RNGC1,2.788
2018-07-10,RNGC2,2.758
2018-07-10,RNGC3,2.77
2018-07-10,RNGC4,2.821
2018-07-11,RNGC1,2.829
2018-07-11,RNGC2,2.797
2018-07-11,RNGC3,2.809
2018-07-11,RNGC4,2.858
2018-07-12,RNGC1,2.797
2018-07-12,RNGC2,2.766
2018-07-12,RNGC3,2.78
2018-07-12,RNGC4,2.832
2018-07-13,RNGC1,2.752
2018-07-13,RNGC2,2.724
2018-07-13,RNGC3,2.74
2018-07-13,RNGC4,2.792
2018-07-16,RNGC1,2.759
2018-07-16,RNGC2,2.73
2018-07-16,RNGC3,2.742
2018-07-16,RNGC4,2.791
2018-07-17,RNGC1,2.74
2018-07-17,RNGC2,2.707
2018-07-17,RNGC3,2.72
2018-07-17,RNGC4,2.769
2018-07-18,RNGC1,2.721
2018-07-18,RNGC2,2.689
2018-07-18,RNGC3,2.705
2018-07-18,RNGC4,2.755
2018-07-19,RNGC1,2.769
2018-07-19,RNGC2,2.736
2018-07-19,RNGC3,2.751
2018-07-19,RNGC4,2.797
2018-07-20,RNGC1,2.757
2018-07-20,RNGC2,2.728
2018-07-20,RNGC3,2.746
2018-07-20,RNGC4,2.792
2018-07-23,RNGC1,2.721
2018-07-23,RNGC2,2.695
2018-07-23,RNGC3,2.715
2018-07-23,RNGC4,2.767
2018-07-24,RNGC1,2.732
2018-07-24,RNGC2,2.719
2018-07-24,RNGC3,2.739
2018-07-24,RNGC4,2.791
2018-07-25,RNGC1,2.775
2018-07-25,RNGC2,2.755
2018-07-25,RNGC3,2.773
2018-07-25,RNGC4,2.824
2018-07-26,RNGC1,2.78
2018-07-26,RNGC2,2.762
2018-07-26,RNGC3,2.78
2018-07-26,RNGC4,2.83
2018-07-27,RNGC1,2.822
2018-07-27,RNGC2,2.782
2018-07-27,RNGC3,2.8
2018-07-27,RNGC4,2.848
2018-07-30,RNGC1,2.797
2018-07-30,RNGC2,2.817
2018-07-30,RNGC3,2.866
2018-07-30,RNGC4,2.974
2018-07-31,RNGC1,2.782
2018-07-31,RNGC2,2.798
2018-07-31,RNGC3,2.843
2018-07-31,RNGC4,2.952
2018-08-01,RNGC1,2.758
2018-08-01,RNGC2,2.77
2018-08-01,RNGC3,2.811
2018-08-01,RNGC4,2.919
2018-08-02,RNGC1,2.816
2018-08-02,RNGC2,2.822
2018-08-02,RNGC3,2.857
2018-08-02,RNGC4,2.958
2018-08-03,RNGC1,2.853
2018-08-03,RNGC2,2.862
2018-08-03,RNGC3,2.898
2018-08-03,RNGC4,2.998
2018-08-06,RNGC1,2.86
2018-08-06,RNGC2,2.866
2018-08-06,RNGC3,2.903
2018-08-06,RNGC4,3.003
2018-08-07,RNGC1,2.897
2018-08-07,RNGC2,2.9
2018-08-07,RNGC3,2.935
2018-08-07,RNGC4,3.031
2018-08-08,RNGC1,2.949
2018-08-08,RNGC2,2.955
2018-08-08,RNGC3,2.989
2018-08-08,RNGC4,3.077
2018-08-09,RNGC1,2.955
2018-08-09,RNGC2,2.959
2018-08-09,RNGC3,2.992
2018-08-09,RNGC4,3.077
2018-08-10,RNGC1,2.944
2018-08-10,RNGC2,2.949
2018-08-10,RNGC3,2.982
2018-08-10,RNGC4,3.067
2018-08-13,RNGC1,2.93
2018-08-13,RNGC2,2.936
2018-08-13,RNGC3,2.971
2018-08-13,RNGC4,3.059
2018-08-14,RNGC1,2.959
2018-08-14,RNGC2,2.966
2018-08-14,RNGC3,3.002
2018-08-14,RNGC4,3.092
2018-08-15,RNGC1,2.94
2018-08-15,RNGC2,2.948
2018-08-15,RNGC3,2.985
2018-08-15,RNGC4,3.078
2018-08-16,RNGC1,2.908
2018-08-16,RNGC2,2.913
2018-08-16,RNGC3,2.95
2018-08-16,RNGC4,3.046
2018-08-17,RNGC1,2.946
2018-08-17,RNGC2,2.949
2018-08-17,RNGC3,2.986
2018-08-17,RNGC4,3.082
2018-08-20,RNGC1,2.941
2018-08-20,RNGC2,2.932
2018-08-20,RNGC3,2.966
2018-08-20,RNGC4,3.061
2018-08-21,RNGC1,2.98
2018-08-21,RNGC2,2.964
2018-08-21,RNGC3,2.991
2018-08-21,RNGC4,3.083
2018-08-22,RNGC1,2.956
2018-08-22,RNGC2,2.944
2018-08-22,RNGC3,2.975
2018-08-22,RNGC4,3.069
2018-08-23,RNGC1,2.964
2018-08-23,RNGC2,2.953
2018-08-23,RNGC3,2.986
2018-08-23,RNGC4,3.08
2018-08-24,RNGC1,2.917
2018-08-24,RNGC2,2.913
2018-08-24,RNGC3,2.946
2018-08-24,RNGC4,3.042
2018-08-27,RNGC1,2.876
2018-08-27,RNGC2,2.869
2018-08-27,RNGC3,2.899
2018-08-27,RNGC4,2.995
2018-08-28,RNGC1,2.852
2018-08-28,RNGC2,2.845
2018-08-28,RNGC3,2.873
2018-08-28,RNGC4,2.966
2018-08-29,RNGC1,2.895
2018-08-29,RNGC2,2.863
2018-08-29,RNGC3,2.89
2018-08-29,RNGC4,2.979
2018-08-30,RNGC1,2.874
2018-08-30,RNGC2,2.901
2018-08-30,RNGC3,2.988
2018-08-30,RNGC4,3.074
2018-08-31,RNGC1,2.916
2018-08-31,RNGC2,2.939
2018-08-31,RNGC3,3.029
2018-08-31,RNGC4,3.114
2018-09-03,RNGC1,2.916
2018-09-03,RNGC2,2.939
2018-09-03,RNGC3,3.029
2018-09-03,RNGC4,3.114
2018-09-04,RNGC1,2.823
2018-09-04,RNGC2,2.842
2018-09-04,RNGC3,2.937
2018-09-04,RNGC4,3.027
2018-09-05,RNGC1,2.795
2018-09-05,RNGC2,2.813
2018-09-05,RNGC3,2.907
2018-09-05,RNGC4,2.995
2018-09-06,RNGC1,2.772
2018-09-06,RNGC2,2.791
2018-09-06,RNGC3,2.885
2018-09-06,RNGC4,2.974
2018-09-07,RNGC1,2.776
2018-09-07,RNGC2,2.79
2018-09-07,RNGC3,2.878
2018-09-07,RNGC4,2.965
2018-09-10,RNGC1,2.804
2018-09-10,RNGC2,2.808
2018-09-10,RNGC3,2.895
2018-09-10,RNGC4,2.982
2018-09-11,RNGC1,2.828
2018-09-11,RNGC2,2.827
2018-09-11,RNGC3,2.913
2018-09-11,RNGC4,3.0
2018-09-12,RNGC1,2.829
2018-09-12,RNGC2,2.82
2018-09-12,RNGC3,2.91
2018-09-12,RNGC4,3.001
2018-09-13,RNGC1,2.817
2018-09-13,RNGC2,2.8
2018-09-13,RNGC3,2.89
2018-09-13,RNGC4,2.981
2018-09-14,RNGC1,2.767
2018-09-14,RNGC2,2.751
2018-09-14,RNGC3,2.843
2018-09-14,RNGC4,2.934
2018-09-17,RNGC1,2.814
2018-09-17,RNGC2,2.779
2018-09-17,RNGC3,2.862
2018-09-17,RNGC4,2.952
2018-09-18,RNGC1,2.933
2018-09-18,RNGC2,2.896
2018-09-18,RNGC3,2.961
2018-09-18,RNGC4,3.05
2018-09-19,RNGC1,2.908
2018-09-19,RNGC2,2.882
2018-09-19,RNGC3,2.951
2018-09-19,RNGC4,3.041
2018-09-20,RNGC1,2.976
2018-09-20,RNGC2,2.964
2018-09-20,RNGC3,3.031
2018-09-20,RNGC4,3.117
2018-09-21,RNGC1,2.977
2018-09-21,RNGC2,2.974
2018-09-21,RNGC3,3.045
2018-09-21,RNGC4,3.131
2018-09-24,RNGC1,3.038
2018-09-24,RNGC2,3.029
2018-09-24,RNGC3,3.097
2018-09-24,RNGC4,3.179
2018-09-25,RNGC1,3.082
2018-09-25,RNGC2,3.058
2018-09-25,RNGC3,3.129
2018-09-25,RNGC4,3.209
2018-09-26,RNGC1,3.021
2018-09-26,RNGC2,2.98
2018-09-26,RNGC3,3.062
2018-09-26,RNGC4,3.145
2018-09-27,RNGC1,3.056
2018-09-27,RNGC2,3.135
2018-09-27,RNGC3,3.214
2018-09-27,RNGC4,3.117
2018-09-28,RNGC1,3.008
2018-09-28,RNGC2,3.091
2018-09-28,RNGC3,3.169
2018-09-28,RNGC4,3.085
2018-10-01,RNGC1,3.094
2018-10-01,RNGC2,3.172
2018-10-01,RNGC3,3.244
2018-10-01,RNGC4,3.155
2018-10-02,RNGC1,3.166
2018-10-02,RNGC2,3.239
2018-10-02,RNGC3,3.312
2018-10-02,RNGC4,3.215
2018-10-03,RNGC1,3.23
2018-10-03,RNGC2,3.297
2018-10-03,RNGC3,3.37
2018-10-03,RNGC4,3.252
2018-10-04,RNGC1,3.165
2018-10-04,RNGC2,3.221
2018-10-04,RNGC3,3.288
2018-10-04,RNGC4,3.195
2018-10-05,RNGC1,3.143
2018-10-05,RNGC2,3.188
2018-10-05,RNGC3,3.253
2018-10-05,RNGC4,3.167
2018-10-08,RNGC1,3.267
2018-10-08,RNGC2,3.289
2018-10-08,RNGC3,3.333
2018-10-08,RNGC4,3.236
2018-10-09,RNGC1,3.266
2018-10-09,RNGC2,3.298
2018-10-09,RNGC3,3.361
2018-10-09,RNGC4,3.262
2018-10-10,RNGC1,3.284
2018-10-10,RNGC2,3.332
2018-10-10,RNGC3,3.404
2018-10-10,RNGC4,3.309
2018-10-11,RNGC1,3.222
2018-10-11,RNGC2,3.279
2018-10-11,RNGC3,3.352
2018-10-11,RNGC4,3.277
2018-10-12,RNGC1,3.161
2018-10-12,RNGC2,3.226
2018-10-12,RNGC3,3.306
2018-10-12,RNGC4,3.238
2018-10-15,RNGC1,3.242
2018-10-15,RNGC2,3.31
2018-10-15,RNGC3,3.389
2018-10-15,RNGC4,3.301
2018-10-16,RNGC1,3.239
2018-10-16,RNGC2,3.301
2018-10-16,RNGC3,3.374
2018-10-16,RNGC4,3.296
2018-10-17,RNGC1,3.32
2018-10-17,RNGC2,3.369
2018-10-17,RNGC3,3.439
2018-10-17,RNGC4,3.347
2018-10-18,RNGC1,3.198
2018-10-18,RNGC2,3.25
2018-10-18,RNGC3,3.325
2018-10-18,RNGC4,3.247
2018-10-19,RNGC1,3.25
2018-10-19,RNGC2,3.309
2018-10-19,RNGC3,3.385
2018-10-19,RNGC4,3.299
2018-10-22,RNGC1,3.138
2018-10-22,RNGC2,3.214
2018-10-22,RNGC3,3.29
2018-10-22,RNGC4,3.211
2018-10-23,RNGC1,3.212
2018-10-23,RNGC2,3.283
2018-10-23,RNGC3,3.353
2018-10-23,RNGC4,3.26
2018-10-24,RNGC1,3.166
2018-10-24,RNGC2,3.227
2018-10-24,RNGC3,3.29
2018-10-24,RNGC4,3.201
2018-10-25,RNGC1,3.202
2018-10-25,RNGC2,3.256
2018-10-25,RNGC3,3.317
2018-10-25,RNGC4,3.226
2018-10-26,RNGC1,3.185
2018-10-26,RNGC2,3.225
2018-10-26,RNGC3,3.29
2018-10-26,RNGC4,3.208
2018-10-29,RNGC1,3.185
2018-10-29,RNGC2,3.198
2018-10-29,RNGC3,3.261
2018-10-29,RNGC4,3.181
2018-10-30,RNGC1,3.187
2018-10-30,RNGC2,3.244
2018-10-30,RNGC3,3.163
2018-10-30,RNGC4,2.934
2018-10-31,RNGC1,3.261
2018-10-31,RNGC2,3.302
2018-10-31,RNGC3,3.21
2018-10-31,RNGC4,2.967
2018-11-01,RNGC1,3.237
2018-11-01,RNGC2,3.275
2018-11-01,RNGC3,3.173
2018-11-01,RNGC4,2.939
2018-11-02,RNGC1,3.284
2018-11-02,RNGC2,3.31
2018-11-02,RNGC3,3.192
2018-11-02,RNGC4,2.938
2018-11-05,RNGC1,3.567
2018-11-05,RNGC2,3.575
2018-11-05,RNGC3,3.407
2018-11-05,RNGC4,3.091
2018-11-06,RNGC1,3.555
2018-11-06,RNGC2,3.583
2018-11-06,RNGC3,3.436
2018-11-06,RNGC4,3.113
2018-11-07,RNGC1,3.555
2018-11-07,RNGC2,3.569
2018-11-07,RNGC3,3.428
2018-11-07,RNGC4,3.108
2018-11-08,RNGC1,3.543
2018-11-08,RNGC2,3.553
2018-11-08,RNGC3,3.414
2018-11-08,RNGC4,3.095
2018-11-09,RNGC1,3.719
2018-11-09,RNGC2,3.721
2018-11-09,RNGC3,3.566
2018-11-09,RNGC4,3.176
2018-11-12,RNGC1,3.788
2018-11-12,RNGC2,3.8
2018-11-12,RNGC3,3.66
2018-11-12,RNGC4,3.293
2018-11-13,RNGC1,4.101
2018-11-13,RNGC2,4.147
2018-11-13,RNGC3,4.019
2018-11-13,RNGC4,3.712
2018-11-14,RNGC1,4.837
2018-11-14,RNGC2,4.898
2018-11-14,RNGC3,4.77
2018-11-14,RNGC4,4.472
2018-11-15,RNGC1,4.038
2018-11-15,RNGC2,4.043
2018-11-15,RNGC3,3.897
2018-11-15,RNGC4,3.596
2018-11-16,RNGC1,4.272
2018-11-16,RNGC2,4.291
2018-11-16,RNGC3,4.148
2018-11-16,RNGC4,3.865
2018-11-19,RNGC1,4.7
2018-11-19,RNGC2,4.712
2018-11-19,RNGC3,4.572
2018-11-19,RNGC4,4.295
2018-11-20,RNGC1,4.523
2018-11-20,RNGC2,4.521
2018-11-20,RNGC3,4.386
2018-11-20,RNGC4,4.125
2018-11-21,RNGC1,4.451
2018-11-21,RNGC2,4.477
2018-11-21,RNGC3,4.368
2018-11-21,RNGC4,4.108
2018-11-22,RNGC1,4.451
2018-11-22,RNGC2,4.477
2018-11-22,RNGC3,4.368
2018-11-22,RNGC4,4.108
2018-11-23,RNGC1,4.308
2018-11-23,RNGC2,4.355
2018-11-23,RNGC3,4.262
2018-11-23,RNGC4,4.042
2018-11-26,RNGC1,4.248
2018-11-26,RNGC2,4.299
2018-11-26,RNGC3,4.184
2018-11-26,RNGC4,3.966
2018-11-27,RNGC1,4.262
2018-11-27,RNGC2,4.292
2018-11-27,RNGC3,4.161
2018-11-27,RNGC4,3.909
2018-11-28,RNGC1,4.715
2018-11-28,RNGC2,4.699
2018-11-28,RNGC3,4.538
2018-11-28,RNGC4,4.219
2018-11-29,RNGC1,4.646
2018-11-29,RNGC2,4.482
2018-11-29,RNGC3,4.156
2018-11-29,RNGC4,2.894
2018-11-30,RNGC1,4.612
2018-11-30,RNGC2,4.419
2018-11-30,RNGC3,4.014
2018-11-30,RNGC4,2.887
2018-12-03,RNGC1,4.339
2018-12-03,RNGC2,4.157
2018-12-03,RNGC3,3.768
2018-12-03,RNGC4,2.906
2018-12-04,RNGC1,4.457
2018-12-04,RNGC2,4.305
2018-12-04,RNGC3,3.937
2018-12-04,RNGC4,2.957
2018-12-05,RNGC1,4.469
2018-12-05,RNGC2,4.33
2018-12-05,RNGC3,4.006
2018-12-05,RNGC4,2.981
2018-12-06,RNGC1,4.327
2018-12-06,RNGC2,4.217
2018-12-06,RNGC3,3.924
2018-12-06,RNGC4,2.96
2018-12-07,RNGC1,4.488
2018-12-07,RNGC2,4.378
2018-12-07,RNGC3,4.155
2018-12-07,RNGC4,2.991
2018-12-10,RNGC1,4.545
2018-12-10,RNGC2,4.36
2018-12-10,RNGC3,4.136
2018-12-10,RNGC4,2.977
2018-12-11,RNGC1,4.407
2018-12-11,RNGC2,4.258
2018-12-11,RNGC3,4.041
2018-12-11,RNGC4,3.003
2018-12-12,RNGC1,4.136
2018-12-12,RNGC2,4.035
2018-12-12,RNGC3,3.853
2018-12-12,RNGC4,2.924
2018-12-13,RNGC1,4.124
2018-12-13,RNGC2,4.027
2018-12-13,RNGC3,3.856
2018-12-13,RNGC4,2.905
2018-12-14,RNGC1,3.827
2018-12-14,RNGC2,3.753
2018-12-14,RNGC3,3.606
2018-12-14,RNGC4,2.894
2018-12-17,RNGC1,3.528
2018-12-17,RNGC2,3.453
2018-12-17,RNGC3,3.308
2018-12-17,RNGC4,2.78
2018-12-18,RNGC1,3.838
2018-12-18,RNGC2,3.742
2018-12-18,RNGC3,3.558
2018-12-18,RNGC4,2.854
2018-12-19,RNGC1,3.726
2018-12-19,RNGC2,3.653
2018-12-19,RNGC3,3.506
2018-12-19,RNGC4,2.85
2018-12-20,RNGC1,3.583
2018-12-20,RNGC2,3.526
2018-12-20,RNGC3,3.38
2018-12-20,RNGC4,2.839
2018-12-21,RNGC1,3.816
2018-12-21,RNGC2,3.75
2018-12-21,RNGC3,3.544
2018-12-21,RNGC4,2.921
2018-12-24,RNGC1,3.467
2018-12-24,RNGC2,3.423
2018-12-24,RNGC3,3.261
2018-12-24,RNGC4,2.816
2018-12-25,RNGC1,3.467
2018-12-25,RNGC2,3.423
2018-12-25,RNGC3,3.261
2018-12-25,RNGC4,2.816
2018-12-26,RNGC1,3.543
2018-12-26,RNGC2,3.458
2018-12-26,RNGC3,3.283
2018-12-26,RNGC4,2.838
2018-12-27,RNGC1,3.642
2018-12-27,RNGC2,3.546
2018-12-27,RNGC3,3.353
2018-12-27,RNGC4,2.885
2018-12-28,RNGC1,3.303
2018-12-28,RNGC2,3.148
2018-12-28,RNGC3,2.818
2018-12-28,RNGC4,2.779
2018-12-31,RNGC1,2.94
2018-12-31,RNGC2,2.851
2018-12-31,RNGC3,2.683
2018-12-31,RNGC4,2.672
2019-01-01,RNGC1,2.94
2019-01-01,RNGC2,2.851
2019-01-01,RNGC3,2.683
2019-01-01,RNGC4,2.672
2019-01-02,RNGC1,2.958
2019-01-02,RNGC2,2.829
2019-01-02,RNGC3,2.627
2019-01-02,RNGC4,2.605
2019-01-03,RNGC1,2.945
2019-01-03,RNGC2,2.812
2019-01-03,RNGC3,2.614
2019-01-03,RNGC4,2.59
2019-01-04,RNGC1,3.044
2019-01-04,RNGC2,2.905
2019-01-04,RNGC3,2.688
2019-01-04,RNGC4,2.66
2019-01-07,RNGC1,2.944
2019-01-07,RNGC2,2.847
2019-01-07,RNGC3,2.677
2019-01-07,RNGC4,2.662
2019-01-08,RNGC1,2.967
2019-01-08,RNGC2,2.835
2019-01-08,RNGC3,2.695
2019-01-08,RNGC4,2.683
2019-01-09,RNGC1,2.984
2019-01-09,RNGC2,2.84
2019-01-09,RNGC3,2.706
2019-01-09,RNGC4,2.696
2019-01-10,RNGC1,2.969
2019-01-10,RNGC2,2.813
2019-01-10,RNGC3,2.706
2019-01-10,RNGC4,2.698
2019-01-11,RNGC1,3.099
2019-01-11,RNGC2,2.945
2019-01-11,RNGC3,2.769
2019-01-11,RNGC4,2.747
2019-01-14,RNGC1,3.591
2019-01-14,RNGC2,3.289
2019-01-14,RNGC3,2.905
2019-01-14,RNGC4,2.862
2019-01-15,RNGC1,3.501
2019-01-15,RNGC2,3.249
2019-01-15,RNGC3,2.846
2019-01-15,RNGC4,2.804
2019-01-16,RNGC1,3.384
2019-01-16,RNGC2,3.147
2019-01-16,RNGC3,2.833
2019-01-16,RNGC4,2.797
2019-01-17,RNGC1,3.413
2019-01-17,RNGC2,3.174
2019-01-17,RNGC3,2.85
2019-01-17,RNGC4,2.816
2019-01-18,RNGC1,3.482
2019-01-18,RNGC2,3.239
2019-01-18,RNGC3,2.883
2019-01-18,RNGC4,2.846
2019-01-21,RNGC1,3.482
2019-01-21,RNGC2,3.239
2019-01-21,RNGC3,2.883
2019-01-21,RNGC4,2.846
2019-01-22,RNGC1,3.04
2019-01-22,RNGC2,2.972
2019-01-22,RNGC3,2.817
2019-01-22,RNGC4,2.803
2019-01-23,RNGC1,2.98
2019-01-23,RNGC2,2.922
2019-01-23,RNGC3,2.79
2019-01-23,RNGC4,2.785
2019-01-24,RNGC1,3.099
2019-01-24,RNGC2,2.998
2019-01-24,RNGC3,2.844
2019-01-24,RNGC4,2.838
2019-01-25,RNGC1,3.178
2019-01-25,RNGC2,3.072
2019-01-25,RNGC3,2.884
2019-01-25,RNGC4,2.868
2019-01-28,RNGC1,2.911
2019-01-28,RNGC2,2.873
2019-01-28,RNGC3,2.807
2019-01-28,RNGC4,2.806
2019-01-29,RNGC1,2.95
2019-01-29,RNGC2,2.903
2019-01-29,RNGC3,2.847
2019-01-29,RNGC4,2.846
2019-01-30,RNGC1,2.854
2019-01-30,RNGC2,2.808
2019-01-30,RNGC3,2.813
2019-01-30,RNGC4,2.859
2019-01-31,RNGC1,2.814
2019-01-31,RNGC2,2.765
2019-01-31,RNGC3,2.772
2019-01-31,RNGC4,2.818
2019-02-01,RNGC1,2.734
2019-02-01,RNGC2,2.699
2019-02-01,RNGC3,2.709
2019-02-01,RNGC4,2.754
2019-02-04,RNGC1,2.66
2019-02-04,RNGC2,2.642
2019-02-04,RNGC3,2.656
2019-02-04,RNGC4,2.705
2019-02-05,RNGC1,2.662
2019-02-05,RNGC2,2.65
2019-02-05,RNGC3,2.665
2019-02-05,RNGC4,2.714
2019-02-06,RNGC1,2.662
2019-02-06,RNGC2,2.657
2019-02-06,RNGC3,2.671
2019-02-06,RNGC4,2.72
2019-02-07,RNGC1,2.551
2019-02-07,RNGC2,2.572
2019-02-07,RNGC3,2.601
2019-02-07,RNGC4,2.653
2019-02-08,RNGC1,2.583
2019-02-08,RNGC2,2.604
2019-02-08,RNGC3,2.634
2019-02-08,RNGC4,2.686
2019-02-11,RNGC1,2.642
2019-02-11,RNGC2,2.659
2019-02-11,RNGC3,2.686
2019-02-11,RNGC4,2.735
2019-02-12,RNGC1,2.688
2019-02-12,RNGC2,2.705
2019-02-12,RNGC3,2.731
2019-02-12,RNGC4,2.778
2019-02-13,RNGC1,2.575
2019-02-13,RNGC2,2.621
2019-02-13,RNGC3,2.652
2019-02-13,RNGC4,2.701
2019-02-14,RNGC1,2.573
2019-02-14,RNGC2,2.61
2019-02-14,RNGC3,2.639
2019-02-14,RNGC4,2.69
2019-02-15,RNGC1,2.625
2019-02-15,RNGC2,2.656
2019-02-15,RNGC3,2.682
2019-02-15,RNGC4,2.729
2019-02-18,RNGC1,2.625
2019-02-18,RNGC2,2.656
2019-02-18,RNGC3,2.682
2019-02-18,RNGC4,2.729
2019-02-19,RNGC1,2.662
2019-02-19,RNGC2,2.697
2019-02-19,RNGC3,2.721
2019-02-19,RNGC4,2.77
2019-02-20,RNGC1,2.636
2019-02-20,RNGC2,2.669
2019-02-20,RNGC3,2.693
2019-02-20,RNGC4,2.741
2019-02-21,RNGC1,2.697
2019-02-21,RNGC2,2.724
2019-02-21,RNGC3,2.744
2019-02-21,RNGC4,2.786
2019-02-22,RNGC1,2.717
2019-02-22,RNGC2,2.739
2019-02-22,RNGC3,2.759
2019-02-22,RNGC4,2.8
2019-02-25,RNGC1,2.836
2019-02-25,RNGC2,2.815
2019-02-25,RNGC3,2.826
2019-02-25,RNGC4,2.859
2019-02-26,RNGC1,2.855
2019-02-26,RNGC2,2.796
2019-02-26,RNGC3,2.811
2019-02-26,RNGC4,2.846
2019-02-27,RNGC1,2.799
2019-02-27,RNGC2,2.813
2019-02-27,RNGC3,2.85
2019-02-27,RNGC4,2.889
2019-02-28,RNGC1,2.812
2019-02-28,RNGC2,2.823
2019-02-28,RNGC3,2.863
2019-02-28,RNGC4,2.905
2019-03-01,RNGC1,2.859
2019-03-01,RNGC2,2.863
2019-03-01,RNGC3,2.901
2019-03-01,RNGC4,2.943
2019-03-04,RNGC1,2.857
2019-03-04,RNGC2,2.857
2019-03-04,RNGC3,2.895
2019-03-04,RNGC4,2.937
2019-03-05,RNGC1,2.884
2019-03-05,RNGC2,2.884
2019-03-05,RNGC3,2.918
2019-03-05,RNGC4,2.957
2019-03-06,RNGC1,2.841
2019-03-06,RNGC2,2.85
2019-03-06,RNGC3,2.887
2019-03-06,RNGC4,2.928
2019-03-07,RNGC1,2.866
2019-03-07,RNGC2,2.872
2019-03-07,RNGC3,2.91
2019-03-07,RNGC4,2.952
2019-03-08,RNGC1,2.865
2019-03-08,RNGC2,2.87
2019-03-08,RNGC3,2.912
2019-03-08,RNGC4,2.957
2019-03-11,RNGC1,2.772
2019-03-11,RNGC2,2.785
2019-03-11,RNGC3,2.834
2019-03-11,RNGC4,2.887
2019-03-12,RNGC1,2.784
2019-03-12,RNGC2,2.797
2019-03-12,RNGC3,2.848
2019-03-12,RNGC4,2.902
2019-03-13,RNGC1,2.82
2019-03-13,RNGC2,2.834
2019-03-13,RNGC3,2.883
2019-03-13,RNGC4,2.935
2019-03-14,RNGC1,2.855
2019-03-14,RNGC2,2.86
2019-03-14,RNGC3,2.905
2019-03-14,RNGC4,2.952
2019-03-15,RNGC1,2.795
2019-03-15,RNGC2,2.802
2019-03-15,RNGC3,2.852
2019-03-15,RNGC4,2.904
2019-03-18,RNGC1,2.85
2019-03-18,RNGC2,2.856
2019-03-18,RNGC3,2.905
2019-03-18,RNGC4,2.957
2019-03-19,RNGC1,2.874
2019-03-19,RNGC2,2.872
2019-03-19,RNGC3,2.915
2019-03-19,RNGC4,2.963
2019-03-20,RNGC1,2.82
2019-03-20,RNGC2,2.825
2019-03-20,RNGC3,2.872
2019-03-20,RNGC4,2.922
2019-03-21,RNGC1,2.821
2019-03-21,RNGC2,2.827
2019-03-21,RNGC3,2.877
2019-03-21,RNGC4,2.932
2019-03-22,RNGC1,2.753
2019-03-22,RNGC2,2.767
2019-03-22,RNGC3,2.821
2019-03-22,RNGC4,2.88
2019-03-25,RNGC1,2.755
2019-03-25,RNGC2,2.774
2019-03-25,RNGC3,2.825
2019-03-25,RNGC4,2.883
2019-03-26,RNGC1,2.74
2019-03-26,RNGC2,2.751
2019-03-26,RNGC3,2.803
2019-03-26,RNGC4,2.861
2019-03-27,RNGC1,2.713
2019-03-27,RNGC2,2.719
2019-03-27,RNGC3,2.771
2019-03-27,RNGC4,2.829
2019-03-28,RNGC1,2.712
2019-03-28,RNGC2,2.761
2019-03-28,RNGC3,2.816
2019-03-28,RNGC4,2.839
2019-03-29,RNGC1,2.662
2019-03-29,RNGC2,2.713
2019-03-29,RNGC3,2.772
2019-03-29,RNGC4,2.797
2019-04-01,RNGC1,2.708
2019-04-01,RNGC2,2.749
2019-04-01,RNGC3,2.802
2019-04-01,RNGC4,2.823
2019-04-02,RNGC1,2.684
2019-04-02,RNGC2,2.722
2019-04-02,RNGC3,2.775
2019-04-02,RNGC4,2.801
2019-04-03,RNGC1,2.677
2019-04-03,RNGC2,2.715
2019-04-03,RNGC3,2.764
2019-04-03,RNGC4,2.791
2019-04-04,RNGC1,2.643
2019-04-04,RNGC2,2.686
2019-04-04,RNGC3,2.739
2019-04-04,RNGC4,2.767
2019-04-05,RNGC1,2.664
2019-04-05,RNGC2,2.706
2019-04-05,RNGC3,2.765
2019-04-05,RNGC4,2.791
2019-04-08,RNGC1,2.708
2019-04-08,RNGC2,2.748
2019-04-08,RNGC3,2.806
2019-04-08,RNGC4,2.833
2019-04-09,RNGC1,2.699
2019-04-09,RNGC2,2.739
2019-04-09,RNGC3,2.798
2019-04-09,RNGC4,2.826
2019-04-10,RNGC1,2.7
2019-04-10,RNGC2,2.742
2019-04-10,RNGC3,2.801
2019-04-10,RNGC4,2.827
2019-04-11,RNGC1,2.664
2019-04-11,RNGC2,2.708
2019-04-11,RNGC3,2.766
2019-04-11,RNGC4,2.791
2019-04-12,RNGC1,2.66
2019-04-12,RNGC2,2.704
2019-04-12,RNGC3,2.764
2019-04-12,RNGC4,2.789
2019-04-15,RNGC1,2.59
2019-04-15,RNGC2,2.633
2019-04-15,RNGC3,2.696
2019-04-15,RNGC4,2.723
2019-04-16,RNGC1,2.572
2019-04-16,RNGC2,2.617
2019-04-16,RNGC3,2.681
2019-04-16,RNGC4,2.708
2019-04-17,RNGC1,2.517
2019-04-17,RNGC2,2.559
2019-04-17,RNGC3,2.623
2019-04-17,RNGC4,2.652
2019-04-18,RNGC1,2.49
2019-04-18,RNGC2,2.535
2019-04-18,RNGC3,2.599
2019-04-18,RNGC4,2.627
2019-04-19,RNGC1,2.49
2019-04-19,RNGC2,2.535
2019-04-19,RNGC3,2.599
2019-04-19,RNGC4,2.627
2019-04-22,RNGC1,2.524
2019-04-22,RNGC2,2.558
2019-04-22,RNGC3,2.616
2019-04-22,RNGC4,2.641
2019-04-23,RNGC1,2.455
2019-04-23,RNGC2,2.499
2019-04-23,RNGC3,2.557
2019-04-23,RNGC4,2.585
2019-04-24,RNGC1,2.462
2019-04-24,RNGC2,2.5
2019-04-24,RNGC3,2.558
2019-04-24,RNGC4,2.585
2019-04-25,RNGC1,2.514
2019-04-25,RNGC2,2.548
2019-04-25,RNGC3,2.602
2019-04-25,RNGC4,2.628
2019-04-26,RNGC1,2.566
2019-04-26,RNGC2,2.58
2019-04-26,RNGC3,2.63
2019-04-26,RNGC4,2.653
2019-04-29,RNGC1,2.593
2019-04-29,RNGC2,2.64
2019-04-29,RNGC3,2.663
2019-04-29,RNGC4,2.656
2019-04-30,RNGC1,2.575
2019-04-30,RNGC2,2.617
2019-04-30,RNGC3,2.641
2019-04-30,RNGC4,2.637
2019-05-01,RNGC1,2.62
2019-05-01,RNGC2,2.658
2019-05-01,RNGC3,2.676
2019-05-01,RNGC4,2.67
2019-05-02,RNGC1,2.589
2019-05-02,RNGC2,2.624
2019-05-02,RNGC3,2.643
2019-05-02,RNGC4,2.639
2019-05-03,RNGC1,2.567
2019-05-03,RNGC2,2.6
2019-05-03,RNGC3,2.616
2019-05-03,RNGC4,2.613
2019-05-06,RNGC1,2.524
2019-05-06,RNGC2,2.56
2019-05-06,RNGC3,2.578
2019-05-06,RNGC4,2.575
2019-05-07,RNGC1,2.537
2019-05-07,RNGC2,2.573
2019-05-07,RNGC3,2.593
2019-05-07,RNGC4,2.591
2019-05-08,RNGC1,2.61
2019-05-08,RNGC2,2.646
2019-05-08,RNGC3,2.666
2019-05-08,RNGC4,2.663
2019-05-09,RNGC1,2.595
2019-05-09,RNGC2,2.631
2019-05-09,RNGC3,2.652
2019-05-09,RNGC4,2.65
2019-05-10,RNGC1,2.619
2019-05-10,RNGC2,2.655
2019-05-10,RNGC3,2.674
2019-05-10,RNGC4,2.671
2019-05-13,RNGC1,2.621
2019-05-13,RNGC2,2.653
2019-05-13,RNGC3,2.671
2019-05-13,RNGC4,2.667
2019-05-14,RNGC1,2.659
2019-05-14,RNGC2,2.689
2019-05-14,RNGC3,2.705
2019-05-14,RNGC4,2.699
2019-05-15,RNGC1,2.601
2019-05-15,RNGC2,2.634
2019-05-15,RNGC3,2.651
2019-05-15,RNGC4,2.646
2019-05-16,RNGC1,2.639
2019-05-16,RNGC2,2.674
2019-05-16,RNGC3,2.689
2019-05-16,RNGC4,2.684
2019-05-17,RNGC1,2.631
2019-05-17,RNGC2,2.664
2019-05-17,RNGC3,2.68
2019-05-17,RNGC4,2.675
2019-05-20,RNGC1,2.673
2019-05-20,RNGC2,2.699
2019-05-20,RNGC3,2.714
2019-05-20,RNGC4,2.709
2019-05-21,RNGC1,2.613
2019-05-21,RNGC2,2.641
2019-05-21,RNGC3,2.656
2019-05-21,RNGC4,2.651
2019-05-22,RNGC1,2.543
2019-05-22,RNGC2,2.559
2019-05-22,RNGC3,2.574
2019-05-22,RNGC4,2.572
2019-05-23,RNGC1,2.578
2019-05-23,RNGC2,2.592
2019-05-23,RNGC3,2.604
2019-05-23,RNGC4,2.6
2019-05-24,RNGC1,2.598
2019-05-24,RNGC2,2.611
2019-05-24,RNGC3,2.621
2019-05-24,RNGC4,2.615
2019-05-27,RNGC1,2.598
2019-05-27,RNGC2,2.611
2019-05-27,RNGC3,2.621
2019-05-27,RNGC4,2.615
2019-05-28,RNGC1,2.582
2019-05-28,RNGC2,2.584
2019-05-28,RNGC3,2.593
2019-05-28,RNGC4,2.587
2019-05-29,RNGC1,2.633
2019-05-29,RNGC2,2.624
2019-05-29,RNGC3,2.632
2019-05-29,RNGC4,2.623
2019-05-30,RNGC1,2.547
2019-05-30,RNGC2,2.557
2019-05-30,RNGC3,2.549
2019-05-30,RNGC4,2.592
2019-05-31,RNGC1,2.454
2019-05-31,RNGC2,2.46
2019-05-31,RNGC3,2.45
2019-05-31,RNGC4,2.499
2019-06-03,RNGC1,2.403
2019-06-03,RNGC2,2.403
2019-06-03,RNGC3,2.392
2019-06-03,RNGC4,2.446
2019-06-04,RNGC1,2.416
2019-06-04,RNGC2,2.419
2019-06-04,RNGC3,2.411
2019-06-04,RNGC4,2.464
2019-06-05,RNGC1,2.378
2019-06-05,RNGC2,2.38
2019-06-05,RNGC3,2.372
2019-06-05,RNGC4,2.425
2019-06-06,RNGC1,2.324
2019-06-06,RNGC2,2.324
2019-06-06,RNGC3,2.315
2019-06-06,RNGC4,2.368
2019-06-07,RNGC1,2.337
2019-06-07,RNGC2,2.331
2019-06-07,RNGC3,2.317
2019-06-07,RNGC4,2.367
2019-06-10,RNGC1,2.357
2019-06-10,RNGC2,2.35
2019-06-10,RNGC3,2.335
2019-06-10,RNGC4,2.382
2019-06-11,RNGC1,2.399
2019-06-11,RNGC2,2.393
2019-06-11,RNGC3,2.377
2019-06-11,RNGC4,2.42
2019-06-12,RNGC1,2.386
2019-06-12,RNGC2,2.381
2019-06-12,RNGC3,2.365
2019-06-12,RNGC4,2.406
2019-06-13,RNGC1,2.325
2019-06-13,RNGC2,2.322
2019-06-13,RNGC3,2.312
2019-06-13,RNGC4,2.358
2019-06-14,RNGC1,2.387
2019-06-14,RNGC2,2.381
2019-06-14,RNGC3,2.371
2019-06-14,RNGC4,2.413
2019-06-17,RNGC1,2.386
2019-06-17,RNGC2,2.373
2019-06-17,RNGC3,2.359
2019-06-17,RNGC4,2.401
2019-06-18,RNGC1,2.328
2019-06-18,RNGC2,2.311
2019-06-18,RNGC3,2.296
2019-06-18,RNGC4,2.336
2019-06-19,RNGC1,2.276
2019-06-19,RNGC2,2.263
2019-06-19,RNGC3,2.245
2019-06-19,RNGC4,2.284
2019-06-20,RNGC1,2.185
2019-06-20,RNGC2,2.166
2019-06-20,RNGC3,2.146
2019-06-20,RNGC4,2.186
2019-06-21,RNGC1,2.186
2019-06-21,RNGC2,2.169
2019-06-21,RNGC3,2.143
2019-06-21,RNGC4,2.182
2019-06-24,RNGC1,2.303
2019-06-24,RNGC2,2.284
2019-06-24,RNGC3,2.256
2019-06-24,RNGC4,2.291
2019-06-25,RNGC1,2.308
2019-06-25,RNGC2,2.286
2019-06-25,RNGC3,2.26
2019-06-25,RNGC4,2.294
2019-06-26,RNGC1,2.291
2019-06-26,RNGC2,2.268
2019-06-26,RNGC3,2.244
2019-06-26,RNGC4,2.275
2019-06-27,RNGC1,2.324
2019-06-27,RNGC2,2.298
2019-06-27,RNGC3,2.325
2019-06-27,RNGC4,2.413
2019-06-28,RNGC1,2.308
2019-06-28,RNGC2,2.282
2019-06-28,RNGC3,2.311
2019-06-28,RNGC4,2.399
2019-07-01,RNGC1,2.267
2019-07-01,RNGC2,2.242
2019-07-01,RNGC3,2.276
2019-07-01,RNGC4,2.37
2019-07-02,RNGC1,2.24
2019-07-02,RNGC2,2.217
2019-07-02,RNGC3,2.249
2019-07-02,RNGC4,2.343
2019-07-03,RNGC1,2.29
2019-07-03,RNGC2,2.263
2019-07-03,RNGC3,2.292
2019-07-03,RNGC4,2.382
2019-07-04,RNGC1,2.29
2019-07-04,RNGC2,2.263
2019-07-04,RNGC3,2.292
2019-07-04,RNGC4,2.382
2019-07-05,RNGC1,2.418
2019-07-05,RNGC2,2.389
2019-07-05,RNGC3,2.415
2019-07-05,RNGC4,2.503
2019-07-08,RNGC1,2.403
2019-07-08,RNGC2,2.384
2019-07-08,RNGC3,2.415
2019-07-08,RNGC4,2.505
2019-07-09,RNGC1,2.425
2019-07-09,RNGC2,2.416
2019-07-09,RNGC3,2.454
2019-07-09,RNGC4,2.548
2019-07-10,RNGC1,2.444
2019-07-10,RNGC2,2.433
2019-07-10,RNGC3,2.47
2019-07-10,RNGC4,2.561
2019-07-11,RNGC1,2.416
2019-07-11,RNGC2,2.401
2019-07-11,RNGC3,2.436
2019-07-11,RNGC4,2.528
2019-07-12,RNGC1,2.453
2019-07-12,RNGC2,2.434
2019-07-12,RNGC3,2.464
2019-07-12,RNGC4,2.557
2019-07-15,RNGC1,2.408
2019-07-15,RNGC2,2.386
2019-07-15,RNGC3,2.418
2019-07-15,RNGC4,2.51
2019-07-16,RNGC1,2.306
2019-07-16,RNGC2,2.286
2019-07-16,RNGC3,2.314
2019-07-16,RNGC4,2.414
2019-07-17,RNGC1,2.304
2019-07-17,RNGC2,2.278
2019-07-17,RNGC3,2.304
2019-07-17,RNGC4,2.404
2019-07-18,RNGC1,2.287
2019-07-18,RNGC2,2.263
2019-07-18,RNGC3,2.29
2019-07-18,RNGC4,2.386
2019-07-19,RNGC1,2.251
2019-07-19,RNGC2,2.228
2019-07-19,RNGC3,2.256
2019-07-19,RNGC4,2.349
2019-07-22,RNGC1,2.312
2019-07-22,RNGC2,2.293
2019-07-22,RNGC3,2.319
2019-07-22,RNGC4,2.407
2019-07-23,RNGC1,2.3
2019-07-23,RNGC2,2.275
2019-07-23,RNGC3,2.301
2019-07-23,RNGC4,2.39
2019-07-24,RNGC1,2.22
2019-07-24,RNGC2,2.202
2019-07-24,RNGC3,2.227
2019-07-24,RNGC4,2.318
2019-07-25,RNGC1,2.244
2019-07-25,RNGC2,2.227
2019-07-25,RNGC3,2.253
2019-07-25,RNGC4,2.339
2019-07-26,RNGC1,2.169
2019-07-26,RNGC2,2.15
2019-07-26,RNGC3,2.177
2019-07-26,RNGC4,2.267
2019-07-29,RNGC1,2.141
2019-07-29,RNGC2,2.116
2019-07-29,RNGC3,2.139
2019-07-29,RNGC4,2.233
2019-07-30,RNGC1,2.137
2019-07-30,RNGC2,2.16
2019-07-30,RNGC3,2.252
2019-07-30,RNGC4,2.447
2019-07-31,RNGC1,2.233
2019-07-31,RNGC2,2.25
2019-07-31,RNGC3,2.33
2019-07-31,RNGC4,2.52
2019-08-01,RNGC1,2.202
2019-08-01,RNGC2,2.212
2019-08-01,RNGC3,2.293
2019-08-01,RNGC4,2.488
2019-08-02,RNGC1,2.121
2019-08-02,RNGC2,2.13
2019-08-02,RNGC3,2.213
2019-08-02,RNGC4,2.413
2019-08-05,RNGC1,2.07
2019-08-05,RNGC2,2.083
2019-08-05,RNGC3,2.169
2019-08-05,RNGC4,2.372
2019-08-06,RNGC1,2.111
2019-08-06,RNGC2,2.124
2019-08-06,RNGC3,2.204
2019-08-06,RNGC4,2.403
2019-08-07,RNGC1,2.083
2019-08-07,RNGC2,2.099
2019-08-07,RNGC3,2.184
2019-08-07,RNGC4,2.378
2019-08-08,RNGC1,2.128
2019-08-08,RNGC2,2.146
2019-08-08,RNGC3,2.228
2019-08-08,RNGC4,2.418
2019-08-09,RNGC1,2.119
2019-08-09,RNGC2,2.133
2019-08-09,RNGC3,2.214
2019-08-09,RNGC4,2.406
2019-08-12,RNGC1,2.105
2019-08-12,RNGC2,2.117
2019-08-12,RNGC3,2.194
2019-08-12,RNGC4,2.383
2019-08-13,RNGC1,2.147
2019-08-13,RNGC2,2.159
2019-08-13,RNGC3,2.232
2019-08-13,RNGC4,2.417
2019-08-14,RNGC1,2.143
2019-08-14,RNGC2,2.154
2019-08-14,RNGC3,2.228
2019-08-14,RNGC4,2.416
2019-08-15,RNGC1,2.232
2019-08-15,RNGC2,2.237
2019-08-15,RNGC3,2.304
2019-08-15,RNGC4,2.483
2019-08-16,RNGC1,2.2
2019-08-16,RNGC2,2.207
2019-08-16,RNGC3,2.273
2019-08-16,RNGC4,2.451
2019-08-19,RNGC1,2.21
2019-08-19,RNGC2,2.213
2019-08-19,RNGC3,2.272
2019-08-19,RNGC4,2.447
2019-08-20,RNGC1,2.218
2019-08-20,RNGC2,2.219
2019-08-20,RNGC3,2.279
2019-08-20,RNGC4,2.455
2019-08-21,RNGC1,2.17
2019-08-21,RNGC2,2.177
2019-08-21,RNGC3,2.239
2019-08-21,RNGC4,2.421
2019-08-22,RNGC1,2.159
2019-08-22,RNGC2,2.163
2019-08-22,RNGC3,2.222
2019-08-22,RNGC4,2.406
2019-08-23,RNGC1,2.152
2019-08-23,RNGC2,2.156
2019-08-23,RNGC3,2.212
2019-08-23,RNGC4,2.395
2019-08-26,RNGC1,2.23
2019-08-26,RNGC2,2.233
2019-08-26,RNGC3,2.285
2019-08-26,RNGC4,2.463
2019-08-27,RNGC1,2.202
2019-08-27,RNGC2,2.192
2019-08-27,RNGC3,2.245
2019-08-27,RNGC4,2.426
2019-08-28,RNGC1,2.251
2019-08-28,RNGC2,2.222
2019-08-28,RNGC3,2.274
2019-08-28,RNGC4,2.452
2019-08-29,RNGC1,2.296
2019-08-29,RNGC2,2.342
2019-08-29,RNGC3,2.512
2019-08-29,RNGC4,2.617
2019-08-30,RNGC1,2.285
2019-08-30,RNGC2,2.324
2019-08-30,RNGC3,2.485
2019-08-30,RNGC4,2.588
2019-09-02,RNGC1,2.285
2019-09-02,RNGC2,2.324
2019-09-02,RNGC3,2.485
2019-09-02,RNGC4,2.588
2019-09-03,RNGC1,2.358
2019-09-03,RNGC2,2.397
2019-09-03,RNGC3,2.55
2019-09-03,RNGC4,2.651
2019-09-04,RNGC1,2.445
2019-09-04,RNGC2,2.492
2019-09-04,RNGC3,2.631
2019-09-04,RNGC4,2.727
2019-09-05,RNGC1,2.435
2019-09-05,RNGC2,2.491
2019-09-05,RNGC3,2.641
2019-09-05,RNGC4,2.741
2019-09-06,RNGC1,2.496
2019-09-06,RNGC2,2.551
2019-09-06,RNGC3,2.699
2019-09-06,RNGC4,2.795
2019-09-09,RNGC1,2.585
2019-09-09,RNGC2,2.625
2019-09-09,RNGC3,2.768
2019-09-09,RNGC4,2.859
2019-09-10,RNGC1,2.58
2019-09-10,RNGC2,2.62
2019-09-10,RNGC3,2.78
2019-09-10,RNGC4,2.877
2019-09-11,RNGC1,2.552
2019-09-11,RNGC2,2.589
2019-09-11,RNGC3,2.751
2019-09-11,RNGC4,2.851
2019-09-12,RNGC1,2.574
2019-09-12,RNGC2,2.605
2019-09-12,RNGC3,2.758
2019-09-12,RNGC4,2.857
2019-09-13,RNGC1,2.614
2019-09-13,RNGC2,2.653
2019-09-13,RNGC3,2.8
2019-09-13,RNGC4,2.898
2019-09-16,RNGC1,2.681
2019-09-16,RNGC2,2.725
2019-09-16,RNGC3,2.867
2019-09-16,RNGC4,2.963
2019-09-17,RNGC1,2.668
2019-09-17,RNGC2,2.7
2019-09-17,RNGC3,2.84
2019-09-17,RNGC4,2.94
2019-09-18,RNGC1,2.637
2019-09-18,RNGC2,2.665
2019-09-18,RNGC3,2.803
2019-09-18,RNGC4,2.906
2019-09-19,RNGC1,2.538
2019-09-19,RNGC2,2.569
2019-09-19,RNGC3,2.726
2019-09-19,RNGC4,2.828
2019-09-20,RNGC1,2.534
2019-09-20,RNGC2,2.555
2019-09-20,RNGC3,2.705
2019-09-20,RNGC4,2.811
2019-09-23,RNGC1,2.527
2019-09-23,RNGC2,2.555
2019-09-23,RNGC3,2.701
2019-09-23,RNGC4,2.807
2019-09-24,RNGC1,2.503
2019-09-24,RNGC2,2.525
2019-09-24,RNGC3,2.681
2019-09-24,RNGC4,2.789
2019-09-25,RNGC1,2.502
2019-09-25,RNGC2,2.518
2019-09-25,RNGC3,2.668
2019-09-25,RNGC4,2.774
2019-09-26,RNGC1,2.428
2019-09-26,RNGC2,2.443
2019-09-26,RNGC3,2.596
2019-09-26,RNGC4,2.711
2019-09-27,RNGC1,2.404
2019-09-27,RNGC2,2.565
2019-09-27,RNGC3,2.681
2019-09-27,RNGC4,2.646
2019-09-30,RNGC1,2.33
2019-09-30,RNGC2,2.504
2019-09-30,RNGC3,2.622
2019-09-30,RNGC4,2.588
2019-10-01,RNGC1,2.283
2019-10-01,RNGC2,2.48
2019-10-01,RNGC3,2.611
2019-10-01,RNGC4,2.58
2019-10-02,RNGC1,2.247
2019-10-02,RNGC2,2.451
2019-10-02,RNGC3,2.584
2019-10-02,RNGC4,2.555
2019-10-03,RNGC1,2.329
2019-10-03,RNGC2,2.5
2019-10-03,RNGC3,2.621
2019-10-03,RNGC4,2.589
2019-10-04,RNGC1,2.352
2019-10-04,RNGC2,2.524
2019-10-04,RNGC3,2.648
2019-10-04,RNGC4,2.614
2019-10-07,RNGC1,2.303
2019-10-07,RNGC2,2.5
2019-10-07,RNGC3,2.63
2019-10-07,RNGC4,2.595
2019-10-08,RNGC1,2.288
2019-10-08,RNGC2,2.491
2019-10-08,RNGC3,2.623
2019-10-08,RNGC4,2.584
2019-10-09,RNGC1,2.234
2019-10-09,RNGC2,2.436
2019-10-09,RNGC3,2.568
2019-10-09,RNGC4,2.537
2019-10-10,RNGC1,2.218
2019-10-10,RNGC2,2.417
2019-10-10,RNGC3,2.548
2019-10-10,RNGC4,2.516
2019-10-11,RNGC1,2.214
2019-10-11,RNGC2,2.457
2019-10-11,RNGC3,2.591
2019-10-11,RNGC4,2.552
2019-10-14,RNGC1,2.28
2019-10-14,RNGC2,2.498
2019-10-14,RNGC3,2.622
2019-10-14,RNGC4,2.583
2019-10-15,RNGC1,2.339
2019-10-15,RNGC2,2.532
2019-10-15,RNGC3,2.647
2019-10-15,RNGC4,2.609
2019-10-16,RNGC1,2.303
2019-10-16,RNGC2,2.495
2019-10-16,RNGC3,2.612
2019-10-16,RNGC4,2.575
2019-10-17,RNGC1,2.318
2019-10-17,RNGC2,2.516
2019-10-17,RNGC3,2.633
2019-10-17,RNGC4,2.598
2019-10-18,RNGC1,2.32
2019-10-18,RNGC2,2.517
2019-10-18,RNGC3,2.635
2019-10-18,RNGC4,2.603
2019-10-21,RNGC1,2.238
2019-10-21,RNGC2,2.441
2019-10-21,RNGC3,2.566
2019-10-21,RNGC4,2.538
2019-10-22,RNGC1,2.272
2019-10-22,RNGC2,2.449
2019-10-22,RNGC3,2.568
2019-10-22,RNGC4,2.531
2019-10-23,RNGC1,2.282
2019-10-23,RNGC2,2.427
2019-10-23,RNGC3,2.532
2019-10-23,RNGC4,2.499
2019-10-24,RNGC1,2.316
2019-10-24,RNGC2,2.465
2019-10-24,RNGC3,2.567
2019-10-24,RNGC4,2.533
2019-10-25,RNGC1,2.3
2019-10-25,RNGC2,2.459
2019-10-25,RNGC3,2.561
2019-10-25,RNGC4,2.525
2019-10-28,RNGC1,2.446
2019-10-28,RNGC2,2.555
2019-10-28,RNGC3,2.647
2019-10-28,RNGC4,2.606
2019-10-29,RNGC1,2.597
2019-10-29,RNGC2,2.639
2019-10-29,RNGC3,2.724
2019-10-29,RNGC4,2.678
2019-10-30,RNGC1,2.691
2019-10-30,RNGC2,2.781
2019-10-30,RNGC3,2.737
2019-10-30,RNGC4,2.598
2019-10-31,RNGC1,2.633
2019-10-31,RNGC2,2.732
2019-10-31,RNGC3,2.697
2019-10-31,RNGC4,2.568
2019-11-01,RNGC1,2.714
2019-11-01,RNGC2,2.802
2019-11-01,RNGC3,2.762
2019-11-01,RNGC4,2.631
2019-11-04,RNGC1,2.821
2019-11-04,RNGC2,2.898
2019-11-04,RNGC3,2.849
2019-11-04,RNGC4,2.705
2019-11-05,RNGC1,2.862
2019-11-05,RNGC2,2.94
2019-11-05,RNGC3,2.886
2019-11-05,RNGC4,2.724
2019-11-06,RNGC1,2.828
2019-11-06,RNGC2,2.907
2019-11-06,RNGC3,2.858
2019-11-06,RNGC4,2.696
2019-11-07,RNGC1,2.772
2019-11-07,RNGC2,2.859
2019-11-07,RNGC3,2.817
2019-11-07,RNGC4,2.654
2019-11-08,RNGC1,2.789
2019-11-08,RNGC2,2.873
2019-11-08,RNGC3,2.822
2019-11-08,RNGC4,2.661
2019-11-11,RNGC1,2.637
2019-11-11,RNGC2,2.728
2019-11-11,RNGC3,2.687
2019-11-11,RNGC4,2.559
2019-11-12,RNGC1,2.621
2019-11-12,RNGC2,2.714
2019-11-12,RNGC3,2.668
2019-11-12,RNGC4,2.547
2019-11-13,RNGC1,2.6
2019-11-13,RNGC2,2.692
2019-11-13,RNGC3,2.65
2019-11-13,RNGC4,2.536
2019-11-14,RNGC1,2.647
2019-11-14,RNGC2,2.719
2019-11-14,RNGC3,2.666
2019-11-14,RNGC4,2.549
2019-11-15,RNGC1,2.688
2019-11-15,RNGC2,2.75
2019-11-15,RNGC3,2.695
2019-11-15,RNGC4,2.569
2019-11-18,RNGC1,2.566
2019-11-18,RNGC2,2.63
2019-11-18,RNGC3,2.585
2019-11-18,RNGC4,2.482
2019-11-19,RNGC1,2.51
2019-11-19,RNGC2,2.576
2019-11-19,RNGC3,2.529
2019-11-19,RNGC4,2.435
2019-11-20,RNGC1,2.559
2019-11-20,RNGC2,2.611
2019-11-20,RNGC3,2.562
2019-11-20,RNGC4,2.459
2019-11-21,RNGC1,2.567
2019-11-21,RNGC2,2.622
2019-11-21,RNGC3,2.569
2019-11-21,RNGC4,2.462
2019-11-22,RNGC1,2.665
2019-11-22,RNGC2,2.71
2019-11-22,RNGC3,2.655
2019-11-22,RNGC4,2.529
2019-11-25,RNGC1,2.531
2019-11-25,RNGC2,2.584
2019-11-25,RNGC3,2.541
2019-11-25,RNGC4,2.448
2019-11-26,RNGC1,2.47
2019-11-26,RNGC2,2.533
2019-11-26,RNGC3,2.501
2019-11-26,RNGC4,2.41
2019-11-27,RNGC1,2.501
2019-11-27,RNGC2,2.47
2019-11-27,RNGC3,2.383
2019-11-27,RNGC4,2.272
2019-11-28,RNGC1,2.501
2019-11-28,RNGC2,2.47
2019-11-28,RNGC3,2.383
2019-11-28,RNGC4,2.272
2019-11-29,RNGC1,2.281
2019-11-29,RNGC2,2.262
2019-11-29,RNGC3,2.198
2019-11-29,RNGC4,2.136
2019-12-02,RNGC1,2.329
2019-12-02,RNGC2,2.308
2019-12-02,RNGC3,2.242
2019-12-02,RNGC4,2.165
2019-12-03,RNGC1,2.441
2019-12-03,RNGC2,2.405
2019-12-03,RNGC3,2.307
2019-12-03,RNGC4,2.192
2019-12-04,RNGC1,2.399
2019-12-04,RNGC2,2.374
2019-12-04,RNGC3,2.288
2019-12-04,RNGC4,2.192
2019-12-05,RNGC1,2.427
2019-12-05,RNGC2,2.398
2019-12-05,RNGC3,2.312
2019-12-05,RNGC4,2.211
2019-12-06,RNGC1,2.334
2019-12-06,RNGC2,2.319
2019-12-06,RNGC3,2.249
2019-12-06,RNGC4,2.168
2019-12-09,RNGC1,2.232
2019-12-09,RNGC2,2.234
2019-12-09,RNGC3,2.193
2019-12-09,RNGC4,2.145
2019-12-10,RNGC1,2.264
2019-12-10,RNGC2,2.263
2019-12-10,RNGC3,2.218
2019-12-10,RNGC4,2.165
2019-12-11,RNGC1,2.243
2019-12-11,RNGC2,2.243
2019-12-11,RNGC3,2.2
2019-12-11,RNGC4,2.148
2019-12-12,RNGC1,2.328
2019-12-12,RNGC2,2.32
2019-12-12,RNGC3,2.271
2019-12-12,RNGC4,2.2
2019-12-13,RNGC1,2.296
2019-12-13,RNGC2,2.282
2019-12-13,RNGC3,2.228
2019-12-13,RNGC4,2.17
2019-12-16,RNGC1,2.341
2019-12-16,RNGC2,2.326
2019-12-16,RNGC3,2.265
2019-12-16,RNGC4,2.2
2019-12-17,RNGC1,2.319
2019-12-17,RNGC2,2.303
2019-12-17,RNGC3,2.244
2019-12-17,RNGC4,2.191
2019-12-18,RNGC1,2.286
2019-12-18,RNGC2,2.264
2019-12-18,RNGC3,2.211
2019-12-18,RNGC4,2.167
2019-12-19,RNGC1,2.273
2019-12-19,RNGC2,2.265
2019-12-19,RNGC3,2.207
2019-12-19,RNGC4,2.168
2019-12-20,RNGC1,2.328
2019-12-20,RNGC2,2.31
2019-12-20,RNGC3,2.24
2019-12-20,RNGC4,2.194
2019-12-23,RNGC1,2.214
2019-12-23,RNGC2,2.217
2019-12-23,RNGC3,2.166
2019-12-23,RNGC4,2.145
2019-12-24,RNGC1,2.172
2019-12-24,RNGC2,2.187
2019-12-24,RNGC3,2.138
2019-12-24,RNGC4,2.123
2019-12-25,RNGC1,2.172
2019-12-25,RNGC2,2.187
2019-12-25,RNGC3,2.138
2019-12-25,RNGC4,2.123
2019-12-26,RNGC1,2.294
2019-12-26,RNGC2,2.285
2019-12-26,RNGC3,2.213
2019-12-26,RNGC4,2.185
2019-12-27,RNGC1,2.158
2019-12-27,RNGC2,2.231
2019-12-27,RNGC3,2.173
2019-12-27,RNGC4,2.16
2019-12-30,RNGC1,2.186
2019-12-30,RNGC2,2.157
2019-12-30,RNGC3,2.149
2019-12-30,RNGC4,2.185
2019-12-31,RNGC1,2.189
2019-12-31,RNGC2,2.158
2019-12-31,RNGC3,2.149
2019-12-31,RNGC4,2.188
2020-01-02,RNGC1,2.122
2020-01-02,RNGC2,2.093
2020-01-02,RNGC3,2.098
2020-01-02,RNGC4,2.142
2020-01-03,RNGC1,2.13
2020-01-03,RNGC2,2.112
2020-01-03,RNGC3,2.113
2020-01-03,RNGC4,2.156
2020-01-06,RNGC1,2.135
2020-01-06,RNGC2,2.134
2020-01-06,RNGC3,2.135
2020-01-06,RNGC4,2.176
2020-01-07,RNGC1,2.162
2020-01-07,RNGC2,2.153
2020-01-07,RNGC3,2.146
2020-01-07,RNGC4,2.183
2020-01-08,RNGC1,2.141
2020-01-08,RNGC2,2.134
2020-01-08,RNGC3,2.135
2020-01-08,RNGC4,2.177
2020-01-09,RNGC1,2.166
2020-01-09,RNGC2,2.148
2020-01-09,RNGC3,2.15
2020-01-09,RNGC4,2.191
2020-01-10,RNGC1,2.202
2020-01-10,RNGC2,2.168
2020-01-10,RNGC3,2.164
2020-01-10,RNGC4,2.199
2020-01-13,RNGC1,2.182
2020-01-13,RNGC2,2.158
2020-01-13,RNGC3,2.163
2020-01-13,RNGC4,2.203
2020-01-14,RNGC1,2.187
2020-01-14,RNGC2,2.151
2020-01-14,RNGC3,2.154
2020-01-14,RNGC4,2.194
2020-01-15,RNGC1,2.12
2020-01-15,RNGC2,2.083
2020-01-15,RNGC3,2.097
2020-01-15,RNGC4,2.144
2020-01-16,RNGC1,2.077
2020-01-16,RNGC2,2.046
2020-01-16,RNGC3,2.064
2020-01-16,RNGC4,2.116
2020-01-17,RNGC1,2.003
2020-01-17,RNGC2,1.985
2020-01-17,RNGC3,2.011
2020-01-17,RNGC4,2.066
2020-01-21,RNGC1,1.895
2020-01-21,RNGC2,1.889
2020-01-21,RNGC3,1.93
2020-01-21,RNGC4,1.989
2020-01-22,RNGC1,1.905
2020-01-22,RNGC2,1.9
2020-01-22,RNGC3,1.935
2020-01-22,RNGC4,1.992
2020-01-23,RNGC1,1.926
2020-01-23,RNGC2,1.904
2020-01-23,RNGC3,1.94
2020-01-23,RNGC4,1.997
2020-01-24,RNGC1,1.893
2020-01-24,RNGC2,1.87
2020-01-24,RNGC3,1.908
2020-01-24,RNGC4,1.968
2020-01-27,RNGC1,1.902
2020-01-27,RNGC2,1.878
2020-01-27,RNGC3,1.915
2020-01-27,RNGC4,1.977
2020-01-28,RNGC1,1.934
2020-01-28,RNGC2,1.908
2020-01-28,RNGC3,1.945
2020-01-28,RNGC4,2.006
2020-01-29,RNGC1,1.877
2020-01-29,RNGC2,1.865
2020-01-29,RNGC3,1.909
2020-01-29,RNGC4,1.971
2020-01-30,RNGC1,1.829
2020-01-30,RNGC2,1.872
2020-01-30,RNGC3,1.933
2020-01-30,RNGC4,2.002
2020-01-31,RNGC1,1.841
2020-01-31,RNGC2,1.886
2020-01-31,RNGC3,1.946
2020-01-31,RNGC4,2.015
2020-02-03,RNGC1,1.819
2020-02-03,RNGC2,1.862
2020-02-03,RNGC3,1.918
2020-02-03,RNGC4,1.984
2020-02-04,RNGC1,1.872
2020-02-04,RNGC2,1.902
2020-02-04,RNGC3,1.952
2020-02-04,RNGC4,2.015
2020-02-05,RNGC1,1.861
2020-02-05,RNGC2,1.887
2020-02-05,RNGC3,1.937
2020-02-05,RNGC4,1.997
2020-02-06,RNGC1,1.862
2020-02-06,RNGC2,1.887
2020-02-06,RNGC3,1.94
2020-02-06,RNGC4,2.001
2020-02-07,RNGC1,1.858
2020-02-07,RNGC2,1.892
2020-02-07,RNGC3,1.951
2020-02-07,RNGC4,2.015
2020-02-10,RNGC1,1.766
2020-02-10,RNGC2,1.804
2020-02-10,RNGC3,1.869
2020-02-10,RNGC4,1.937
2020-02-11,RNGC1,1.788
2020-02-11,RNGC2,1.823
2020-02-11,RNGC3,1.882
2020-02-11,RNGC4,1.952
2020-02-12,RNGC1,1.844
2020-02-12,RNGC2,1.874
2020-02-12,RNGC3,1.929
2020-02-12,RNGC4,1.999
2020-02-13,RNGC1,1.826
2020-02-13,RNGC2,1.856
2020-02-13,RNGC3,1.913
2020-02-13,RNGC4,1.982
2020-02-14,RNGC1,1.837
2020-02-14,RNGC2,1.856
2020-02-14,RNGC3,1.904
2020-02-14,RNGC4,1.967
2020-02-18,RNGC1,1.981
2020-02-18,RNGC2,1.971
2020-02-18,RNGC3,2.006
2020-02-18,RNGC4,2.051
2020-02-19,RNGC1,1.955
2020-02-19,RNGC2,1.971
2020-02-19,RNGC3,2.008
2020-02-19,RNGC4,2.058
2020-02-20,RNGC1,1.92
2020-02-20,RNGC2,1.931
2020-02-20,RNGC3,1.974
2020-02-20,RNGC4,2.025
2020-02-21,RNGC1,1.905
2020-02-21,RNGC2,1.917
2020-02-21,RNGC3,1.959
2020-02-21,RNGC4,2.01
2020-02-24,RNGC1,1.827
2020-02-24,RNGC2,1.843
2020-02-24,RNGC3,1.89
2020-02-24,RNGC4,1.95
2020-02-25,RNGC1,1.847
2020-02-25,RNGC2,1.851
2020-02-25,RNGC3,1.896
2020-02-25,RNGC4,1.958
2020-02-26,RNGC1,1.821
2020-02-26,RNGC2,1.837
2020-02-26,RNGC3,1.88
2020-02-26,RNGC4,1.942
2020-02-27,RNGC1,1.752
2020-02-27,RNGC2,1.8
2020-02-27,RNGC3,1.868
2020-02-27,RNGC4,1.952
2020-02-28,RNGC1,1.684
2020-02-28,RNGC2,1.732
2020-02-28,RNGC3,1.799
2020-02-28,RNGC4,1.881
2020-03-02,RNGC1,1.756
2020-03-02,RNGC2,1.797
2020-03-02,RNGC3,1.858
2020-03-02,RNGC4,1.935
2020-03-03,RNGC1,1.8
2020-03-03,RNGC2,1.838
2020-03-03,RNGC3,1.897
2020-03-03,RNGC4,1.974
2020-03-04,RNGC1,1.827
2020-03-04,RNGC2,1.865
2020-03-04,RNGC3,1.925
2020-03-04,RNGC4,2.003
2020-03-05,RNGC1,1.772
2020-03-05,RNGC2,1.813
2020-03-05,RNGC3,1.876
2020-03-05,RNGC4,1.955
2020-03-06,RNGC1,1.708
2020-03-06,RNGC2,1.748
2020-03-06,RNGC3,1.816
2020-03-06,RNGC4,1.902
2020-03-09,RNGC1,1.778
2020-03-09,RNGC2,1.819
2020-03-09,RNGC3,1.895
2020-03-09,RNGC4,1.987
2020-03-10,RNGC1,1.936
2020-03-10,RNGC2,1.985
2020-03-10,RNGC3,2.055
2020-03-10,RNGC4,2.146
2020-03-11,RNGC1,1.878
2020-03-11,RNGC2,1.921
2020-03-11,RNGC3,1.995
2020-03-11,RNGC4,2.089
2020-03-12,RNGC1,1.841
2020-03-12,RNGC2,1.885
2020-03-12,RNGC3,1.965
2020-03-12,RNGC4,2.065
2020-03-13,RNGC1,1.869
2020-03-13,RNGC2,1.901
2020-03-13,RNGC3,1.968
2020-03-13,RNGC4,2.065
2020-03-16,RNGC1,1.815
2020-03-16,RNGC2,1.853
2020-03-16,RNGC3,1.917
2020-03-16,RNGC4,2.011
2020-03-17,RNGC1,1.729
2020-03-17,RNGC2,1.769
2020-03-17,RNGC3,1.852
2020-03-17,RNGC4,1.96
2020-03-18,RNGC1,1.604
2020-03-18,RNGC2,1.647
2020-03-18,RNGC3,1.74
2020-03-18,RNGC4,1.854
2020-03-19,RNGC1,1.654
2020-03-19,RNGC2,1.726
2020-03-19,RNGC3,1.821
2020-03-19,RNGC4,1.937
2020-03-20,RNGC1,1.604
2020-03-20,RNGC2,1.675
2020-03-20,RNGC3,1.765
2020-03-20,RNGC4,1.877
2020-03-23,RNGC1,1.602
2020-03-23,RNGC2,1.673
2020-03-23,RNGC3,1.782
2020-03-23,RNGC4,1.909
2020-03-24,RNGC1,1.653
2020-03-24,RNGC2,1.729
2020-03-24,RNGC3,1.836
2020-03-24,RNGC4,1.96
2020-03-25,RNGC1,1.659
2020-03-25,RNGC2,1.714
2020-03-25,RNGC3,1.826
2020-03-25,RNGC4,1.961
2020-03-26,RNGC1,1.637
2020-03-26,RNGC2,1.689
2020-03-26,RNGC3,1.802
2020-03-26,RNGC4,1.94
2020-03-27,RNGC1,1.634
2020-03-27,RNGC2,1.671
2020-03-27,RNGC3,1.775
2020-03-27,RNGC4,1.907
2020-03-30,RNGC1,1.69
2020-03-30,RNGC2,1.794
2020-03-30,RNGC3,1.931
2020-03-30,RNGC4,1.989
2020-03-31,RNGC1,1.64
2020-03-31,RNGC2,1.756
2020-03-31,RNGC3,1.912
2020-03-31,RNGC4,1.978
2020-04-01,RNGC1,1.587
2020-04-01,RNGC2,1.712
2020-04-01,RNGC3,1.886
2020-04-01,RNGC4,1.958
2020-04-02,RNGC1,1.552
2020-04-02,RNGC2,1.672
2020-04-02,RNGC3,1.847
2020-04-02,RNGC4,1.919
2020-04-03,RNGC1,1.621
2020-04-03,RNGC2,1.738
2020-04-03,RNGC3,1.919
2020-04-03,RNGC4,1.987
2020-04-06,RNGC1,1.731
2020-04-06,RNGC2,1.844
2020-04-06,RNGC3,1.989
2020-04-06,RNGC4,2.051
2020-04-07,RNGC1,1.852
2020-04-07,RNGC2,1.949
2020-04-07,RNGC3,2.063
2020-04-07,RNGC4,2.118
2020-04-08,RNGC1,1.783
2020-04-08,RNGC2,1.896
2020-04-08,RNGC3,2.052
2020-04-08,RNGC4,2.11
2020-04-09,RNGC1,1.733
2020-04-09,RNGC2,1.863
2020-04-09,RNGC3,2.06
2020-04-09,RNGC4,2.128
2020-04-13,RNGC1,1.724
2020-04-13,RNGC2,1.879
2020-04-13,RNGC3,2.078
2020-04-13,RNGC4,2.15
2020-04-14,RNGC1,1.65
2020-04-14,RNGC2,1.826
2020-04-14,RNGC3,2.026
2020-04-14,RNGC4,2.105
2020-04-15,RNGC1,1.598
2020-04-15,RNGC2,1.748
2020-04-15,RNGC3,1.946
2020-04-15,RNGC4,2.037
2020-04-16,RNGC1,1.686
2020-04-16,RNGC2,1.845
2020-04-16,RNGC3,2.035
2020-04-16,RNGC4,2.121
2020-04-17,RNGC1,1.753
2020-04-17,RNGC2,1.903
2020-04-17,RNGC3,2.074
2020-04-17,RNGC4,2.154
2020-04-20,RNGC1,1.924
2020-04-20,RNGC2,2.049
2020-04-20,RNGC3,2.231
2020-04-20,RNGC4,2.312
2020-04-21,RNGC1,1.821
2020-04-21,RNGC2,1.984
2020-04-21,RNGC3,2.175
2020-04-21,RNGC4,2.266
2020-04-22,RNGC1,1.939
2020-04-22,RNGC2,2.053
2020-04-22,RNGC3,2.236
2020-04-22,RNGC4,2.32
2020-04-23,RNGC1,1.815
2020-04-23,RNGC2,1.942
2020-04-23,RNGC3,2.155
2020-04-23,RNGC4,2.252
2020-04-24,RNGC1,1.746
2020-04-24,RNGC2,1.895
2020-04-24,RNGC3,2.128
2020-04-24,RNGC4,2.224
2020-04-27,RNGC1,1.819
2020-04-27,RNGC2,1.916
2020-04-27,RNGC3,2.153
2020-04-27,RNGC4,2.256
2020-04-28,RNGC1,1.794
2020-04-28,RNGC2,1.948
2020-04-28,RNGC3,2.17
2020-04-28,RNGC4,2.27
2020-04-29,RNGC1,1.869
2020-04-29,RNGC2,2.091
2020-04-29,RNGC3,2.196
2020-04-29,RNGC4,2.255
2020-04-30,RNGC1,1.949
2020-04-30,RNGC2,2.17
2020-04-30,RNGC3,2.275
2020-04-30,RNGC4,2.331
2020-05-01,RNGC1,1.89
2020-05-01,RNGC2,2.134
2020-05-01,RNGC3,2.242
2020-05-01,RNGC4,2.302
2020-05-04,RNGC1,1.993
2020-05-04,RNGC2,2.23
2020-05-04,RNGC3,2.33
2020-05-04,RNGC4,2.39
2020-05-05,RNGC1,2.134
2020-05-05,RNGC2,2.312
2020-05-05,RNGC3,2.388
2020-05-05,RNGC4,2.43
2020-05-06,RNGC1,1.944
2020-05-06,RNGC2,2.171
2020-05-06,RNGC3,2.254
2020-05-06,RNGC4,2.308
2020-05-07,RNGC1,1.894
2020-05-07,RNGC2,2.127
2020-05-07,RNGC3,2.202
2020-05-07,RNGC4,2.256
2020-05-08,RNGC1,1.823
2020-05-08,RNGC2,2.077
2020-05-08,RNGC3,2.153
2020-05-08,RNGC4,2.207
2020-05-11,RNGC1,1.826
2020-05-11,RNGC2,2.085
2020-05-11,RNGC3,2.16
2020-05-11,RNGC4,2.213
2020-05-12,RNGC1,1.72
2020-05-12,RNGC2,1.965
2020-05-12,RNGC3,2.053
2020-05-12,RNGC4,2.117
2020-05-13,RNGC1,1.616
2020-05-13,RNGC2,1.856
2020-05-13,RNGC3,1.957
2020-05-13,RNGC4,2.018
2020-05-14,RNGC1,1.681
2020-05-14,RNGC2,1.884
2020-05-14,RNGC3,1.985
2020-05-14,RNGC4,2.043
2020-05-15,RNGC1,1.646
2020-05-15,RNGC2,1.833
2020-05-15,RNGC3,1.935
2020-05-15,RNGC4,2.0
2020-05-18,RNGC1,1.783
2020-05-18,RNGC2,1.959
2020-05-18,RNGC3,2.05
2020-05-18,RNGC4,2.11
2020-05-19,RNGC1,1.83
2020-05-19,RNGC2,1.985
2020-05-19,RNGC3,2.064
2020-05-19,RNGC4,2.122
2020-05-20,RNGC1,1.771
2020-05-20,RNGC2,1.909
2020-05-20,RNGC3,1.997
2020-05-20,RNGC4,2.06
2020-05-21,RNGC1,1.71
2020-05-21,RNGC2,1.852
2020-05-21,RNGC3,1.933
2020-05-21,RNGC4,1.993
2020-05-22,RNGC1,1.731
2020-05-22,RNGC2,1.881
2020-05-22,RNGC3,1.958
2020-05-22,RNGC4,2.013
2020-05-26,RNGC1,1.793
2020-05-26,RNGC2,1.945
2020-05-26,RNGC3,2.019
2020-05-26,RNGC4,2.069
2020-05-27,RNGC1,1.722
2020-05-27,RNGC2,1.886
2020-05-27,RNGC3,1.972
2020-05-27,RNGC4,2.024
2020-05-28,RNGC1,1.827
2020-05-28,RNGC2,1.919
2020-05-28,RNGC3,1.975
2020-05-28,RNGC4,2.058
2020-05-29,RNGC1,1.849
2020-05-29,RNGC2,1.94
2020-05-29,RNGC3,1.988
2020-05-29,RNGC4,2.068
2020-06-01,RNGC1,1.774
2020-06-01,RNGC2,1.871
2020-06-01,RNGC3,1.924
2020-06-01,RNGC4,2.009
2020-06-02,RNGC1,1.777
2020-06-02,RNGC2,1.876
2020-06-02,RNGC3,1.935
2020-06-02,RNGC4,2.021
2020-06-03,RNGC1,1.821
2020-06-03,RNGC2,1.915
2020-06-03,RNGC3,1.969
2020-06-03,RNGC4,2.053
2020-06-04,RNGC1,1.822
2020-06-04,RNGC2,1.917
2020-06-04,RNGC3,1.968
2020-06-04,RNGC4,2.052
2020-06-05,RNGC1,1.782
2020-06-05,RNGC2,1.886
2020-06-05,RNGC3,1.941
2020-06-05,RNGC4,2.028
2020-06-08,RNGC1,1.789
2020-06-08,RNGC2,1.892
2020-06-08,RNGC3,1.947
2020-06-08,RNGC4,2.036
2020-06-09,RNGC1,1.767
2020-06-09,RNGC2,1.863
2020-06-09,RNGC3,1.918
2020-06-09,RNGC4,2.009
2020-06-10,RNGC1,1.78
2020-06-10,RNGC2,1.87
2020-06-10,RNGC3,1.925
2020-06-10,RNGC4,2.018
2020-06-11,RNGC1,1.813
2020-06-11,RNGC2,1.9
2020-06-11,RNGC3,1.954
2020-06-11,RNGC4,2.045
2020-06-12,RNGC1,1.731
2020-06-12,RNGC2,1.815
2020-06-12,RNGC3,1.865
2020-06-12,RNGC4,1.96
2020-06-15,RNGC1,1.669
2020-06-15,RNGC2,1.76
2020-06-15,RNGC3,1.814
2020-06-15,RNGC4,1.917
2020-06-16,RNGC1,1.614
2020-06-16,RNGC2,1.701
2020-06-16,RNGC3,1.756
2020-06-16,RNGC4,1.868
2020-06-17,RNGC1,1.638
2020-06-17,RNGC2,1.727
2020-06-17,RNGC3,1.784
2020-06-17,RNGC4,1.9
2020-06-18,RNGC1,1.638
2020-06-18,RNGC2,1.728
2020-06-18,RNGC3,1.784
2020-06-18,RNGC4,1.898
2020-06-19,RNGC1,1.669
2020-06-19,RNGC2,1.748
2020-06-19,RNGC3,1.799
2020-06-19,RNGC4,1.904
2020-06-22,RNGC1,1.664
2020-06-22,RNGC2,1.738
2020-06-22,RNGC3,1.787
2020-06-22,RNGC4,1.888
2020-06-23,RNGC1,1.637
2020-06-23,RNGC2,1.691
2020-06-23,RNGC3,1.74
2020-06-23,RNGC4,1.839
2020-06-24,RNGC1,1.597
2020-06-24,RNGC2,1.661
2020-06-24,RNGC3,1.723
2020-06-24,RNGC4,1.822
2020-06-25,RNGC1,1.482
2020-06-25,RNGC2,1.546
2020-06-25,RNGC3,1.612
2020-06-25,RNGC4,1.73
2020-06-26,RNGC1,1.495
2020-06-26,RNGC2,1.544
2020-06-26,RNGC3,1.605
2020-06-26,RNGC4,1.725
2020-06-29,RNGC1,1.709
2020-06-29,RNGC2,1.754
2020-06-29,RNGC3,1.863
2020-06-29,RNGC4,2.255
2020-06-30,RNGC1,1.751
2020-06-30,RNGC2,1.789
2020-06-30,RNGC3,1.887
2020-06-30,RNGC4,2.282
2020-07-01,RNGC1,1.671
2020-07-01,RNGC2,1.721
2020-07-01,RNGC3,1.84
2020-07-01,RNGC4,2.265
2020-07-02,RNGC1,1.734
2020-07-02,RNGC2,1.785
2020-07-02,RNGC3,1.884
2020-07-02,RNGC4,2.297
2020-07-06,RNGC1,1.83
2020-07-06,RNGC2,1.893
2020-07-06,RNGC3,1.983
2020-07-06,RNGC4,2.335
2020-07-07,RNGC1,1.876
2020-07-07,RNGC2,1.939
2020-07-07,RNGC3,2.028
2020-07-07,RNGC4,2.381
2020-07-08,RNGC1,1.824
2020-07-08,RNGC2,1.876
2020-07-08,RNGC3,1.97
2020-07-08,RNGC4,2.355
2020-07-09,RNGC1,1.779
2020-07-09,RNGC2,1.821
2020-07-09,RNGC3,1.922
2020-07-09,RNGC4,2.344
2020-07-10,RNGC1,1.805
2020-07-10,RNGC2,1.847
2020-07-10,RNGC3,1.943
2020-07-10,RNGC4,2.355
2020-07-13,RNGC1,1.739
2020-07-13,RNGC2,1.797
2020-07-13,RNGC3,1.899
2020-07-13,RNGC4,2.34
2020-07-14,RNGC1,1.746
2020-07-14,RNGC2,1.787
2020-07-14,RNGC3,1.891
2020-07-14,RNGC4,2.348
2020-07-15,RNGC1,1.778
2020-07-15,RNGC2,1.818
2020-07-15,RNGC3,1.917
2020-07-15,RNGC4,2.366
2020-07-16,RNGC1,1.723
2020-07-16,RNGC2,1.776
2020-07-16,RNGC3,1.879
2020-07-16,RNGC4,2.35
2020-07-17,RNGC1,1.718
2020-07-17,RNGC2,1.765
2020-07-17,RNGC3,1.876
2020-07-17,RNGC4,2.35
2020-07-20,RNGC1,1.641
2020-07-20,RNGC2,1.684
2020-07-20,RNGC3,1.808
2020-07-20,RNGC4,2.291
2020-07-21,RNGC1,1.675
2020-07-21,RNGC2,1.714
2020-07-21,RNGC3,1.837
2020-07-21,RNGC4,2.31
2020-07-22,RNGC1,1.681
2020-07-22,RNGC2,1.718
2020-07-22,RNGC3,1.838
2020-07-22,RNGC4,2.288
2020-07-23,RNGC1,1.785
2020-07-23,RNGC2,1.835
2020-07-23,RNGC3,1.952
2020-07-23,RNGC4,2.371
2020-07-24,RNGC1,1.808
2020-07-24,RNGC2,1.867
2020-07-24,RNGC3,1.994
2020-07-24,RNGC4,2.41
2020-07-27,RNGC1,1.734
2020-07-27,RNGC2,1.786
2020-07-27,RNGC3,1.932
2020-07-27,RNGC4,2.385
2020-07-28,RNGC1,1.8
2020-07-28,RNGC2,1.864
2020-07-28,RNGC3,2.012
2020-07-28,RNGC4,2.458
2020-07-29,RNGC1,1.854
2020-07-29,RNGC2,1.93
2020-07-29,RNGC3,2.079
2020-07-29,RNGC4,2.538
2020-07-30,RNGC1,1.829
2020-07-30,RNGC2,1.991
2020-07-30,RNGC3,2.465
2020-07-30,RNGC4,2.826
2020-07-31,RNGC1,1.799
2020-07-31,RNGC2,1.957
2020-07-31,RNGC3,2.418
2020-07-31,RNGC4,2.793
2020-08-03,RNGC1,2.101
2020-08-03,RNGC2,2.239
2020-08-03,RNGC3,2.612
2020-08-03,RNGC4,2.923
2020-08-04,RNGC1,2.193
2020-08-04,RNGC2,2.334
2020-08-04,RNGC3,2.669
2020-08-04,RNGC4,2.965
2020-08-05,RNGC1,2.191
2020-08-05,RNGC2,2.331
2020-08-05,RNGC3,2.675
2020-08-05,RNGC4,2.994
2020-08-06,RNGC1,2.165
2020-08-06,RNGC2,2.305
2020-08-06,RNGC3,2.654
2020-08-06,RNGC4,2.985
2020-08-07,RNGC1,2.238
2020-08-07,RNGC2,2.376
2020-08-07,RNGC3,2.72
2020-08-07,RNGC4,3.044
2020-08-10,RNGC1,2.153
2020-08-10,RNGC2,2.287
2020-08-10,RNGC3,2.64
2020-08-10,RNGC4,2.975
2020-08-11,RNGC1,2.171
2020-08-11,RNGC2,2.311
2020-08-11,RNGC3,2.67
2020-08-11,RNGC4,3.003
2020-08-12,RNGC1,2.152
2020-08-12,RNGC2,2.297
2020-08-12,RNGC3,2.672
2020-08-12,RNGC4,2.997
2020-08-13,RNGC1,2.182
2020-08-13,RNGC2,2.324
2020-08-13,RNGC3,2.699
2020-08-13,RNGC4,3.016
2020-08-14,RNGC1,2.356
2020-08-14,RNGC2,2.495
2020-08-14,RNGC3,2.811
2020-08-14,RNGC4,3.104
2020-08-17,RNGC1,2.339
2020-08-17,RNGC2,2.476
2020-08-17,RNGC3,2.803
2020-08-17,RNGC4,3.11
2020-08-18,RNGC1,2.417
2020-08-18,RNGC2,2.556
2020-08-18,RNGC3,2.87
2020-08-18,RNGC4,3.157
2020-08-19,RNGC1,2.426
2020-08-19,RNGC2,2.563
2020-08-19,RNGC3,2.868
2020-08-19,RNGC4,3.152
2020-08-20,RNGC1,2.352
2020-08-20,RNGC2,2.503
2020-08-20,RNGC3,2.827
2020-08-20,RNGC4,3.136
2020-08-21,RNGC1,2.448
2020-08-21,RNGC2,2.573
2020-08-21,RNGC3,2.866
2020-08-21,RNGC4,3.158
2020-08-24,RNGC1,2.513
2020-08-24,RNGC2,2.616
2020-08-24,RNGC3,2.875
2020-08-24,RNGC4,3.156
2020-08-25,RNGC1,2.489
2020-08-25,RNGC2,2.596
2020-08-25,RNGC3,2.853
2020-08-25,RNGC4,3.142
2020-08-26,RNGC1,2.461
2020-08-26,RNGC2,2.574
2020-08-26,RNGC3,2.825
2020-08-26,RNGC4,3.111
2020-08-27,RNGC1,2.579
2020-08-27,RNGC2,2.71
2020-08-27,RNGC3,2.943
2020-08-27,RNGC4,3.216
2020-08-28,RNGC1,2.657
2020-08-28,RNGC2,2.916
2020-08-28,RNGC3,3.208
2020-08-28,RNGC4,3.316
2020-08-31,RNGC1,2.63
2020-08-31,RNGC2,2.92
2020-08-31,RNGC3,3.254
2020-08-31,RNGC4,3.355
2020-09-01,RNGC1,2.527
2020-09-01,RNGC2,2.901
2020-09-01,RNGC3,3.266
2020-09-01,RNGC4,3.375
2020-09-02,RNGC1,2.486
2020-09-02,RNGC2,2.931
2020-09-02,RNGC3,3.288
2020-09-02,RNGC4,3.399
2020-09-03,RNGC1,2.487
2020-09-03,RNGC2,2.927
2020-09-03,RNGC3,3.259
2020-09-03,RNGC4,3.374
2020-09-04,RNGC1,2.588
2020-09-04,RNGC2,2.987
2020-09-04,RNGC3,3.276
2020-09-04,RNGC4,3.389
2020-09-08,RNGC1,2.4
2020-09-08,RNGC2,2.892
2020-09-08,RNGC3,3.235
2020-09-08,RNGC4,3.352
2020-09-09,RNGC1,2.406
2020-09-09,RNGC2,2.873
2020-09-09,RNGC3,3.241
2020-09-09,RNGC4,3.361
2020-09-10,RNGC1,2.323
2020-09-10,RNGC2,2.798
2020-09-10,RNGC3,3.186
2020-09-10,RNGC4,3.309
2020-09-11,RNGC1,2.269
2020-09-11,RNGC2,2.744
2020-09-11,RNGC3,3.165
2020-09-11,RNGC4,3.29
2020-09-14,RNGC1,2.31
2020-09-14,RNGC2,2.74
2020-09-14,RNGC3,3.16
2020-09-14,RNGC4,3.284
2020-09-15,RNGC1,2.362
2020-09-15,RNGC2,2.741
2020-09-15,RNGC3,3.158
2020-09-15,RNGC4,3.282
2020-09-16,RNGC1,2.267
2020-09-16,RNGC2,2.664
2020-09-16,RNGC3,3.12
2020-09-16,RNGC4,3.249
2020-09-17,RNGC1,2.042
2020-09-17,RNGC2,2.577
2020-09-17,RNGC3,3.097
2020-09-17,RNGC4,3.229
2020-09-18,RNGC1,2.048
2020-09-18,RNGC2,2.633
2020-09-18,RNGC3,3.154
2020-09-18,RNGC4,3.285
2020-09-21,RNGC1,1.835
2020-09-21,RNGC2,2.71
2020-09-21,RNGC3,3.186
2020-09-21,RNGC4,3.317
2020-09-22,RNGC1,1.834
2020-09-22,RNGC2,2.597
2020-09-22,RNGC3,3.134
2020-09-22,RNGC4,3.264
2020-09-23,RNGC1,2.125
2020-09-23,RNGC2,2.794
2020-09-23,RNGC3,3.229
2020-09-23,RNGC4,3.348
2020-09-24,RNGC1,2.248
2020-09-24,RNGC2,2.899
2020-09-24,RNGC3,3.343
2020-09-24,RNGC4,3.451
2020-09-25,RNGC1,2.139
2020-09-25,RNGC2,2.807
2020-09-25,RNGC3,3.277
2020-09-25,RNGC4,3.398
2020-09-28,RNGC1,2.101
2020-09-28,RNGC2,2.795
2020-09-28,RNGC3,3.271
2020-09-28,RNGC4,3.399
2020-09-29,RNGC1,2.561
2020-09-29,RNGC2,3.118
2020-09-29,RNGC3,3.259
2020-09-29,RNGC4,3.214
2020-09-30,RNGC1,2.527
2020-09-30,RNGC2,3.117
2020-09-30,RNGC3,3.267
2020-09-30,RNGC4,3.221
2020-10-01,RNGC1,2.527
2020-10-01,RNGC2,3.062
2020-10-01,RNGC3,3.204
2020-10-01,RNGC4,3.163
2020-10-02,RNGC1,2.438
2020-10-02,RNGC2,2.991
2020-10-02,RNGC3,3.138
2020-10-02,RNGC4,3.1
2020-10-05,RNGC1,2.615
2020-10-05,RNGC2,3.161
2020-10-05,RNGC3,3.293
2020-10-05,RNGC4,3.247
2020-10-06,RNGC1,2.52
2020-10-06,RNGC2,3.096
2020-10-06,RNGC3,3.239
2020-10-06,RNGC4,3.193
2020-10-07,RNGC1,2.606
2020-10-07,RNGC2,3.149
2020-10-07,RNGC3,3.294
2020-10-07,RNGC4,3.248
2020-10-08,RNGC1,2.627
2020-10-08,RNGC2,3.149
2020-10-08,RNGC3,3.299
2020-10-08,RNGC4,3.258
2020-10-09,RNGC1,2.741
2020-10-09,RNGC2,3.204
2020-10-09,RNGC3,3.347
2020-10-09,RNGC4,3.305
2020-10-12,RNGC1,2.881
2020-10-12,RNGC2,3.271
2020-10-12,RNGC3,3.401
2020-10-12,RNGC4,3.355
2020-10-13,RNGC1,2.855
2020-10-13,RNGC2,3.247
2020-10-13,RNGC3,3.379
2020-10-13,RNGC4,3.341
2020-10-14,RNGC1,2.636
2020-10-14,RNGC2,3.189
2020-10-14,RNGC3,3.332
2020-10-14,RNGC4,3.294
2020-10-15,RNGC1,2.775
2020-10-15,RNGC2,3.261
2020-10-15,RNGC3,3.396
2020-10-15,RNGC4,3.355
2020-10-16,RNGC1,2.773
2020-10-16,RNGC2,3.271
2020-10-16,RNGC3,3.405
2020-10-16,RNGC4,3.364
2020-10-19,RNGC1,2.795
2020-10-19,RNGC2,3.28
2020-10-19,RNGC3,3.414
2020-10-19,RNGC4,3.373
2020-10-20,RNGC1,2.913
2020-10-20,RNGC2,3.26
2020-10-20,RNGC3,3.391
2020-10-20,RNGC4,3.352
2020-10-21,RNGC1,3.023
2020-10-21,RNGC2,3.348
2020-10-21,RNGC3,3.471
2020-10-21,RNGC4,3.427
2020-10-22,RNGC1,3.007
2020-10-22,RNGC2,3.272
2020-10-22,RNGC3,3.397
2020-10-22,RNGC4,3.356
2020-10-23,RNGC1,2.971
2020-10-23,RNGC2,3.195
2020-10-23,RNGC3,3.322
2020-10-23,RNGC4,3.285
2020-10-26,RNGC1,3.024
2020-10-26,RNGC2,3.253
2020-10-26,RNGC3,3.371
2020-10-26,RNGC4,3.329
2020-10-27,RNGC1,3.019
2020-10-27,RNGC2,3.311
2020-10-27,RNGC3,3.424
2020-10-27,RNGC4,3.376
2020-10-28,RNGC1,2.996
2020-10-28,RNGC2,3.291
2020-10-28,RNGC3,3.411
2020-10-28,RNGC4,3.363
2020-10-29,RNGC1,3.301
2020-10-29,RNGC2,3.417
2020-10-29,RNGC3,3.364
2020-10-29,RNGC4,3.233
2020-10-30,RNGC1,3.354
2020-10-30,RNGC2,3.469
2020-10-30,RNGC3,3.416
2020-10-30,RNGC4,3.284
2020-11-02,RNGC1,3.244
2020-11-02,RNGC2,3.375
2020-11-02,RNGC3,3.332
2020-11-02,RNGC4,3.219
2020-11-03,RNGC1,3.059
2020-11-03,RNGC2,3.195
2020-11-03,RNGC3,3.159
2020-11-03,RNGC4,3.063
2020-11-04,RNGC1,3.046
2020-11-04,RNGC2,3.177
2020-11-04,RNGC3,3.14
2020-11-04,RNGC4,3.045
2020-11-05,RNGC1,2.942
2020-11-05,RNGC2,3.084
2020-11-05,RNGC3,3.058
2020-11-05,RNGC4,2.977
2020-11-06,RNGC1,2.888
2020-11-06,RNGC2,3.031
2020-11-06,RNGC3,3.005
2020-11-06,RNGC4,2.933
2020-11-09,RNGC1,2.859
2020-11-09,RNGC2,2.999
2020-11-09,RNGC3,2.974
2020-11-09,RNGC4,2.904
2020-11-10,RNGC1,2.949
2020-11-10,RNGC2,3.073
2020-11-10,RNGC3,3.041
2020-11-10,RNGC4,2.959
2020-11-11,RNGC1,3.031
2020-11-11,RNGC2,3.151
2020-11-11,RNGC3,3.116
2020-11-11,RNGC4,3.026
2020-11-12,RNGC1,2.976
2020-11-12,RNGC2,3.094
2020-11-12,RNGC3,3.057
2020-11-12,RNGC4,2.969
2020-11-13,RNGC1,2.995
2020-11-13,RNGC2,3.122
2020-11-13,RNGC3,3.083
2020-11-13,RNGC4,2.997
2020-11-16,RNGC1,2.697
2020-11-16,RNGC2,2.864
2020-11-16,RNGC3,2.847
2020-11-16,RNGC4,2.795
2020-11-17,RNGC1,2.692
2020-11-17,RNGC2,2.844
2020-11-17,RNGC3,2.826
2020-11-17,RNGC4,2.777
2020-11-18,RNGC1,2.712
2020-11-18,RNGC2,2.838
2020-11-18,RNGC3,2.818
2020-11-18,RNGC4,2.767
2020-11-19,RNGC1,2.592
2020-11-19,RNGC2,2.72
2020-11-19,RNGC3,2.703
2020-11-19,RNGC4,2.659
2020-11-20,RNGC1,2.65
2020-11-20,RNGC2,2.77
2020-11-20,RNGC3,2.755
2020-11-20,RNGC4,2.709
2020-11-23,RNGC1,2.711
2020-11-23,RNGC2,2.823
2020-11-23,RNGC3,2.806
2020-11-23,RNGC4,2.751
2020-11-24,RNGC1,2.775
2020-11-24,RNGC2,2.9
2020-11-24,RNGC3,2.877
2020-11-24,RNGC4,2.809
2020-11-25,RNGC1,2.896
2020-11-25,RNGC2,2.961
2020-11-25,RNGC3,2.936
2020-11-25,RNGC4,2.865
2020-11-30,RNGC1,2.882
2020-11-30,RNGC2,2.865
2020-11-30,RNGC3,2.799
2020-11-30,RNGC4,2.701
2020-12-01,RNGC1,2.88
2020-12-01,RNGC2,2.868
2020-12-01,RNGC3,2.806
2020-12-01,RNGC4,2.717
2020-12-02,RNGC1,2.78
2020-12-02,RNGC2,2.778
2020-12-02,RNGC3,2.723
2020-12-02,RNGC4,2.657
2020-12-03,RNGC1,2.507
2020-12-03,RNGC2,2.515
2020-12-03,RNGC3,2.476
2020-12-03,RNGC4,2.434
2020-12-04,RNGC1,2.575
2020-12-04,RNGC2,2.586
2020-12-04,RNGC3,2.551
2020-12-04,RNGC4,2.508
2020-12-07,RNGC1,2.406
2020-12-07,RNGC2,2.433
2020-12-07,RNGC3,2.432
2020-12-07,RNGC4,2.412
2020-12-08,RNGC1,2.399
2020-12-08,RNGC2,2.422
2020-12-08,RNGC3,2.419
2020-12-08,RNGC4,2.428
2020-12-09,RNGC1,2.442
2020-12-09,RNGC2,2.456
2020-12-09,RNGC3,2.452
2020-12-09,RNGC4,2.466
2020-12-10,RNGC1,2.553
2020-12-10,RNGC2,2.57
2020-12-10,RNGC3,2.565
2020-12-10,RNGC4,2.573
2020-12-11,RNGC1,2.591
2020-12-11,RNGC2,2.603
2020-12-11,RNGC3,2.597
2020-12-11,RNGC4,2.596
2020-12-14,RNGC1,2.682
2020-12-14,RNGC2,2.678
2020-12-14,RNGC3,2.66
2020-12-14,RNGC4,2.662
2020-12-15,RNGC1,2.682
2020-12-15,RNGC2,2.68
2020-12-15,RNGC3,2.662
2020-12-15,RNGC4,2.67
2020-12-16,RNGC1,2.677
2020-12-16,RNGC2,2.681
2020-12-16,RNGC3,2.665
2020-12-16,RNGC4,2.687
2020-12-17,RNGC1,2.636
2020-12-17,RNGC2,2.637
2020-12-17,RNGC3,2.619
2020-12-17,RNGC4,2.635
2020-12-18,RNGC1,2.7
2020-12-18,RNGC2,2.681
2020-12-18,RNGC3,2.662
2020-12-18,RNGC4,2.67
2020-12-21,RNGC1,2.705
2020-12-21,RNGC2,2.689
2020-12-21,RNGC3,2.67
2020-12-21,RNGC4,2.685
2020-12-22,RNGC1,2.78
2020-12-22,RNGC2,2.749
2020-12-22,RNGC3,2.726
2020-12-22,RNGC4,2.725
2020-12-23,RNGC1,2.608
2020-12-23,RNGC2,2.588
2020-12-23,RNGC3,2.571
2020-12-23,RNGC4,2.585
2020-12-24,RNGC1,2.518
2020-12-24,RNGC2,2.512
2020-12-24,RNGC3,2.498
2020-12-24,RNGC4,2.518
2020-12-28,RNGC1,2.305
2020-12-28,RNGC2,2.326
2020-12-28,RNGC3,2.329
2020-12-28,RNGC4,2.357
2020-12-29,RNGC1,2.467
2020-12-29,RNGC2,2.444
2020-12-29,RNGC3,2.439
2020-12-29,RNGC4,2.454
2020-12-30,RNGC1,2.422
2020-12-30,RNGC2,2.422
2020-12-30,RNGC3,2.447
2020-12-30,RNGC4,2.471
2020-12-31,RNGC1,2.539
2020-12-31,RNGC2,2.526
2020-12-31,RNGC3,2.538
2020-12-31,RNGC4,2.555
2021-01-04,RNGC1,2.581
2021-01-04,RNGC2,2.561
2021-01-04,RNGC3,2.582
2021-01-04,RNGC4,2.608
2021-01-05,RNGC1,2.702
2021-01-05,RNGC2,2.673
2021-01-05,RNGC3,2.688
2021-01-05,RNGC4,2.707
2021-01-06,RNGC1,2.716
2021-01-06,RNGC2,2.684
2021-01-06,RNGC3,2.69
2021-01-06,RNGC4,2.711
2021-01-07,RNGC1,2.729
2021-01-07,RNGC2,2.691
2021-01-07,RNGC3,2.696
2021-01-07,RNGC4,2.717
2021-01-08,RNGC1,2.7
2021-01-08,RNGC2,2.656
2021-01-08,RNGC3,2.659
2021-01-08,RNGC4,2.68
2021-01-11,RNGC1,2.747
2021-01-11,RNGC2,2.703
2021-01-11,RNGC3,2.701
2021-01-11,RNGC4,2.721
2021-01-12,RNGC1,2.753
2021-01-12,RNGC2,2.707
2021-01-12,RNGC3,2.699
2021-01-12,RNGC4,2.716
2021-01-13,RNGC1,2.727
2021-01-13,RNGC2,2.689
2021-01-13,RNGC3,2.688
2021-01-13,RNGC4,2.707
2021-01-14,RNGC1,2.666
2021-01-14,RNGC2,2.63
2021-01-14,RNGC3,2.633
2021-01-14,RNGC4,2.661
2021-01-15,RNGC1,2.737
2021-01-15,RNGC2,2.696
2021-01-15,RNGC3,2.695
2021-01-15,RNGC4,2.724
2021-01-19,RNGC1,2.546
2021-01-19,RNGC2,2.529
2021-01-19,RNGC3,2.554
2021-01-19,RNGC4,2.596
2021-01-20,RNGC1,2.539
2021-01-20,RNGC2,2.533
2021-01-20,RNGC3,2.562
2021-01-20,RNGC4,2.607
2021-01-21,RNGC1,2.491
2021-01-21,RNGC2,2.497
2021-01-21,RNGC3,2.536
2021-01-21,RNGC4,2.584
2021-01-22,RNGC1,2.446
2021-01-22,RNGC2,2.456
2021-01-22,RNGC3,2.503
2021-01-22,RNGC4,2.557
2021-01-25,RNGC1,2.602
2021-01-25,RNGC2,2.598
2021-01-25,RNGC3,2.633
2021-01-25,RNGC4,2.672
2021-01-26,RNGC1,2.656
2021-01-26,RNGC2,2.636
2021-01-26,RNGC3,2.663
2021-01-26,RNGC4,2.7
2021-01-27,RNGC1,2.76
2021-01-27,RNGC2,2.702
2021-01-27,RNGC3,2.72
2021-01-27,RNGC4,2.751
2021-01-28,RNGC1,2.664
2021-01-28,RNGC2,2.675
2021-01-28,RNGC3,2.702
2021-01-28,RNGC4,2.758
2021-01-29,RNGC1,2.564
2021-01-29,RNGC2,2.592
2021-01-29,RNGC3,2.625
2021-01-29,RNGC4,2.683
2021-02-01,RNGC1,2.85
2021-02-01,RNGC2,2.821
2021-02-01,RNGC3,2.837
2021-02-01,RNGC4,2.882
2021-02-02,RNGC1,2.845
2021-02-02,RNGC2,2.818
2021-02-02,RNGC3,2.842
2021-02-02,RNGC4,2.884
2021-02-03,RNGC1,2.789
2021-02-03,RNGC2,2.772
2021-02-03,RNGC3,2.799
2021-02-03,RNGC4,2.843
2021-02-04,RNGC1,2.935
2021-02-04,RNGC2,2.889
2021-02-04,RNGC3,2.904
2021-02-04,RNGC4,2.942
2021-02-05,RNGC1,2.863
2021-02-05,RNGC2,2.841
2021-02-05,RNGC3,2.867
2021-02-05,RNGC4,2.913
2021-02-08,RNGC1,2.882
2021-02-08,RNGC2,2.862
2021-02-08,RNGC3,2.892
2021-02-08,RNGC4,2.941
2021-02-09,RNGC1,2.835
2021-02-09,RNGC2,2.823
2021-02-09,RNGC3,2.86
2021-02-09,RNGC4,2.912
2021-02-10,RNGC1,2.911
2021-02-10,RNGC2,2.879
2021-02-10,RNGC3,2.91
2021-02-10,RNGC4,2.954
2021-02-11,RNGC1,2.868
2021-02-11,RNGC2,2.836
2021-02-11,RNGC3,2.864
2021-02-11,RNGC4,2.91
2021-02-12,RNGC1,2.912
2021-02-12,RNGC2,2.876
2021-02-12,RNGC3,2.9
2021-02-12,RNGC4,2.945
2021-02-16,RNGC1,3.129
2021-02-16,RNGC2,2.983
2021-02-16,RNGC3,2.995
2021-02-16,RNGC4,3.03
2021-02-17,RNGC1,3.219
2021-02-17,RNGC2,3.032
2021-02-17,RNGC3,3.04
2021-02-17,RNGC4,3.073
2021-02-18,RNGC1,3.082
2021-02-18,RNGC2,2.97
2021-02-18,RNGC3,2.977
2021-02-18,RNGC4,3.013
2021-02-19,RNGC1,3.069
2021-02-19,RNGC2,2.991
2021-02-19,RNGC3,3.001
2021-02-19,RNGC4,3.038
2021-02-22,RNGC1,2.953
2021-02-22,RNGC2,2.936
2021-02-22,RNGC3,2.96
2021-02-22,RNGC4,3.007
2021-02-23,RNGC1,2.879
2021-02-23,RNGC2,2.857
2021-02-23,RNGC3,2.885
2021-02-23,RNGC4,2.933
2021-02-24,RNGC1,2.854
2021-02-24,RNGC2,2.795
2021-02-24,RNGC3,2.822
2021-02-24,RNGC4,2.871
2021-02-25,RNGC1,2.777
2021-02-25,RNGC2,2.809
2021-02-25,RNGC3,2.86
2021-02-25,RNGC4,2.911
2021-02-26,RNGC1,2.771
2021-02-26,RNGC2,2.809
2021-02-26,RNGC3,2.862
2021-02-26,RNGC4,2.919
2021-03-01,RNGC1,2.777
2021-03-01,RNGC2,2.818
2021-03-01,RNGC3,2.872
2021-03-01,RNGC4,2.929
2021-03-02,RNGC1,2.839
2021-03-02,RNGC2,2.875
2021-03-02,RNGC3,2.924
2021-03-02,RNGC4,2.977
2021-03-03,RNGC1,2.816
2021-03-03,RNGC2,2.849
2021-03-03,RNGC3,2.895
2021-03-03,RNGC4,2.944
2021-03-04,RNGC1,2.746
2021-03-04,RNGC2,2.781
2021-03-04,RNGC3,2.829
2021-03-04,RNGC4,2.879
2021-03-05,RNGC1,2.701
2021-03-05,RNGC2,2.739
2021-03-05,RNGC3,2.793
2021-03-05,RNGC4,2.846
2021-03-08,RNGC1,2.664
2021-03-08,RNGC2,2.698
2021-03-08,RNGC3,2.755
2021-03-08,RNGC4,2.808
2021-03-09,RNGC1,2.662
2021-03-09,RNGC2,2.696
2021-03-09,RNGC3,2.752
2021-03-09,RNGC4,2.807
2021-03-10,RNGC1,2.692
2021-03-10,RNGC2,2.728
2021-03-10,RNGC3,2.785
2021-03-10,RNGC4,2.842
2021-03-11,RNGC1,2.668
2021-03-11,RNGC2,2.703
2021-03-11,RNGC3,2.76
2021-03-11,RNGC4,2.817
2021-03-12,RNGC1,2.6
2021-03-12,RNGC2,2.636
2021-03-12,RNGC3,2.695
2021-03-12,RNGC4,2.752
2021-03-15,RNGC1,2.484
2021-03-15,RNGC2,2.523
2021-03-15,RNGC3,2.586
2021-03-15,RNGC4,2.646
2021-03-16,RNGC1,2.562
2021-03-16,RNGC2,2.597
2021-03-16,RNGC3,2.654
2021-03-16,RNGC4,2.713
2021-03-17,RNGC1,2.528
2021-03-17,RNGC2,2.555
2021-03-17,RNGC3,2.613
2021-03-17,RNGC4,2.675
2021-03-18,RNGC1,2.481
2021-03-18,RNGC2,2.511
2021-03-18,RNGC3,2.57
2021-03-18,RNGC4,2.633
2021-03-19,RNGC1,2.535
2021-03-19,RNGC2,2.566
2021-03-19,RNGC3,2.624
2021-03-19,RNGC4,2.682
2021-03-22,RNGC1,2.582
2021-03-22,RNGC2,2.619
2021-03-22,RNGC3,2.674
2021-03-22,RNGC4,2.731
2021-03-23,RNGC1,2.508
2021-03-23,RNGC2,2.554
2021-03-23,RNGC3,2.615
2021-03-23,RNGC4,2.674
2021-03-24,RNGC1,2.518
2021-03-24,RNGC2,2.568
2021-03-24,RNGC3,2.63
2021-03-24,RNGC4,2.691
2021-03-25,RNGC1,2.57
2021-03-25,RNGC2,2.616
2021-03-25,RNGC3,2.676
2021-03-25,RNGC4,2.735
2021-03-26,RNGC1,2.557
2021-03-26,RNGC2,2.619
2021-03-26,RNGC3,2.679
2021-03-26,RNGC4,2.739
2021-03-29,RNGC1,2.586
2021-03-29,RNGC2,2.653
2021-03-29,RNGC3,2.708
2021-03-29,RNGC4,2.765
2021-03-30,RNGC1,2.623
2021-03-30,RNGC2,2.681
2021-03-30,RNGC3,2.741
2021-03-30,RNGC4,2.757
2021-03-31,RNGC1,2.608
2021-03-31,RNGC2,2.667
2021-03-31,RNGC3,2.732
2021-03-31,RNGC4,2.753
2021-04-01,RNGC1,2.639
2021-04-01,RNGC2,2.697
2021-04-01,RNGC3,2.761
2021-04-01,RNGC4,2.782
2021-04-05,RNGC1,2.511
2021-04-05,RNGC2,2.582
2021-04-05,RNGC3,2.657
2021-04-05,RNGC4,2.688
2021-04-06,RNGC1,2.456
2021-04-06,RNGC2,2.536
2021-04-06,RNGC3,2.618
2021-04-06,RNGC4,2.65
2021-04-07,RNGC1,2.52
2021-04-07,RNGC2,2.597
2021-04-07,RNGC3,2.674
2021-04-07,RNGC4,2.703
2021-04-08,RNGC1,2.522
2021-04-08,RNGC2,2.607
2021-04-08,RNGC3,2.691
2021-04-08,RNGC4,2.724
2021-04-09,RNGC1,2.526
2021-04-09,RNGC2,2.605
2021-04-09,RNGC3,2.691
2021-04-09,RNGC4,2.724
2021-04-12,RNGC1,2.561
2021-04-12,RNGC2,2.643
2021-04-12,RNGC3,2.73
2021-04-12,RNGC4,2.762
2021-04-13,RNGC1,2.619
2021-04-13,RNGC2,2.696
2021-04-13,RNGC3,2.779
2021-04-13,RNGC4,2.805
2021-04-14,RNGC1,2.618
2021-04-14,RNGC2,2.693
2021-04-14,RNGC3,2.775
2021-04-14,RNGC4,2.803
2021-04-15,RNGC1,2.658
2021-04-15,RNGC2,2.73
2021-04-15,RNGC3,2.805
2021-04-15,RNGC4,2.832
2021-04-16,RNGC1,2.68
2021-04-16,RNGC2,2.754
2021-04-16,RNGC3,2.829
2021-04-16,RNGC4,2.858
2021-04-19,RNGC1,2.749
2021-04-19,RNGC2,2.818
2021-04-19,RNGC3,2.885
2021-04-19,RNGC4,2.912
2021-04-20,RNGC1,2.727
2021-04-20,RNGC2,2.803
2021-04-20,RNGC3,2.874
2021-04-20,RNGC4,2.902
2021-04-21,RNGC1,2.692
2021-04-21,RNGC2,2.776
2021-04-21,RNGC3,2.846
2021-04-21,RNGC4,2.876
2021-04-22,RNGC1,2.749
2021-04-22,RNGC2,2.831
2021-04-22,RNGC3,2.898
2021-04-22,RNGC4,2.924
2021-04-23,RNGC1,2.73
2021-04-23,RNGC2,2.818
2021-04-23,RNGC3,2.884
2021-04-23,RNGC4,2.91
2021-04-26,RNGC1,2.79
2021-04-26,RNGC2,2.874
2021-04-26,RNGC3,2.935
2021-04-26,RNGC4,2.954
2021-04-27,RNGC1,2.873
2021-04-27,RNGC2,2.942
2021-04-27,RNGC3,2.995
2021-04-27,RNGC4,3.01
2021-04-28,RNGC1,2.925
2021-04-28,RNGC2,2.96
2021-04-28,RNGC3,3.011
2021-04-28,RNGC4,3.025
2021-04-29,RNGC1,2.911
2021-04-29,RNGC2,2.961
2021-04-29,RNGC3,2.973
2021-04-29,RNGC4,2.957
2021-04-30,RNGC1,2.931
2021-04-30,RNGC2,2.978
2021-04-30,RNGC3,2.989
2021-04-30,RNGC4,2.972
2021-05-03,RNGC1,2.966
2021-05-03,RNGC2,3.014
2021-05-03,RNGC3,3.022
2021-05-03,RNGC4,3.004
2021-05-04,RNGC1,2.967
2021-05-04,RNGC2,3.012
2021-05-04,RNGC3,3.02
2021-05-04,RNGC4,3.004
2021-05-05,RNGC1,2.938
2021-05-05,RNGC2,2.982
2021-05-05,RNGC3,2.992
2021-05-05,RNGC4,2.978
2021-05-06,RNGC1,2.928
2021-05-06,RNGC2,2.974
2021-05-06,RNGC3,2.984
2021-05-06,RNGC4,2.971
2021-05-07,RNGC1,2.958
2021-05-07,RNGC2,3.004
2021-05-07,RNGC3,3.011
2021-05-07,RNGC4,2.997
2021-05-10,RNGC1,2.932
2021-05-10,RNGC2,2.978
2021-05-10,RNGC3,2.986
2021-05-10,RNGC4,2.973
2021-05-11,RNGC1,2.955
2021-05-11,RNGC2,2.999
2021-05-11,RNGC3,3.007
2021-05-11,RNGC4,2.994
2021-05-12,RNGC1,2.969
2021-05-12,RNGC2,3.018
2021-05-12,RNGC3,3.026
2021-05-12,RNGC4,3.014
2021-05-13,RNGC1,2.973
2021-05-13,RNGC2,3.025
2021-05-13,RNGC3,3.036
2021-05-13,RNGC4,3.026
2021-05-14,RNGC1,2.961
2021-05-14,RNGC2,3.018
2021-05-14,RNGC3,3.029
2021-05-14,RNGC4,3.02
2021-05-17,RNGC1,3.109
2021-05-17,RNGC2,3.164
2021-05-17,RNGC3,3.17
2021-05-17,RNGC4,3.157
2021-05-18,RNGC1,3.012
2021-05-18,RNGC2,3.078
2021-05-18,RNGC3,3.091
2021-05-18,RNGC4,3.082
2021-05-19,RNGC1,2.964
2021-05-19,RNGC2,3.028
2021-05-19,RNGC3,3.041
2021-05-19,RNGC4,3.034
2021-05-20,RNGC1,2.925
2021-05-20,RNGC2,2.991
2021-05-20,RNGC3,3.007
2021-05-20,RNGC4,3.002
2021-05-21,RNGC1,2.906
2021-05-21,RNGC2,2.977
2021-05-21,RNGC3,2.996
2021-05-21,RNGC4,2.993
2021-05-24,RNGC1,2.886
2021-05-24,RNGC2,2.96
2021-05-24,RNGC3,2.979
2021-05-24,RNGC4,2.975
2021-05-25,RNGC1,2.913
2021-05-25,RNGC2,2.974
2021-05-25,RNGC3,2.993
2021-05-25,RNGC4,2.99
2021-05-26,RNGC1,2.984
2021-05-26,RNGC2,3.027
2021-05-26,RNGC3,3.045
2021-05-26,RNGC4,3.04
2021-05-27,RNGC1,2.958
2021-05-27,RNGC2,2.978
2021-05-27,RNGC3,2.975
2021-05-27,RNGC4,2.991
2021-05-28,RNGC1,2.986
2021-05-28,RNGC2,3.007
2021-05-28,RNGC3,3.002
2021-05-28,RNGC4,3.017
2021-06-01,RNGC1,3.104
2021-06-01,RNGC2,3.126
2021-06-01,RNGC3,3.118
2021-06-01,RNGC4,3.13
2021-06-02,RNGC1,3.075
2021-06-02,RNGC2,3.094
2021-06-02,RNGC3,3.086
2021-06-02,RNGC4,3.102
2021-06-03,RNGC1,3.041
2021-06-03,RNGC2,3.059
2021-06-03,RNGC3,3.052
2021-06-03,RNGC4,3.071
2021-06-04,RNGC1,3.097
2021-06-04,RNGC2,3.114
2021-06-04,RNGC3,3.105
2021-06-04,RNGC4,3.124
2021-06-07,RNGC1,3.07
2021-06-07,RNGC2,3.089
2021-06-07,RNGC3,3.082
2021-06-07,RNGC4,3.104
2021-06-08,RNGC1,3.128
2021-06-08,RNGC2,3.14
2021-06-08,RNGC3,3.132
2021-06-08,RNGC4,3.153
2021-06-09,RNGC1,3.129
2021-06-09,RNGC2,3.144
2021-06-09,RNGC3,3.137
2021-06-09,RNGC4,3.157
2021-06-10,RNGC1,3.149
2021-06-10,RNGC2,3.166
2021-06-10,RNGC3,3.158
2021-06-10,RNGC4,3.178
2021-06-11,RNGC1,3.296
2021-06-11,RNGC2,3.311
2021-06-11,RNGC3,3.301
2021-06-11,RNGC4,3.314
2021-06-14,RNGC1,3.352
2021-06-14,RNGC2,3.367
2021-06-14,RNGC3,3.354
2021-06-14,RNGC4,3.368
2021-06-15,RNGC1,3.24
2021-06-15,RNGC2,3.256
2021-06-15,RNGC3,3.244
2021-06-15,RNGC4,3.259
2021-06-16,RNGC1,3.251
2021-06-16,RNGC2,3.271
2021-06-16,RNGC3,3.259
2021-06-16,RNGC4,3.277
2021-06-17,RNGC1,3.253
2021-06-17,RNGC2,3.275
2021-06-17,RNGC3,3.26
2021-06-17,RNGC4,3.277
2021-06-18,RNGC1,3.215
2021-06-18,RNGC2,3.236
2021-06-18,RNGC3,3.222
2021-06-18,RNGC4,3.237
2021-06-21,RNGC1,3.191
2021-06-21,RNGC2,3.215
2021-06-21,RNGC3,3.201
2021-06-21,RNGC4,3.217
2021-06-22,RNGC1,3.258
2021-06-22,RNGC2,3.277
2021-06-22,RNGC3,3.262
2021-06-22,RNGC4,3.276
2021-06-23,RNGC1,3.333
2021-06-23,RNGC2,3.352
2021-06-23,RNGC3,3.333
2021-06-23,RNGC4,3.343
2021-06-24,RNGC1,3.418
2021-06-24,RNGC2,3.437
2021-06-24,RNGC3,3.415
2021-06-24,RNGC4,3.422
2021-06-25,RNGC1,3.496
2021-06-25,RNGC2,3.52
2021-06-25,RNGC3,3.5
2021-06-25,RNGC4,3.508
2021-06-28,RNGC1,3.617
2021-06-28,RNGC2,3.593
2021-06-28,RNGC3,3.572
2021-06-28,RNGC4,3.576
2021-06-29,RNGC1,3.63
2021-06-29,RNGC2,3.606
2021-06-29,RNGC3,3.606
2021-06-29,RNGC4,3.647
2021-06-30,RNGC1,3.65
2021-06-30,RNGC2,3.624
2021-06-30,RNGC3,3.619
2021-06-30,RNGC4,3.658
2021-07-01,RNGC1,3.661
2021-07-01,RNGC2,3.632
2021-07-01,RNGC3,3.623
2021-07-01,RNGC4,3.665
2021-07-02,RNGC1,3.7
2021-07-02,RNGC2,3.668
2021-07-02,RNGC3,3.659
2021-07-02,RNGC4,3.705
2021-07-06,RNGC1,3.637
2021-07-06,RNGC2,3.608
2021-07-06,RNGC3,3.603
2021-07-06,RNGC4,3.655
2021-07-07,RNGC1,3.596
2021-07-07,RNGC2,3.574
2021-07-07,RNGC3,3.576
2021-07-07,RNGC4,3.633
2021-07-08,RNGC1,3.688
2021-07-08,RNGC2,3.667
2021-07-08,RNGC3,3.668
2021-07-08,RNGC4,3.722
2021-07-09,RNGC1,3.674
2021-07-09,RNGC2,3.657
2021-07-09,RNGC3,3.66
2021-07-09,RNGC4,3.716
2021-07-12,RNGC1,3.749
2021-07-12,RNGC2,3.732
2021-07-12,RNGC3,3.732
2021-07-12,RNGC4,3.79
2021-07-13,RNGC1,3.696
2021-07-13,RNGC2,3.682
2021-07-13,RNGC3,3.684
2021-07-13,RNGC4,3.748
2021-07-14,RNGC1,3.66
2021-07-14,RNGC2,3.648
2021-07-14,RNGC3,3.655
2021-07-14,RNGC4,3.721
2021-07-15,RNGC1,3.614
2021-07-15,RNGC2,3.601
2021-07-15,RNGC3,3.61
2021-07-15,RNGC4,3.68
2021-07-16,RNGC1,3.674
2021-07-16,RNGC2,3.658
2021-07-16,RNGC3,3.664
2021-07-16,RNGC4,3.732
2021-07-19,RNGC1,3.779
2021-07-19,RNGC2,3.754
2021-07-19,RNGC3,3.751
2021-07-19,RNGC4,3.812
2021-07-20,RNGC1,3.876
2021-07-20,RNGC2,3.852
2021-07-20,RNGC3,3.849
2021-07-20,RNGC4,3.904
2021-07-21,RNGC1,3.959
2021-07-21,RNGC2,3.938
2021-07-21,RNGC3,3.935
2021-07-21,RNGC4,3.99
2021-07-22,RNGC1,4.003
2021-07-22,RNGC2,3.982
2021-07-22,RNGC3,3.976
2021-07-22,RNGC4,4.033
2021-07-23,RNGC1,4.06
2021-07-23,RNGC2,4.042
2021-07-23,RNGC3,4.034
2021-07-23,RNGC4,4.094
2021-07-26,RNGC1,4.102
2021-07-26,RNGC2,4.082
2021-07-26,RNGC3,4.076
2021-07-26,RNGC4,4.137
2021-07-27,RNGC1,3.971
2021-07-27,RNGC2,3.942
2021-07-27,RNGC3,3.939
2021-07-27,RNGC4,4.002
2021-07-28,RNGC1,4.044
2021-07-28,RNGC2,3.967
2021-07-28,RNGC3,3.969
2021-07-28,RNGC4,4.03
2021-07-29,RNGC1,4.059
2021-07-29,RNGC2,4.06
2021-07-29,RNGC3,4.119
2021-07-29,RNGC4,4.217
2021-07-30,RNGC1,3.914
2021-07-30,RNGC2,3.92
2021-07-30,RNGC3,3.982
2021-07-30,RNGC4,4.085
2021-08-02,RNGC1,3.935
2021-08-02,RNGC2,3.938
2021-08-02,RNGC3,3.998
2021-08-02,RNGC4,4.101
2021-08-03,RNGC1,4.027
2021-08-03,RNGC2,4.032
2021-08-03,RNGC3,4.089
2021-08-03,RNGC4,4.19
2021-08-04,RNGC1,4.158
2021-08-04,RNGC2,4.163
2021-08-04,RNGC3,4.221
2021-08-04,RNGC4,4.32
2021-08-05,RNGC1,4.14
2021-08-05,RNGC2,4.148
2021-08-05,RNGC3,4.21
2021-08-05,RNGC4,4.316
2021-08-06,RNGC1,4.14
2021-08-06,RNGC2,4.154
2021-08-06,RNGC3,4.219
2021-08-06,RNGC4,4.33
2021-08-09,RNGC1,4.06
2021-08-09,RNGC2,4.075
2021-08-09,RNGC3,4.143
2021-08-09,RNGC4,4.252
2021-08-10,RNGC1,4.089
2021-08-10,RNGC2,4.103
2021-08-10,RNGC3,4.172
2021-08-10,RNGC4,4.281
2021-08-11,RNGC1,4.059
2021-08-11,RNGC2,4.071
2021-08-11,RNGC3,4.143
2021-08-11,RNGC4,4.256
2021-08-12,RNGC1,3.933
2021-08-12,RNGC2,3.948
2021-08-12,RNGC3,4.021
2021-08-12,RNGC4,4.139
2021-08-13,RNGC1,3.861
2021-08-13,RNGC2,3.875
2021-08-13,RNGC3,3.949
2021-08-13,RNGC4,4.07
2021-08-16,RNGC1,3.946
2021-08-16,RNGC2,3.96
2021-08-16,RNGC3,4.033
2021-08-16,RNGC4,4.151
2021-08-17,RNGC1,3.837
2021-08-17,RNGC2,3.851
2021-08-17,RNGC3,3.925
2021-08-17,RNGC4,4.045
2021-08-18,RNGC1,3.852
2021-08-18,RNGC2,3.866
2021-08-18,RNGC3,3.939
2021-08-18,RNGC4,4.057
2021-08-19,RNGC1,3.83
2021-08-19,RNGC2,3.844
2021-08-19,RNGC3,3.909
2021-08-19,RNGC4,4.019
2021-08-20,RNGC1,3.851
2021-08-20,RNGC2,3.866
2021-08-20,RNGC3,3.932
2021-08-20,RNGC4,4.039
2021-08-23,RNGC1,3.945
2021-08-23,RNGC2,3.96
2021-08-23,RNGC3,4.024
2021-08-23,RNGC4,4.126
2021-08-24,RNGC1,3.896
2021-08-24,RNGC2,3.916
2021-08-24,RNGC3,3.982
2021-08-24,RNGC4,4.088
2021-08-25,RNGC1,3.897
2021-08-25,RNGC2,3.925
2021-08-25,RNGC3,3.995
2021-08-25,RNGC4,4.105
2021-08-26,RNGC1,4.184
2021-08-26,RNGC2,4.211
2021-08-26,RNGC3,4.261
2021-08-26,RNGC4,4.36
2021-08-27,RNGC1,4.37
2021-08-27,RNGC2,4.388
2021-08-27,RNGC3,4.434
2021-08-27,RNGC4,4.522
2021-08-30,RNGC1,4.305
2021-08-30,RNGC2,4.359
2021-08-30,RNGC3,4.448
2021-08-30,RNGC4,4.499
2021-08-31,RNGC1,4.377
2021-08-31,RNGC2,4.425
2021-08-31,RNGC3,4.515
2021-08-31,RNGC4,4.563
2021-09-01,RNGC1,4.615
2021-09-01,RNGC2,4.663
2021-09-01,RNGC3,4.749
2021-09-01,RNGC4,4.798
2021-09-02,RNGC1,4.641
2021-09-02,RNGC2,4.692
2021-09-02,RNGC3,4.78
2021-09-02,RNGC4,4.832
2021-09-03,RNGC1,4.712
2021-09-03,RNGC2,4.762
2021-09-03,RNGC3,4.85
2021-09-03,RNGC4,4.905
2021-09-07,RNGC1,4.568
2021-09-07,RNGC2,4.615
2021-09-07,RNGC3,4.704
2021-09-07,RNGC4,4.764
2021-09-08,RNGC1,4.914
2021-09-08,RNGC2,4.962
2021-09-08,RNGC3,5.046
2021-09-08,RNGC4,5.103
2021-09-09,RNGC1,5.031
2021-09-09,RNGC2,5.072
2021-09-09,RNGC3,5.158
2021-09-09,RNGC4,5.216
2021-09-10,RNGC1,4.938
2021-09-10,RNGC2,4.973
2021-09-10,RNGC3,5.067
2021-09-10,RNGC4,5.129
2021-09-13,RNGC1,5.231
2021-09-13,RNGC2,5.273
2021-09-13,RNGC3,5.366
2021-09-13,RNGC4,5.43
2021-09-14,RNGC1,5.26
2021-09-14,RNGC2,5.305
2021-09-14,RNGC3,5.398
2021-09-14,RNGC4,5.465
2021-09-15,RNGC1,5.46
2021-09-15,RNGC2,5.507
2021-09-15,RNGC3,5.604
2021-09-15,RNGC4,5.676
2021-09-16,RNGC1,5.335
2021-09-16,RNGC2,5.382
2021-09-16,RNGC3,5.492
2021-09-16,RNGC4,5.564
2021-09-17,RNGC1,5.105
2021-09-17,RNGC2,5.146
2021-09-17,RNGC3,5.258
2021-09-17,RNGC4,5.328
2021-09-20,RNGC1,4.985
2021-09-20,RNGC2,5.022
2021-09-20,RNGC3,5.132
2021-09-20,RNGC4,5.202
2021-09-21,RNGC1,4.805
2021-09-21,RNGC2,4.842
2021-09-21,RNGC3,4.953
2021-09-21,RNGC4,5.023
2021-09-22,RNGC1,4.805
2021-09-22,RNGC2,4.855
2021-09-22,RNGC3,4.969
2021-09-22,RNGC4,5.042
2021-09-23,RNGC1,4.976
2021-09-23,RNGC2,5.043
2021-09-23,RNGC3,5.157
2021-09-23,RNGC4,5.232
2021-09-24,RNGC1,5.14
2021-09-24,RNGC2,5.2
2021-09-24,RNGC3,5.315
2021-09-24,RNGC4,5.391
2021-09-27,RNGC1,5.706
2021-09-27,RNGC2,5.731
2021-09-27,RNGC3,5.839
2021-09-27,RNGC4,5.91
2021-09-28,RNGC1,5.841
2021-09-28,RNGC2,5.88
2021-09-28,RNGC3,5.985
2021-09-28,RNGC4,6.058
2021-09-29,RNGC1,5.477
2021-09-29,RNGC2,5.595
2021-09-29,RNGC3,5.675
2021-09-29,RNGC4,5.56
2021-09-30,RNGC1,5.867
2021-09-30,RNGC2,5.991
2021-09-30,RNGC3,6.073
2021-09-30,RNGC4,5.951
2021-10-01,RNGC1,5.619
2021-10-01,RNGC2,5.763
2021-10-01,RNGC3,5.853
2021-10-01,RNGC4,5.742
2021-10-04,RNGC1,5.766
2021-10-04,RNGC2,5.906
2021-10-04,RNGC3,5.999
2021-10-04,RNGC4,5.888
2021-10-05,RNGC1,6.312
2021-10-05,RNGC2,6.432
2021-10-05,RNGC3,6.522
2021-10-05,RNGC4,6.407
2021-10-06,RNGC1,5.675
2021-10-06,RNGC2,5.803
2021-10-06,RNGC3,5.888
2021-10-06,RNGC4,5.787
2021-10-07,RNGC1,5.677
2021-10-07,RNGC2,5.817
2021-10-07,RNGC3,5.91
2021-10-07,RNGC4,5.806
2021-10-08,RNGC1,5.565
2021-10-08,RNGC2,5.71
2021-10-08,RNGC3,5.806
2021-10-08,RNGC4,5.701
2021-10-12,RNGC1,5.505
2021-10-12,RNGC2,5.663
2021-10-12,RNGC3,5.761
2021-10-12,RNGC4,5.656
2021-10-13,RNGC1,5.59
2021-10-13,RNGC2,5.753
2021-10-13,RNGC3,5.854
2021-10-13,RNGC4,5.75
2021-10-14,RNGC1,5.687
2021-10-14,RNGC2,5.837
2021-10-14,RNGC3,5.936
2021-10-14,RNGC4,5.835
2021-10-15,RNGC1,5.41
2021-10-15,RNGC2,5.6
2021-10-15,RNGC3,5.708
2021-10-15,RNGC4,5.613
2021-10-18,RNGC1,4.989
2021-10-18,RNGC2,5.236
2021-10-18,RNGC3,5.346
2021-10-18,RNGC4,5.261
2021-10-19,RNGC1,5.088
2021-10-19,RNGC2,5.35
2021-10-19,RNGC3,5.465
2021-10-19,RNGC4,5.379
2021-10-20,RNGC1,5.17
2021-10-20,RNGC2,5.447
2021-10-20,RNGC3,5.562
2021-10-20,RNGC4,5.469
2021-10-21,RNGC1,5.115
2021-10-21,RNGC2,5.346
2021-10-21,RNGC3,5.461
2021-10-21,RNGC4,5.375
2021-10-22,RNGC1,5.28
2021-10-22,RNGC2,5.461
2021-10-22,RNGC3,5.565
2021-10-22,RNGC4,5.473
2021-10-25,RNGC1,5.898
2021-10-25,RNGC2,6.056
2021-10-25,RNGC3,6.149
2021-10-25,RNGC4,6.039
2021-10-26,RNGC1,5.882
2021-10-26,RNGC2,6.003
2021-10-26,RNGC3,6.093
2021-10-26,RNGC4,5.98
2021-10-27,RNGC1,6.202
2021-10-27,RNGC2,6.198
2021-10-27,RNGC3,6.277
2021-10-27,RNGC4,6.151
2021-10-28,RNGC1,5.782
2021-10-28,RNGC2,5.871
2021-10-28,RNGC3,5.76
2021-10-28,RNGC4,5.418
2021-10-29,RNGC1,5.426
2021-10-29,RNGC2,5.529
2021-10-29,RNGC3,5.433
2021-10-29,RNGC4,5.145
2021-11-01,RNGC1,5.186
2021-11-01,RNGC2,5.305
2021-11-01,RNGC3,5.202
2021-11-01,RNGC4,4.912
2021-11-02,RNGC1,5.542
2021-11-02,RNGC2,5.64
2021-11-02,RNGC3,5.522
2021-11-02,RNGC4,5.206
2021-11-03,RNGC1,5.67
2021-11-03,RNGC2,5.78
2021-11-03,RNGC3,5.655
2021-11-03,RNGC4,5.309
2021-11-04,RNGC1,5.716
2021-11-04,RNGC2,5.826
2021-11-04,RNGC3,5.692
2021-11-04,RNGC4,5.349
2021-11-05,RNGC1,5.516
2021-11-05,RNGC2,5.626
2021-11-05,RNGC3,5.494
2021-11-05,RNGC4,5.161
2021-11-08,RNGC1,5.427
2021-11-08,RNGC2,5.505
2021-11-08,RNGC3,5.367
2021-11-08,RNGC4,5.029
2021-11-09,RNGC1,4.979
2021-11-09,RNGC2,5.07
2021-11-09,RNGC3,4.959
2021-11-09,RNGC4,4.699
2021-11-10,RNGC1,4.88
2021-11-10,RNGC2,4.974
2021-11-10,RNGC3,4.861
2021-11-10,RNGC4,4.59
2021-11-11,RNGC1,5.149
2021-11-11,RNGC2,5.245
2021-11-11,RNGC3,5.116
2021-11-11,RNGC4,4.802
2021-11-12,RNGC1,4.791
2021-11-12,RNGC2,4.88
2021-11-12,RNGC3,4.775
2021-11-12,RNGC4,4.529
2021-11-15,RNGC1,5.017
2021-11-15,RNGC2,5.104
2021-11-15,RNGC3,4.991
2021-11-15,RNGC4,4.718
2021-11-16,RNGC1,5.177
2021-11-16,RNGC2,5.27
2021-11-16,RNGC3,5.152
2021-11-16,RNGC4,4.854
2021-11-17,RNGC1,4.816
2021-11-17,RNGC2,4.914
2021-11-17,RNGC3,4.824
2021-11-17,RNGC4,4.593
2021-11-18,RNGC1,4.902
2021-11-18,RNGC2,4.995
2021-11-18,RNGC3,4.904
2021-11-18,RNGC4,4.671
2021-11-19,RNGC1,5.065
2021-11-19,RNGC2,5.145
2021-11-19,RNGC3,5.052
2021-11-19,RNGC4,4.818
2021-11-22,RNGC1,4.789
2021-11-22,RNGC2,4.861
2021-11-22,RNGC3,4.769
2021-11-22,RNGC4,4.555
2021-11-23,RNGC1,4.967
2021-11-23,RNGC2,5.035
2021-11-23,RNGC3,4.941
2021-11-23,RNGC4,4.723
2021-11-24,RNGC1,5.068
2021-11-24,RNGC2,5.114
2021-11-24,RNGC3,5.017
2021-11-24,RNGC4,4.781
2021-11-29,RNGC1,4.854
2021-11-29,RNGC2,4.768
2021-11-29,RNGC3,4.521
2021-11-29,RNGC4,4.106
2021-11-30,RNGC1,4.567
2021-11-30,RNGC2,4.506
2021-11-30,RNGC3,4.28
2021-11-30,RNGC4,3.934
2021-12-01,RNGC1,4.258
2021-12-01,RNGC2,4.188
2021-12-01,RNGC3,4.014
2021-12-01,RNGC4,3.786
2021-12-02,RNGC1,4.056
2021-12-02,RNGC2,3.997
2021-12-02,RNGC3,3.846
2021-12-02,RNGC4,3.676
2021-12-03,RNGC1,4.132
2021-12-03,RNGC2,4.073
2021-12-03,RNGC3,3.921
2021-12-03,RNGC4,3.751
2021-12-06,RNGC1,3.657
2021-12-06,RNGC2,3.625
2021-12-06,RNGC3,3.525
2021-12-06,RNGC4,3.442
2021-12-07,RNGC1,3.708
2021-12-07,RNGC2,3.674
2021-12-07,RNGC3,3.585
2021-12-07,RNGC4,3.497
2021-12-08,RNGC1,3.815
2021-12-08,RNGC2,3.774
2021-12-08,RNGC3,3.658
2021-12-08,RNGC4,3.575
2021-12-09,RNGC1,3.814
2021-12-09,RNGC2,3.784
2021-12-09,RNGC3,3.686
2021-12-09,RNGC4,3.624
2021-12-10,RNGC1,3.925
2021-12-10,RNGC2,3.889
2021-12-10,RNGC3,3.788
2021-12-10,RNGC4,3.714
2021-12-13,RNGC1,3.794
2021-12-13,RNGC2,3.761
2021-12-13,RNGC3,3.673
2021-12-13,RNGC4,3.617
2021-12-14,RNGC1,3.747
2021-12-14,RNGC2,3.713
2021-12-14,RNGC3,3.619
2021-12-14,RNGC4,3.552
2021-12-15,RNGC1,3.802
2021-12-15,RNGC2,3.761
2021-12-15,RNGC3,3.668
2021-12-15,RNGC4,3.602
2021-12-16,RNGC1,3.766
2021-12-16,RNGC2,3.715
2021-12-16,RNGC3,3.618
2021-12-16,RNGC4,3.558
2021-12-17,RNGC1,3.69
2021-12-17,RNGC2,3.639
2021-12-17,RNGC3,3.534
2021-12-17,RNGC4,3.485
2021-12-20,RNGC1,3.834
2021-12-20,RNGC2,3.758
2021-12-20,RNGC3,3.642
2021-12-20,RNGC4,3.598
2021-12-21,RNGC1,3.869
2021-12-21,RNGC2,3.774
2021-12-21,RNGC3,3.644
2021-12-21,RNGC4,3.608
2021-12-22,RNGC1,3.976
2021-12-22,RNGC2,3.86
2021-12-22,RNGC3,3.713
2021-12-22,RNGC4,3.635
2021-12-23,RNGC1,3.731
2021-12-23,RNGC2,3.63
2021-12-23,RNGC3,3.514
2021-12-23,RNGC4,3.469
2021-12-27,RNGC1,4.06
2021-12-27,RNGC2,3.942
2021-12-27,RNGC3,3.782
2021-12-27,RNGC4,3.708
2021-12-28,RNGC1,4.055
2021-12-28,RNGC2,3.885
2021-12-28,RNGC3,3.742
2021-12-28,RNGC4,3.682
2021-12-29,RNGC1,4.024
2021-12-29,RNGC2,3.85
2021-12-29,RNGC3,3.696
2021-12-29,RNGC4,3.645
2021-12-30,RNGC1,3.561
2021-12-30,RNGC2,3.435
2021-12-30,RNGC3,3.4
2021-12-30,RNGC4,3.431
2021-12-31,RNGC1,3.73
2021-12-31,RNGC2,3.557
2021-12-31,RNGC3,3.507
2021-12-31,RNGC4,3.525
2022-01-03,RNGC1,3.815
2022-01-03,RNGC2,3.678
2022-01-03,RNGC3,3.635
2022-01-03,RNGC4,3.653
2022-01-04,RNGC1,3.717
2022-01-04,RNGC2,3.582
2022-01-04,RNGC3,3.549
2022-01-04,RNGC4,3.575
2022-01-05,RNGC1,3.882
2022-01-05,RNGC2,3.71
2022-01-05,RNGC3,3.666
2022-01-05,RNGC4,3.683
2022-01-06,RNGC1,3.812
2022-01-06,RNGC2,3.67
2022-01-06,RNGC3,3.627
2022-01-06,RNGC4,3.645
2022-01-07,RNGC1,3.916
2022-01-07,RNGC2,3.726
2022-01-07,RNGC3,3.667
2022-01-07,RNGC4,3.685
2022-01-10,RNGC1,4.079
2022-01-10,RNGC2,3.834
2022-01-10,RNGC3,3.767
2022-01-10,RNGC4,3.787
2022-01-11,RNGC1,4.249
2022-01-11,RNGC2,3.968
2022-01-11,RNGC3,3.881
2022-01-11,RNGC4,3.893
2022-01-12,RNGC1,4.857
2022-01-12,RNGC2,4.327
2022-01-12,RNGC3,4.134
2022-01-12,RNGC4,4.132
2022-01-13,RNGC1,4.27
2022-01-13,RNGC2,4.005
2022-01-13,RNGC3,3.938
2022-01-13,RNGC4,3.958
2022-01-14,RNGC1,4.262
2022-01-14,RNGC2,4.081
2022-01-14,RNGC3,4.007
2022-01-14,RNGC4,4.03
2022-01-18,RNGC1,4.283
2022-01-18,RNGC2,4.048
2022-01-18,RNGC3,3.983
2022-01-18,RNGC4,4.008
2022-01-19,RNGC1,4.031
2022-01-19,RNGC2,3.845
2022-01-19,RNGC3,3.826
2022-01-19,RNGC4,3.865
2022-01-20,RNGC1,3.802
2022-01-20,RNGC2,3.649
2022-01-20,RNGC3,3.648
2022-01-20,RNGC4,3.693
2022-01-21,RNGC1,3.999
2022-01-21,RNGC2,3.782
2022-01-21,RNGC3,3.746
2022-01-21,RNGC4,3.777
2022-01-24,RNGC1,4.027
2022-01-24,RNGC2,3.875
2022-01-24,RNGC3,3.842
2022-01-24,RNGC4,3.876
2022-01-25,RNGC1,4.053
2022-01-25,RNGC2,3.894
2022-01-25,RNGC3,3.883
2022-01-25,RNGC4,3.92
2022-01-26,RNGC1,4.277
2022-01-26,RNGC2,4.036
2022-01-26,RNGC3,4.011
2022-01-26,RNGC4,4.044
2022-01-27,RNGC1,6.265
2022-01-27,RNGC2,4.283
2022-01-27,RNGC3,4.207
2022-01-27,RNGC4,4.233
2022-01-28,RNGC1,4.639
2022-01-28,RNGC2,4.473
2022-01-28,RNGC3,4.485
2022-01-28,RNGC4,4.523
2022-01-31,RNGC1,4.874
2022-01-31,RNGC2,4.675
2022-01-31,RNGC3,4.66
2022-01-31,RNGC4,4.692
2022-02-01,RNGC1,4.751
2022-02-01,RNGC2,4.573
2022-02-01,RNGC3,4.578
2022-02-01,RNGC4,4.614
2022-02-02,RNGC1,5.501
2022-02-02,RNGC2,5.044
2022-02-02,RNGC3,5.038
2022-02-02,RNGC4,5.069
2022-02-03,RNGC1,4.888
2022-02-03,RNGC2,4.72
2022-02-03,RNGC3,4.725
2022-02-03,RNGC4,4.762
2022-02-04,RNGC1,4.572
2022-02-04,RNGC2,4.492
2022-02-04,RNGC3,4.511
2022-02-04,RNGC4,4.554
2022-02-07,RNGC1,4.232
2022-02-07,RNGC2,4.198
2022-02-07,RNGC3,4.221
2022-02-07,RNGC4,4.266
2022-02-08,RNGC1,4.248
2022-02-08,RNGC2,4.218
2022-02-08,RNGC3,4.245
2022-02-08,RNGC4,4.292
2022-02-09,RNGC1,4.009
2022-02-09,RNGC2,3.98
2022-02-09,RNGC3,4.009
2022-02-09,RNGC4,4.058
2022-02-10,RNGC1,3.959
2022-02-10,RNGC2,3.943
2022-02-10,RNGC3,3.977
2022-02-10,RNGC4,4.029
2022-02-11,RNGC1,3.941
2022-02-11,RNGC2,3.935
2022-02-11,RNGC3,3.97
2022-02-11,RNGC4,4.024
2022-02-14,RNGC1,4.195
2022-02-14,RNGC2,4.16
2022-02-14,RNGC3,4.189
2022-02-14,RNGC4,4.238
2022-02-15,RNGC1,4.306
2022-02-15,RNGC2,4.241
2022-02-15,RNGC3,4.267
2022-02-15,RNGC4,4.312
2022-02-16,RNGC1,4.717
2022-02-16,RNGC2,4.572
2022-02-16,RNGC3,4.582
2022-02-16,RNGC4,4.623
2022-02-17,RNGC1,4.486
2022-02-17,RNGC2,4.43
2022-02-17,RNGC3,4.455
2022-02-17,RNGC4,4.501
2022-02-18,RNGC1,4.431
2022-02-18,RNGC2,4.377
2022-02-18,RNGC3,4.398
2022-02-18,RNGC4,4.443
2022-02-22,RNGC1,4.498
2022-02-22,RNGC2,4.461
2022-02-22,RNGC3,4.483
2022-02-22,RNGC4,4.527
2022-02-23,RNGC1,4.623
2022-02-23,RNGC2,4.593
2022-02-23,RNGC3,4.605
2022-02-23,RNGC4,4.647
2022-02-24,RNGC1,4.568
2022-02-24,RNGC2,4.641
2022-02-24,RNGC3,4.656
2022-02-24,RNGC4,4.699
2022-02-25,RNGC1,4.47
2022-02-25,RNGC2,4.485
2022-02-25,RNGC3,4.528
2022-02-25,RNGC4,4.578
2022-02-28,RNGC1,4.402
2022-02-28,RNGC2,4.42
2022-02-28,RNGC3,4.461
2022-02-28,RNGC4,4.511
2022-03-01,RNGC1,4.573
2022-03-01,RNGC2,4.598
2022-03-01,RNGC3,4.64
2022-03-01,RNGC4,4.691
2022-03-02,RNGC1,4.762
2022-03-02,RNGC2,4.787
2022-03-02,RNGC3,4.826
2022-03-02,RNGC4,4.874
2022-03-03,RNGC1,4.722
2022-03-03,RNGC2,4.736
2022-03-03,RNGC3,4.771
2022-03-03,RNGC4,4.814
2022-03-04,RNGC1,5.016
2022-03-04,RNGC2,5.036
2022-03-04,RNGC3,5.071
2022-03-04,RNGC4,5.113
2022-03-07,RNGC1,4.833
2022-03-07,RNGC2,4.858
2022-03-07,RNGC3,4.901
2022-03-07,RNGC4,4.952
2022-03-08,RNGC1,4.527
2022-03-08,RNGC2,4.563
2022-03-08,RNGC3,4.611
2022-03-08,RNGC4,4.67
2022-03-09,RNGC1,4.526
2022-03-09,RNGC2,4.561
2022-03-09,RNGC3,4.61
2022-03-09,RNGC4,4.67
2022-03-10,RNGC1,4.631
2022-03-10,RNGC2,4.669
2022-03-10,RNGC3,4.72
2022-03-10,RNGC4,4.779
2022-03-11,RNGC1,4.725
2022-03-11,RNGC2,4.766
2022-03-11,RNGC3,4.819
2022-03-11,RNGC4,4.878
2022-03-14,RNGC1,4.658
2022-03-14,RNGC2,4.702
2022-03-14,RNGC3,4.752
2022-03-14,RNGC4,4.809
2022-03-15,RNGC1,4.568
2022-03-15,RNGC2,4.617
2022-03-15,RNGC3,4.67
2022-03-15,RNGC4,4.727
2022-03-16,RNGC1,4.748
2022-03-16,RNGC2,4.784
2022-03-16,RNGC3,4.829
2022-03-16,RNGC4,4.88
2022-03-17,RNGC1,4.99
2022-03-17,RNGC2,5.021
2022-03-17,RNGC3,5.063
2022-03-17,RNGC4,5.111
2022-03-18,RNGC1,4.863
2022-03-18,RNGC2,4.902
2022-03-18,RNGC3,4.946
2022-03-18,RNGC4,4.997
2022-03-21,RNGC1,4.9
2022-03-21,RNGC2,4.934
2022-03-21,RNGC3,4.975
2022-03-21,RNGC4,5.025
2022-03-22,RNGC1,5.187
2022-03-22,RNGC2,5.227
2022-03-22,RNGC3,5.268
2022-03-22,RNGC4,5.316
2022-03-23,RNGC1,5.232
2022-03-23,RNGC2,5.274
2022-03-23,RNGC3,5.316
2022-03-23,RNGC4,5.366
2022-03-24,RNGC1,5.401
2022-03-24,RNGC2,5.446
2022-03-24,RNGC3,5.487
2022-03-24,RNGC4,5.538
2022-03-25,RNGC1,5.571
2022-03-25,RNGC2,5.611
2022-03-25,RNGC3,5.651
2022-03-25,RNGC4,5.701
2022-03-28,RNGC1,5.508
2022-03-28,RNGC2,5.538
2022-03-28,RNGC3,5.582
2022-03-28,RNGC4,5.636
2022-03-29,RNGC1,5.336
2022-03-29,RNGC2,5.33
2022-03-29,RNGC3,5.381
2022-03-29,RNGC4,5.438
2022-03-30,RNGC1,5.605
2022-03-30,RNGC2,5.658
2022-03-30,RNGC3,5.714
2022-03-30,RNGC4,5.717
2022-03-31,RNGC1,5.642
2022-03-31,RNGC2,5.701
2022-03-31,RNGC3,5.756
2022-03-31,RNGC4,5.757
2022-04-01,RNGC1,5.72
2022-04-01,RNGC2,5.795
2022-04-01,RNGC3,5.857
2022-04-01,RNGC4,5.86
2022-04-04,RNGC1,5.712
2022-04-04,RNGC2,5.793
2022-04-04,RNGC3,5.858
2022-04-04,RNGC4,5.865
2022-04-05,RNGC1,6.032
2022-04-05,RNGC2,6.108
2022-04-05,RNGC3,6.17
2022-04-05,RNGC4,6.175
2022-04-06,RNGC1,6.029
2022-04-06,RNGC2,6.107
2022-04-06,RNGC3,6.172
2022-04-06,RNGC4,6.176
2022-04-07,RNGC1,6.359
2022-04-07,RNGC2,6.436
2022-04-07,RNGC3,6.499
2022-04-07,RNGC4,6.502
2022-04-08,RNGC1,6.278
2022-04-08,RNGC2,6.356
2022-04-08,RNGC3,6.42
2022-04-08,RNGC4,6.423
2022-04-11,RNGC1,6.643
2022-04-11,RNGC2,6.723
2022-04-11,RNGC3,6.787
2022-04-11,RNGC4,6.791
2022-04-12,RNGC1,6.68
2022-04-12,RNGC2,6.763
2022-04-12,RNGC3,6.829
2022-04-12,RNGC4,6.833
2022-04-13,RNGC1,6.997
2022-04-13,RNGC2,7.096
2022-04-13,RNGC3,7.173
2022-04-13,RNGC4,7.174
2022-04-14,RNGC1,7.3
2022-04-14,RNGC2,7.423
2022-04-14,RNGC3,7.501
2022-04-14,RNGC4,7.499
2022-04-18,RNGC1,7.82
2022-04-18,RNGC2,7.958
2022-04-18,RNGC3,8.042
2022-04-18,RNGC4,8.038
2022-04-19,RNGC1,7.176
2022-04-19,RNGC2,7.277
2022-04-19,RNGC3,7.352
2022-04-19,RNGC4,7.346
2022-04-20,RNGC1,6.937
2022-04-20,RNGC2,7.065
2022-04-20,RNGC3,7.158
2022-04-20,RNGC4,7.151
2022-04-21,RNGC1,6.957
2022-04-21,RNGC2,7.096
2022-04-21,RNGC3,7.189
2022-04-21,RNGC4,7.186
2022-04-22,RNGC1,6.534
2022-04-22,RNGC2,6.663
2022-04-22,RNGC3,6.753
2022-04-22,RNGC4,6.754
2022-04-25,RNGC1,6.669
2022-04-25,RNGC2,6.805
2022-04-25,RNGC3,6.891
2022-04-25,RNGC4,6.892
2022-04-26,RNGC1,6.85
2022-04-26,RNGC2,6.978
2022-04-26,RNGC3,7.068
2022-04-26,RNGC4,7.068
2022-04-27,RNGC1,7.267
2022-04-27,RNGC2,7.339
2022-04-27,RNGC3,7.436
2022-04-27,RNGC4,7.435
2022-04-28,RNGC1,6.888
2022-04-28,RNGC2,6.994
2022-04-28,RNGC3,6.997
2022-04-28,RNGC4,6.954
2022-04-29,RNGC1,7.244
2022-04-29,RNGC2,7.355
2022-04-29,RNGC3,7.354
2022-04-29,RNGC4,7.299
2022-05-02,RNGC1,7.475
2022-05-02,RNGC2,7.566
2022-05-02,RNGC3,7.566
2022-05-02,RNGC4,7.507
2022-05-03,RNGC1,7.954
2022-05-03,RNGC2,8.025
2022-05-03,RNGC3,8.015
2022-05-03,RNGC4,7.956
2022-05-04,RNGC1,8.415
2022-05-04,RNGC2,8.472
2022-05-04,RNGC3,8.461
2022-05-04,RNGC4,8.412
2022-05-05,RNGC1,8.783
2022-05-05,RNGC2,8.841
2022-05-05,RNGC3,8.823
2022-05-05,RNGC4,8.773
2022-05-06,RNGC1,8.043
2022-05-06,RNGC2,8.128
2022-05-06,RNGC3,8.11
2022-05-06,RNGC4,8.068
2022-05-09,RNGC1,7.026
2022-05-09,RNGC2,7.106
2022-05-09,RNGC3,7.091
2022-05-09,RNGC4,7.054
2022-05-10,RNGC1,7.385
2022-05-10,RNGC2,7.467
2022-05-10,RNGC3,7.446
2022-05-10,RNGC4,7.4
2022-05-11,RNGC1,7.64
2022-05-11,RNGC2,7.727
2022-05-11,RNGC3,7.708
2022-05-11,RNGC4,7.661
2022-05-12,RNGC1,7.739
2022-05-12,RNGC2,7.835
2022-05-12,RNGC3,7.822
2022-05-12,RNGC4,7.778
2022-05-13,RNGC1,7.663
2022-05-13,RNGC2,7.765
2022-05-13,RNGC3,7.754
2022-05-13,RNGC4,7.714
2022-05-16,RNGC1,7.956
2022-05-16,RNGC2,8.053
2022-05-16,RNGC3,8.04
2022-05-16,RNGC4,7.999
2022-05-17,RNGC1,8.304
2022-05-17,RNGC2,8.394
2022-05-17,RNGC3,8.38
2022-05-17,RNGC4,8.339
2022-05-18,RNGC1,8.368
2022-05-18,RNGC2,8.455
2022-05-18,RNGC3,8.444
2022-05-18,RNGC4,8.402
2022-05-19,RNGC1,8.308
2022-05-19,RNGC2,8.4
2022-05-19,RNGC3,8.39
2022-05-19,RNGC4,8.349
2022-05-20,RNGC1,8.083
2022-05-20,RNGC2,8.178
2022-05-20,RNGC3,8.171
2022-05-20,RNGC4,8.136
2022-05-23,RNGC1,8.744
2022-05-23,RNGC2,8.827
2022-05-23,RNGC3,8.813
2022-05-23,RNGC4,8.767
2022-05-24,RNGC1,8.796
2022-05-24,RNGC2,8.836
2022-05-24,RNGC3,8.822
2022-05-24,RNGC4,8.78
2022-05-25,RNGC1,8.971
2022-05-25,RNGC2,8.993
2022-05-25,RNGC3,8.972
2022-05-25,RNGC4,8.929
2022-05-26,RNGC1,8.908
2022-05-26,RNGC2,8.895
2022-05-26,RNGC3,8.88
2022-05-26,RNGC4,8.837
2022-05-27,RNGC1,8.727
2022-05-27,RNGC2,8.712
2022-05-27,RNGC3,8.673
2022-05-27,RNGC4,8.64
2022-05-31,RNGC1,8.145
2022-05-31,RNGC2,8.138
2022-05-31,RNGC3,8.097
2022-05-31,RNGC4,8.073
2022-06-01,RNGC1,8.696
2022-06-01,RNGC2,8.686
2022-06-01,RNGC3,8.643
2022-06-01,RNGC4,8.614
2022-06-02,RNGC1,8.485
2022-06-02,RNGC2,8.474
2022-06-02,RNGC3,8.437
2022-06-02,RNGC4,8.409
2022-06-03,RNGC1,8.523
2022-06-03,RNGC2,8.51
2022-06-03,RNGC3,8.473
2022-06-03,RNGC4,8.446
2022-06-06,RNGC1,9.322
2022-06-06,RNGC2,9.306
2022-06-06,RNGC3,9.26
2022-06-06,RNGC4,9.22
2022-06-07,RNGC1,9.293
2022-06-07,RNGC2,9.278
2022-06-07,RNGC3,9.234
2022-06-07,RNGC4,9.205
2022-06-08,RNGC1,8.699
2022-06-08,RNGC2,8.679
2022-06-08,RNGC3,8.649
2022-06-08,RNGC4,8.637
2022-06-09,RNGC1,8.963
2022-06-09,RNGC2,8.978
2022-06-09,RNGC3,8.958
2022-06-09,RNGC4,8.955
2022-06-10,RNGC1,8.85
2022-06-10,RNGC2,8.867
2022-06-10,RNGC3,8.847
2022-06-10,RNGC4,8.845
2022-06-13,RNGC1,8.609
2022-06-13,RNGC2,8.619
2022-06-13,RNGC3,8.592
2022-06-13,RNGC4,8.584
2022-06-14,RNGC1,7.189
2022-06-14,RNGC2,7.18
2022-06-14,RNGC3,7.164
2022-06-14,RNGC4,7.17
2022-06-15,RNGC1,7.42
2022-06-15,RNGC2,7.406
2022-06-15,RNGC3,7.37
2022-06-15,RNGC4,7.369
2022-06-16,RNGC1,7.464
2022-06-16,RNGC2,7.438
2022-06-16,RNGC3,7.393
2022-06-16,RNGC4,7.383
2022-06-17,RNGC1,6.944
2022-06-17,RNGC2,6.906
2022-06-17,RNGC3,6.861
2022-06-17,RNGC4,6.85
2022-06-21,RNGC1,6.808
2022-06-21,RNGC2,6.783
2022-06-21,RNGC3,6.743
2022-06-21,RNGC4,6.735
2022-06-22,RNGC1,6.858
2022-06-22,RNGC2,6.872
2022-06-22,RNGC3,6.835
2022-06-22,RNGC4,6.826
2022-06-23,RNGC1,6.239
2022-06-23,RNGC2,6.283
2022-06-23,RNGC3,6.28
2022-06-23,RNGC4,6.289
2022-06-24,RNGC1,6.22
2022-06-24,RNGC2,6.281
2022-06-24,RNGC3,6.258
2022-06-24,RNGC4,6.268
2022-06-27,RNGC1,6.501
2022-06-27,RNGC2,6.546
2022-06-27,RNGC3,6.54
2022-06-27,RNGC4,6.557
2022-06-28,RNGC1,6.551
2022-06-28,RNGC2,6.57
2022-06-28,RNGC3,6.557
2022-06-28,RNGC4,6.573
2022-06-29,RNGC1,6.498
2022-06-29,RNGC2,6.493
2022-06-29,RNGC3,6.519
2022-06-29,RNGC4,6.614
2022-06-30,RNGC1,5.424
2022-06-30,RNGC2,5.392
2022-06-30,RNGC3,5.409
2022-06-30,RNGC4,5.52
2022-07-01,RNGC1,5.73
2022-07-01,RNGC2,5.712
2022-07-01,RNGC3,5.729
2022-07-01,RNGC4,5.837
2022-07-05,RNGC1,5.523
2022-07-05,RNGC2,5.487
2022-07-05,RNGC3,5.495
2022-07-05,RNGC4,5.605
2022-07-06,RNGC1,5.51
2022-07-06,RNGC2,5.482
2022-07-06,RNGC3,5.493
2022-07-06,RNGC4,5.605
2022-07-07,RNGC1,6.297
2022-07-07,RNGC2,6.262
2022-07-07,RNGC3,6.253
2022-07-07,RNGC4,6.348
2022-07-08,RNGC1,6.034
2022-07-08,RNGC2,5.967
2022-07-08,RNGC3,5.963
2022-07-08,RNGC4,6.068
2022-07-11,RNGC1,6.426
2022-07-11,RNGC2,6.319
2022-07-11,RNGC3,6.301
2022-07-11,RNGC4,6.394
2022-07-12,RNGC1,6.163
2022-07-12,RNGC2,6.021
2022-07-12,RNGC3,6.003
2022-07-12,RNGC4,6.1
2022-07-13,RNGC1,6.689
2022-07-13,RNGC2,6.589
2022-07-13,RNGC3,6.574
2022-07-13,RNGC4,6.677
2022-07-14,RNGC1,6.6
2022-07-14,RNGC2,6.511
2022-07-14,RNGC3,6.504
2022-07-14,RNGC4,6.607
2022-07-15,RNGC1,7.016
2022-07-15,RNGC2,6.926
2022-07-15,RNGC3,6.917
2022-07-15,RNGC4,6.997
2022-07-18,RNGC1,7.479
2022-07-18,RNGC2,7.382
2022-07-18,RNGC3,7.367
2022-07-18,RNGC4,7.445
2022-07-19,RNGC1,7.264
2022-07-19,RNGC2,7.15
2022-07-19,RNGC3,7.13
2022-07-19,RNGC4,7.21
2022-07-20,RNGC1,8.007
2022-07-20,RNGC2,7.899
2022-07-20,RNGC3,7.87
2022-07-20,RNGC4,7.944
2022-07-21,RNGC1,7.932
2022-07-21,RNGC2,7.815
2022-07-21,RNGC3,7.784
2022-07-21,RNGC4,7.854
2022-07-22,RNGC1,8.299
2022-07-22,RNGC2,8.195
2022-07-22,RNGC3,8.167
2022-07-22,RNGC4,8.238
2022-07-25,RNGC1,8.727
2022-07-25,RNGC2,8.571
2022-07-25,RNGC3,8.552
2022-07-25,RNGC4,8.626
2022-07-26,RNGC1,8.993
2022-07-26,RNGC2,8.825
2022-07-26,RNGC3,8.794
2022-07-26,RNGC4,8.866
2022-07-27,RNGC1,8.687
2022-07-27,RNGC2,8.554
2022-07-27,RNGC3,8.526
2022-07-27,RNGC4,8.603
2022-07-28,RNGC1,8.134
2022-07-28,RNGC2,8.118
2022-07-28,RNGC3,8.199
2022-07-28,RNGC4,8.299
2022-07-29,RNGC1,8.229
2022-07-29,RNGC2,8.208
2022-07-29,RNGC3,8.283
2022-07-29,RNGC4,8.374
2022-08-01,RNGC1,8.283
2022-08-01,RNGC2,8.26
2022-08-01,RNGC3,8.33
2022-08-01,RNGC4,8.429
2022-08-02,RNGC1,7.706
2022-08-02,RNGC2,7.698
2022-08-02,RNGC3,7.775
2022-08-02,RNGC4,7.887
2022-08-03,RNGC1,8.266
2022-08-03,RNGC2,8.262
2022-08-03,RNGC3,8.331
2022-08-03,RNGC4,8.429
2022-08-04,RNGC1,8.122
2022-08-04,RNGC2,8.114
2022-08-04,RNGC3,8.184
2022-08-04,RNGC4,8.285
2022-08-05,RNGC1,8.064
2022-08-05,RNGC2,8.051
2022-08-05,RNGC3,8.12
2022-08-05,RNGC4,8.23
2022-08-08,RNGC1,7.589
2022-08-08,RNGC2,7.578
2022-08-08,RNGC3,7.653
2022-08-08,RNGC4,7.767
2022-08-09,RNGC1,7.833
2022-08-09,RNGC2,7.825
2022-08-09,RNGC3,7.902
2022-08-09,RNGC4,8.018
2022-08-10,RNGC1,8.202
2022-08-10,RNGC2,8.193
2022-08-10,RNGC3,8.272
2022-08-10,RNGC4,8.389
2022-08-11,RNGC1,8.874
2022-08-11,RNGC2,8.863
2022-08-11,RNGC3,8.939
2022-08-11,RNGC4,9.052
2022-08-12,RNGC1,8.768
2022-08-12,RNGC2,8.744
2022-08-12,RNGC3,8.816
2022-08-12,RNGC4,8.927
2022-08-15,RNGC1,8.728
2022-08-15,RNGC2,8.712
2022-08-15,RNGC3,8.788
2022-08-15,RNGC4,8.903
2022-08-16,RNGC1,9.329
2022-08-16,RNGC2,9.311
2022-08-16,RNGC3,9.37
2022-08-16,RNGC4,9.472
2022-08-17,RNGC1,9.244
2022-08-17,RNGC2,9.228
2022-08-17,RNGC3,9.297
2022-08-17,RNGC4,9.401
2022-08-18,RNGC1,9.188
2022-08-18,RNGC2,9.17
2022-08-18,RNGC3,9.242
2022-08-18,RNGC4,9.35
2022-08-19,RNGC1,9.336
2022-08-19,RNGC2,9.315
2022-08-19,RNGC3,9.385
2022-08-19,RNGC4,9.492
2022-08-22,RNGC1,9.68
2022-08-22,RNGC2,9.647
2022-08-22,RNGC3,9.71
2022-08-22,RNGC4,9.81
2022-08-23,RNGC1,9.193
2022-08-23,RNGC2,9.155
2022-08-23,RNGC3,9.225
2022-08-23,RNGC4,9.35
2022-08-24,RNGC1,9.33
2022-08-24,RNGC2,9.3
2022-08-24,RNGC3,9.369
2022-08-24,RNGC4,9.504
2022-08-25,RNGC1,9.375
2022-08-25,RNGC2,9.344
2022-08-25,RNGC3,9.419
2022-08-25,RNGC4,9.564
2022-08-26,RNGC1,9.296
2022-08-26,RNGC2,9.269
2022-08-26,RNGC3,9.332
2022-08-26,RNGC4,9.473
2022-08-29,RNGC1,9.353
2022-08-29,RNGC2,9.336
2022-08-29,RNGC3,9.4
2022-08-29,RNGC4,9.532
2022-08-30,RNGC1,9.042
2022-08-30,RNGC2,9.103
2022-08-30,RNGC3,9.24
2022-08-30,RNGC4,9.31
2022-08-31,RNGC1,9.127
2022-08-31,RNGC2,9.189
2022-08-31,RNGC3,9.326
2022-08-31,RNGC4,9.396
2022-09-01,RNGC1,9.262
2022-09-01,RNGC2,9.33
2022-09-01,RNGC3,9.479
2022-09-01,RNGC4,9.556
2022-09-02,RNGC1,8.786
2022-09-02,RNGC2,8.85
2022-09-02,RNGC3,8.997
2022-09-02,RNGC4,9.078
2022-09-06,RNGC1,8.145
2022-09-06,RNGC2,8.212
2022-09-06,RNGC3,8.367
2022-09-06,RNGC4,8.458
2022-09-07,RNGC1,7.842
2022-09-07,RNGC2,7.901
2022-09-07,RNGC3,8.035
2022-09-07,RNGC4,8.115
2022-09-08,RNGC1,7.915
2022-09-08,RNGC2,7.971
2022-09-08,RNGC3,8.102
2022-09-08,RNGC4,8.196
2022-09-09,RNGC1,7.996
2022-09-09,RNGC2,8.044
2022-09-09,RNGC3,8.183
2022-09-09,RNGC4,8.278
2022-09-12,RNGC1,8.249
2022-09-12,RNGC2,8.287
2022-09-12,RNGC3,8.42
2022-09-12,RNGC4,8.517
2022-09-13,RNGC1,8.284
2022-09-13,RNGC2,8.334
2022-09-13,RNGC3,8.477
2022-09-13,RNGC4,8.573
2022-09-14,RNGC1,9.114
2022-09-14,RNGC2,9.167
2022-09-14,RNGC3,9.31
2022-09-14,RNGC4,9.407
2022-09-15,RNGC1,8.324
2022-09-15,RNGC2,8.372
2022-09-15,RNGC3,8.522
2022-09-15,RNGC4,8.62
2022-09-16,RNGC1,7.764
2022-09-16,RNGC2,7.811
2022-09-16,RNGC3,7.966
2022-09-16,RNGC4,8.067
2022-09-19,RNGC1,7.752
2022-09-19,RNGC2,7.804
2022-09-19,RNGC3,7.966
2022-09-19,RNGC4,8.074
2022-09-20,RNGC1,7.717
2022-09-20,RNGC2,7.772
2022-09-20,RNGC3,7.932
2022-09-20,RNGC4,8.046
2022-09-21,RNGC1,7.779
2022-09-21,RNGC2,7.827
2022-09-21,RNGC3,7.99
2022-09-21,RNGC4,8.109
2022-09-22,RNGC1,7.089
2022-09-22,RNGC2,7.193
2022-09-22,RNGC3,7.378
2022-09-22,RNGC4,7.522
2022-09-23,RNGC1,6.828
2022-09-23,RNGC2,6.992
2022-09-23,RNGC3,7.203
2022-09-23,RNGC4,7.366
2022-09-26,RNGC1,6.903
2022-09-26,RNGC2,7.014
2022-09-26,RNGC3,7.235
2022-09-26,RNGC4,7.398
2022-09-27,RNGC1,6.651
2022-09-27,RNGC2,6.76
2022-09-27,RNGC3,6.99
2022-09-27,RNGC4,7.157
2022-09-28,RNGC1,6.868
2022-09-28,RNGC2,6.955
2022-09-28,RNGC3,7.2
2022-09-28,RNGC4,7.37
2022-09-29,RNGC1,6.874
2022-09-29,RNGC2,7.142
2022-09-29,RNGC3,7.32
2022-09-29,RNGC4,7.009
2022-09-30,RNGC1,6.766
2022-09-30,RNGC2,7.065
2022-09-30,RNGC3,7.247
2022-09-30,RNGC4,6.937
2022-10-03,RNGC1,6.47
2022-10-03,RNGC2,6.803
2022-10-03,RNGC3,6.989
2022-10-03,RNGC4,6.715
2022-10-04,RNGC1,6.837
2022-10-04,RNGC2,7.174
2022-10-04,RNGC3,7.32
2022-10-04,RNGC4,7.03
2022-10-05,RNGC1,6.93
2022-10-05,RNGC2,7.236
2022-10-05,RNGC3,7.385
2022-10-05,RNGC4,7.11
2022-10-06,RNGC1,6.972
2022-10-06,RNGC2,7.242
2022-10-06,RNGC3,7.383
2022-10-06,RNGC4,7.103
2022-10-07,RNGC1,6.748
2022-10-07,RNGC2,7.047
2022-10-07,RNGC3,7.203
2022-10-07,RNGC4,6.94
2022-10-10,RNGC1,6.435
2022-10-10,RNGC2,6.784
2022-10-10,RNGC3,6.974
2022-10-10,RNGC4,6.743
2022-10-11,RNGC1,6.596
2022-10-11,RNGC2,6.928
2022-10-11,RNGC3,7.114
2022-10-11,RNGC4,6.876
2022-10-12,RNGC1,6.435
2022-10-12,RNGC2,6.766
2022-10-12,RNGC3,6.953
2022-10-12,RNGC4,6.723
2022-10-13,RNGC1,6.741
2022-10-13,RNGC2,7.053
2022-10-13,RNGC3,7.242
2022-10-13,RNGC4,7.006
2022-10-14,RNGC1,6.453
2022-10-14,RNGC2,6.827
2022-10-14,RNGC3,7.043
2022-10-14,RNGC4,6.793
2022-10-17,RNGC1,5.999
2022-10-17,RNGC2,6.479
2022-10-17,RNGC3,6.714
2022-10-17,RNGC4,6.508
2022-10-18,RNGC1,5.745
2022-10-18,RNGC2,6.237
2022-10-18,RNGC3,6.493
2022-10-18,RNGC4,6.286
2022-10-19,RNGC1,5.462
2022-10-19,RNGC2,5.928
2022-10-19,RNGC3,6.212
2022-10-19,RNGC4,6.016
2022-10-20,RNGC1,5.358
2022-10-20,RNGC2,5.838
2022-10-20,RNGC3,6.111
2022-10-20,RNGC4,5.928
2022-10-21,RNGC1,4.959
2022-10-21,RNGC2,5.472
2022-10-21,RNGC3,5.754
2022-10-21,RNGC4,5.587
2022-10-24,RNGC1,5.199
2022-10-24,RNGC2,5.753
2022-10-24,RNGC3,6.034
2022-10-24,RNGC4,5.847
2022-10-25,RNGC1,5.613
2022-10-25,RNGC2,6.166
2022-10-25,RNGC3,6.427
2022-10-25,RNGC4,6.23
2022-10-26,RNGC1,5.606
2022-10-26,RNGC2,6.119
2022-10-26,RNGC3,6.387
2022-10-26,RNGC4,6.217
2022-10-27,RNGC1,5.186
2022-10-27,RNGC2,5.875
2022-10-27,RNGC3,6.136
2022-10-27,RNGC4,5.972
2022-10-28,RNGC1,5.684
2022-10-28,RNGC2,5.953
2022-10-28,RNGC3,5.794
2022-10-28,RNGC4,5.276
2022-10-31,RNGC1,6.355
2022-10-31,RNGC2,6.607
2022-10-31,RNGC3,6.379
2022-10-31,RNGC4,5.717
2022-11-01,RNGC1,5.714
2022-11-01,RNGC2,6.08
2022-11-01,RNGC3,5.899
2022-11-01,RNGC4,5.375
2022-11-02,RNGC1,6.268
2022-11-02,RNGC2,6.589
2022-11-02,RNGC3,6.373
2022-11-02,RNGC4,5.749
2022-11-03,RNGC1,5.975
2022-11-03,RNGC2,6.33
2022-11-03,RNGC3,6.138
2022-11-03,RNGC4,5.537
2022-11-04,RNGC1,6.4
2022-11-04,RNGC2,6.754
2022-11-04,RNGC3,6.529
2022-11-04,RNGC4,5.873
2022-11-07,RNGC1,6.944
2022-11-07,RNGC2,7.244
2022-11-07,RNGC3,6.936
2022-11-07,RNGC4,6.087
2022-11-08,RNGC1,6.138
2022-11-08,RNGC2,6.524
2022-11-08,RNGC3,6.266
2022-11-08,RNGC4,5.506
2022-11-09,RNGC1,5.865
2022-11-09,RNGC2,6.225
2022-11-09,RNGC3,5.969
2022-11-09,RNGC4,5.311
2022-11-10,RNGC1,6.239
2022-11-10,RNGC2,6.613
2022-11-10,RNGC3,6.346
2022-11-10,RNGC4,5.63
2022-11-11,RNGC1,5.879
2022-11-11,RNGC2,6.263
2022-11-11,RNGC3,6.022
2022-11-11,RNGC4,5.369
2022-11-14,RNGC1,5.933
2022-11-14,RNGC2,6.299
2022-11-14,RNGC3,6.05
2022-11-14,RNGC4,5.41
2022-11-15,RNGC1,6.034
2022-11-15,RNGC2,6.395
2022-11-15,RNGC3,6.143
2022-11-15,RNGC4,5.457
2022-11-16,RNGC1,6.2
2022-11-16,RNGC2,6.607
2022-11-16,RNGC3,6.353
2022-11-16,RNGC4,5.59
2022-11-17,RNGC1,6.369
2022-11-17,RNGC2,6.744
2022-11-17,RNGC3,6.491
2022-11-17,RNGC4,5.706
2022-11-18,RNGC1,6.303
2022-11-18,RNGC2,6.716
2022-11-18,RNGC3,6.483
2022-11-18,RNGC4,5.703
2022-11-21,RNGC1,6.776
2022-11-21,RNGC2,7.223
2022-11-21,RNGC3,6.962
2022-11-21,RNGC4,6.111
2022-11-22,RNGC1,6.779
2022-11-22,RNGC2,7.406
2022-11-22,RNGC3,7.17
2022-11-22,RNGC4,6.314
2022-11-23,RNGC1,7.308
2022-11-23,RNGC2,7.708
2022-11-23,RNGC3,7.486
2022-11-23,RNGC4,6.645
2022-11-25,RNGC1,7.024
2022-11-25,RNGC2,7.33
2022-11-25,RNGC3,7.135
2022-11-25,RNGC4,6.424
2022-11-28,RNGC1,6.712
2022-11-28,RNGC2,7.196
2022-11-28,RNGC3,7.018
2022-11-28,RNGC4,6.299
2022-11-29,RNGC1,7.235
2022-11-29,RNGC2,7.084
2022-11-29,RNGC3,6.356
2022-11-29,RNGC4,5.289
2022-11-30,RNGC1,6.93
2022-11-30,RNGC2,6.818
2022-11-30,RNGC3,6.178
2022-11-30,RNGC4,5.247
2022-12-01,RNGC1,6.738
2022-12-01,RNGC2,6.631
2022-12-01,RNGC3,5.999
2022-12-01,RNGC4,5.246
2022-12-02,RNGC1,6.281
2022-12-02,RNGC2,6.169
2022-12-02,RNGC3,5.582
2022-12-02,RNGC4,4.935
2022-12-05,RNGC1,5.577
2022-12-05,RNGC2,5.484
2022-12-05,RNGC3,5.024
2022-12-05,RNGC4,4.62
2022-12-06,RNGC1,5.469
2022-12-06,RNGC2,5.378
2022-12-06,RNGC3,4.943
2022-12-06,RNGC4,4.521
2022-12-07,RNGC1,5.723
2022-12-07,RNGC2,5.617
2022-12-07,RNGC3,5.192
2022-12-07,RNGC4,4.671
2022-12-08,RNGC1,5.962
2022-12-08,RNGC2,5.82
2022-12-08,RNGC3,5.359
2022-12-08,RNGC4,4.824
2022-12-09,RNGC1,6.245
2022-12-09,RNGC2,6.082
2022-12-09,RNGC3,5.565
2022-12-09,RNGC4,4.924
2022-12-12,RNGC1,6.587
2022-12-12,RNGC2,6.416
2022-12-12,RNGC3,5.785
2022-12-12,RNGC4,5.096
2022-12-13,RNGC1,6.935
2022-12-13,RNGC2,6.733
2022-12-13,RNGC3,6.071
2022-12-13,RNGC4,5.354
2022-12-14,RNGC1,6.43
2022-12-14,RNGC2,6.22
2022-12-14,RNGC3,5.62
2022-12-14,RNGC4,5.129
2022-12-15,RNGC1,6.97
2022-12-15,RNGC2,6.589
2022-12-15,RNGC3,5.82
2022-12-15,RNGC4,5.279
2022-12-16,RNGC1,6.6
2022-12-16,RNGC2,6.303
2022-12-16,RNGC3,5.602
2022-12-16,RNGC4,5.153
2022-12-19,RNGC1,5.851
2022-12-19,RNGC2,5.71
2022-12-19,RNGC3,5.253
2022-12-19,RNGC4,4.896
2022-12-20,RNGC1,5.326
2022-12-20,RNGC2,5.216
2022-12-20,RNGC3,4.82
2022-12-20,RNGC4,4.565
2022-12-21,RNGC1,5.332
2022-12-21,RNGC2,5.238
2022-12-21,RNGC3,4.815
2022-12-21,RNGC4,4.537
2022-12-22,RNGC1,4.999
2022-12-22,RNGC2,4.928
2022-12-22,RNGC3,4.433
2022-12-22,RNGC4,4.171
2022-12-23,RNGC1,5.079
2022-12-23,RNGC2,4.98
2022-12-23,RNGC3,4.419
2022-12-23,RNGC4,4.147
2022-12-27,RNGC1,5.282
2022-12-27,RNGC2,5.118
2022-12-27,RNGC3,4.482
2022-12-27,RNGC4,4.191
2022-12-28,RNGC1,4.709
2022-12-28,RNGC2,4.685
2022-12-28,RNGC3,4.194
2022-12-28,RNGC4,4.008
2022-12-29,RNGC1,4.559
2022-12-29,RNGC2,4.117
2022-12-29,RNGC3,3.925
2022-12-29,RNGC4,3.934
2022-12-30,RNGC1,4.475
2022-12-30,RNGC2,4.104
2022-12-30,RNGC3,3.917
2022-12-30,RNGC4,3.931
2023-01-03,RNGC1,3.988
2023-01-03,RNGC2,3.641
2023-01-03,RNGC3,3.55
2023-01-03,RNGC4,3.575
2023-01-04,RNGC1,4.172
2023-01-04,RNGC2,3.78
2023-01-04,RNGC3,3.678
2023-01-04,RNGC4,3.702
2023-01-05,RNGC1,3.72
2023-01-05,RNGC2,3.426
2023-01-05,RNGC3,3.358
2023-01-05,RNGC4,3.397
2023-01-06,RNGC1,3.71
2023-01-06,RNGC2,3.392
2023-01-06,RNGC3,3.313
2023-01-06,RNGC4,3.352
2023-01-09,RNGC1,3.91
2023-01-09,RNGC2,3.563
2023-01-09,RNGC3,3.486
2023-01-09,RNGC4,3.534
2023-01-10,RNGC1,3.639
2023-01-10,RNGC2,3.314
2023-01-10,RNGC3,3.251
2023-01-10,RNGC4,3.303
2023-01-11,RNGC1,3.671
2023-01-11,RNGC2,3.346
2023-01-11,RNGC3,3.292
2023-01-11,RNGC4,3.347
2023-01-12,RNGC1,3.695
2023-01-12,RNGC2,3.355
2023-01-12,RNGC3,3.306
2023-01-12,RNGC4,3.363
2023-01-13,RNGC1,3.419
2023-01-13,RNGC2,3.196
2023-01-13,RNGC3,3.165
2023-01-13,RNGC4,3.229
2023-01-17,RNGC1,3.586
2023-01-17,RNGC2,3.253
2023-01-17,RNGC3,3.218
2023-01-17,RNGC4,3.283
2023-01-18,RNGC1,3.311
2023-01-18,RNGC2,3.111
2023-01-18,RNGC3,3.086
2023-01-18,RNGC4,3.154
2023-01-19,RNGC1,3.275
2023-01-19,RNGC2,3.124
2023-01-19,RNGC3,3.114
2023-01-19,RNGC4,3.191
2023-01-20,RNGC1,3.174
2023-01-20,RNGC2,3.036
2023-01-20,RNGC3,3.03
2023-01-20,RNGC4,3.112
2023-01-23,RNGC1,3.447
2023-01-23,RNGC2,3.222
2023-01-23,RNGC3,3.195
2023-01-23,RNGC4,3.263
2023-01-24,RNGC1,3.258
2023-01-24,RNGC2,3.057
2023-01-24,RNGC3,3.057
2023-01-24,RNGC4,3.142
2023-01-25,RNGC1,3.067
2023-01-25,RNGC2,2.915
2023-01-25,RNGC3,2.927
2023-01-25,RNGC4,3.017
2023-01-26,RNGC1,2.944
2023-01-26,RNGC2,2.848
2023-01-26,RNGC3,2.871
2023-01-26,RNGC4,2.961
2023-01-27,RNGC1,3.109
2023-01-27,RNGC2,2.849
2023-01-27,RNGC3,2.878
2023-01-27,RNGC4,2.966
2023-01-30,RNGC1,2.677
2023-01-30,RNGC2,2.731
2023-01-30,RNGC3,2.821
2023-01-30,RNGC4,2.999
2023-01-31,RNGC1,2.684
2023-01-31,RNGC2,2.741
2023-01-31,RNGC3,2.843
2023-01-31,RNGC4,3.04
2023-02-01,RNGC1,2.468
2023-02-01,RNGC2,2.536
2023-02-01,RNGC3,2.675
2023-02-01,RNGC4,2.893
2023-02-02,RNGC1,2.456
2023-02-02,RNGC2,2.522
2023-02-02,RNGC3,2.657
2023-02-02,RNGC4,2.863
2023-02-03,RNGC1,2.41
2023-02-03,RNGC2,2.48
2023-02-03,RNGC3,2.625
2023-02-03,RNGC4,2.829
2023-02-06,RNGC1,2.457
2023-02-06,RNGC2,2.535
2023-02-06,RNGC3,2.673
2023-02-06,RNGC4,2.863
2023-02-07,RNGC1,2.584
2023-02-07,RNGC2,2.664
2023-02-07,RNGC3,2.818
2023-02-07,RNGC4,3.003
2023-02-08,RNGC1,2.396
2023-02-08,RNGC2,2.477
2023-02-08,RNGC3,2.646
2023-02-08,RNGC4,2.84
2023-02-09,RNGC1,2.43
2023-02-09,RNGC2,2.492
2023-02-09,RNGC3,2.661
2023-02-09,RNGC4,2.852
2023-02-10,RNGC1,2.514
2023-02-10,RNGC2,2.607
2023-02-10,RNGC3,2.778
2023-02-10,RNGC4,2.966
2023-02-13,RNGC1,2.405
2023-02-13,RNGC2,2.499
2023-02-13,RNGC3,2.685
2023-02-13,RNGC4,2.883
2023-02-14,RNGC1,2.567
2023-02-14,RNGC2,2.652
2023-02-14,RNGC3,2.805
2023-02-14,RNGC4,2.981
2023-02-15,RNGC1,2.471
2023-02-15,RNGC2,2.555
2023-02-15,RNGC3,2.709
2023-02-15,RNGC4,2.896
2023-02-16,RNGC1,2.389
2023-02-16,RNGC2,2.485
2023-02-16,RNGC3,2.638
2023-02-16,RNGC4,2.831
2023-02-17,RNGC1,2.275
2023-02-17,RNGC2,2.352
2023-02-17,RNGC3,2.496
2023-02-17,RNGC4,2.682
2023-02-21,RNGC1,2.073
2023-02-21,RNGC2,2.177
2023-02-21,RNGC3,2.316
2023-02-21,RNGC4,2.513
2023-02-22,RNGC1,2.174
2023-02-22,RNGC2,2.298
2023-02-22,RNGC3,2.44
2023-02-22,RNGC4,2.641
2023-02-23,RNGC1,2.314
2023-02-23,RNGC2,2.432
2023-02-23,RNGC3,2.59
2023-02-23,RNGC4,2.781
2023-02-24,RNGC1,2.451
2023-02-24,RNGC2,2.548
2023-02-24,RNGC3,2.701
2023-02-24,RNGC4,2.896
2023-02-27,RNGC1,2.731
2023-02-27,RNGC2,2.853
2023-02-27,RNGC3,3.024
2023-02-27,RNGC4,3.195
2023-02-28,RNGC1,2.747
2023-02-28,RNGC2,2.863
2023-02-28,RNGC3,3.036
2023-02-28,RNGC4,3.212
2023-03-01,RNGC1,2.811
2023-03-01,RNGC2,2.943
2023-03-01,RNGC3,3.126
2023-03-01,RNGC4,3.299
2023-03-02,RNGC1,2.765
2023-03-02,RNGC2,2.899
2023-03-02,RNGC3,3.092
2023-03-02,RNGC4,3.27
2023-03-03,RNGC1,3.009
2023-03-03,RNGC2,3.141
2023-03-03,RNGC3,3.323
2023-03-03,RNGC4,3.485
2023-03-06,RNGC1,2.572
2023-03-06,RNGC2,2.73
2023-03-06,RNGC3,2.928
2023-03-06,RNGC4,3.107
2023-03-07,RNGC1,2.687
2023-03-07,RNGC2,2.84
2023-03-07,RNGC3,3.06
2023-03-07,RNGC4,3.251
2023-03-08,RNGC1,2.551
2023-03-08,RNGC2,2.713
2023-03-08,RNGC3,2.95
2023-03-08,RNGC4,3.153
2023-03-09,RNGC1,2.543
2023-03-09,RNGC2,2.683
2023-03-09,RNGC3,2.922
2023-03-09,RNGC4,3.133
2023-03-10,RNGC1,2.43
2023-03-10,RNGC2,2.559
2023-03-10,RNGC3,2.799
2023-03-10,RNGC4,3.028
2023-03-13,RNGC1,2.606
2023-03-13,RNGC2,2.726
2023-03-13,RNGC3,2.967
2023-03-13,RNGC4,3.184
2023-03-14,RNGC1,2.573
2023-03-14,RNGC2,2.69
2023-03-14,RNGC3,2.918
2023-03-14,RNGC4,3.128
2023-03-15,RNGC1,2.439
2023-03-15,RNGC2,2.546
2023-03-15,RNGC3,2.759
2023-03-15,RNGC4,2.958
2023-03-16,RNGC1,2.514
2023-03-16,RNGC2,2.626
2023-03-16,RNGC3,2.837
2023-03-16,RNGC4,3.029
2023-03-17,RNGC1,2.338
2023-03-17,RNGC2,2.446
2023-03-17,RNGC3,2.662
2023-03-17,RNGC4,2.861
2023-03-20,RNGC1,2.223
2023-03-20,RNGC2,2.331
2023-03-20,RNGC3,2.556
2023-03-20,RNGC4,2.772
2023-03-21,RNGC1,2.348
2023-03-21,RNGC2,2.485
2023-03-21,RNGC3,2.721
2023-03-21,RNGC4,2.957
2023-03-22,RNGC1,2.171
2023-03-22,RNGC2,2.307
2023-03-22,RNGC3,2.547
2023-03-22,RNGC4,2.801
2023-03-23,RNGC1,2.154
2023-03-23,RNGC2,2.283
2023-03-23,RNGC3,2.528
2023-03-23,RNGC4,2.793
2023-03-24,RNGC1,2.216
2023-03-24,RNGC2,2.361
2023-03-24,RNGC3,2.598
2023-03-24,RNGC4,2.861
2023-03-27,RNGC1,2.088
2023-03-27,RNGC2,2.215
2023-03-27,RNGC3,2.458
2023-03-27,RNGC4,2.726
2023-03-28,RNGC1,2.03
2023-03-28,RNGC2,2.147
2023-03-28,RNGC3,2.386
2023-03-28,RNGC4,2.659
2023-03-29,RNGC1,1.991
2023-03-29,RNGC2,2.184
2023-03-29,RNGC3,2.448
2023-03-29,RNGC4,2.726
2023-03-30,RNGC1,2.104
2023-03-30,RNGC2,2.358
2023-03-30,RNGC3,2.639
2023-03-30,RNGC4,2.69
2023-03-31,RNGC1,2.216
2023-03-31,RNGC2,2.465
2023-03-31,RNGC3,2.732
2023-03-31,RNGC4,2.783
2023-04-03,RNGC1,2.097
2023-04-03,RNGC2,2.333
2023-04-03,RNGC3,2.586
2023-04-03,RNGC4,2.643
2023-04-04,RNGC1,2.106
2023-04-04,RNGC2,2.344
2023-04-04,RNGC3,2.597
2023-04-04,RNGC4,2.652
2023-04-05,RNGC1,2.155
2023-04-05,RNGC2,2.381
2023-04-05,RNGC3,2.624
2023-04-05,RNGC4,2.678
2023-04-06,RNGC1,2.011
2023-04-06,RNGC2,2.238
2023-04-06,RNGC3,2.491
2023-04-06,RNGC4,2.547
2023-04-10,RNGC1,2.172
2023-04-10,RNGC2,2.361
2023-04-10,RNGC3,2.601
2023-04-10,RNGC4,2.653
2023-04-11,RNGC1,2.186
2023-04-11,RNGC2,2.351
2023-04-11,RNGC3,2.571
2023-04-11,RNGC4,2.629
2023-04-12,RNGC1,2.093
2023-04-12,RNGC2,2.267
2023-04-12,RNGC3,2.489
2023-04-12,RNGC4,2.547
2023-04-13,RNGC1,2.007
2023-04-13,RNGC2,2.197
2023-04-13,RNGC3,2.431
2023-04-13,RNGC4,2.493
2023-04-14,RNGC1,2.114
2023-04-14,RNGC2,2.305
2023-04-14,RNGC3,2.545
2023-04-14,RNGC4,2.609
2023-04-17,RNGC1,2.275
2023-04-17,RNGC2,2.444
2023-04-17,RNGC3,2.652
2023-04-17,RNGC4,2.717
2023-04-18,RNGC1,2.366
2023-04-18,RNGC2,2.517
2023-04-18,RNGC3,2.715
2023-04-18,RNGC4,2.778
2023-04-19,RNGC1,2.222
2023-04-19,RNGC2,2.395
2023-04-19,RNGC3,2.589
2023-04-19,RNGC4,2.661
2023-04-20,RNGC1,2.249
2023-04-20,RNGC2,2.427
2023-04-20,RNGC3,2.625
2023-04-20,RNGC4,2.697
2023-04-21,RNGC1,2.233
2023-04-21,RNGC2,2.408
2023-04-21,RNGC3,2.597
2023-04-21,RNGC4,2.671
2023-04-24,RNGC1,2.273
2023-04-24,RNGC2,2.471
2023-04-24,RNGC3,2.668
2023-04-24,RNGC4,2.743
2023-04-25,RNGC1,2.307
2023-04-25,RNGC2,2.437
2023-04-25,RNGC3,2.628
2023-04-25,RNGC4,2.704
2023-04-26,RNGC1,2.117
2023-04-26,RNGC2,2.305
2023-04-26,RNGC3,2.495
2023-04-26,RNGC4,2.571
2023-04-27,RNGC1,2.355
2023-04-27,RNGC2,2.548
2023-04-27,RNGC3,2.617
2023-04-27,RNGC4,2.6
2023-04-28,RNGC1,2.41
2023-04-28,RNGC2,2.578
2023-04-28,RNGC3,2.645
2023-04-28,RNGC4,2.626
2023-05-01,RNGC1,2.318
2023-05-01,RNGC2,2.498
2023-05-01,RNGC3,2.566
2023-05-01,RNGC4,2.546
2023-05-02,RNGC1,2.214
2023-05-02,RNGC2,2.417
2023-05-02,RNGC3,2.495
2023-05-02,RNGC4,2.48
2023-05-03,RNGC1,2.17
2023-05-03,RNGC2,2.36
2023-05-03,RNGC3,2.436
2023-05-03,RNGC4,2.422
2023-05-04,RNGC1,2.101
2023-05-04,RNGC2,2.297
2023-05-04,RNGC3,2.375
2023-05-04,RNGC4,2.366
2023-05-05,RNGC1,2.137
2023-05-05,RNGC2,2.321
2023-05-05,RNGC3,2.404
2023-05-05,RNGC4,2.4
2023-05-08,RNGC1,2.238
2023-05-08,RNGC2,2.412
2023-05-08,RNGC3,2.498
2023-05-08,RNGC4,2.493
2023-05-09,RNGC1,2.267
2023-05-09,RNGC2,2.427
2023-05-09,RNGC3,2.511
2023-05-09,RNGC4,2.505
2023-05-10,RNGC1,2.191
2023-05-10,RNGC2,2.336
2023-05-10,RNGC3,2.419
2023-05-10,RNGC4,2.415
2023-05-11,RNGC1,2.19
2023-05-11,RNGC2,2.345
2023-05-11,RNGC3,2.43
2023-05-11,RNGC4,2.425
2023-05-12,RNGC1,2.266
2023-05-12,RNGC2,2.438
2023-05-12,RNGC3,2.529
2023-05-12,RNGC4,2.527
2023-05-15,RNGC1,2.375
2023-05-15,RNGC2,2.542
2023-05-15,RNGC3,2.624
2023-05-15,RNGC4,2.62
2023-05-16,RNGC1,2.376
2023-05-16,RNGC2,2.534
2023-05-16,RNGC3,2.609
2023-05-16,RNGC4,2.598
2023-05-17,RNGC1,2.365
2023-05-17,RNGC2,2.509
2023-05-17,RNGC3,2.584
2023-05-17,RNGC4,2.574
2023-05-18,RNGC1,2.592
2023-05-18,RNGC2,2.715
2023-05-18,RNGC3,2.787
2023-05-18,RNGC4,2.77
2023-05-19,RNGC1,2.585
2023-05-19,RNGC2,2.707
2023-05-19,RNGC3,2.772
2023-05-19,RNGC4,2.747
2023-05-22,RNGC1,2.4
2023-05-22,RNGC2,2.551
2023-05-22,RNGC3,2.623
2023-05-22,RNGC4,2.609
2023-05-23,RNGC1,2.321
2023-05-23,RNGC2,2.489
2023-05-23,RNGC3,2.565
2023-05-23,RNGC4,2.555
2023-05-24,RNGC1,2.398
2023-05-24,RNGC2,2.566
2023-05-24,RNGC3,2.643
2023-05-24,RNGC4,2.633
2023-05-25,RNGC1,2.307
2023-05-25,RNGC2,2.476
2023-05-25,RNGC3,2.559
2023-05-25,RNGC4,2.554
2023-05-26,RNGC1,2.181
2023-05-26,RNGC2,2.417
2023-05-26,RNGC3,2.505
2023-05-26,RNGC4,2.503
2023-05-30,RNGC1,2.327
2023-05-30,RNGC2,2.416
2023-05-30,RNGC3,2.415
2023-05-30,RNGC4,2.532
2023-05-31,RNGC1,2.266
2023-05-31,RNGC2,2.358
2023-05-31,RNGC3,2.358
2023-05-31,RNGC4,2.478
2023-06-01,RNGC1,2.158
2023-06-01,RNGC2,2.273
2023-06-01,RNGC3,2.277
2023-06-01,RNGC4,2.404
2023-06-02,RNGC1,2.172
2023-06-02,RNGC2,2.299
2023-06-02,RNGC3,2.316
2023-06-02,RNGC4,2.448
2023-06-05,RNGC1,2.245
2023-06-05,RNGC2,2.366
2023-06-05,RNGC3,2.384
2023-06-05,RNGC4,2.515
2023-06-06,RNGC1,2.262
2023-06-06,RNGC2,2.381
2023-06-06,RNGC3,2.402
2023-06-06,RNGC4,2.534
2023-06-07,RNGC1,2.329
2023-06-07,RNGC2,2.433
2023-06-07,RNGC3,2.448
2023-06-07,RNGC4,2.573
2023-06-08,RNGC1,2.352
2023-06-08,RNGC2,2.434
2023-06-08,RNGC3,2.44
2023-06-08,RNGC4,2.562
2023-06-09,RNGC1,2.254
2023-06-09,RNGC2,2.331
2023-06-09,RNGC3,2.338
2023-06-09,RNGC4,2.47
2023-06-12,RNGC1,2.266
2023-06-12,RNGC2,2.336
2023-06-12,RNGC3,2.348
2023-06-12,RNGC4,2.48
2023-06-13,RNGC1,2.34
2023-06-13,RNGC2,2.407
2023-06-13,RNGC3,2.416
2023-06-13,RNGC4,2.546
2023-06-14,RNGC1,2.342
2023-06-14,RNGC2,2.413
2023-06-14,RNGC3,2.416
2023-06-14,RNGC4,2.547
2023-06-15,RNGC1,2.533
2023-06-15,RNGC2,2.609
2023-06-15,RNGC3,2.606
2023-06-15,RNGC4,2.719
2023-06-16,RNGC1,2.632
2023-06-16,RNGC2,2.721
2023-06-16,RNGC3,2.715
2023-06-16,RNGC4,2.818
2023-06-20,RNGC1,2.492
2023-06-20,RNGC2,2.57
2023-06-20,RNGC3,2.557
2023-06-20,RNGC4,2.667
2023-06-21,RNGC1,2.597
2023-06-21,RNGC2,2.677
2023-06-21,RNGC3,2.666
2023-06-21,RNGC4,2.769
2023-06-22,RNGC1,2.608
2023-06-22,RNGC2,2.704
2023-06-22,RNGC3,2.694
2023-06-22,RNGC4,2.794
2023-06-23,RNGC1,2.729
2023-06-23,RNGC2,2.843
2023-06-23,RNGC3,2.824
2023-06-23,RNGC4,2.907
2023-06-26,RNGC1,2.791
2023-06-26,RNGC2,2.892
2023-06-26,RNGC3,2.868
2023-06-26,RNGC4,2.936
2023-06-27,RNGC1,2.763
2023-06-27,RNGC2,2.789
2023-06-27,RNGC3,2.755
2023-06-27,RNGC4,2.825
2023-06-28,RNGC1,2.603
2023-06-28,RNGC2,2.668
2023-06-28,RNGC3,2.646
2023-06-28,RNGC4,2.732
2023-06-29,RNGC1,2.701
2023-06-29,RNGC2,2.691
2023-06-29,RNGC3,2.772
2023-06-29,RNGC4,3.129
2023-06-30,RNGC1,2.798
2023-06-30,RNGC2,2.774
2023-06-30,RNGC3,2.847
2023-06-30,RNGC4,3.211
2023-07-03,RNGC1,2.709
2023-07-03,RNGC2,2.702
2023-07-03,RNGC3,2.784
2023-07-03,RNGC4,3.169
2023-07-05,RNGC1,2.657
2023-07-05,RNGC2,2.643
2023-07-05,RNGC3,2.73
2023-07-05,RNGC4,3.129
2023-07-06,RNGC1,2.609
2023-07-06,RNGC2,2.599
2023-07-06,RNGC3,2.69
2023-07-06,RNGC4,3.099
2023-07-07,RNGC1,2.582
2023-07-07,RNGC2,2.57
2023-07-07,RNGC3,2.66
2023-07-07,RNGC4,3.073
2023-07-10,RNGC1,2.669
2023-07-10,RNGC2,2.641
2023-07-10,RNGC3,2.729
2023-07-10,RNGC4,3.149
2023-07-11,RNGC1,2.731
2023-07-11,RNGC2,2.692
2023-07-11,RNGC3,2.778
2023-07-11,RNGC4,3.194
2023-07-12,RNGC1,2.632
2023-07-12,RNGC2,2.597
2023-07-12,RNGC3,2.683
2023-07-12,RNGC4,3.105
2023-07-13,RNGC1,2.545
2023-07-13,RNGC2,2.534
2023-07-13,RNGC3,2.628
2023-07-13,RNGC4,3.063
2023-07-14,RNGC1,2.539
2023-07-14,RNGC2,2.53
2023-07-14,RNGC3,2.631
2023-07-14,RNGC4,3.075
2023-07-17,RNGC1,2.512
2023-07-17,RNGC2,2.504
2023-07-17,RNGC3,2.606
2023-07-17,RNGC4,3.028
2023-07-18,RNGC1,2.629
2023-07-18,RNGC2,2.618
2023-07-18,RNGC3,2.718
2023-07-18,RNGC4,3.107
2023-07-19,RNGC1,2.603
2023-07-19,RNGC2,2.585
2023-07-19,RNGC3,2.684
2023-07-19,RNGC4,3.081
2023-07-20,RNGC1,2.757
2023-07-20,RNGC2,2.731
2023-07-20,RNGC3,2.823
2023-07-20,RNGC4,3.19
2023-07-21,RNGC1,2.713
2023-07-21,RNGC2,2.707
2023-07-21,RNGC3,2.809
2023-07-21,RNGC4,3.193
2023-07-24,RNGC1,2.685
2023-07-24,RNGC2,2.688
2023-07-24,RNGC3,2.792
2023-07-24,RNGC4,3.194
2023-07-25,RNGC1,2.73
2023-07-25,RNGC2,2.747
2023-07-25,RNGC3,2.858
2023-07-25,RNGC4,3.271
2023-07-26,RNGC1,2.665
2023-07-26,RNGC2,2.693
2023-07-26,RNGC3,2.809
2023-07-26,RNGC4,3.235
2023-07-27,RNGC1,2.492
2023-07-27,RNGC2,2.595
2023-07-27,RNGC3,2.714
2023-07-27,RNGC4,3.142
2023-07-28,RNGC1,2.638
2023-07-28,RNGC2,2.753
2023-07-28,RNGC3,3.176
2023-07-28,RNGC4,3.589
2023-07-31,RNGC1,2.634
2023-07-31,RNGC2,2.741
2023-07-31,RNGC3,3.143
2023-07-31,RNGC4,3.563
2023-08-01,RNGC1,2.56
2023-08-01,RNGC2,2.672
2023-08-01,RNGC3,3.075
2023-08-01,RNGC4,3.507
2023-08-02,RNGC1,2.477
2023-08-02,RNGC2,2.586
2023-08-02,RNGC3,2.998
2023-08-02,RNGC4,3.442
2023-08-03,RNGC1,2.565
2023-08-03,RNGC2,2.67
2023-08-03,RNGC3,3.063
2023-08-03,RNGC4,3.497
2023-08-04,RNGC1,2.577
2023-08-04,RNGC2,2.681
2023-08-04,RNGC3,3.075
2023-08-04,RNGC4,3.514
2023-08-07,RNGC1,2.725
2023-08-07,RNGC2,2.813
2023-08-07,RNGC3,3.177
2023-08-07,RNGC4,3.603
2023-08-08,RNGC1,2.777
2023-08-08,RNGC2,2.864
2023-08-08,RNGC3,3.243
2023-08-08,RNGC4,3.678
2023-08-09,RNGC1,2.959
2023-08-09,RNGC2,3.053
2023-08-09,RNGC3,3.445
2023-08-09,RNGC4,3.857
2023-08-10,RNGC1,2.763
2023-08-10,RNGC2,2.87
2023-08-10,RNGC3,3.301
2023-08-10,RNGC4,3.752
2023-08-11,RNGC1,2.77
2023-08-11,RNGC2,2.882
2023-08-11,RNGC3,3.344
2023-08-11,RNGC4,3.813
2023-08-14,RNGC1,2.795
2023-08-14,RNGC2,2.898
2023-08-14,RNGC3,3.364
2023-08-14,RNGC4,3.845
2023-08-15,RNGC1,2.659
2023-08-15,RNGC2,2.781
2023-08-15,RNGC3,3.287
2023-08-15,RNGC4,3.79
2023-08-16,RNGC1,2.592
2023-08-16,RNGC2,2.726
2023-08-16,RNGC3,3.215
2023-08-16,RNGC4,3.725
2023-08-17,RNGC1,2.621
2023-08-17,RNGC2,2.755
2023-08-17,RNGC3,3.243
2023-08-17,RNGC4,3.748
2023-08-18,RNGC1,2.551
2023-08-18,RNGC2,2.691
2023-08-18,RNGC3,3.166
2023-08-18,RNGC4,3.678
2023-08-21,RNGC1,2.632
2023-08-21,RNGC2,2.743
2023-08-21,RNGC3,3.193
2023-08-21,RNGC4,3.703
2023-08-22,RNGC1,2.56
2023-08-22,RNGC2,2.652
2023-08-22,RNGC3,3.106
2023-08-22,RNGC4,3.617
2023-08-23,RNGC1,2.497
2023-08-23,RNGC2,2.592
2023-08-23,RNGC3,3.044
2023-08-23,RNGC4,3.542
2023-08-24,RNGC1,2.519
2023-08-24,RNGC2,2.636
2023-08-24,RNGC3,3.093
2023-08-24,RNGC4,3.565
2023-08-25,RNGC1,2.54
2023-08-25,RNGC2,2.657
2023-08-25,RNGC3,3.135
2023-08-25,RNGC4,3.625
2023-08-28,RNGC1,2.579
2023-08-28,RNGC2,2.665
2023-08-28,RNGC3,3.106
2023-08-28,RNGC4,3.576
2023-08-29,RNGC1,2.556
2023-08-29,RNGC2,2.662
2023-08-29,RNGC3,3.062
2023-08-29,RNGC4,3.505
2023-08-30,RNGC1,2.796
2023-08-30,RNGC2,3.181
2023-08-30,RNGC3,3.613
2023-08-30,RNGC4,3.831
2023-08-31,RNGC1,2.768
2023-08-31,RNGC2,3.147
2023-08-31,RNGC3,3.611
2023-08-31,RNGC4,3.835
2023-09-01,RNGC1,2.765
2023-09-01,RNGC2,3.111
2023-09-01,RNGC3,3.548
2023-09-01,RNGC4,3.785
2023-09-05,RNGC1,2.582
2023-09-05,RNGC2,2.991
2023-09-05,RNGC3,3.453
2023-09-05,RNGC4,3.706
2023-09-06,RNGC1,2.51
2023-09-06,RNGC2,2.943
2023-09-06,RNGC3,3.425
2023-09-06,RNGC4,3.677
2023-09-07,RNGC1,2.579
2023-09-07,RNGC2,2.958
2023-09-07,RNGC3,3.421
2023-09-07,RNGC4,3.675
2023-09-08,RNGC1,2.605
2023-09-08,RNGC2,2.966
2023-09-08,RNGC3,3.44
2023-09-08,RNGC4,3.7
2023-09-11,RNGC1,2.608
2023-09-11,RNGC2,2.937
2023-09-11,RNGC3,3.408
2023-09-11,RNGC4,3.674
2023-09-12,RNGC1,2.743
2023-09-12,RNGC2,3.015
2023-09-12,RNGC3,3.445
2023-09-12,RNGC4,3.707
2023-09-13,RNGC1,2.68
2023-09-13,RNGC2,2.987
2023-09-13,RNGC3,3.436
2023-09-13,RNGC4,3.684
2023-09-14,RNGC1,2.708
2023-09-14,RNGC2,2.983
2023-09-14,RNGC3,3.411
2023-09-14,RNGC4,3.668
2023-09-15,RNGC1,2.644
2023-09-15,RNGC2,2.932
2023-09-15,RNGC3,3.345
2023-09-15,RNGC4,3.595
2023-09-18,RNGC1,2.728
2023-09-18,RNGC2,3.001
2023-09-18,RNGC3,3.4
2023-09-18,RNGC4,3.639
2023-09-19,RNGC1,2.848
2023-09-19,RNGC2,3.026
2023-09-19,RNGC3,3.384
2023-09-19,RNGC4,3.616
2023-09-20,RNGC1,2.733
2023-09-20,RNGC2,2.921
2023-09-20,RNGC3,3.316
2023-09-20,RNGC4,3.563
2023-09-21,RNGC1,2.61
2023-09-21,RNGC2,2.84
2023-09-21,RNGC3,3.267
2023-09-21,RNGC4,3.524
2023-09-22,RNGC1,2.637
2023-09-22,RNGC2,2.879
2023-09-22,RNGC3,3.297
2023-09-22,RNGC4,3.555
2023-09-25,RNGC1,2.639
2023-09-25,RNGC2,2.906
2023-09-25,RNGC3,3.341
2023-09-25,RNGC4,3.612
2023-09-26,RNGC1,2.656
2023-09-26,RNGC2,2.845
2023-09-26,RNGC3,3.258
2023-09-26,RNGC4,3.519
2023-09-27,RNGC1,2.764
2023-09-27,RNGC2,2.899
2023-09-27,RNGC3,3.29
2023-09-27,RNGC4,3.551
2023-09-28,RNGC1,2.945
2023-09-28,RNGC2,3.34
2023-09-28,RNGC3,3.593
2023-09-28,RNGC4,3.522
2023-09-29,RNGC1,2.929
2023-09-29,RNGC2,3.312
2023-09-29,RNGC3,3.565
2023-09-29,RNGC4,3.497
2023-10-02,RNGC1,2.84
2023-10-02,RNGC2,3.233
2023-10-02,RNGC3,3.492
2023-10-02,RNGC4,3.427
2023-10-03,RNGC1,2.949
2023-10-03,RNGC2,3.313
2023-10-03,RNGC3,3.563
2023-10-03,RNGC4,3.495
2023-10-04,RNGC1,2.962
2023-10-04,RNGC2,3.32
2023-10-04,RNGC3,3.571
2023-10-04,RNGC4,3.503
2023-10-05,RNGC1,3.166
2023-10-05,RNGC2,3.511
2023-10-05,RNGC3,3.745
2023-10-05,RNGC4,3.669
2023-10-06,RNGC1,3.338
2023-10-06,RNGC2,3.641
2023-10-06,RNGC3,3.877
2023-10-06,RNGC4,3.798
2023-10-09,RNGC1,3.376
2023-10-09,RNGC2,3.631
2023-10-09,RNGC3,3.846
2023-10-09,RNGC4,3.774
2023-10-10,RNGC1,3.382
2023-10-10,RNGC2,3.659
2023-10-10,RNGC3,3.887
2023-10-10,RNGC4,3.817
2023-10-11,RNGC1,3.377
2023-10-11,RNGC2,3.658
2023-10-11,RNGC3,3.889
2023-10-11,RNGC4,3.82
2023-10-12,RNGC1,3.344
2023-10-12,RNGC2,3.639
2023-10-12,RNGC3,3.875
2023-10-12,RNGC4,3.807
2023-10-13,RNGC1,3.236
2023-10-13,RNGC2,3.584
2023-10-13,RNGC3,3.823
2023-10-13,RNGC4,3.76
2023-10-16,RNGC1,3.109
2023-10-16,RNGC2,3.479
2023-10-16,RNGC3,3.721
2023-10-16,RNGC4,3.663
2023-10-17,RNGC1,3.079
2023-10-17,RNGC2,3.468
2023-10-17,RNGC3,3.707
2023-10-17,RNGC4,3.647
2023-10-18,RNGC1,3.056
2023-10-18,RNGC2,3.463
2023-10-18,RNGC3,3.706
2023-10-18,RNGC4,3.647
2023-10-19,RNGC1,2.957
2023-10-19,RNGC2,3.326
2023-10-19,RNGC3,3.576
2023-10-19,RNGC4,3.518
2023-10-20,RNGC1,2.899
2023-10-20,RNGC2,3.258
2023-10-20,RNGC3,3.508
2023-10-20,RNGC4,3.454
2023-10-23,RNGC1,2.926
2023-10-23,RNGC2,3.273
2023-10-23,RNGC3,3.512
2023-10-23,RNGC4,3.454
2023-10-24,RNGC1,2.971
2023-10-24,RNGC2,3.322
2023-10-24,RNGC3,3.564
2023-10-24,RNGC4,3.501
2023-10-25,RNGC1,3.01
2023-10-25,RNGC2,3.376
2023-10-25,RNGC3,3.62
2023-10-25,RNGC4,3.553
2023-10-26,RNGC1,3.214
2023-10-26,RNGC2,3.477
2023-10-26,RNGC3,3.707
2023-10-26,RNGC4,3.634
2023-10-27,RNGC1,3.164
2023-10-27,RNGC2,3.483
2023-10-27,RNGC3,3.718
2023-10-27,RNGC4,3.648
2023-10-30,RNGC1,3.352
2023-10-30,RNGC2,3.589
2023-10-30,RNGC3,3.524
2023-10-30,RNGC4,3.261
2023-10-31,RNGC1,3.575
2023-10-31,RNGC2,3.813
2023-10-31,RNGC3,3.746
2023-10-31,RNGC4,3.468
2023-11-01,RNGC1,3.494
2023-11-01,RNGC2,3.753
2023-11-01,RNGC3,3.69
2023-11-01,RNGC4,3.425
2023-11-02,RNGC1,3.472
2023-11-02,RNGC2,3.75
2023-11-02,RNGC3,3.689
2023-11-02,RNGC4,3.424
2023-11-03,RNGC1,3.515
2023-11-03,RNGC2,3.795
2023-11-03,RNGC3,3.734
2023-11-03,RNGC4,3.475
2023-11-06,RNGC1,3.264
2023-11-06,RNGC2,3.564
2023-11-06,RNGC3,3.513
2023-11-06,RNGC4,3.274
2023-11-07,RNGC1,3.14
2023-11-07,RNGC2,3.463
2023-11-07,RNGC3,3.415
2023-11-07,RNGC4,3.189
2023-11-08,RNGC1,3.106
2023-11-08,RNGC2,3.389
2023-11-08,RNGC3,3.338
2023-11-08,RNGC4,3.136
2023-11-09,RNGC1,3.041
2023-11-09,RNGC2,3.333
2023-11-09,RNGC3,3.289
2023-11-09,RNGC4,3.1
2023-11-10,RNGC1,3.033
2023-11-10,RNGC2,3.284
2023-11-10,RNGC3,3.233
2023-11-10,RNGC4,3.048
2023-11-13,RNGC1,3.197
2023-11-13,RNGC2,3.4
2023-11-13,RNGC3,3.343
2023-11-13,RNGC4,3.146
2023-11-14,RNGC1,3.106
2023-11-14,RNGC2,3.316
2023-11-14,RNGC3,3.261
2023-11-14,RNGC4,3.079
2023-11-15,RNGC1,3.19
2023-11-15,RNGC2,3.362
2023-11-15,RNGC3,3.308
2023-11-15,RNGC4,3.129
2023-11-16,RNGC1,3.062
2023-11-16,RNGC2,3.239
2023-11-16,RNGC3,3.189
2023-11-16,RNGC4,3.019
2023-11-17,RNGC1,2.96
2023-11-17,RNGC2,3.131
2023-11-17,RNGC3,3.085
2023-11-17,RNGC4,2.924
2023-11-20,RNGC1,2.882
2023-11-20,RNGC2,3.05
2023-11-20,RNGC3,3.008
2023-11-20,RNGC4,2.854
2023-11-21,RNGC1,2.846
2023-11-21,RNGC2,2.993
2023-11-21,RNGC3,2.947
2023-11-21,RNGC4,2.8
2023-11-22,RNGC1,2.897
2023-11-22,RNGC2,3.033
2023-11-22,RNGC3,2.983
2023-11-22,RNGC4,2.83
2023-11-24,RNGC1,2.855
2023-11-24,RNGC2,2.999
2023-11-24,RNGC3,2.949
2023-11-24,RNGC4,2.804
2023-11-27,RNGC1,2.794
2023-11-27,RNGC2,2.946
2023-11-27,RNGC3,2.898
2023-11-27,RNGC4,2.751
2023-11-28,RNGC1,2.706
2023-11-28,RNGC2,2.837
2023-11-28,RNGC3,2.798
2023-11-28,RNGC4,2.673
2023-11-29,RNGC1,2.804
2023-11-29,RNGC2,2.769
2023-11-29,RNGC3,2.642
2023-11-29,RNGC4,2.601
2023-11-30,RNGC1,2.802
2023-11-30,RNGC2,2.763
2023-11-30,RNGC3,2.637
2023-11-30,RNGC4,2.595
2023-12-01,RNGC1,2.814
2023-12-01,RNGC2,2.773
2023-12-01,RNGC3,2.641
2023-12-01,RNGC4,2.599
2023-12-04,RNGC1,2.694
2023-12-04,RNGC2,2.651
2023-12-04,RNGC3,2.527
2023-12-04,RNGC4,2.499
2023-12-05,RNGC1,2.71
2023-12-05,RNGC2,2.667
2023-12-05,RNGC3,2.533
2023-12-05,RNGC4,2.508
2023-12-06,RNGC1,2.569
2023-12-06,RNGC2,2.517
2023-12-06,RNGC3,2.383
2023-12-06,RNGC4,2.37
2023-12-07,RNGC1,2.585
2023-12-07,RNGC2,2.52
2023-12-07,RNGC3,2.4
2023-12-07,RNGC4,2.391
2023-12-08,RNGC1,2.581
2023-12-08,RNGC2,2.504
2023-12-08,RNGC3,2.377
2023-12-08,RNGC4,2.362
2023-12-11,RNGC1,2.431
2023-12-11,RNGC2,2.35
2023-12-11,RNGC3,2.233
2023-12-11,RNGC4,2.226
2023-12-12,RNGC1,2.311
2023-12-12,RNGC2,2.24
2023-12-12,RNGC3,2.138
2023-12-12,RNGC4,2.135
2023-12-13,RNGC1,2.335
2023-12-13,RNGC2,2.292
2023-12-13,RNGC3,2.201
2023-12-13,RNGC4,2.215
2023-12-14,RNGC1,2.392
2023-12-14,RNGC2,2.347
2023-12-14,RNGC3,2.26
2023-12-14,RNGC4,2.282
2023-12-15,RNGC1,2.491
2023-12-15,RNGC2,2.425
2023-12-15,RNGC3,2.318
2023-12-15,RNGC4,2.333
2023-12-18,RNGC1,2.503
2023-12-18,RNGC2,2.416
2023-12-18,RNGC3,2.309
2023-12-18,RNGC4,2.318
2023-12-19,RNGC1,2.492
2023-12-19,RNGC2,2.366
2023-12-19,RNGC3,2.234
2023-12-19,RNGC4,2.235
2023-12-20,RNGC1,2.447
2023-12-20,RNGC2,2.347
2023-12-20,RNGC3,2.208
2023-12-20,RNGC4,2.201
2023-12-21,RNGC1,2.572
2023-12-21,RNGC2,2.459
2023-12-21,RNGC3,2.298
2023-12-21,RNGC4,2.274
2023-12-22,RNGC1,2.61
2023-12-22,RNGC2,2.49
2023-12-22,RNGC3,2.316
2023-12-22,RNGC4,2.292
2023-12-26,RNGC1,2.55
2023-12-26,RNGC2,2.419
2023-12-26,RNGC3,2.255
2023-12-26,RNGC4,2.236
2023-12-27,RNGC1,2.619
2023-12-27,RNGC2,2.437
2023-12-27,RNGC3,2.286
2023-12-27,RNGC4,2.267
2023-12-28,RNGC1,2.557
2023-12-28,RNGC2,2.377
2023-12-28,RNGC3,2.351
2023-12-28,RNGC4,2.41
2023-12-29,RNGC1,2.514
2023-12-29,RNGC2,2.327
2023-12-29,RNGC3,2.304
2023-12-29,RNGC4,2.368
2024-01-02,RNGC1,2.568
2024-01-02,RNGC2,2.386
2024-01-02,RNGC3,2.358
2024-01-02,RNGC4,2.424
2024-01-03,RNGC1,2.668
2024-01-03,RNGC2,2.448
2024-01-03,RNGC3,2.415
2024-01-03,RNGC4,2.478
2024-01-04,RNGC1,2.821
2024-01-04,RNGC2,2.559
2024-01-04,RNGC3,2.512
2024-01-04,RNGC4,2.566
2024-01-05,RNGC1,2.893
2024-01-05,RNGC2,2.621
2024-01-05,RNGC3,2.569
2024-01-05,RNGC4,2.616
2024-01-08,RNGC1,2.98
2024-01-08,RNGC2,2.598
2024-01-08,RNGC3,2.552
2024-01-08,RNGC4,2.608
2024-01-09,RNGC1,3.19
2024-01-09,RNGC2,2.697
2024-01-09,RNGC3,2.641
2024-01-09,RNGC4,2.701
2024-01-10,RNGC1,3.039
2024-01-10,RNGC2,2.562
2024-01-10,RNGC3,2.529
2024-01-10,RNGC4,2.602
2024-01-11,RNGC1,3.097
2024-01-11,RNGC2,2.54
2024-01-11,RNGC3,2.512
2024-01-11,RNGC4,2.58
2024-01-12,RNGC1,3.313
2024-01-12,RNGC2,2.617
2024-01-12,RNGC3,2.577
2024-01-12,RNGC4,2.631
2024-01-16,RNGC1,2.9
2024-01-16,RNGC2,2.477
2024-01-16,RNGC3,2.453
2024-01-16,RNGC4,2.513
2024-01-17,RNGC1,2.87
2024-01-17,RNGC2,2.496
2024-01-17,RNGC3,2.475
2024-01-17,RNGC4,2.534
2024-01-18,RNGC1,2.697
2024-01-18,RNGC2,2.413
2024-01-18,RNGC3,2.407
2024-01-18,RNGC4,2.479
2024-01-19,RNGC1,2.519
2024-01-19,RNGC2,2.252
2024-01-19,RNGC3,2.267
2024-01-19,RNGC4,2.353
2024-01-22,RNGC1,2.419
2024-01-22,RNGC2,2.125
2024-01-22,RNGC3,2.144
2024-01-22,RNGC4,2.237
2024-01-23,RNGC1,2.45
2024-01-23,RNGC2,2.167
2024-01-23,RNGC3,2.2
2024-01-23,RNGC4,2.295
2024-01-24,RNGC1,2.641
2024-01-24,RNGC2,2.262
2024-01-24,RNGC3,2.277
2024-01-24,RNGC4,2.364
2024-01-25,RNGC1,2.571
2024-01-25,RNGC2,2.18
2024-01-25,RNGC3,2.201
2024-01-25,RNGC4,2.295
2024-01-26,RNGC1,2.712
2024-01-26,RNGC2,2.175
2024-01-26,RNGC3,2.2
2024-01-26,RNGC4,2.301
2024-01-29,RNGC1,2.49
2024-01-29,RNGC2,2.054
2024-01-29,RNGC3,2.089
2024-01-29,RNGC4,2.188
2024-01-30,RNGC1,2.077
2024-01-30,RNGC2,2.104
2024-01-30,RNGC3,2.201
2024-01-30,RNGC4,2.37
2024-01-31,RNGC1,2.1
2024-01-31,RNGC2,2.121
2024-01-31,RNGC3,2.209
2024-01-31,RNGC4,2.369
2024-02-01,RNGC1,2.05
2024-02-01,RNGC2,2.064
2024-02-01,RNGC3,2.156
2024-02-01,RNGC4,2.322
2024-02-02,RNGC1,2.079
2024-02-02,RNGC2,2.086
2024-02-02,RNGC3,2.171
2024-02-02,RNGC4,2.331
2024-02-05,RNGC1,2.082
2024-02-05,RNGC2,2.074
2024-02-05,RNGC3,2.154
2024-02-05,RNGC4,2.315
2024-02-06,RNGC1,2.009
2024-02-06,RNGC2,2.007
2024-02-06,RNGC3,2.09
2024-02-06,RNGC4,2.25
2024-02-07,RNGC1,1.967
2024-02-07,RNGC2,1.98
2024-02-07,RNGC3,2.069
2024-02-07,RNGC4,2.225
2024-02-08,RNGC1,1.917
2024-02-08,RNGC2,1.948
2024-02-08,RNGC3,2.049
2024-02-08,RNGC4,2.212
2024-02-09,RNGC1,1.847
2024-02-09,RNGC2,1.885
2024-02-09,RNGC3,1.992
2024-02-09,RNGC4,2.165
2024-02-12,RNGC1,1.768
2024-02-12,RNGC2,1.8
2024-02-12,RNGC3,1.918
2024-02-12,RNGC4,2.1
2024-02-13,RNGC1,1.689
2024-02-13,RNGC2,1.742
2024-02-13,RNGC3,1.866
2024-02-13,RNGC4,2.052
2024-02-14,RNGC1,1.609
2024-02-14,RNGC2,1.665
2024-02-14,RNGC3,1.776
2024-02-14,RNGC4,1.958
2024-02-15,RNGC1,1.581
2024-02-15,RNGC2,1.647
2024-02-15,RNGC3,1.767
2024-02-15,RNGC4,1.953
2024-02-16,RNGC1,1.609
2024-02-16,RNGC2,1.68
2024-02-16,RNGC3,1.81
2024-02-16,RNGC4,1.995
2024-02-20,RNGC1,1.576
2024-02-20,RNGC2,1.646
2024-02-20,RNGC3,1.761
2024-02-20,RNGC4,1.939
2024-02-21,RNGC1,1.773
2024-02-21,RNGC2,1.863
2024-02-21,RNGC3,1.994
2024-02-21,RNGC4,2.197
2024-02-22,RNGC1,1.732
2024-02-22,RNGC2,1.832
2024-02-22,RNGC3,1.972
2024-02-22,RNGC4,2.201
2024-02-23,RNGC1,1.603
2024-02-23,RNGC2,1.699
2024-02-23,RNGC3,1.847
2024-02-23,RNGC4,2.082
2024-02-26,RNGC1,1.659
2024-02-26,RNGC2,1.744
2024-02-26,RNGC3,1.891
2024-02-26,RNGC4,2.129
2024-02-27,RNGC1,1.615
2024-02-27,RNGC2,1.808
2024-02-27,RNGC3,1.965
2024-02-27,RNGC4,2.205
2024-02-28,RNGC1,1.885
2024-02-28,RNGC2,2.052
2024-02-28,RNGC3,2.285
2024-02-28,RNGC4,2.535
2024-02-29,RNGC1,1.86
2024-02-29,RNGC2,2.008
2024-02-29,RNGC3,2.249
2024-02-29,RNGC4,2.507
2024-03-01,RNGC1,1.835
2024-03-01,RNGC2,1.975
2024-03-01,RNGC3,2.212
2024-03-01,RNGC4,2.466
2024-03-04,RNGC1,1.916
2024-03-04,RNGC2,2.073
2024-03-04,RNGC3,2.312
2024-03-04,RNGC4,2.567
2024-03-05,RNGC1,1.957
2024-03-05,RNGC2,2.095
2024-03-05,RNGC3,2.332
2024-03-05,RNGC4,2.58
2024-03-06,RNGC1,1.929
2024-03-06,RNGC2,2.072
2024-03-06,RNGC3,2.301
2024-03-06,RNGC4,2.533
2024-03-07,RNGC1,1.818
2024-03-07,RNGC2,1.952
2024-03-07,RNGC3,2.192
2024-03-07,RNGC4,2.452
2024-03-08,RNGC1,1.805
2024-03-08,RNGC2,1.923
2024-03-08,RNGC3,2.17
2024-03-08,RNGC4,2.456
2024-03-11,RNGC1,1.759
2024-03-11,RNGC2,1.862
2024-03-11,RNGC3,2.117
2024-03-11,RNGC4,2.423
2024-03-12,RNGC1,1.714
2024-03-12,RNGC2,1.823
2024-03-12,RNGC3,2.083
2024-03-12,RNGC4,2.391
2024-03-13,RNGC1,1.658
2024-03-13,RNGC2,1.784
2024-03-13,RNGC3,2.055
2024-03-13,RNGC4,2.382
2024-03-14,RNGC1,1.741
2024-03-14,RNGC2,1.862
2024-03-14,RNGC3,2.123
2024-03-14,RNGC4,2.449
2024-03-15,RNGC1,1.655
2024-03-15,RNGC2,1.789
2024-03-15,RNGC3,2.038
2024-03-15,RNGC4,2.37
2024-03-18,RNGC1,1.703
2024-03-18,RNGC2,1.833
2024-03-18,RNGC3,2.089
2024-03-18,RNGC4,2.42
2024-03-19,RNGC1,1.744
2024-03-19,RNGC2,1.876
2024-03-19,RNGC3,2.109
2024-03-19,RNGC4,2.423
2024-03-20,RNGC1,1.699
2024-03-20,RNGC2,1.845
2024-03-20,RNGC3,2.074
2024-03-20,RNGC4,2.387
2024-03-21,RNGC1,1.683
2024-03-21,RNGC2,1.831
2024-03-21,RNGC3,2.055
2024-03-21,RNGC4,2.359
2024-03-22,RNGC1,1.659
2024-03-22,RNGC2,1.812
2024-03-22,RNGC3,2.032
2024-03-22,RNGC4,2.337
2024-03-25,RNGC1,1.615
2024-03-25,RNGC2,1.789
2024-03-25,RNGC3,2.016
2024-03-25,RNGC4,2.337
2024-03-26,RNGC1,1.575
2024-03-26,RNGC2,1.788
2024-03-26,RNGC3,2.016
2024-03-26,RNGC4,2.339
2024-03-27,RNGC1,1.718
2024-03-27,RNGC2,1.953
2024-03-27,RNGC3,2.293
2024-03-27,RNGC4,2.392
2024-03-28,RNGC1,1.763
2024-03-28,RNGC2,1.997
2024-03-28,RNGC3,2.34
2024-03-28,RNGC4,2.442
2024-04-01,RNGC1,1.837
2024-04-01,RNGC2,2.074
2024-04-01,RNGC3,2.405
2024-04-01,RNGC4,2.511
2024-04-02,RNGC1,1.862
2024-04-02,RNGC2,2.105
2024-04-02,RNGC3,2.43
2024-04-02,RNGC4,2.54
2024-04-03,RNGC1,1.841
2024-04-03,RNGC2,2.067
2024-04-03,RNGC3,2.386
2024-04-03,RNGC4,2.494
2024-04-04,RNGC1,1.774
2024-04-04,RNGC2,1.997
2024-04-04,RNGC3,2.324
2024-04-04,RNGC4,2.43
2024-04-05,RNGC1,1.785
2024-04-05,RNGC2,2.01
2024-04-05,RNGC3,2.339
2024-04-05,RNGC4,2.437
